equity,close,probability_up,in_position,target
10000.0,95088.24,0.2456766664981842,0,1
10000.0,95091.75,0.27359846234321594,0,1
10000.0,94792.99,0.2541652321815491,0,1
10000.0,95077.56,0.2587698698043823,0,1
10000.0,94998.19,0.2624298632144928,0,1
10000.0,96493.15,0.32339197397232056,0,1
10000.0,96764.57,0.3191043436527252,0,1
10000.0,97293.24,0.3191043436527252,0,0
10000.0,96956.07,0.3065511882305145,0,0
10000.0,96806.55,0.28330811858177185,0,0
10000.0,97267.42,0.29932737350463867,0,0
10000.0,97655.28,0.2967137396335602,0,0
10000.0,97564.0,0.3163900077342987,0,0
10000.0,96878.34,0.277034729719162,0,0
10000.0,96951.78,0.2594492733478546,0,0
10000.0,96658.03,0.26425352692604065,0,0
10000.0,96445.31,0.277034729719162,0,0
10000.0,96339.91,0.27176931500434875,0,0
10000.0,95985.1,0.28941670060157776,0,1
10000.0,96316.27,0.2607569396495819,0,1
10000.0,96429.71,0.2335502654314041,0,0
10000.0,96243.78,0.25952741503715515,0,1
10000.0,96630.48,0.277034729719162,0,0
10000.0,96643.0,0.2698560059070587,0,0
10000.0,97040.75,0.28055521845817566,0,0
10000.0,96818.68,0.2271193116903305,0,0
10000.0,96581.08,0.2513330578804016,0,0
10000.0,96981.65,0.24889476597309113,0,0
10000.0,96846.75,0.25258979201316833,0,0
10000.0,96063.43,0.3021351993083954,0,0
10000.0,96737.04,0.3042140007019043,0,0
10000.0,96738.51,0.2918822765350342,0,0
10000.0,96636.35,0.2977454364299774,0,0
10000.0,95835.0,0.30697211623191833,0,0
10000.0,95516.01,0.3165348470211029,0,0
10000.0,95260.67,0.27504146099090576,0,0
10000.0,95584.35,0.25705239176750183,0,0
10000.0,95583.87,0.25246790051460266,0,0
10000.0,95604.8,0.23478634655475616,0,0
10000.0,95633.5,0.23263074457645416,0,0
10000.0,95664.18,0.25705239176750183,0,0
10000.0,95504.4,0.22501340508460999,0,0
10000.0,95354.69,0.2271193116903305,0,0
10000.0,95261.29,0.25949394702911377,0,0
10000.0,95660.37,0.25949394702911377,0,0
10000.0,95741.21,0.24239201843738556,0,0
10000.0,95653.16,0.2308325469493866,0,0
10000.0,95676.0,0.2506718337535858,0,0
10000.0,95613.53,0.2099114954471588,0,0
10000.0,95307.35,0.25849828124046326,0,0
10000.0,95429.09,0.21146219968795776,0,0
10000.0,95458.55,0.2099114954471588,0,0
10000.0,95448.87,0.21812206506729126,0,0
10000.0,95192.36,0.26739877462387085,0,0
10000.0,94585.98,0.3073468804359436,0,1
10000.0,94872.55,0.2736004889011383,0,1
10000.0,95076.08,0.2966335415840149,0,0
10000.0,95001.19,0.24149708449840546,0,0
10000.0,95002.09,0.21146219968795776,0,0
10000.0,95553.6,0.2804741859436035,0,0
10000.0,95523.52,0.2411067932844162,0,0
10000.0,95514.0,0.24210304021835327,0,0
10000.0,95550.94,0.1955454796552658,0,0
10000.0,95465.97,0.19885489344596863,0,0
10000.0,95399.93,0.19885489344596863,0,0
10000.0,95371.35,0.2133995145559311,0,0
10000.0,95372.95,0.19885489344596863,0,0
10000.0,95303.64,0.19630810618400574,0,0
10000.0,95323.67,0.1888580024242401,0,0
10000.0,95240.07,0.1997736096382141,0,0
10000.0,95101.67,0.21279539167881012,0,0
10000.0,95247.51,0.21663562953472137,0,0
10000.0,95260.65,0.18628385663032532,0,0
10000.0,95116.48,0.1952788531780243,0,0
10000.0,95323.86,0.2181297242641449,0,0
10000.0,95251.15,0.2333875149488449,0,0
10000.0,95438.32,0.21720387041568756,0,0
10000.0,95471.18,0.21297474205493927,0,0
10000.0,95573.64,0.22381292283535004,0,0
10000.0,95315.23,0.22518675029277802,0,0
10000.0,95357.24,0.1992364525794983,0,0
10000.0,95428.25,0.19616353511810303,0,0
10000.0,95291.38,0.19918358325958252,0,0
10000.0,95378.18,0.2183370292186737,0,0
10000.0,95302.94,0.22104699909687042,0,0
10000.0,95170.97,0.23646965622901917,0,0
10000.0,95147.77,0.24357624351978302,0,0
10000.0,95112.47,0.2424817532300949,0,0
10000.0,94966.9,0.23332931101322174,0,0
10000.0,95022.01,0.2424817532300949,0,0
10000.0,95200.29,0.2424817532300949,0,0
10000.0,95095.68,0.24067538976669312,0,0
10000.0,95188.55,0.23613782227039337,0,0
10000.0,95171.43,0.22521160542964935,0,0
10000.0,95028.27,0.2326134294271469,0,0
10000.0,95183.93,0.22028964757919312,0,0
10000.0,95275.73,0.2326134294271469,0,0
10000.0,95180.66,0.23374679684638977,0,0
10000.0,95168.06,0.23135095834732056,0,0
10000.0,95113.25,0.22521160542964935,0,0
10000.0,95146.82,0.23430337011814117,0,0
10000.0,94955.79,0.245874285697937,0,0
10000.0,95119.28,0.2255060076713562,0,0
10000.0,95169.35,0.23135095834732056,0,0
10000.0,95274.36,0.22521160542964935,0,0
10000.0,95439.6,0.22571247816085815,0,0
10000.0,95380.99,0.2161906659603119,0,0
10000.0,95304.01,0.22583435475826263,0,0
10000.0,95430.44,0.21049906313419342,0,0
10000.0,95498.61,0.2036139816045761,0,0
10000.0,93673.14,0.32248690724372864,0,0
10000.0,92711.02,0.3190179765224457,0,0
10000.0,92586.65,0.31958380341529846,0,0
10000.0,92566.8,0.2543944716453552,0,1
10000.0,92690.09,0.26090914011001587,0,0
10000.0,92665.0,0.2594342827796936,0,0
10000.0,92511.77,0.24389591813087463,0,1
10000.0,92583.27,0.25610947608947754,0,1
10000.0,92841.62,0.2484569102525711,0,0
10000.0,93259.09,0.3188149631023407,0,0
10000.0,93060.06,0.26951587200164795,0,0
10000.0,93064.88,0.21103216707706451,0,0
10000.0,93191.96,0.25805574655532837,0,0
10000.0,93070.6,0.26241475343704224,0,0
10000.0,93031.86,0.2541816830635071,0,0
10000.0,92812.43,0.2819155752658844,0,0
10000.0,93068.62,0.2805817425251007,0,0
10000.0,93301.86,0.267871230840683,0,0
10000.0,93242.99,0.24778299033641815,0,0
10000.0,93065.84,0.23914922773838043,0,0
10000.0,93105.85,0.20057503879070282,0,0
10000.0,93141.94,0.20725971460342407,0,0
10000.0,93003.42,0.23727330565452576,0,0
10000.0,92565.78,0.25110962986946106,0,0
10000.0,92631.0,0.28033995628356934,0,0
10000.0,92717.9,0.2506810128688812,0,0
10000.0,92716.48,0.23119767010211945,0,0
10000.0,92552.16,0.221435546875,0,0
10000.0,92434.92,0.2420538365840912,0,0
10000.0,92062.61,0.25516024231910706,0,0
10000.0,91624.18,0.2900656461715698,0,0
10000.0,90929.98,0.3163556158542633,0,0
10000.0,91177.98,0.273334801197052,0,0
10000.0,91116.0,0.30884209275245667,0,0
10000.0,91036.25,0.23239509761333466,0,0
10000.0,91269.58,0.23549138009548187,0,0
10000.0,91218.99,0.23451392352581024,0,0
10000.0,91280.31,0.24812282621860504,0,0
10000.0,90958.88,0.2994736433029175,0,0
10000.0,90531.15,0.3163556158542633,0,0
10000.0,90684.95,0.3163556158542633,0,0
10000.0,90165.51,0.3154591917991638,0,0
10000.0,89775.46,0.31942328810691833,0,0
10000.0,89501.0,0.3139335513114929,0,0
10000.0,89725.76,0.29370588064193726,0,0
10000.0,89733.99,0.2655211389064789,0,0
10000.0,89476.01,0.26448073983192444,0,0
10000.0,88509.18,0.31942328810691833,0,1
10000.0,88427.66,0.30952146649360657,0,1
10000.0,88936.01,0.3069519102573395,0,1
10000.0,89020.91,0.25916364789009094,0,0
10000.0,89048.57,0.26930856704711914,0,0
10000.0,89432.33,0.30043309926986694,0,0
10000.0,89448.89,0.23918722569942474,0,0
10000.0,89950.04,0.30043309926986694,0,0
10000.0,89649.62,0.25705239176750183,0,0
10000.0,89213.95,0.30733221769332886,0,0
10000.0,89197.35,0.2645106017589569,0,1
10000.0,89112.3,0.25705239176750183,0,1
10000.0,89248.99,0.2374856323003769,0,0
10000.0,88789.99,0.30043309926986694,0,0
10000.0,88736.31,0.31187009811401367,0,0
10000.0,88672.64,0.2832779884338379,0,1
10000.0,89805.43,0.3194162845611572,0,0
10000.0,90288.04,0.2953912913799286,0,0
10000.0,87602.4,0.34871768951416016,0,1
10000.0,87932.38,0.34896570444107056,0,1
10000.0,88485.43,0.32102590799331665,0,1
10000.0,90355.56,0.33550208806991577,0,0
10000.0,90214.01,0.32116687297821045,0,0
10000.0,90249.18,0.3260192275047302,0,0
10000.0,89763.51,0.30689576268196106,0,0
10000.0,89454.73,0.31961166858673096,0,1
10000.0,89908.49,0.30774474143981934,0,0
10000.0,90113.19,0.3162813186645508,0,0
10000.0,89938.3,0.3037891983985901,0,0
10000.0,89899.51,0.2994515597820282,0,0
10000.0,89998.91,0.2739976942539215,0,0
10000.0,90026.3,0.23246094584465027,0,0
10000.0,90172.11,0.2705053985118866,0,0
10000.0,89818.79,0.2981906235218048,0,0
10000.0,89920.16,0.24416787922382355,0,0
10000.0,90033.02,0.2547220289707184,0,0
10000.0,90078.77,0.21628333628177643,0,0
10000.0,89941.26,0.2605174481868744,0,0
10000.0,90021.09,0.24402320384979248,0,0
10000.0,89619.81,0.2945905029773712,0,0
10000.0,89088.59,0.30938026309013367,0,0
10000.0,89000.01,0.3211436867713928,0,0
10000.0,89054.06,0.2922692596912384,0,0
10000.0,89550.01,0.2836509644985199,0,0
10000.0,89333.94,0.26794686913490295,0,0
10000.0,89777.9,0.2841578423976898,0,0
10000.0,89409.72,0.2874237596988678,0,0
10000.0,89268.66,0.2621459364891052,0,1
10000.0,89346.99,0.2621459364891052,0,1
10000.0,89559.67,0.2542782127857208,0,0
10000.0,89520.01,0.21307319402694702,0,0
10000.0,89939.38,0.25679901242256165,0,0
10000.0,89663.48,0.23549138009548187,0,0
10000.0,89924.78,0.23929916322231293,0,0
10000.0,89965.42,0.23274540901184082,0,0
10000.0,89616.03,0.26309630274772644,0,0
10000.0,89509.59,0.26480692625045776,0,0
10000.0,89549.45,0.24798592925071716,0,0
10000.0,89221.46,0.2799070179462433,0,0
10000.0,88977.72,0.2743111848831177,0,1
10000.0,89046.49,0.23549138009548187,0,1
10000.0,89202.48,0.2579510509967804,0,1
10000.0,89267.83,0.23766528069972992,0,1
10000.0,89350.81,0.2270294725894928,0,1
10000.0,89017.85,0.29265090823173523,0,1
10000.0,89761.61,0.30697107315063477,0,0
10000.0,90124.85,0.29224979877471924,0,0
10000.0,90600.0,0.3020463287830353,0,0
10000.0,90530.45,0.2870635688304901,0,0
10000.0,89982.79,0.29572317004203796,0,0
10000.0,89503.68,0.2797758877277374,0,0
10000.0,89349.99,0.2532957196235657,0,0
10000.0,89624.61,0.259335994720459,0,0
10000.0,89600.26,0.20783120393753052,0,0
10000.0,89452.83,0.21626915037631989,0,0
10000.0,89550.24,0.20331551134586334,0,0
10000.0,89702.85,0.21146219968795776,0,0
10000.0,89770.02,0.23549138009548187,0,0
10000.0,89829.35,0.20180928707122803,0,0
10000.0,89775.2,0.1987065225839615,0,0
10000.0,89649.32,0.21957789361476898,0,0
10000.0,89620.1,0.20232351124286652,0,0
10000.0,89660.88,0.20232351124286652,0,0
10000.0,89600.0,0.21490053832530975,0,0
10000.0,89626.8,0.20672264695167542,0,0
10000.0,89595.4,0.20346646010875702,0,0
10000.0,89537.82,0.20655646920204163,0,0
10000.0,89368.22,0.2149258852005005,0,0
10000.0,89450.03,0.21803303062915802,0,0
10000.0,89275.77,0.23332931101322174,0,0
10000.0,89290.01,0.2330881655216217,0,0
10000.0,89406.5,0.24138420820236206,0,0
10000.0,89395.23,0.2293766587972641,0,0
10000.0,89331.36,0.23218293488025665,0,0
10000.0,89380.01,0.2293766587972641,0,0
10000.0,89386.61,0.23218293488025665,0,0
10000.0,89430.0,0.2255060076713562,0,0
10000.0,89225.34,0.23646965622901917,0,0
10000.0,89315.18,0.23622961342334747,0,0
10000.0,89176.31,0.23332931101322174,0,0
10000.0,89139.04,0.24775740504264832,0,0
10000.0,88960.35,0.24134095013141632,0,0
10000.0,89006.96,0.25308018922805786,0,0
10000.0,88990.9,0.2424817532300949,0,0
10000.0,88831.36,0.24316012859344482,0,0
10000.0,88659.99,0.22829031944274902,0,0
10000.0,88300.01,0.30117014050483704,0,0
10000.0,88398.38,0.23714803159236908,0,0
10000.0,88659.51,0.23714803159236908,0,0
10000.0,88570.17,0.2208944708108902,0,0
10000.0,88791.99,0.25190049409866333,0,0
10000.0,88921.0,0.23714803159236908,0,0
10000.0,88710.1,0.23714803159236908,0,0
10000.0,88446.5,0.25516024231910706,0,0
10000.0,88077.26,0.3106461465358734,0,0
10000.0,87892.17,0.26099586486816406,0,0
10000.0,87420.01,0.32099801301956177,0,0
10000.0,86495.16,0.3163556158542633,0,1
10000.0,86654.61,0.31089454889297485,0,1
10000.0,86568.5,0.31089454889297485,0,1
10000.0,86521.39,0.28547611832618713,0,1
10000.0,86670.36,0.30884209275245667,0,1
10000.0,86854.86,0.30627569556236267,0,1
10000.0,87698.73,0.3077440857887268,0,0
10000.0,87563.38,0.31187009811401367,0,0
10000.0,87282.05,0.31187009811401367,0,0
10000.0,87737.06,0.31187009811401367,0,0
10000.0,87826.01,0.254963755607605,0,0
10000.0,87937.44,0.2817828059196472,0,0
10000.0,88000.64,0.2739652097225189,0,0
10000.0,87975.39,0.28366023302078247,0,0
10000.0,87663.12,0.2802368998527527,0,0
10000.0,87897.55,0.2400684952735901,0,0
10000.0,87855.0,0.23907797038555145,0,0
10000.0,87799.45,0.2400684952735901,0,1
10000.0,87960.01,0.27919167280197144,0,0
10000.0,88178.1,0.31933102011680603,0,0
10000.0,87641.41,0.31875473260879517,0,0
10000.0,87606.99,0.29181280732154846,0,1
10000.0,87700.62,0.28178948163986206,0,1
10000.0,88403.72,0.28178948163986206,0,0
10000.0,88013.19,0.27553677558898926,0,1
10000.0,87629.22,0.2790065407752991,0,1
10000.0,88064.69,0.2710264325141907,0,1
10000.0,88140.01,0.22995786368846893,0,0
10000.0,88347.08,0.2646120488643646,0,0
10000.0,88353.97,0.23209616541862488,0,0
10000.0,88550.61,0.27586519718170166,0,0
10000.0,88831.6,0.25276482105255127,0,0
10000.0,88788.0,0.24740275740623474,0,0
10000.0,88579.58,0.2669652998447418,0,0
10000.0,88456.3,0.21573586761951447,0,0
10000.0,88332.67,0.23265722393989563,0,0
10000.0,88320.41,0.23549138009548187,0,0
10000.0,88170.82,0.23549138009548187,0,0
10000.0,87886.82,0.24289898574352264,0,0
10000.0,87786.53,0.23549138009548187,0,1
10000.0,87992.74,0.2529004216194153,0,0
10000.0,87986.96,0.23374034464359283,0,0
10000.0,87982.15,0.23714803159236908,0,0
10000.0,87745.02,0.28182554244995117,0,1
10000.0,88047.46,0.28268200159072876,0,1
10000.0,88641.44,0.29613667726516724,0,1
10000.0,87546.58,0.30655884742736816,0,1
10000.0,88285.05,0.2904600501060486,0,1
10000.0,88408.77,0.27553677558898926,0,1
10000.0,89396.16,0.2857421636581421,0,0
10000.0,89081.46,0.277034729719162,0,0
10000.0,89243.63,0.2665088176727295,0,0
10000.0,89250.0,0.2655869424343109,0,0
10000.0,89467.72,0.24056589603424072,0,0
10000.0,89404.57,0.23674429953098297,0,0
10000.0,89285.77,0.2536677122116089,0,0
10000.0,89126.67,0.26108187437057495,0,0
10000.0,88975.04,0.24452275037765503,0,0
10000.0,89084.1,0.24230606853961945,0,1
10000.0,89317.47,0.24230606853961945,0,1
10000.0,89134.35,0.24452275037765503,0,1
10000.0,88925.47,0.2673839330673218,0,1
10000.0,89567.25,0.2787872850894928,0,0
10000.0,89403.77,0.2669670581817627,0,0
10000.0,90080.0,0.2765878438949585,0,0
10000.0,89998.69,0.27236178517341614,0,0
10000.0,90257.91,0.2818393111228943,0,0
10000.0,89617.27,0.2926703691482544,0,0
10000.0,89479.66,0.2966781556606293,0,0
10000.0,89629.66,0.27737292647361755,0,0
10000.0,90169.88,0.28932520747184753,0,0
10000.0,89546.24,0.27735409140586853,0,0
10000.0,89402.58,0.2858765721321106,0,0
10000.0,89130.63,0.28274005651474,0,0
10000.0,89412.17,0.27586519718170166,0,0
10000.0,89396.15,0.24972659349441528,0,0
10000.0,89299.99,0.23003852367401123,0,0
10000.0,89143.91,0.2641609311103821,0,0
10000.0,88603.56,0.29289355874061584,0,0
10000.0,87907.06,0.32558566331863403,0,0
10000.0,88053.71,0.29913708567619324,0,0
10000.0,88315.2,0.26750171184539795,0,0
10000.0,88186.54,0.24348483979701996,0,0
10000.0,88319.35,0.21875028312206268,0,0
10000.0,88352.97,0.2316817343235016,0,0
10000.0,88064.16,0.29289355874061584,0,0
10000.0,87892.01,0.23549138009548187,0,0
10000.0,87946.46,0.2513754367828369,0,0
10000.0,87846.5,0.2523999810218811,0,0
10000.0,88121.21,0.2523999810218811,0,0
10000.0,88052.88,0.23549138009548187,0,0
10000.0,87014.4,0.3163556158542633,0,0
10000.0,84934.02,0.34271517395973206,0,0
10000.0,85270.0,0.3432407081127167,0,0
10000.0,84261.66,0.34359264373779297,0,0
10000.0,83477.02,0.35125473141670227,0,1
10000.0,84012.11,0.34717243909835815,0,0
10000.0,84216.91,0.3263000249862671,0,0
10000.0,84526.57,0.3263000249862671,0,0
10000.0,84570.05,0.3010252118110657,0,0
10000.0,84650.16,0.27218392491340637,0,0
10000.0,84192.0,0.3317754864692688,0,0
10000.0,82468.02,0.3536583483219147,0,0
10000.0,82164.88,0.3631957471370697,0,1
10000.0,82676.43,0.3601209223270416,0,0
10000.0,82938.92,0.3581647574901581,0,0
10000.0,82914.19,0.3468412458896637,0,0
10000.0,82602.81,0.36502546072006226,0,0
10000.0,82816.98,0.35380494594573975,0,0
10000.0,82671.7,0.35380494594573975,0,1
10000.0,82363.72,0.35380494594573975,0,1
10000.0,82833.92,0.3391265869140625,0,0
10000.0,83151.36,0.3391265869140625,0,0
10000.0,82800.5,0.34103408455848694,0,1
10000.0,82740.92,0.3391265869140625,0,1
10000.0,83098.0,0.3443535566329956,0,1
10000.0,82883.94,0.3560114800930023,0,1
10000.0,83149.0,0.361969918012619,0,1
10000.0,82943.23,0.3428776264190674,0,1
10000.0,83931.13,0.34441500902175903,0,0
10000.0,84242.99,0.3203580379486084,0,0
10000.0,83906.34,0.3271791338920593,0,0
10000.0,84273.7,0.3004602789878845,0,0
10000.0,84219.99,0.27830392122268677,0,0
10000.0,84260.49,0.2661212682723999,0,0
10000.0,84067.83,0.23796789348125458,0,0
10000.0,83999.99,0.25304365158081055,0,0
10000.0,84130.01,0.25968533754348755,0,0
10000.0,84022.69,0.2322045862674713,0,0
10000.0,83992.45,0.2322045862674713,0,0
10000.0,84000.01,0.22195179760456085,0,0
10000.0,83786.09,0.2565673291683197,0,0
10000.0,83546.81,0.261337012052536,0,0
10000.0,83074.07,0.29180464148521423,0,0
10000.0,83109.1,0.2650352120399475,0,0
10000.0,83160.0,0.2517712116241455,0,0
10000.0,83020.0,0.24864959716796875,0,0
10000.0,82762.0,0.2650352120399475,0,0
10000.0,82767.99,0.2604369819164276,0,0
10000.0,81479.99,0.3239748179912567,0,0
10000.0,81302.15,0.31752142310142517,0,0
10000.0,80365.04,0.3288033902645111,0,0
10000.0,78893.92,0.34551548957824707,0,0
10000.0,78038.38,0.34299713373184204,0,1
10000.0,77750.01,0.3470188081264496,0,1
10000.0,77999.03,0.34607943892478943,0,1
10000.0,78292.0,0.3592688739299774,0,1
10000.0,78155.17,0.36286062002182007,0,1
10000.0,78741.09,0.39282381534576416,0,0
10000.0,78902.31,0.39471033215522766,0,0
10000.0,78532.17,0.3818381428718567,0,0
10000.0,78900.01,0.3846640884876251,0,0
10000.0,78868.28,0.3454855680465698,0,0
10000.0,78971.75,0.3428642153739929,0,0
10000.0,78620.91,0.34438085556030273,0,0
10000.0,78300.0,0.35974714159965515,0,0
10000.0,78343.0,0.3646494746208191,0,0
10000.0,78604.02,0.35974714159965515,0,0
10000.0,79034.45,0.35380494594573975,0,0
10000.0,78279.73,0.3594619929790497,0,0
10000.0,78743.56,0.35575059056282043,0,0
10000.0,78459.67,0.35575059056282043,0,0
10000.0,78317.51,0.328398197889328,0,0
10000.0,78211.12,0.3348848521709442,0,0
10000.0,77593.4,0.3367583751678467,0,0
10000.0,77494.77,0.3280008137226105,0,0
10000.0,77745.32,0.32334041595458984,0,0
10000.0,78029.28,0.3020217716693878,0,0
10000.0,77174.78,0.32413145899772644,0,0
10000.0,77103.04,0.32147452235221863,0,0
10000.0,76526.03,0.3376539349555969,0,0
10000.0,77249.31,0.3414115905761719,0,0
10000.0,76968.21,0.35498327016830444,0,0
10000.0,77672.61,0.34907692670822144,0,0
10000.0,77518.87,0.3463177978992462,0,0
10000.0,76491.17,0.36840635538101196,0,1
10000.0,76292.98,0.3665926158428192,0,1
10000.0,75894.15,0.3948674201965332,0,1
10000.0,75502.1,0.3750932216644287,0,1
10000.0,76549.32,0.37534916400909424,0,1
10000.0,76660.79,0.3721010684967041,0,1
10000.0,76881.28,0.3674096167087555,0,1
10000.0,77725.33,0.3705105781555176,0,1
10000.0,77504.54,0.3411526381969452,0,1
10000.0,77759.99,0.35063648223876953,0,1
10000.0,77988.51,0.32810404896736145,0,1
10000.0,78224.79,0.31893426179885864,0,0
10000.0,77844.79,0.37083375453948975,0,0
10000.0,78850.06,0.31423506140708923,0,0
10000.0,78634.76,0.30778923630714417,0,0
10000.0,78988.64,0.29752877354621887,0,0
10000.0,78569.84,0.30727311968803406,0,1
10000.0,78341.5,0.3270982503890991,0,1
10000.0,78008.59,0.3282989263534546,0,0
10000.0,78532.06,0.3078099191188812,0,0
10000.0,78795.2,0.2855013608932495,0,0
10000.0,78738.61,0.2995319664478302,0,0
10000.0,79065.24,0.2968440353870392,0,0
10000.0,79017.63,0.2968440353870392,0,0
10000.0,77808.01,0.32304444909095764,0,1
10000.0,78753.32,0.32268232107162476,0,0
10000.0,78798.39,0.3079749643802643,0,0
10000.0,78240.45,0.30832812190055847,0,0
10000.0,78594.17,0.3042360544204712,0,0
10000.0,78794.67,0.31582531332969666,0,0
10000.0,78747.96,0.3097648322582245,0,0
10000.0,78400.01,0.3140851557254791,0,0
10000.0,78120.36,0.30306410789489746,0,0
10000.0,78079.5,0.2948775589466095,0,0
10000.0,78330.26,0.29641202092170715,0,0
10000.0,78307.65,0.2780592143535614,0,0
10000.0,77201.22,0.3310631513595581,0,0
10000.0,78132.33,0.32733142375946045,0,0
10000.0,76488.08,0.34577688574790955,0,0
10000.0,74915.79,0.3432576358318329,0,1
10000.0,73139.13,0.3569856882095337,0,1
10000.0,74935.0,0.35455188155174255,0,1
10000.0,76475.52,0.3671291768550873,0,0
10000.0,76239.43,0.3672589957714081,0,1
10000.0,75708.83,0.36700528860092163,0,1
10000.0,75770.21,0.35952067375183105,0,1
10000.0,75910.88,0.36017486453056335,0,1
10000.0,76423.73,0.36017486453056335,0,0
10000.0,75963.35,0.36826470494270325,0,1
10000.0,76698.17,0.36265167593955994,0,0
10000.0,76479.75,0.34095481038093567,0,0
10000.0,76279.99,0.34336158633232117,0,0
10000.0,76652.68,0.35078102350234985,0,0
10000.0,76514.3,0.3346615135669708,0,0
10000.0,76587.26,0.34262123703956604,0,0
10000.0,76119.0,0.34630241990089417,0,0
10000.0,76302.1,0.2974511682987213,0,0
10000.0,76017.25,0.34262123703956604,0,0
10000.0,76180.85,0.31140995025634766,0,0
10000.0,74867.0,0.3536583483219147,0,0
10000.0,74359.53,0.3502960205078125,0,0
10000.0,74136.36,0.3536837100982666,0,0
10000.0,73636.01,0.35473331809043884,0,0
10000.0,72576.08,0.36642810702323914,0,1
10000.0,73425.96,0.35590100288391113,0,0
10000.0,73923.29,0.35850366950035095,0,0
10000.0,73516.3,0.36826470494270325,0,0
10000.0,72799.99,0.3623993396759033,0,0
10000.0,72543.38,0.3706408739089966,0,0
10000.0,73165.83,0.36265167593955994,0,0
10000.0,72868.02,0.3536379635334015,0,0
10000.0,72421.26,0.3755461871623993,0,0
10000.0,71454.44,0.3866768479347229,0,0
10000.0,71223.25,0.38421642780303955,0,0
10000.0,70888.08,0.36642810702323914,0,0
10000.0,70732.72,0.37610945105552673,0,0
10000.0,70951.51,0.3835085928440094,0,0
10000.0,70756.85,0.3846486806869507,0,0
10000.0,71054.99,0.3846486806869507,0,0
10000.0,71550.0,0.39282381534576416,0,0
10000.0,70858.13,0.3891133964061737,0,0
10000.0,70318.35,0.3891133964061737,0,0
10000.0,69563.57,0.3876306414604187,0,0
10000.0,69688.94,0.38965168595314026,0,0
10000.0,69404.76,0.39282381534576416,0,0
10000.0,67489.07,0.4021528363227844,0,0
10000.0,68295.15,0.4120286703109741,0,0
10000.0,66181.69,0.3979780375957489,0,0
10000.0,66347.0,0.41216403245925903,0,0
10000.0,65265.65,0.40980494022369385,0,1
10000.0,63775.67,0.3924202024936676,0,1
10000.0,63213.34,0.4015101194381714,0,1
10000.0,63907.86,0.403854101896286,0,1
10000.0,62909.86,0.4013758599758148,0,1
10000.0,63509.39,0.403854101896286,0,1
10000.0,65714.96,0.4120286703109741,0,0
10000.0,64990.1,0.4117176830768585,0,0
10000.0,64168.33,0.40405428409576416,0,1
10000.0,64905.84,0.40795621275901794,0,1
10000.0,66408.11,0.4120286703109741,0,0
10000.0,64988.26,0.40980494022369385,0,1
10000.0,64856.0,0.4120286703109741,0,1
10000.0,64895.05,0.4139444828033447,0,1
10000.0,65799.55,0.4120286703109741,0,1
10000.0,65967.51,0.4139444828033447,0,1
10000.0,66631.32,0.3986220955848694,0,1
10000.0,66557.93,0.395433634519577,0,1
10000.0,67316.82,0.4005180597305298,0,1
10000.0,68194.89,0.3833874762058258,0,1
10000.0,68626.0,0.31849539279937744,0,1
10000.0,69954.01,0.319720059633255,0,1
10000.0,70753.53,0.319720059633255,0,0
10000.0,69776.68,0.323276162147522,0,0
10000.0,70731.46,0.3213563561439514,0,0
10000.0,70000.13,0.33678871393203735,0,1
10000.0,70358.43,0.31942716240882874,0,1
10000.0,71354.46,0.3213563561439514,0,0
10000.0,70580.26,0.324402779340744,0,0
10000.0,69958.0,0.33835041522979736,0,0
10000.0,70471.49,0.3368324041366577,0,0
10000.0,70361.37,0.33373451232910156,0,0
10000.0,70918.99,0.3384697735309601,0,0
10000.0,70768.13,0.3452589213848114,0,0
10000.0,70161.5,0.3497193157672882,0,0
10000.0,68769.65,0.33390098810195923,0,0
10000.0,68087.14,0.348347932100296,0,1
10000.0,68495.01,0.3405786156654358,0,0
10000.0,68138.2,0.33956584334373474,0,1
10000.0,67987.0,0.3288781940937042,0,1
10000.0,67972.65,0.32889893651008606,0,1
10000.0,69024.98,0.34721773862838745,0,1
10000.0,69093.98,0.3301442265510559,0,0
10000.0,68645.99,0.3235502243041992,0,1
10000.0,69151.5,0.3405786156654358,0,1
10000.0,68957.16,0.3503211438655853,0,1
10000.0,69188.81,0.3503211438655853,0,0
10000.0,69514.11,0.3299999237060547,0,0
10000.0,69373.61,0.31160229444503784,0,0
10000.0,69631.18,0.3188411295413971,0,0
10000.0,69497.99,0.30832093954086304,0,0
10000.0,69399.34,0.3412376344203949,0,0
10000.0,69289.38,0.35974276065826416,0,0
10000.0,69133.79,0.336590975522995,0,0
10000.0,69379.57,0.3500717282295227,0,0
10000.0,69370.7,0.3426297903060913,0,1
10000.0,69099.99,0.3187105357646942,0,1
10000.0,69340.16,0.31687983870506287,0,1
10000.0,69220.52,0.27776220440864563,0,1
10000.0,69361.18,0.2987465262413025,0,1
10000.0,69710.69,0.2925220727920532,0,1
10000.0,70665.59,0.31299105286598206,0,1
10000.0,70107.19,0.2973678410053253,0,1
10000.0,70266.41,0.2925220727920532,0,0
10000.0,70999.98,0.30633729696273804,0,0
10000.0,71249.95,0.2923617959022522,0,0
10000.0,71514.77,0.2948611378669739,0,0
10000.0,71262.19,0.2938121557235718,0,0
10000.0,71188.99,0.2982345223426819,0,0
10000.0,70416.0,0.3156047761440277,0,1
10000.0,70785.99,0.2916041612625122,0,0
10000.0,71147.25,0.2960072159767151,0,0
10000.0,71422.97,0.28987574577331543,0,0
10000.0,70835.17,0.29567697644233704,0,0
10000.0,70700.0,0.2876656651496887,0,1
10000.0,71066.09,0.28184807300567627,0,0
10000.0,70330.38,0.3267892003059387,0,1
10000.0,70502.38,0.3125161826610565,0,0
10000.0,70369.53,0.3125161826610565,0,0
10000.0,70629.99,0.30876675248146057,0,0
10000.0,71307.56,0.29490429162979126,0,0
10000.0,71005.01,0.2990034520626068,0,0
10000.0,71044.51,0.2971230447292328,0,0
10000.0,70667.95,0.30045655369758606,0,0
10000.0,70422.59,0.29624271392822266,0,0
10000.0,69873.99,0.3342985212802887,0,0
10000.0,69630.35,0.3051331043243408,0,0
10000.0,68727.88,0.34577688574790955,0,1
10000.0,68928.72,0.33910706639289856,0,1
10000.0,69147.01,0.3304000794887543,0,1
10000.0,68594.57,0.33464014530181885,0,1
10000.0,69272.0,0.34196406602859497,0,1
10000.0,69563.37,0.3454257547855377,0,1
10000.0,70093.01,0.3365151286125183,0,0
10000.0,70612.29,0.32111412286758423,0,0
10000.0,70418.68,0.34999561309814453,0,0
10000.0,70957.01,0.3081623613834381,0,0
10000.0,70738.71,0.3202018439769745,0,0
10000.0,70400.0,0.334374338388443,0,0
10000.0,70372.96,0.3096107840538025,0,0
10000.0,70138.0,0.2987958788871765,0,0
10000.0,69827.33,0.314015656709671,0,0
10000.0,70486.82,0.3075650930404663,0,0
10000.0,70102.89,0.3120020627975464,0,0
10000.0,69511.83,0.3451000452041626,0,0
10000.0,69831.62,0.325117826461792,0,0
10000.0,69447.64,0.3512091338634491,0,0
10000.0,68921.35,0.3494105637073517,0,0
10000.0,68919.66,0.3272101879119873,0,0
10000.0,69142.0,0.32122260332107544,0,0
10000.0,69151.5,0.3051530420780182,0,0
10000.0,68921.68,0.2856942415237427,0,1
10000.0,68535.01,0.3092263638973236,0,1
10000.0,68610.12,0.304578959941864,0,0
10000.0,69027.95,0.2925943434238434,0,0
10000.0,68460.4,0.32938045263290405,0,0
10000.0,69293.37,0.33158692717552185,0,0
10000.0,69517.71,0.32402127981185913,0,0
10000.0,69925.31,0.3226030468940735,0,0
10000.0,68894.36,0.3608112633228302,0,0
10000.0,69062.01,0.34833189845085144,0,0
10000.0,68753.7,0.3412928283214569,0,0
10000.0,68656.21,0.34001126885414124,0,0
10000.0,68707.18,0.30345773696899414,0,0
10000.0,68841.29,0.3128323554992676,0,0
10000.0,69201.14,0.319926381111145,0,0
10000.0,68982.0,0.3175957202911377,0,0
10000.0,68677.33,0.3433188199996948,0,0
10000.0,68187.99,0.34669527411460876,0,0
10000.0,67584.46,0.3536583483219147,0,0
10000.0,67404.28,0.3508685231208801,0,0
10000.0,66820.32,0.3536583483219147,0,0
10000.0,67032.72,0.3449939787387848,0,1
10000.0,66981.07,0.3262268900871277,0,0
10000.0,66872.03,0.3281711935997009,0,0
10000.0,66531.99,0.33246278762817383,0,0
10000.0,67053.03,0.3296796381473541,0,0
10000.0,67133.5,0.32223543524742126,0,0
10000.0,67454.49,0.33234819769859314,0,0
10000.0,66584.6,0.3405168056488037,0,1
10000.0,66519.73,0.3452690839767456,0,1
10000.0,66039.09,0.3543964922428131,0,1
10000.0,66518.26,0.35403403639793396,0,1
10000.0,67275.34,0.36645403504371643,0,0
10000.0,67586.67,0.36462125182151794,0,0
10000.0,67555.98,0.3567031919956207,0,0
10000.0,67811.17,0.35199210047721863,0,0
10000.0,67433.14,0.3624143600463867,0,0
10000.0,67082.52,0.36549755930900574,0,0
10000.0,67460.75,0.3610630929470062,0,0
10000.0,67699.01,0.3565555810928345,0,0
10000.0,67439.14,0.3338695764541626,0,0
10000.0,67580.99,0.30266594886779785,0,0
10000.0,67018.4,0.3329368829727173,0,1
10000.0,67141.93,0.3135632276535034,0,1
10000.0,67125.57,0.320846289396286,0,1
10000.0,67217.72,0.30392175912857056,0,1
10000.0,67141.15,0.3094518482685089,0,1
10000.0,67550.47,0.30761849880218506,0,0
10000.0,68014.01,0.2928459048271179,0,0
10000.0,68076.01,0.2988620102405548,0,0
10000.0,67865.31,0.29608967900276184,0,0
10000.0,68376.58,0.2929931581020355,0,0
10000.0,67577.02,0.3215284049510956,0,0
10000.0,67134.74,0.3248254358768463,0,0
10000.0,65863.37,0.3269224762916565,0,1
10000.0,65413.99,0.35359978675842285,0,1
10000.0,65590.95,0.35130372643470764,0,0
10000.0,65788.36,0.3454257547855377,0,1
10000.0,65428.56,0.3623267114162445,0,1
10000.0,65849.87,0.3329678773880005,0,1
10000.0,66288.0,0.33593252301216125,0,0
10000.0,66272.17,0.32030463218688965,0,0
10000.0,65918.6,0.35628554224967957,0,1
10000.0,66454.95,0.34129083156585693,0,0
10000.0,66663.08,0.3152661621570587,0,0
10000.0,66553.08,0.31393977999687195,0,1
10000.0,66329.22,0.3178759515285492,0,1
10000.0,66175.79,0.297510027885437,0,1
10000.0,66359.28,0.3142298758029938,0,1
10000.0,66208.96,0.3278977870941162,0,1
10000.0,66699.96,0.30909764766693115,0,1
10000.0,66959.71,0.31248095631599426,0,1
10000.0,66977.66,0.30954909324645996,0,1
10000.0,67171.42,0.3128233551979065,0,1
10000.0,67084.0,0.2827083170413971,0,1
10000.0,67274.15,0.3157191276550293,0,1
10000.0,67733.51,0.31159400939941406,0,1
10000.0,68692.12,0.31099769473075867,0,0
10000.0,68954.69,0.3094996511936188,0,0
10000.0,69047.99,0.29041823744773865,0,0
10000.0,69129.99,0.29041823744773865,0,0
10000.0,68938.91,0.27440181374549866,0,0
10000.0,68777.12,0.2683751881122589,0,0
10000.0,68902.48,0.2677202820777893,0,0
10000.0,68995.28,0.2690650522708893,0,0
10000.0,68853.96,0.2534005641937256,0,0
10000.0,69090.24,0.26602447032928467,0,0
10000.0,68964.51,0.24562296271324158,0,0
10000.0,68884.21,0.22195179760456085,0,1
10000.0,68981.99,0.23388022184371948,0,1
10000.0,68790.0,0.2456469088792801,0,1
10000.0,68773.42,0.22011800110340118,0,1
10000.0,68936.98,0.2510204315185547,0,1
10000.0,69219.26,0.28879091143608093,0,0
10000.0,69746.2,0.2965364158153534,0,0
10000.0,69714.93,0.2787820100784302,0,0
10000.0,69671.86,0.23899252712726593,0,0
10000.0,70505.74,0.3079652786254883,0,0
10000.0,69640.2,0.295411616563797,0,0
10000.0,69460.0,0.2921430468559265,0,1
10000.0,69701.66,0.2794358730316162,0,0
10000.0,69778.28,0.28330811858177185,0,0
10000.0,69755.1,0.28330811858177185,0,0
10000.0,69739.38,0.2671293020248413,0,0
10000.0,69772.31,0.23674429953098297,0,0
10000.0,69873.99,0.2568148076534271,0,0
10000.0,70023.09,0.2655869424343109,0,0
10000.0,69935.86,0.277034729719162,0,0
10000.0,69959.75,0.2614506185054779,0,0
10000.0,69822.95,0.25911882519721985,0,1
10000.0,69777.07,0.25911882519721985,0,1
10000.0,69717.65,0.2757393419742584,0,1
10000.0,69480.01,0.2757393419742584,0,1
10000.0,69954.5,0.27701589465141296,0,1
10000.0,70183.99,0.295411616563797,0,0
10000.0,70267.61,0.27577993273735046,0,0
10000.0,70405.12,0.27577993273735046,0,0
10000.0,70828.42,0.29133448004722595,0,0
10000.0,70446.52,0.2879827618598938,0,0
10000.0,70419.11,0.24972659349441528,0,0
10000.0,70427.02,0.259335994720459,0,0
10000.0,70295.22,0.2634727656841278,0,0
10000.0,69314.21,0.2957630753517151,0,0
10000.0,68930.0,0.30721306800842285,0,0
10000.0,69170.51,0.29050907492637634,0,0
10000.0,69099.99,0.2827702760696411,0,0
10000.0,69017.75,0.30479079484939575,0,0
10000.0,68641.21,0.33018243312835693,0,0
10000.0,68451.44,0.3236645758152008,0,1
10000.0,68286.63,0.3236645758152008,0,1
10000.0,68450.0,0.2966342270374298,0,0
10000.0,68852.01,0.2966342270374298,0,0
10000.0,68999.96,0.2591426372528076,0,0
10000.0,68832.58,0.31387296319007874,0,0
10000.0,68845.81,0.274125337600708,0,0
10000.0,68630.81,0.30084848403930664,0,0
10000.0,68320.48,0.32459598779678345,0,1
10000.0,68424.82,0.2672882378101349,0,1
10000.0,68870.07,0.29625508189201355,0,0
10000.0,68385.29,0.29666194319725037,0,1
10000.0,68450.8,0.2686057686805725,0,1
10000.0,68587.9,0.27027255296707153,0,0
10000.0,68762.85,0.25537431240081787,0,0
10000.0,68992.71,0.26512423157691956,0,0
10000.0,68798.22,0.25909972190856934,0,0
10000.0,68812.83,0.3036452829837799,0,0
10000.0,69763.24,0.31107962131500244,0,0
10000.0,68395.1,0.337252676486969,0,0
10000.0,68427.64,0.32000401616096497,0,0
10000.0,67539.52,0.35087645053863525,0,1
10000.0,67888.7,0.3402445912361145,0,1
10000.0,67951.86,0.31641796231269836,0,1
10000.0,67860.13,0.31641796231269836,0,1
10000.0,67913.43,0.29513266682624817,0,1
10000.0,68530.0,0.30417126417160034,0,0
10000.0,68862.88,0.3041911721229553,0,0
10000.0,68591.02,0.3074955940246582,0,0
10000.0,68892.43,0.3041911721229553,0,0
10000.0,68878.27,0.3031911253929138,0,0
10000.0,68618.11,0.30864831805229187,0,0
10000.0,68838.48,0.3068176209926605,0,0
10000.0,68474.9,0.3054981529712677,0,0
10000.0,68481.67,0.2944647967815399,0,0
10000.0,68245.71,0.30864831805229187,0,0
10000.0,68400.0,0.27868208289146423,0,0
10000.0,68388.12,0.2825104892253876,0,0
10000.0,68177.53,0.27803125977516174,0,0
10000.0,68126.28,0.2738536596298218,0,0
10000.0,67845.3,0.31627005338668823,0,0
10000.0,67854.6,0.2472798228263855,0,0
10000.0,67919.49,0.31187009811401367,0,0
10000.0,68136.34,0.286086767911911,0,0
10000.0,66875.06,0.33885589241981506,0,1
10000.0,67392.05,0.3076498210430145,0,0
10000.0,67517.36,0.3058423697948456,0,0
10000.0,67244.22,0.3100872337818146,0,0
10000.0,68098.62,0.31143084168434143,0,0
10000.0,67793.32,0.29696404933929443,0,0
10000.0,67753.3,0.3042708933353424,0,0
10000.0,67680.54,0.3132419288158417,0,0
10000.0,67527.72,0.27001675963401794,0,0
10000.0,67503.52,0.24402345716953278,0,0
10000.0,67302.65,0.27909666299819946,0,1
10000.0,67165.2,0.3155706524848938,0,1
10000.0,67335.04,0.27813199162483215,0,1
10000.0,67629.11,0.2955310046672821,0,1
10000.0,67823.54,0.3006294071674347,0,0
10000.0,67654.8,0.28332144021987915,0,0
10000.0,67850.52,0.28865569829940796,0,0
10000.0,68106.44,0.28777480125427246,0,0
10000.0,68132.82,0.2957787811756134,0,0
10000.0,68157.79,0.27884986996650696,0,0
10000.0,67801.26,0.27890756726264954,0,0
10000.0,67369.75,0.2899877429008484,0,0
10000.0,67458.06,0.2714292109012604,0,0
10000.0,67236.88,0.29179149866104126,0,0
10000.0,67223.76,0.286086767911911,0,0
10000.0,67694.01,0.31241917610168457,0,0
10000.0,67145.34,0.29955345392227173,0,0
10000.0,67187.39,0.2872471213340759,0,0
10000.0,66359.99,0.33018243312835693,0,0
10000.0,66177.14,0.3265869915485382,0,1
10000.0,66268.39,0.31396496295928955,0,1
10000.0,66342.76,0.30932092666625977,0,1
10000.0,66408.82,0.26402339339256287,0,1
10000.0,66461.0,0.239364355802536,0,1
10000.0,66446.49,0.2595815062522888,0,1
10000.0,66866.62,0.2782682180404663,0,1
10000.0,66835.2,0.26898449659347534,0,0
10000.0,66980.91,0.26341909170150757,0,0
10000.0,66802.75,0.2703266441822052,0,0
10000.0,66871.35,0.2456698715686798,0,0
10000.0,67150.12,0.29396137595176697,0,0
10000.0,67206.45,0.27628999948501587,0,0
10000.0,66966.12,0.3116074204444885,0,0
10000.0,66836.0,0.3116074204444885,0,0
10000.0,66843.08,0.25873661041259766,0,0
10000.0,66496.02,0.29082104563713074,0,0
10000.0,66516.67,0.26757171750068665,0,1
10000.0,65913.37,0.31942328810691833,0,1
10000.0,66421.2,0.3133164048194885,0,1
10000.0,66398.0,0.31742891669273376,0,1
10000.0,66293.53,0.30427688360214233,0,1
10000.0,66369.42,0.31429755687713623,0,1
10000.0,67030.49,0.2909267842769623,0,0
10000.0,67050.0,0.28212374448776245,0,0
10000.0,67149.11,0.26781514286994934,0,0
10000.0,66916.51,0.25304365158081055,0,1
10000.0,66915.14,0.2652183473110199,0,1
10000.0,67003.73,0.23003852367401123,0,1
10000.0,67228.91,0.27586519718170166,0,1
10000.0,67279.9,0.2365444451570511,0,1
10000.0,67242.03,0.22907692193984985,0,1
10000.0,67366.25,0.25706520676612854,0,1
10000.0,67264.83,0.26065361499786377,0,1
10000.0,67790.1,0.286086767911911,0,0
10000.0,67847.47,0.2753021717071533,0,0
10000.0,67825.91,0.26169827580451965,0,0
10000.0,67879.99,0.23003852367401123,0,0
10000.0,68218.85,0.2692720293998718,0,0
10000.0,67948.99,0.2836509644985199,0,0
10000.0,67318.41,0.286086767911911,0,0
10000.0,67541.77,0.261103093624115,0,1
10000.0,66801.62,0.31470534205436707,0,1
10000.0,67069.65,0.30332228541374207,0,1
10000.0,67582.95,0.3176758587360382,0,0
10000.0,67795.47,0.2924922704696655,0,0
10000.0,67613.37,0.3096955120563507,0,1
10000.0,67924.21,0.2881200909614563,0,0
10000.0,67646.03,0.28787094354629517,0,0
10000.0,67750.4,0.2743271291255951,0,0
10000.0,67825.87,0.23994404077529907,0,0
10000.0,68078.13,0.2806845009326935,0,0
10000.0,68020.01,0.26773327589035034,0,0
10000.0,67841.0,0.25962328910827637,0,0
10000.0,67951.24,0.23576322197914124,0,0
10000.0,68001.05,0.23674429953098297,0,0
10000.0,67667.77,0.2757393419742584,0,1
10000.0,67816.97,0.2530330419540405,0,1
10000.0,67851.93,0.21049749851226807,0,0
10000.0,67793.38,0.23576322197914124,0,1
10000.0,67856.01,0.21589775383472443,0,1
10000.0,68055.03,0.25650909543037415,0,1
10000.0,68147.53,0.27323096990585327,0,1
10000.0,68215.54,0.20708611607551575,0,0
10000.0,68092.45,0.2072627693414688,0,1
10000.0,68203.42,0.24419477581977844,0,1
10000.0,68259.99,0.21342840790748596,0,0
10000.0,68450.01,0.27553385496139526,0,0
10000.0,68615.0,0.2700045704841614,0,0
10000.0,68322.6,0.26536184549331665,0,0
10000.0,68437.45,0.2501746118068695,0,0
10000.0,68574.0,0.24645820260047913,0,0
10000.0,68543.51,0.21957789361476898,0,0
10000.0,68211.19,0.2615247070789337,0,0
10000.0,68379.95,0.23766528069972992,0,0
10000.0,67972.0,0.2720041871070862,0,0
10000.0,67975.93,0.23549138009548187,0,0
10000.0,67946.0,0.251642644405365,0,0
10000.0,68159.31,0.23549138009548187,0,0
10000.0,67909.68,0.25423699617385864,0,0
10000.0,68041.43,0.23766528069972992,0,0
10000.0,67983.5,0.21039476990699768,0,0
10000.0,67977.52,0.2114069014787674,0,0
10000.0,68038.13,0.23714803159236908,0,0
10000.0,68005.3,0.20900529623031616,0,0
10000.0,67950.1,0.20900529623031616,0,0
10000.0,68053.32,0.21731775999069214,0,0
10000.0,68129.56,0.21731775999069214,0,0
10000.0,68219.97,0.219726100564003,0,0
10000.0,67928.22,0.2616560161113739,0,0
10000.0,67652.38,0.29272910952568054,0,0
10000.0,67443.89,0.2695228159427643,0,0
10000.0,67684.14,0.3021984100341797,0,0
10000.0,67632.76,0.23714803159236908,0,0
10000.0,67384.49,0.2958422303199768,0,0
10000.0,67422.62,0.22247828543186188,0,0
10000.0,67428.32,0.20915935933589935,0,0
10000.0,67401.74,0.2208944708108902,0,0
10000.0,67612.66,0.23549138009548187,0,0
10000.0,67666.16,0.25190049409866333,0,0
10000.0,67643.4,0.27296796441078186,0,0
10000.0,66740.47,0.3207506239414215,0,0
10000.0,64427.65,0.33256658911705017,0,1
10000.0,64783.56,0.33613279461860657,0,1
10000.0,64934.17,0.3373199701309204,0,1
10000.0,64808.31,0.31540217995643616,0,1
10000.0,65070.9,0.3324979245662689,0,1
10000.0,65757.32,0.33546051383018494,0,1
10000.0,65958.94,0.3252991735935211,0,0
10000.0,65676.44,0.3271673917770386,0,0
10000.0,66404.91,0.328229159116745,0,0
10000.0,66319.69,0.33100777864456177,0,0
10000.0,66207.23,0.3216260075569153,0,0
10000.0,66280.4,0.335723876953125,0,0
10000.0,66132.66,0.29998427629470825,0,0
10000.0,65923.53,0.3318558931350708,0,0
10000.0,65660.1,0.3400479257106781,0,0
10000.0,65364.65,0.3419983386993408,0,0
10000.0,64813.26,0.34500184655189514,0,0
10000.0,64635.49,0.3431061804294586,0,0
10000.0,64295.1,0.3581373393535614,0,0
10000.0,64473.14,0.33824366331100464,0,0
10000.0,64580.66,0.28897225856781006,0,0
10000.0,64725.56,0.30932092666625977,0,0
10000.0,64656.02,0.29648357629776,0,0
10000.0,64941.43,0.31426122784614563,0,0
10000.0,64160.27,0.3252410590648651,0,0
10000.0,64109.81,0.2997243106365204,0,0
10000.0,63595.51,0.3409871757030487,0,0
10000.0,63378.84,0.3382612466812134,0,0
10000.0,63104.79,0.3242449462413788,0,0
10000.0,63082.79,0.3193349838256836,0,0
10000.0,63192.96,0.31521573662757874,0,0
10000.0,63392.15,0.3013916313648224,0,0
10000.0,63249.99,0.3013916313648224,0,1
10000.0,63284.5,0.2624318599700928,0,1
10000.0,63227.1,0.2585567235946655,0,1
10000.0,62969.05,0.3013916313648224,0,1
10000.0,62900.0,0.32041463255882263,0,1
10000.0,63453.99,0.32093915343284607,0,1
10000.0,63973.97,0.32093915343284607,0,0
10000.0,64265.52,0.3286307454109192,0,0
10000.0,64219.71,0.3116700351238251,0,0
10000.0,64435.06,0.2991173267364502,0,0
10000.0,64435.03,0.29608967900276184,0,1
10000.0,64472.9,0.27279555797576904,0,1
10000.0,64042.66,0.3016107976436615,0,1
10000.0,64120.95,0.2585567235946655,0,1
10000.0,64058.15,0.2912384271621704,0,1
10000.0,64224.3,0.2912384271621704,0,1
10000.0,65896.75,0.3168524205684662,0,0
10000.0,65884.83,0.30950242280960083,0,0
10000.0,65391.73,0.30207791924476624,0,0
10000.0,65457.99,0.2972983419895172,0,0
10000.0,64882.76,0.31565821170806885,0,1
10000.0,64898.22,0.2781446576118469,0,1
10000.0,65028.3,0.2994302809238434,0,1
10000.0,65530.49,0.2841119170188904,0,1
10000.0,65558.71,0.2883291244506836,0,1
10000.0,65400.87,0.2800135612487793,0,1
10000.0,65430.04,0.2790772020816803,0,1
10000.0,66068.94,0.3002435863018036,0,1
10000.0,66248.62,0.29394224286079407,0,1
10000.0,66973.2,0.31683996319770813,0,1
10000.0,67412.33,0.31683996319770813,0,1
10000.0,68297.35,0.31416282057762146,0,0
10000.0,68674.2,0.31683996319770813,0,0
10000.0,69328.07,0.3061334490776062,0,0
10000.0,69038.26,0.3005131185054779,0,0
10000.0,69148.69,0.30418211221694946,0,0
10000.0,68919.72,0.30823540687561035,0,0
10000.0,68432.13,0.31356048583984375,0,0
10000.0,67988.04,0.31356048583984375,0,1
10000.0,68335.99,0.2881546914577484,0,0
10000.0,68248.3,0.29004883766174316,0,0
10000.0,68257.45,0.2847459316253662,0,0
10000.0,68216.86,0.2804561257362366,0,1
10000.0,68571.36,0.2890876829624176,0,0
10000.0,68443.81,0.2847459316253662,0,0
10000.0,68176.75,0.2864801287651062,0,0
10000.0,67825.04,0.2973024547100067,0,0
10000.0,67954.01,0.28443458676338196,0,0
10000.0,68589.41,0.29078876972198486,0,0
10000.0,68301.62,0.28443458676338196,0,0
10000.0,68051.31,0.2987891733646393,0,0
10000.0,68171.56,0.271263986825943,0,0
10000.0,67905.35,0.2764608860015869,0,0
10000.0,67697.74,0.3070402145385742,0,0
10000.0,67382.0,0.30439072847366333,0,0
10000.0,66643.55,0.33035966753959656,0,1
10000.0,66826.8,0.32334041595458984,0,1
10000.0,67310.53,0.3258698880672455,0,0
10000.0,67589.22,0.3258698880672455,0,0
10000.0,67414.07,0.30819249153137207,0,0
10000.0,67463.65,0.30035287141799927,0,0
10000.0,67572.3,0.26383137702941895,0,0
10000.0,67485.18,0.26300933957099915,0,0
10000.0,67226.5,0.30932092666625977,0,1
10000.0,67352.26,0.2997243106365204,0,1
10000.0,67266.58,0.27719637751579285,0,1
10000.0,67600.84,0.29711273312568665,0,0
10000.0,67747.49,0.3085916042327881,0,0
10000.0,67724.99,0.2563561499118805,0,0
10000.0,67658.14,0.2627579867839813,0,0
10000.0,67690.6,0.26427868008613586,0,0
10000.0,67926.24,0.28178948163986206,0,0
10000.0,67355.73,0.3254123032093048,0,0
10000.0,66604.91,0.32454222440719604,0,0
10000.0,66126.99,0.33173245191574097,0,0
10000.0,65928.01,0.3236645758152008,0,0
10000.0,66270.55,0.32184383273124695,0,0
10000.0,65887.59,0.3254123032093048,0,0
10000.0,66095.4,0.30932092666625977,0,0
10000.0,65475.21,0.32037997245788574,0,0
10000.0,65703.19,0.3147670030593872,0,0
10000.0,65314.76,0.32249680161476135,0,1
10000.0,65392.18,0.2767857015132904,0,1
10000.0,65594.67,0.26986607909202576,0,1
10000.0,65527.59,0.28023669123649597,0,0
10000.0,65637.99,0.30427247285842896,0,0
10000.0,65872.1,0.29728415608406067,0,0
10000.0,65942.0,0.27374109625816345,0,0
10000.0,65770.36,0.24483558535575867,0,0
10000.0,65961.13,0.2625339925289154,0,0
10000.0,65797.42,0.24380351603031158,0,0
10000.0,65663.2,0.2709769606590271,0,0
10000.0,65591.03,0.2456698715686798,0,0
10000.0,63216.01,0.3469250202178955,0,1
10000.0,63826.0,0.34800985455513,0,1
10000.0,63473.28,0.3506198525428772,0,1
10000.0,63658.54,0.3498051166534424,0,1
10000.0,64010.39,0.34800985455513,0,1
10000.0,63844.2,0.3449939787387848,0,1
10000.0,64017.19,0.29558637738227844,0,1
10000.0,65106.44,0.34370750188827515,0,1
10000.0,64435.61,0.3564331531524658,0,1
10000.0,64841.18,0.34549233317375183,0,1
10000.0,65094.3,0.31717637181282043,0,1
10000.0,65442.62,0.3236479163169861,0,1
10000.0,65911.84,0.31552037596702576,0,1
10000.0,66362.01,0.30581822991371155,0,1
10000.0,66959.62,0.30581822991371155,0,1
10000.0,66723.22,0.3004353642463684,0,1
10000.0,67103.64,0.3052339255809784,0,0
10000.0,66973.26,0.29678794741630554,0,0
10000.0,66791.29,0.2950171232223511,0,0
10000.0,67339.36,0.30073249340057373,0,0
10000.0,67620.65,0.2905689775943756,0,0
10000.0,67502.16,0.29656264185905457,0,0
10000.0,67346.5,0.2837378680706024,0,0
10000.0,67292.09,0.28271597623825073,0,0
10000.0,66926.68,0.30043575167655945,0,0
10000.0,67141.39,0.2821577191352844,0,0
10000.0,66560.14,0.3123985826969147,0,0
10000.0,66410.08,0.29990604519844055,0,1
10000.0,66467.06,0.2896226644515991,0,0
10000.0,66468.03,0.26172035932540894,0,0
10000.0,66296.48,0.27504026889801025,0,0
10000.0,66934.79,0.29927894473075867,0,0
10000.0,66847.8,0.2896226644515991,0,0
10000.0,66842.42,0.2881845235824585,0,0
10000.0,66135.45,0.32190966606140137,0,0
10000.0,65979.61,0.2990323603153229,0,0
10000.0,66316.83,0.2917701005935669,0,0
10000.0,65962.17,0.2971838712692261,0,1
10000.0,65300.0,0.3364019989967346,0,1
10000.0,65666.2,0.3248739242553711,0,1
10000.0,65268.71,0.3326925039291382,0,1
10000.0,65776.47,0.33664578199386597,0,1
10000.0,66501.52,0.32882338762283325,0,0
10000.0,66532.02,0.3230208456516266,0,0
10000.0,66276.77,0.3428535759449005,0,0
10000.0,66820.03,0.3364129960536957,0,0
10000.0,66862.12,0.2997683584690094,0,0
10000.0,66730.78,0.3045947253704071,0,0
10000.0,66204.9,0.3234221339225769,0,0
10000.0,66007.52,0.34018799662590027,0,0
10000.0,66282.0,0.30675506591796875,0,1
10000.0,66168.62,0.3083389699459076,0,1
10000.0,66316.4,0.30200478434562683,0,1
10000.0,66359.68,0.30147743225097656,0,1
10000.0,65963.43,0.30492159724235535,0,1
10000.0,65440.01,0.34122782945632935,0,1
10000.0,67177.06,0.30402085185050964,0,1
10000.0,69130.2,0.3132284879684448,0,0
10000.0,69428.62,0.3050857484340668,0,0
10000.0,69198.0,0.2872770428657532,0,0
10000.0,68877.67,0.29064586758613586,0,0
10000.0,68966.53,0.28729626536369324,0,0
10000.0,69106.58,0.2934948801994324,0,0
10000.0,69413.82,0.28729626536369324,0,0
10000.0,69440.49,0.29608073830604553,0,0
10000.0,68830.06,0.31066498160362244,0,0
10000.0,69092.88,0.29161885380744934,0,0
10000.0,68760.01,0.2915295958518982,0,0
10000.0,68512.17,0.2899205982685089,0,0
10000.0,68377.94,0.29855242371559143,0,0
10000.0,68123.2,0.2930041551589966,0,0
10000.0,67947.75,0.30635014176368713,0,0
10000.0,68106.73,0.3008953034877777,0,0
10000.0,68172.8,0.30705371499061584,0,0
10000.0,67003.3,0.3159586191177368,0,0
10000.0,66647.98,0.30603399872779846,0,1
10000.0,66860.3,0.3067750334739685,0,1
10000.0,67026.61,0.2990323603153229,0,1
10000.0,67399.85,0.31610551476478577,0,1
10000.0,66931.31,0.30633148550987244,0,1
10000.0,66568.95,0.3376677334308624,0,1
10000.0,67725.81,0.34729811549186707,0,0
10000.0,68175.9,0.35027778148651123,0,0
10000.0,68318.66,0.3199232220649719,0,0
10000.0,68628.49,0.3191832900047302,0,0
10000.0,68435.0,0.3089853823184967,0,0
10000.0,68266.0,0.326407253742218,0,0
10000.0,68024.62,0.3247765600681305,0,0
10000.0,68327.2,0.31374433636665344,0,0
10000.0,68338.0,0.29314523935317993,0,0
10000.0,68093.19,0.32869547605514526,0,1
10000.0,68405.0,0.3078795075416565,0,1
10000.0,68323.33,0.3026862144470215,0,1
10000.0,67732.2,0.33455580472946167,0,1
10000.0,67786.0,0.300306111574173,0,1
10000.0,68206.59,0.2908535599708557,0,1
10000.0,68508.02,0.2883060574531555,0,1
10000.0,69493.13,0.2977140247821808,0,1
10000.0,71011.4,0.31188857555389404,0,1
10000.0,71520.76,0.3092692196369171,0,1
10000.0,71348.92,0.3000585436820984,0,1
10000.0,71111.4,0.29426446557044983,0,1
10000.0,71339.71,0.29248303174972534,0,1
10000.0,71477.17,0.2930726706981659,0,1
10000.0,71621.04,0.30376526713371277,0,1
10000.0,73396.88,0.30376526713371277,0,0
10000.0,73294.84,0.30376526713371277,0,0
10000.0,73218.92,0.29815295338630676,0,0
10000.0,73693.5,0.29815295338630676,0,0
10000.0,73611.1,0.3036194145679474,0,0
10000.0,73019.68,0.3173230290412903,0,0
10000.0,73309.72,0.3035774528980255,0,0
10000.0,72705.86,0.3001773953437805,0,0
10000.0,72666.77,0.29351451992988586,0,0
10000.0,72760.0,0.29351451992988586,0,0
10000.0,72538.72,0.29793429374694824,0,0
10000.0,72506.19,0.28817397356033325,0,0
10000.0,72497.89,0.29745063185691833,0,0
10000.0,72815.7,0.29351451992988586,0,1
10000.0,72412.15,0.28562018275260925,0,1
10000.0,72553.62,0.2899205982685089,0,0
10000.0,72055.5,0.30003827810287476,0,1
10000.0,72333.7,0.29977527260780334,0,0
10000.0,72591.59,0.2971583604812622,0,0
10000.0,73388.92,0.2977140247821808,0,0
10000.0,72915.79,0.2869739234447479,0,0
10000.0,72890.73,0.2808275818824768,0,0
10000.0,72467.79,0.29142388701438904,0,0
10000.0,72609.29,0.2958984971046448,0,0
10000.0,71652.77,0.3307299315929413,0,0
10000.0,71305.92,0.3307923674583435,0,0
10000.0,70704.41,0.35709893703460693,0,0
10000.0,70990.65,0.3262065052986145,0,0
10000.0,70918.07,0.3262065052986145,0,0
10000.0,71236.51,0.32807740569114685,0,0
10000.0,71141.93,0.31314125657081604,0,0
10000.0,71208.54,0.282131165266037,0,0
10000.0,70890.72,0.3228825628757477,0,0
10000.0,70988.19,0.27622950077056885,0,0
10000.0,71257.2,0.3351117968559265,0,0
10000.0,71252.43,0.30657583475112915,0,0
10000.0,71080.38,0.2884013056755066,0,0
10000.0,70613.61,0.3268307149410248,0,0
10000.0,70436.19,0.31862926483154297,0,0
10000.0,70597.23,0.31396496295928955,0,0
10000.0,71056.44,0.3121735751628876,0,0
10000.0,70789.49,0.2796877920627594,0,0
10000.0,70565.56,0.30932092666625977,0,0
10000.0,70527.93,0.276607483625412,0,0
10000.0,70212.95,0.31140705943107605,0,0
10000.0,69907.0,0.31752142310142517,0,0
10000.0,69208.0,0.32260918617248535,0,0
10000.0,68409.89,0.3367583751678467,0,0
10000.0,68504.71,0.3348848521709442,0,0
10000.0,68446.52,0.32751503586769104,0,0
10000.0,67955.1,0.33583247661590576,0,0
10000.0,68181.2,0.32334041595458984,0,0
10000.0,68131.79,0.32334041595458984,0,0
10000.0,68111.03,0.30932092666625977,0,0
10000.0,68289.1,0.2966342270374298,0,0
10000.0,68319.89,0.24342164397239685,0,0
10000.0,68114.02,0.26966241002082825,0,0
10000.0,68290.45,0.26966241002082825,0,0
10000.0,68262.01,0.24342164397239685,0,0
10000.0,68350.04,0.2670356035232544,0,0
10000.0,68095.5,0.2935047745704651,0,0
10000.0,68063.43,0.2708739936351776,0,0
10000.0,68018.26,0.2455752193927765,0,0
10000.0,67690.86,0.30133146047592163,0,0
10000.0,67842.67,0.30733221769332886,0,0
10000.0,67795.4,0.268503338098526,0,0
10000.0,68000.0,0.25705239176750183,0,0
10000.0,67880.31,0.24335208535194397,0,0
10000.0,68010.01,0.29679346084594727,0,0
10000.0,67992.54,0.23207944631576538,0,0
10000.0,67931.06,0.22447487711906433,0,0
10000.0,68016.7,0.26152220368385315,0,0
10000.0,67877.45,0.23283171653747559,0,0
10000.0,67783.63,0.23416559398174286,0,0
10000.0,67788.41,0.2282499372959137,0,0
10000.0,67568.13,0.25847697257995605,0,0
10000.0,67080.34,0.30317825078964233,0,0
10000.0,67402.98,0.26491808891296387,0,0
10000.0,67452.98,0.23714803159236908,0,0
10000.0,67258.65,0.26831600069999695,0,0
10000.0,67262.91,0.23549138009548187,0,0
10000.0,67194.77,0.2556246817111969,0,0
10000.0,67297.27,0.25968170166015625,0,0
10000.0,66925.44,0.2958422303199768,0,1
10000.0,67000.26,0.24588416516780853,0,1
10000.0,66637.36,0.3003718852996826,0,1
10000.0,67149.93,0.2829495072364807,0,1
10000.0,67161.52,0.22965042293071747,0,0
10000.0,67319.91,0.27978986501693726,0,0
10000.0,67539.33,0.28444620966911316,0,0
10000.0,67681.0,0.290793776512146,0,0
10000.0,67904.14,0.2850511074066162,0,0
10000.0,67515.0,0.29380303621292114,0,0
10000.0,67324.72,0.3060903549194336,0,0
10000.0,67234.86,0.30697211623191833,0,0
10000.0,67339.76,0.2769644856452942,0,0
10000.0,67218.23,0.2766151428222656,0,0
10000.0,66872.15,0.29679346084594727,0,0
10000.0,67065.0,0.3016015589237213,0,0
10000.0,66804.0,0.26448073983192444,0,0
10000.0,67337.42,0.275518000125885,0,0
10000.0,67238.8,0.2912723124027252,0,0
10000.0,67020.01,0.2893032729625702,0,0
10000.0,66236.8,0.33193251490592957,0,1
10000.0,65971.2,0.3185538053512573,0,1
10000.0,66370.01,0.31778931617736816,0,1
10000.0,66196.01,0.3189437985420227,0,1
10000.0,66537.32,0.295265257358551,0,1
10000.0,67205.05,0.31013086438179016,0,1
10000.0,67130.14,0.2806845009326935,0,1
10000.0,67911.16,0.3050571084022522,0,0
10000.0,67267.18,0.30265653133392334,0,1
10000.0,67555.13,0.3001236021518707,0,1
10000.0,67814.69,0.29968827962875366,0,1
10000.0,67981.02,0.29801279306411743,0,1
10000.0,67608.13,0.31504562497138977,0,1
10000.0,67764.98,0.29881739616394043,0,1
10000.0,68151.93,0.3118167519569397,0,0
10000.0,68976.0,0.31569504737854004,0,0
10000.0,69151.5,0.31477072834968567,0,0
10000.0,68863.66,0.30923280119895935,0,0
10000.0,68960.12,0.3147910237312317,0,0
10000.0,68600.71,0.31500306725502014,0,0
10000.0,68356.37,0.2838953137397766,0,1
10000.0,68991.93,0.2968854010105133,0,0
10000.0,68961.71,0.275544136762619,0,1
10000.0,68919.72,0.2803492546081543,0,1
10000.0,68635.88,0.27833038568496704,0,1
10000.0,68432.16,0.26753780245780945,0,1
10000.0,69157.37,0.2976929843425751,0,1
10000.0,69260.01,0.27833038568496704,0,1
10000.0,70272.01,0.3058966100215912,0,1
10000.0,69429.85,0.3029254674911499,0,1
10000.0,70072.94,0.2800293564796448,0,1
10000.0,69971.34,0.28186845779418945,0,1
10000.0,69910.91,0.28356873989105225,0,1
10000.0,70406.01,0.2880000174045563,0,0
10000.0,70709.37,0.28442302346229553,0,1
10000.0,71078.92,0.29669371247291565,0,0
10000.0,70774.04,0.2894803583621979,0,1
10000.0,70580.94,0.28626009821891785,0,0
10000.0,70519.86,0.28079044818878174,0,0
10000.0,69921.12,0.32738906145095825,0,0
10000.0,71467.81,0.30854979157447815,0,0
10000.0,71346.16,0.28878116607666016,0,0
10000.0,71268.59,0.28878116607666016,0,0
10000.0,70868.61,0.3089105188846588,0,0
10000.0,70013.87,0.32607436180114746,0,0
10000.0,70043.63,0.2972249984741211,0,0
10000.0,70235.6,0.28439152240753174,0,0
10000.0,69763.01,0.2953716516494751,0,0
10000.0,69721.58,0.28846117854118347,0,1
10000.0,69948.63,0.2889632284641266,0,0
10000.0,70044.87,0.2902088463306427,0,0
10000.0,70071.26,0.29180943965911865,0,0
10000.0,69810.72,0.2945699393749237,0,0
10000.0,69551.91,0.2945699393749237,0,0
10000.0,70130.99,0.29251983761787415,0,0
10000.0,69510.36,0.29499325156211853,0,0
10000.0,69950.01,0.2881474196910858,0,0
10000.0,69648.29,0.29629120230674744,0,1
10000.0,69662.24,0.28078708052635193,0,1
10000.0,69466.75,0.28769636154174805,0,1
10000.0,69604.9,0.2762918770313263,0,1
10000.0,69173.0,0.314201295375824,0,1
10000.0,69361.13,0.3224667012691498,0,1
10000.0,70186.09,0.3133794963359833,0,1
10000.0,70578.7,0.3128432035446167,0,0
10000.0,70227.91,0.3371322453022003,0,1
10000.0,70570.71,0.3024614751338959,0,0
10000.0,70785.99,0.2939392328262329,0,0
10000.0,70617.64,0.2835114300251007,0,0
10000.0,70641.82,0.28108203411102295,0,0
10000.0,70634.96,0.2747354507446289,0,0
10000.0,70741.26,0.2758336365222931,0,0
10000.0,70373.01,0.29265207052230835,0,0
10000.0,70191.86,0.2709624767303467,0,0
10000.0,70225.34,0.24936430156230927,0,0
10000.0,69841.31,0.2896525263786316,0,0
10000.0,69286.56,0.3111909031867981,0,1
10000.0,69446.61,0.2688387632369995,0,1
10000.0,69372.0,0.27728599309921265,0,1
10000.0,69480.54,0.2669556736946106,0,1
10000.0,69501.44,0.2563982307910919,0,1
10000.0,69826.19,0.27857691049575806,0,0
10000.0,69917.37,0.2848714590072632,0,0
10000.0,69952.51,0.2843359410762787,0,1
10000.0,70412.11,0.2884471118450165,0,0
10000.0,70427.91,0.29094618558883667,0,0
10000.0,70381.8,0.2637542486190796,0,0
10000.0,69972.15,0.2987475097179413,0,1
10000.0,69590.09,0.3243386149406433,0,1
10000.0,70334.88,0.3066617250442505,0,0
10000.0,70381.16,0.29871633648872375,0,0
10000.0,70212.06,0.2997243106365204,0,0
10000.0,69819.64,0.30315715074539185,0,1
10000.0,70432.32,0.295265257358551,0,1
10000.0,70164.49,0.28363722562789917,0,1
10000.0,70268.55,0.2731180489063263,0,1
10000.0,70175.64,0.271169513463974,0,1
10000.0,70541.34,0.27927330136299133,0,1
10000.0,71475.61,0.30181607604026794,0,0
10000.0,71672.39,0.29020360112190247,0,0
10000.0,71143.8,0.3010435998439789,0,1
10000.0,71405.75,0.2916967570781708,0,1
10000.0,71393.94,0.2760022282600403,0,1
10000.0,71546.29,0.27651238441467285,0,1
10000.0,71342.0,0.28004083037376404,0,1
10000.0,71612.22,0.28004083037376404,0,1
10000.0,71821.02,0.2932802736759186,0,1
10000.0,72006.57,0.27833038568496704,0,0
10000.0,72458.12,0.3061894476413727,0,0
10000.0,72228.82,0.2664828598499298,0,0
10000.0,72784.73,0.2917896807193756,0,0
10000.0,73379.18,0.32069113850593567,0,0
10000.0,72382.72,0.31382662057876587,0,0
10000.0,71831.46,0.32538947463035583,0,0
10000.0,71885.57,0.30802324414253235,0,0
10000.0,71037.93,0.3330335021018982,0,0
10000.0,71055.45,0.30306410789489746,0,0
10000.0,71189.95,0.27932024002075195,0,0
10000.0,71346.84,0.2741001844406128,0,0
10000.0,71104.65,0.27833038568496704,0,0
10000.0,70814.0,0.28004083037376404,0,0
10000.0,70930.0,0.27864572405815125,0,0
10000.0,70631.97,0.2845001518726349,0,0
10000.0,70831.7,0.29513075947761536,0,0
10000.0,70783.27,0.26434454321861267,0,0
10000.0,71081.3,0.28462156653404236,0,0
10000.0,71039.58,0.26920339465141296,0,0
10000.0,71013.75,0.2665022909641266,0,0
10000.0,70622.08,0.30375441908836365,0,0
10000.0,70596.68,0.2665022909641266,0,0
10000.0,70585.63,0.2365715652704239,0,0
10000.0,70501.16,0.2728946805000305,0,0
10000.0,70570.44,0.24335208535194397,0,0
10000.0,70751.42,0.24335208535194397,0,0
10000.0,70780.59,0.24724583327770233,0,0
10000.0,70847.35,0.2523999810218811,0,0
10000.0,70599.22,0.2564290165901184,0,0
10000.0,70580.09,0.2523999810218811,0,0
10000.0,70672.53,0.22742925584316254,0,0
10000.0,70617.01,0.19894644618034363,0,1
10000.0,70668.23,0.19894644618034363,0,0
10000.0,70700.0,0.19345061480998993,0,0
10000.0,70805.71,0.2130058854818344,0,1
10000.0,70799.99,0.20553208887577057,0,1
10000.0,70710.91,0.1880958378314972,0,1
10000.0,71211.95,0.2515643537044525,0,0
10000.0,70985.28,0.22188809514045715,0,1
10000.0,70985.83,0.2188858538866043,0,1
10000.0,71450.53,0.2740509808063507,0,0
10000.0,71363.14,0.25955644249916077,0,1
10000.0,71606.32,0.2605547606945038,0,0
10000.0,71489.68,0.2635791003704071,0,0
10000.0,71458.41,0.24279825389385223,0,0
10000.0,71453.59,0.24111464619636536,0,0
10000.0,71717.5,0.2706192135810852,0,0
10000.0,71791.1,0.2563920021057129,0,0
10000.0,71783.09,0.24892960488796234,0,0
10000.0,71839.42,0.24279825389385223,0,0
10000.0,71610.33,0.26005539298057556,0,0
10000.0,71607.54,0.2740696668624878,0,0
10000.0,71622.03,0.2529004216194153,0,0
10000.0,71481.24,0.22501340508460999,0,1
10000.0,71437.35,0.2691733241081238,0,1
10000.0,71819.95,0.2754274308681488,0,1
10000.0,71390.53,0.2754274308681488,0,1
10000.0,71549.94,0.23075376451015472,0,1
10000.0,71730.81,0.2623438537120819,0,1
10000.0,72109.58,0.2645054757595062,0,1
10000.0,72749.44,0.3189502954483032,0,1
10000.0,72815.24,0.3071466386318207,0,1
10000.0,72531.26,0.2836509644985199,0,1
10000.0,72752.9,0.2836509644985199,0,1
10000.0,72514.69,0.2821224629878998,0,1
10000.0,73573.32,0.32101744413375854,0,0
10000.0,73835.62,0.30218765139579773,0,0
10000.0,74207.49,0.2985280156135559,0,0
10000.0,73714.36,0.29681387543678284,0,0
10000.0,73456.68,0.2867981195449829,0,1
10000.0,73135.0,0.2920238971710205,0,1
10000.0,73260.92,0.26533761620521545,0,0
10000.0,73783.42,0.28443458676338196,0,0
10000.0,73552.77,0.27055492997169495,0,1
10000.0,73864.8,0.28443458676338196,0,0
10000.0,74109.55,0.2932802736759186,0,0
10000.0,73565.54,0.31729385256767273,0,1
10000.0,73274.76,0.301461398601532,0,1
10000.0,73760.63,0.2887735068798065,0,1
10000.0,73943.18,0.29080817103385925,0,1
10000.0,73913.6,0.28443458676338196,0,1
10000.0,73963.0,0.28973403573036194,0,1
10000.0,74236.9,0.26918041706085205,0,1
10000.0,74401.36,0.2832009196281433,0,0
10000.0,74772.66,0.2832009196281433,0,0
10000.0,74884.67,0.29084518551826477,0,0
10000.0,75318.48,0.30691587924957275,0,0
10000.0,75623.91,0.30691587924957275,0,0
10000.0,75198.02,0.284040629863739,0,0
10000.0,74463.98,0.30401408672332764,0,0
10000.0,74252.01,0.29677915573120117,0,0
10000.0,74036.74,0.2786145806312561,0,0
10000.0,74085.45,0.26807573437690735,0,0
10000.0,74249.32,0.2684001624584198,0,0
10000.0,74188.38,0.26486846804618835,0,0
10000.0,73937.16,0.27927330136299133,0,0
10000.0,73729.45,0.2646823227405548,0,1
10000.0,74033.11,0.27622848749160767,0,1
10000.0,73739.74,0.279152512550354,0,1
10000.0,73615.48,0.29284167289733887,0,1
10000.0,74381.7,0.3086351454257965,0,0
10000.0,73914.39,0.31897759437561035,0,1
10000.0,74155.69,0.28787094354629517,0,0
10000.0,74523.75,0.28533902764320374,0,0
10000.0,74683.04,0.270847886800766,0,0
10000.0,74512.17,0.27839043736457825,0,0
10000.0,74506.75,0.2672187387943268,0,0
10000.0,74685.42,0.2693176865577698,0,0
10000.0,74307.08,0.2940383553504944,0,0
10000.0,73909.36,0.29531827569007874,0,0
10000.0,73867.88,0.30596932768821716,0,0
10000.0,74072.3,0.2679281532764435,0,0
10000.0,74338.93,0.2877962291240692,0,0
10000.0,74446.14,0.27586519718170166,0,0
10000.0,74175.49,0.2649375796318054,0,0
10000.0,73950.0,0.27878686785697937,0,0
10000.0,73954.03,0.26291874051094055,0,0
10000.0,73883.8,0.2611437141895294,0,0
10000.0,74044.89,0.2535044252872467,0,0
10000.0,74181.08,0.2406778484582901,0,0
10000.0,73946.35,0.27586519718170166,0,0
10000.0,72952.85,0.31942328810691833,0,0
10000.0,72361.24,0.32558566331863403,0,0
10000.0,72133.49,0.31752142310142517,0,0
10000.0,71193.23,0.33018243312835693,0,0
10000.0,71467.82,0.3281283974647522,0,0
10000.0,71314.08,0.32607126235961914,0,0
10000.0,71595.21,0.31426122784614563,0,0
10000.0,71096.74,0.33204150199890137,0,0
10000.0,71072.38,0.31426122784614563,0,0
10000.0,71214.67,0.31713855266571045,0,0
10000.0,71263.67,0.26986607909202576,0,0
10000.0,71153.66,0.2767857015132904,0,0
10000.0,71246.54,0.2757484018802643,0,0
10000.0,71002.17,0.2767857015132904,0,0
10000.0,71115.23,0.24380351603031158,0,0
10000.0,71055.44,0.27883586287498474,0,0
10000.0,71215.39,0.3079851269721985,0,0
10000.0,70822.07,0.3079851269721985,0,0
10000.0,70826.54,0.24159128963947296,0,0
10000.0,70583.22,0.3094346821308136,0,0
10000.0,70191.17,0.33018243312835693,0,0
10000.0,69985.19,0.3149157464504242,0,0
10000.0,70513.0,0.3163318634033203,0,0
10000.0,70133.72,0.3048352301120758,0,0
10000.0,69952.75,0.2708739936351776,0,0
10000.0,69290.27,0.3239748179912567,0,1
10000.0,69905.65,0.31647399067878723,0,1
10000.0,69482.25,0.33054977655410767,0,1
10000.0,69412.51,0.32184383273124695,0,1
10000.0,69455.86,0.32103222608566284,0,1
10000.0,69854.16,0.32093915343284607,0,0
10000.0,69821.21,0.27160415053367615,0,1
10000.0,70271.99,0.3090924322605133,0,0
10000.0,70483.03,0.29547619819641113,0,0
10000.0,70413.47,0.2812936305999756,0,0
10000.0,70183.99,0.3052132725715637,0,1
10000.0,69930.0,0.30982327461242676,0,1
10000.0,70181.0,0.30266374349594116,0,0
10000.0,70403.79,0.29918649792671204,0,1
10000.0,70415.47,0.29918649792671204,0,1
10000.0,70729.92,0.28900381922721863,0,0
10000.0,70783.69,0.2826540470123291,0,0
10000.0,70606.24,0.2709956765174866,0,0
10000.0,70502.9,0.27487990260124207,0,0
10000.0,70854.66,0.2889845073223114,0,0
10000.0,71042.23,0.2929568588733673,0,0
10000.0,70583.8,0.28886258602142334,0,0
10000.0,70611.68,0.27622848749160767,0,0
10000.0,70478.71,0.2824907898902893,0,0
10000.0,70342.63,0.2780674695968628,0,0
10000.0,69863.84,0.2974414527416229,0,0
10000.0,69731.21,0.3016216456890106,0,0
10000.0,69860.09,0.29094618558883667,0,1
10000.0,69829.26,0.2884664237499237,0,1
10000.0,70000.0,0.29284167289733887,0,1
10000.0,69770.0,0.2802683711051941,0,1
10000.0,70177.86,0.2832184135913849,0,0
10000.0,70057.66,0.279152512550354,0,1
10000.0,70540.73,0.27804863452911377,0,0
10000.0,70767.85,0.2607857286930084,0,0
10000.0,70510.73,0.2605801224708557,0,0
10000.0,70682.19,0.2542782127857208,0,0
10000.0,70464.59,0.25861212611198425,0,0
10000.0,70737.6,0.2542782127857208,0,0
10000.0,70657.35,0.21716086566448212,0,0
10000.0,70642.13,0.24335208535194397,0,0
10000.0,70697.94,0.26015251874923706,0,0
10000.0,70774.65,0.23228663206100464,0,0
10000.0,70727.33,0.23549138009548187,0,0
10000.0,70594.43,0.2589799761772156,0,0
10000.0,70661.59,0.21705351769924164,0,0
10000.0,70605.64,0.21957789361476898,0,0
10000.0,70652.72,0.2124081254005432,0,0
10000.0,70722.61,0.2099114954471588,0,0
10000.0,70740.18,0.1987065225839615,0,0
10000.0,70629.1,0.26653486490249634,0,0
10000.0,70630.02,0.2171614021062851,0,0
10000.0,70301.66,0.2528284192085266,0,0
10000.0,70304.08,0.21812206506729126,0,0
10000.0,70389.19,0.21313707530498505,0,0
10000.0,70396.0,0.19720685482025146,0,0
10000.0,70462.28,0.20346307754516602,0,0
10000.0,70345.57,0.20943433046340942,0,0
10000.0,70277.22,0.20326213538646698,0,0
10000.0,68918.12,0.3107529580593109,0,0
10000.0,68954.71,0.327323317527771,0,0
10000.0,68962.4,0.27585238218307495,0,0
10000.0,69278.12,0.29625508189201355,0,0
10000.0,69339.99,0.29625508189201355,0,0
10000.0,69358.0,0.26898449659347534,0,0
10000.0,69153.41,0.23643921315670013,0,0
10000.0,69164.06,0.23906052112579346,0,0
10000.0,68919.38,0.26534122228622437,0,0
10000.0,68804.77,0.2933982014656067,0,0
10000.0,68826.2,0.25763586163520813,0,0
10000.0,68648.17,0.2608945667743683,0,0
10000.0,68217.95,0.29539191722869873,0,1
10000.0,68654.83,0.2920721471309662,0,0
10000.0,68700.02,0.2920721471309662,0,0
10000.0,68711.66,0.2774439752101898,0,0
10000.0,68847.96,0.267871230840683,0,0
10000.0,68805.58,0.23696599900722504,0,0
10000.0,68673.02,0.23914922773838043,0,0
10000.0,68618.58,0.2957576513290405,0,0
10000.0,68199.93,0.29232147336006165,0,0
10000.0,68176.46,0.29232147336006165,0,0
10000.0,67899.97,0.31942328810691833,0,0
10000.0,68339.37,0.31644248962402344,0,0
10000.0,67859.0,0.31011152267456055,0,1
10000.0,67669.99,0.31644248962402344,0,0
10000.0,67905.0,0.3147619962692261,0,1
10000.0,68320.72,0.3055897355079651,0,0
10000.0,68074.6,0.29679346084594727,0,0
10000.0,68541.0,0.2874237596988678,0,0
10000.0,68899.92,0.2848866581916809,0,1
10000.0,67874.19,0.33787423372268677,0,1
10000.0,68333.16,0.32914063334465027,0,1
10000.0,68434.26,0.3067224323749542,0,1
10000.0,68334.01,0.3026011288166046,0,1
10000.0,68551.02,0.30081048607826233,0,1
10000.0,70122.15,0.32645049691200256,0,1
10000.0,70752.15,0.31963738799095154,0,0
10000.0,71481.13,0.31091734766960144,0,0
10000.0,71446.46,0.3078971207141876,0,0
10000.0,70131.48,0.3238021731376648,0,1
10000.0,70561.54,0.2968391478061676,0,0
10000.0,71085.16,0.2922303080558777,0,0
10000.0,71076.22,0.29374781250953674,0,0
10000.0,70679.05,0.2929075062274933,0,0
10000.0,70915.59,0.2854219675064087,0,0
10000.0,70851.35,0.25646641850471497,0,0
10000.0,70780.22,0.28731873631477356,0,0
10000.0,70906.45,0.281711608171463,0,0
10000.0,70679.2,0.2931780517101288,0,0
10000.0,70516.57,0.28698068857192993,0,1
10000.0,70453.37,0.2893759608268738,0,1
10000.0,70542.9,0.2427956759929657,0,1
10000.0,70372.44,0.29626306891441345,0,1
10000.0,70283.85,0.2596101760864258,0,1
10000.0,70541.38,0.28439077734947205,0,1
10000.0,71291.7,0.2904811501502991,0,0
10000.0,70964.15,0.29504886269569397,0,0
10000.0,71316.97,0.2882513701915741,0,0
10000.0,71272.87,0.2552323341369629,0,0
10000.0,71157.77,0.25968533754348755,0,0
10000.0,70956.48,0.26165464520454407,0,0
10000.0,70100.46,0.32300952076911926,0,0
10000.0,69869.93,0.3265869915485382,0,0
10000.0,69873.04,0.29679879546165466,0,1
10000.0,69476.87,0.32926565408706665,0,1
10000.0,69238.43,0.3236645758152008,0,1
10000.0,69430.24,0.32103222608566284,0,1
10000.0,69377.33,0.2966342270374298,0,1
10000.0,70093.19,0.31402215361595154,0,1
10000.0,70332.93,0.28870293498039246,0,1
10000.0,70316.96,0.2800426781177521,0,1
10000.0,70556.74,0.2800426781177521,0,1
10000.0,70840.75,0.2771129310131073,0,0
10000.0,70677.18,0.27173417806625366,0,0
10000.0,70531.09,0.2676905393600464,0,1
10000.0,70716.7,0.2757128179073334,0,1
10000.0,70968.64,0.26213744282722473,0,1
10000.0,71117.66,0.27502188086509705,0,1
10000.0,70991.83,0.261819452047348,0,1
10000.0,70926.88,0.26978424191474915,0,1
10000.0,71248.39,0.28124842047691345,0,0
10000.0,71345.91,0.2622936964035034,0,0
10000.0,71501.39,0.2622936964035034,0,0
10000.0,71678.97,0.2852577269077301,0,0
10000.0,71715.24,0.28960415720939636,0,0
10000.0,71581.42,0.2836509644985199,0,0
10000.0,71234.28,0.27737292647361755,0,0
10000.0,70832.99,0.286086767911911,0,0
10000.0,71324.01,0.30069783329963684,0,0
10000.0,70779.0,0.2878996431827545,0,1
10000.0,70810.34,0.27622848749160767,0,1
10000.0,70883.31,0.25968533754348755,0,1
10000.0,71009.5,0.27622848749160767,0,0
10000.0,71035.24,0.2378007024526596,0,0
10000.0,71369.08,0.2758464217185974,0,0
10000.0,71336.53,0.259335994720459,0,0
10000.0,71299.27,0.2583407163619995,0,0
10000.0,71252.11,0.2406778484582901,0,0
10000.0,70893.01,0.27586519718170166,0,0
10000.0,70921.47,0.26434558629989624,0,0
10000.0,70772.01,0.24335208535194397,0,0
10000.0,70016.98,0.31942328810691833,0,0
10000.0,70097.18,0.282370388507843,0,0
10000.0,70087.44,0.2776578664779663,0,0
10000.0,70024.77,0.26740214228630066,0,0
10000.0,69562.41,0.32491740584373474,0,0
10000.0,69517.68,0.2783331573009491,0,0
10000.0,69276.01,0.3123300075531006,0,0
10000.0,69436.42,0.24835824966430664,0,0
10000.0,69646.59,0.3201870322227478,0,0
10000.0,69479.92,0.31187009811401367,0,0
10000.0,69082.64,0.3147355616092682,0,0
10000.0,68932.52,0.2737514078617096,0,0
10000.0,68486.86,0.31942328810691833,0,0
10000.0,68497.25,0.3165348470211029,0,0
10000.0,68534.36,0.2621459364891052,0,1
10000.0,69005.21,0.3157191276550293,0,0
10000.0,68921.1,0.26512423157691956,0,0
10000.0,68892.67,0.29679346084594727,0,0
10000.0,68820.31,0.2624102234840393,0,0
10000.0,68785.01,0.29679346084594727,0,0
10000.0,69051.27,0.26757171750068665,0,0
10000.0,68903.59,0.26731517910957336,0,0
10000.0,68767.51,0.259859174489975,0,0
10000.0,68578.0,0.3139335513114929,0,0
10000.0,68630.77,0.2774823307991028,0,0
10000.0,68656.15,0.2611437141895294,0,0
10000.0,68540.48,0.31187009811401367,0,0
10000.0,67920.5,0.32491740584373474,0,0
10000.0,67695.81,0.3119598925113678,0,0
10000.0,66502.41,0.3352941572666168,0,0
10000.0,66702.78,0.3316706120967865,0,0
10000.0,66619.76,0.28905463218688965,0,0
10000.0,66188.32,0.3304866552352905,0,0
10000.0,66205.06,0.3316706120967865,0,0
10000.0,66112.82,0.3316706120967865,0,0
10000.0,65979.29,0.2925993800163269,0,0
10000.0,65632.92,0.32907044887542725,0,1
10000.0,65836.69,0.30932092666625977,0,1
10000.0,66040.66,0.30932092666625977,0,0
10000.0,66020.76,0.28013813495635986,0,0
10000.0,66098.0,0.25546786189079285,0,0
10000.0,66020.79,0.2511458396911621,0,0
10000.0,66407.28,0.29776161909103394,0,0
10000.0,66431.55,0.24831855297088623,0,0
10000.0,66178.85,0.29776161909103394,0,1
10000.0,66053.2,0.273538202047348,0,1
10000.0,66240.0,0.2525896430015564,0,0
10000.0,66285.01,0.24486011266708374,0,0
10000.0,66341.9,0.2663070857524872,0,0
10000.0,66382.0,0.23075376451015472,0,0
10000.0,66561.48,0.25499552488327026,0,0
10000.0,66409.33,0.2510204315185547,0,1
10000.0,66311.32,0.23766528069972992,0,1
10000.0,66221.38,0.2501196265220642,0,1
10000.0,66319.47,0.21705351769924164,0,1
10000.0,66455.09,0.24915699660778046,0,1
10000.0,66835.1,0.27739280462265015,0,0
10000.0,66742.1,0.26501554250717163,0,0
10000.0,67014.91,0.2777414619922638,0,0
10000.0,66926.95,0.23549138009548187,0,0
10000.0,66846.21,0.2561686635017395,0,0
10000.0,66908.03,0.2099114954471588,0,0
10000.0,66916.52,0.2099114954471588,0,0
10000.0,66906.0,0.20420297980308533,0,0
10000.0,66685.53,0.2592102587223053,0,0
10000.0,66755.88,0.22501340508460999,0,0
10000.0,66377.03,0.2701902985572815,0,1
10000.0,66487.93,0.23549138009548187,0,0
10000.0,66569.22,0.24597813189029694,0,0
10000.0,66818.0,0.2692950665950775,0,0
10000.0,66912.0,0.2805919945240021,0,0
10000.0,66735.14,0.2271193116903305,0,0
10000.0,66771.94,0.23714803159236908,0,0
10000.0,66738.5,0.2393324226140976,0,0
10000.0,66671.0,0.22742925584316254,0,0
10000.0,66724.0,0.2130058854818344,0,0
10000.0,66634.01,0.20943433046340942,0,0
10000.0,66502.79,0.22188809514045715,0,0
10000.0,66816.28,0.24038027226924896,0,0
10000.0,66849.88,0.2171919047832489,0,0
10000.0,66580.36,0.2363797277212143,0,0
10000.0,66589.64,0.22570618987083435,0,0
10000.0,66523.0,0.24823683500289917,0,0
10000.0,66499.35,0.20943433046340942,0,0
10000.0,66385.84,0.2558152377605438,0,0
10000.0,66427.26,0.2085554301738739,0,0
10000.0,66348.62,0.21194002032279968,0,0
10000.0,66614.05,0.2402004897594452,0,1
10000.0,66710.12,0.20898984372615814,0,1
10000.0,65860.31,0.31942328810691833,0,1
10000.0,66010.93,0.290007084608078,0,1
10000.0,66280.25,0.3002220690250397,0,1
10000.0,66653.74,0.2864420413970947,0,1
10000.0,67121.01,0.2957630753517151,0,1
10000.0,67173.8,0.26835721731185913,0,0
10000.0,67616.29,0.2899152636528015,0,0
10000.0,67492.46,0.2680433392524719,0,0
10000.0,67305.14,0.2689601182937622,0,1
10000.0,67624.39,0.28228560090065,0,0
10000.0,67666.44,0.2747952342033386,0,0
10000.0,67495.46,0.2508619427680969,0,0
10000.0,67488.53,0.22399663925170898,0,0
10000.0,67680.45,0.27502188086509705,0,0
10000.0,67899.59,0.26612767577171326,0,0
10000.0,67529.52,0.2857421636581421,0,0
10000.0,67799.54,0.2837478816509247,0,0
10000.0,67629.4,0.28330811858177185,0,0
10000.0,67368.1,0.28160005807876587,0,0
10000.0,66828.02,0.28446513414382935,0,0
10000.0,66653.46,0.27586519718170166,0,1
10000.0,66550.05,0.27586519718170166,0,1
10000.0,66651.4,0.22907692193984985,0,1
10000.0,66809.3,0.27586519718170166,0,1
10000.0,66784.98,0.2542782127857208,0,1
10000.0,66797.37,0.2777026891708374,0,1
10000.0,67208.75,0.2883201241493225,0,0
10000.0,67938.54,0.3060147166252136,0,0
10000.0,67943.43,0.27155011892318726,0,0
10000.0,67704.74,0.26587873697280884,0,0
10000.0,67544.01,0.28681373596191406,0,0
10000.0,67681.68,0.27474936842918396,0,0
10000.0,67492.85,0.2658519148826599,0,0
10000.0,67367.69,0.28274184465408325,0,0
10000.0,66778.33,0.30949947237968445,0,0
10000.0,66124.99,0.33018243312835693,0,1
10000.0,66363.38,0.29362669587135315,0,1
10000.0,66685.69,0.32074251770973206,0,1
10000.0,66653.26,0.30182600021362305,0,1
10000.0,67302.29,0.2947942614555359,0,1
10000.0,66587.45,0.3343924582004547,0,1
10000.0,66736.8,0.31250670552253723,0,1
10000.0,67665.83,0.3161637485027313,0,1
10000.0,67526.75,0.3172934353351593,0,1
10000.0,67854.05,0.30196624994277954,0,1
10000.0,67838.8,0.29057514667510986,0,0
10000.0,68265.53,0.29881739616394043,0,0
10000.0,68277.99,0.28524765372276306,0,0
10000.0,68172.87,0.28194624185562134,0,0
10000.0,68284.48,0.2743656635284424,0,0
10000.0,68330.75,0.28699666261672974,0,1
10000.0,67782.73,0.30024489760398865,0,1
10000.0,67668.89,0.285378634929657,0,1
10000.0,68170.67,0.2913540303707123,0,1
10000.0,68303.83,0.28356117010116577,0,0
10000.0,68456.02,0.28462156653404236,0,0
10000.0,69102.85,0.2932802736759186,0,0
10000.0,68692.0,0.302101731300354,0,0
10000.0,68670.16,0.2807573974132538,0,0
10000.0,68644.0,0.27158123254776,0,0
10000.0,68585.55,0.27497193217277527,0,0
10000.0,68712.52,0.26175689697265625,0,0
10000.0,68393.6,0.2879014313220978,0,0
10000.0,68116.07,0.2922408878803253,0,0
10000.0,68593.55,0.2860966622829437,0,0
10000.0,68918.52,0.2881200909614563,0,0
10000.0,68816.34,0.2705216109752655,0,0
10000.0,68266.62,0.3122584819793701,0,0
10000.0,68084.76,0.28787094354629517,0,1
10000.0,68176.84,0.2625170052051544,0,0
10000.0,68191.09,0.2596070170402527,0,0
10000.0,68362.53,0.2628760039806366,0,0
10000.0,68122.99,0.25911882519721985,0,0
10000.0,68113.92,0.2662734091281891,0,0
10000.0,68600.29,0.27890756726264954,0,0
10000.0,67359.27,0.32594090700149536,0,0
10000.0,66852.99,0.3148934841156006,0,0
10000.0,66576.25,0.3126961886882782,0,0
10000.0,66330.27,0.3108724057674408,0,0
10000.0,66591.54,0.28839659690856934,0,0
10000.0,66681.49,0.271577924489975,0,0
10000.0,66930.79,0.29936835169792175,0,0
10000.0,66439.12,0.31172430515289307,0,1
10000.0,66469.6,0.24876929819583893,0,1
10000.0,66457.28,0.26884588599205017,0,1
10000.0,66220.28,0.28148749470710754,0,1
10000.0,66052.71,0.29855215549468994,0,1
10000.0,66270.87,0.32839375734329224,0,1
10000.0,66868.18,0.33234819769859314,0,0
10000.0,66852.91,0.3058164119720459,0,0
10000.0,67095.85,0.3257414698600769,0,0
10000.0,66679.16,0.345867395401001,0,0
10000.0,66981.99,0.3281711935997009,0,0
10000.0,66975.99,0.24614113569259644,0,0
10000.0,66939.25,0.28134116530418396,0,0
10000.0,66935.93,0.25748658180236816,0,0
10000.0,66982.48,0.23263074457645416,0,0
10000.0,66901.99,0.24335208535194397,0,0
10000.0,66785.86,0.26448073983192444,0,0
10000.0,66630.0,0.29082104563713074,0,1
10000.0,66533.81,0.2821224629878998,0,1
10000.0,66579.97,0.24640853703022003,0,0
10000.0,66602.66,0.25381577014923096,0,0
10000.0,66600.35,0.2836509644985199,0,1
10000.0,66796.79,0.23549138009548187,0,0
10000.0,67042.08,0.271678626537323,0,0
10000.0,66965.39,0.2720041871070862,0,0
10000.0,66859.58,0.23578494787216187,0,0
10000.0,66883.08,0.22696582973003387,0,0
10000.0,67017.44,0.21755975484848022,0,0
10000.0,66722.16,0.24453428387641907,0,0
10000.0,66672.0,0.20943433046340942,0,0
10000.0,66929.81,0.2212352752685547,0,0
10000.0,66827.15,0.20943433046340942,0,0
10000.0,67010.46,0.2129381000995636,0,0
10000.0,66855.01,0.21419574320316315,0,0
10000.0,66812.03,0.19345061480998993,0,0
10000.0,66885.74,0.2014777809381485,0,0
10000.0,66831.98,0.18185780942440033,0,0
10000.0,66964.21,0.2014777809381485,0,0
10000.0,66888.76,0.19839200377464294,0,0
10000.0,66964.3,0.20513230562210083,0,0
10000.0,66893.39,0.18185780942440033,0,0
10000.0,66852.0,0.18763676285743713,0,0
10000.0,66844.83,0.1880958378314972,0,0
10000.0,66832.18,0.17979200184345245,0,0
10000.0,66860.73,0.18213503062725067,0,0
10000.0,66916.29,0.1855202168226242,0,0
10000.0,67013.24,0.20286768674850464,0,0
10000.0,67014.96,0.19560715556144714,0,0
10000.0,66940.0,0.20678071677684784,0,0
10000.0,66988.05,0.18917804956436157,0,1
10000.0,67167.0,0.20107795298099518,0,0
10000.0,67156.93,0.20310433208942413,0,0
10000.0,67097.87,0.20306408405303955,0,0
10000.0,67193.44,0.20276960730552673,0,0
10000.0,67215.24,0.20276960730552673,0,0
10000.0,67383.66,0.24038027226924896,0,0
10000.0,67366.68,0.2139400690793991,0,0
10000.0,67329.4,0.21140483021736145,0,0
10000.0,67295.47,0.20364220440387726,0,0
10000.0,67288.42,0.2395445853471756,0,0
10000.0,67268.4,0.21734780073165894,0,0
10000.0,67359.2,0.2333696335554123,0,0
10000.0,67399.92,0.21399283409118652,0,0
10000.0,67300.42,0.21399283409118652,0,0
10000.0,67225.0,0.20678071677684784,0,0
10000.0,67085.0,0.21412040293216705,0,0
10000.0,67170.16,0.21812206506729126,0,0
10000.0,67145.98,0.2054639458656311,0,0
10000.0,67101.65,0.20425459742546082,0,0
10000.0,66931.65,0.22975613176822662,0,0
10000.0,66802.24,0.22541886568069458,0,0
10000.0,66820.64,0.22742925584316254,0,0
10000.0,66933.18,0.20498192310333252,0,0
10000.0,67035.15,0.21556545794010162,0,0
10000.0,67046.01,0.23416559398174286,0,0
10000.0,66999.0,0.20774848759174347,0,1
10000.0,66783.58,0.2502950131893158,0,1
10000.0,66890.7,0.23365361988544464,0,1
10000.0,66918.03,0.22289133071899414,0,1
10000.0,67306.64,0.2796129286289215,0,0
10000.0,67212.62,0.2407517284154892,0,1
10000.0,67373.64,0.24181106686592102,0,1
10000.0,67413.78,0.23104657232761383,0,1
10000.0,67361.01,0.2465502768754959,0,1
10000.0,67658.35,0.2522256076335907,0,1
10000.0,67553.43,0.25190049409866333,0,1
10000.0,68338.43,0.30324220657348633,0,1
10000.0,69034.18,0.29160115122795105,0,0
10000.0,69083.78,0.29068470001220703,0,0
10000.0,68810.18,0.2692720293998718,0,0
10000.0,69207.99,0.30474239587783813,0,0
10000.0,69123.69,0.26111286878585815,0,1
10000.0,69141.8,0.26819154620170593,0,1
10000.0,69199.31,0.26873838901519775,0,1
10000.0,68976.67,0.29105880856513977,0,1
10000.0,69115.91,0.27704405784606934,0,0
10000.0,69224.63,0.26389482617378235,0,1
10000.0,69728.0,0.30930209159851074,0,0
10000.0,69770.88,0.2922893762588501,0,0
10000.0,69614.91,0.2832057774066925,0,0
10000.0,69366.75,0.2730407118797302,0,1
10000.0,69428.23,0.2673375904560089,0,0
10000.0,69654.38,0.2918001413345337,0,0
10000.0,69968.87,0.2868049144744873,0,0
10000.0,69799.14,0.28523173928260803,0,0
10000.0,69574.61,0.28330811858177185,0,0
10000.0,69888.97,0.27586519718170166,0,0
10000.0,69739.53,0.2542782127857208,0,0
10000.0,69826.01,0.24889476597309113,0,0
10000.0,69504.99,0.26708441972732544,0,0
10000.0,68811.0,0.28012460470199585,0,0
10000.0,68853.66,0.28274184465408325,0,0
10000.0,68775.7,0.2836509644985199,0,0
10000.0,68400.01,0.2821224629878998,0,0
10000.0,68674.0,0.2841969132423401,0,0
10000.0,68779.21,0.24235230684280396,0,1
10000.0,68854.65,0.27878686785697937,0,0
10000.0,68669.0,0.259859174489975,0,0
10000.0,68568.35,0.2455752193927765,0,0
10000.0,68624.61,0.22501340508460999,0,0
10000.0,68936.71,0.25496619939804077,0,0
10000.0,69150.05,0.25679901242256165,0,0
10000.0,68237.93,0.32558566331863403,0,0
10000.0,68345.75,0.29787304997444153,0,1
10000.0,68392.18,0.320039838552475,0,0
10000.0,68231.99,0.3179548680782318,0,1
10000.0,67860.48,0.3226679265499115,0,1
10000.0,68168.1,0.3179548680782318,0,1
10000.0,68229.99,0.28355735540390015,0,1
10000.0,68705.81,0.3091132938861847,0,1
10000.0,68442.53,0.2999710142612457,0,1
10000.0,69011.29,0.3076202869415283,0,1
10000.0,69319.39,0.2965024709701538,0,1
10000.0,69927.64,0.3025270402431488,0,1
10000.0,71514.09,0.3315439522266388,0,0
10000.0,71924.22,0.31291911005973816,0,0
10000.0,71710.19,0.324367493391037,0,0
10000.0,71476.97,0.28501635789871216,0,0
10000.0,71364.94,0.30427086353302,0,1
10000.0,71287.39,0.25952109694480896,0,1
10000.0,71566.18,0.28194624185562134,0,0
10000.0,71731.1,0.28094133734703064,0,0
10000.0,71732.69,0.28744855523109436,0,0
10000.0,71627.59,0.3084714412689209,0,0
10000.0,71800.0,0.24977150559425354,0,0
10000.0,71678.87,0.2698782682418823,0,0
10000.0,71476.98,0.26501670479774475,0,0
10000.0,71675.12,0.26821500062942505,0,0
10000.0,72071.95,0.30040833353996277,0,0
10000.0,71600.01,0.325107216835022,0,0
10000.0,70912.88,0.317295104265213,0,1
10000.0,71310.0,0.3105330765247345,0,0
10000.0,71602.1,0.30416953563690186,0,0
10000.0,71888.19,0.3034375011920929,0,0
10000.0,71099.63,0.28966569900512695,0,0
10000.0,71318.48,0.2669556736946106,0,0
10000.0,71372.93,0.23994404077529907,0,0
10000.0,71551.39,0.2757393419742584,0,0
10000.0,71064.84,0.2786601483821869,0,0
10000.0,71069.93,0.2684400975704193,0,0
10000.0,70815.5,0.2987688481807709,0,0
10000.0,70928.89,0.2951408326625824,0,0
10000.0,71060.64,0.2735346257686615,0,0
10000.0,70992.39,0.2713732123374939,0,1
10000.0,70782.0,0.2596070170402527,0,1
10000.0,70984.0,0.28750693798065186,0,0
10000.0,71031.84,0.2684400975704193,0,0
10000.0,70982.01,0.24947787821292877,0,0
10000.0,71249.51,0.29054245352745056,0,0
10000.0,71534.68,0.28184887766838074,0,1
10000.0,71276.45,0.25230541825294495,0,1
10000.0,71150.17,0.27257513999938965,0,1
10000.0,71279.63,0.2529004216194153,0,1
10000.0,70801.98,0.29983165860176086,0,1
10000.0,71123.71,0.2956724762916565,0,1
10000.0,72141.99,0.3053334653377533,0,0
10000.0,72080.87,0.2857421636581421,0,0
10000.0,72347.49,0.2912936508655548,0,0
10000.0,71888.69,0.2836422026157379,0,0
10000.0,72096.32,0.27736425399780273,0,0
10000.0,72413.97,0.27890756726264954,0,0
10000.0,72264.95,0.27857691049575806,0,0
10000.0,71946.01,0.30220499634742737,0,0
10000.0,71787.97,0.28787094354629517,0,0
10000.0,71963.03,0.29428982734680176,0,0
10000.0,72157.93,0.2860966622829437,0,0
10000.0,71965.36,0.2684001624584198,0,0
10000.0,71868.67,0.24984310567378998,0,0
10000.0,72117.29,0.2673968970775604,0,0
10000.0,72127.84,0.24984310567378998,0,0
10000.0,71805.38,0.27008548378944397,0,1
10000.0,71481.85,0.27857691049575806,0,1
10000.0,71606.07,0.2666000723838806,0,1
10000.0,71787.41,0.2568148076534271,0,1
10000.0,71910.09,0.2433798909187317,0,1
10000.0,72127.59,0.2622936964035034,0,1
10000.0,72258.68,0.2836509644985199,0,1
10000.0,72321.4,0.27737292647361755,0,1
10000.0,72909.0,0.29437682032585144,0,1
10000.0,72460.51,0.286086767911911,0,1
10000.0,72992.33,0.2879827618598938,0,0
10000.0,73121.66,0.259335994720459,0,0
10000.0,73107.07,0.2612910866737366,0,0
10000.0,73236.11,0.26078587770462036,0,0
10000.0,73361.68,0.2674560248851776,0,0
10000.0,73190.67,0.28244394063949585,0,0
10000.0,72877.0,0.28244394063949585,0,0
10000.0,72962.7,0.2622270882129669,0,0
10000.0,72828.42,0.2622270882129669,0,0
10000.0,72954.39,0.2611413300037384,0,0
10000.0,72966.57,0.23907797038555145,0,0
10000.0,72866.63,0.2400684952735901,0,0
10000.0,72806.08,0.25141674280166626,0,0
10000.0,72722.28,0.21146219968795776,0,0
10000.0,72762.0,0.22723576426506042,0,0
10000.0,72745.38,0.2211884707212448,0,0
10000.0,72664.17,0.2211884707212448,0,0
10000.0,72907.11,0.2564222514629364,0,0
10000.0,72843.71,0.21843363344669342,0,0
10000.0,72907.05,0.1994740217924118,0,0
10000.0,72940.49,0.19712667167186737,0,1
10000.0,72658.07,0.2533586323261261,0,1
10000.0,72704.67,0.20609916746616364,0,1
10000.0,72858.17,0.21847371757030487,0,1
10000.0,73034.33,0.22380883991718292,0,0
10000.0,73095.97,0.22385743260383606,0,0
10000.0,73547.89,0.2718771994113922,0,0
10000.0,73687.15,0.27615422010421753,0,0
10000.0,73290.43,0.2820938229560852,0,0
10000.0,73427.04,0.2701851427555084,0,0
10000.0,73376.01,0.2669312357902527,0,0
10000.0,73043.16,0.2720041871070862,0,0
10000.0,73079.96,0.23714803159236908,0,0
10000.0,71643.69,0.327124685049057,0,0
10000.0,71761.35,0.3241997957229614,0,0
10000.0,71593.19,0.28622114658355713,0,0
10000.0,71466.53,0.2601023018360138,0,0
10000.0,71710.2,0.2599625587463379,0,0
10000.0,71668.01,0.20996634662151337,0,0
10000.0,71665.0,0.21687911450862885,0,0
10000.0,71629.21,0.25585058331489563,0,0
10000.0,71531.94,0.21687911450862885,0,0
10000.0,71452.89,0.25197479128837585,0,0
10000.0,71468.55,0.21103216707706451,0,0
10000.0,71084.01,0.2932365834712982,0,0
10000.0,70889.42,0.2682773470878601,0,0
10000.0,70748.34,0.2737208604812622,0,1
10000.0,70892.03,0.2618962228298187,0,1
10000.0,70936.27,0.21103216707706451,0,0
10000.0,71140.51,0.26001450419425964,0,0
10000.0,71137.64,0.21103216707706451,0,0
10000.0,71084.18,0.2124398648738861,0,0
10000.0,71335.43,0.290462464094162,0,0
10000.0,71364.02,0.24353410303592682,0,0
10000.0,70912.73,0.3133902847766876,0,0
10000.0,70740.98,0.2556246817111969,0,0
10000.0,71172.62,0.3049525022506714,0,0
10000.0,71197.64,0.27165162563323975,0,0
10000.0,71073.14,0.26312255859375,0,0
10000.0,70976.0,0.2510204315185547,0,0
10000.0,70890.3,0.27598175406455994,0,0
10000.0,70878.82,0.2575315237045288,0,0
10000.0,71017.66,0.25485795736312866,0,0
10000.0,70813.88,0.24698422849178314,0,1
10000.0,70680.7,0.25095415115356445,0,1
10000.0,70792.88,0.23950502276420593,0,1
10000.0,70755.88,0.20966508984565735,0,1
10000.0,70929.68,0.2437654286623001,0,1
10000.0,71074.91,0.2705763280391693,0,1
10000.0,71662.65,0.29071730375289917,0,1
10000.0,72400.15,0.32109156250953674,0,1
10000.0,71866.59,0.2947193682193756,0,1
10000.0,72202.36,0.29474085569381714,0,1
10000.0,72148.87,0.28918910026550293,0,1
10000.0,72424.86,0.289562463760376,0,1
10000.0,73322.82,0.3117925524711609,0,1
10000.0,73149.36,0.2765454649925232,0,1
10000.0,73179.71,0.2563536763191223,0,1
10000.0,74627.04,0.31700506806373596,0,0
10000.0,74417.99,0.3220610022544861,0,0
10000.0,74163.82,0.32303041219711304,0,0
10000.0,74386.02,0.3246632516384125,0,0
10000.0,74330.98,0.29517701268196106,0,1
10000.0,74444.43,0.31107595562934875,0,0
10000.0,74387.85,0.22697260975837708,0,0
10000.0,74210.11,0.2882051169872284,0,0
10000.0,74522.73,0.2894571125507355,0,0
10000.0,74546.0,0.33487334847450256,0,1
10000.0,74750.0,0.3315708637237549,0,0
10000.0,74500.0,0.26820677518844604,0,1
10000.0,74350.01,0.2595154941082001,0,0
10000.0,74376.52,0.22178824245929718,0,1
10000.0,74452.0,0.22982461750507355,0,0
10000.0,75525.94,0.35634756088256836,0,0
10000.0,75013.62,0.3219354450702667,0,0
10000.0,75317.07,0.2920764982700348,0,0
10000.0,74652.2,0.33504337072372437,0,0
10000.0,74748.9,0.3142324984073639,0,0
10000.0,74093.19,0.3029465079307556,0,1
10000.0,74223.18,0.2893081307411194,0,1
10000.0,74102.29,0.2806845009326935,0,0
10000.0,74277.15,0.26773327589035034,0,0
10000.0,74023.15,0.3011956810951233,0,0
10000.0,74131.55,0.2662554085254669,0,0
10000.0,74568.36,0.28448426723480225,0,0
10000.0,74613.28,0.2625831365585327,0,0
10000.0,74322.0,0.2771395444869995,0,0
10000.0,74345.97,0.24078647792339325,0,0
10000.0,74340.38,0.2490839958190918,0,0
10000.0,74021.5,0.2832679748535156,0,0
10000.0,73891.62,0.24299372732639313,0,1
10000.0,73730.43,0.3062761425971985,0,0
10000.0,74110.51,0.2899782061576843,0,0
10000.0,74011.69,0.23263074457645416,0,0
10000.0,73864.75,0.27878686785697937,0,0
10000.0,74201.78,0.2635737657546997,0,0
10000.0,74273.77,0.26959067583084106,0,0
10000.0,74063.92,0.30236589908599854,0,1
10000.0,74151.81,0.30077269673347473,0,1
10000.0,73844.08,0.318522185087204,0,1
10000.0,73941.09,0.27715152502059937,0,1
10000.0,74134.95,0.26714906096458435,0,1
10000.0,74390.29,0.2622936964035034,0,1
10000.0,75002.6,0.286086767911911,0,0
10000.0,74841.68,0.2777026891708374,0,0
10000.0,74743.1,0.2612910866737366,0,0
10000.0,74964.0,0.27735409140586853,0,0
10000.0,74809.99,0.259335994720459,0,0
10000.0,74815.1,0.2836509644985199,0,0
10000.0,74657.66,0.2542782127857208,0,0
10000.0,74887.24,0.27737292647361755,0,0
10000.0,74888.21,0.2666929066181183,0,0
10000.0,74944.15,0.2777026891708374,0,0
10000.0,75043.48,0.2406778484582901,0,0
10000.0,75045.01,0.24766290187835693,0,0
10000.0,74707.03,0.2836509644985199,0,0
10000.0,74677.91,0.2488275021314621,0,0
10000.0,74594.02,0.2529004216194153,0,0
10000.0,74313.0,0.2579216957092285,0,0
10000.0,74574.79,0.2635791003704071,0,0
10000.0,74624.0,0.26056334376335144,0,1
10000.0,73788.03,0.29765987396240234,0,1
10000.0,73973.33,0.2904600501060486,0,1
10000.0,74697.19,0.286086767911911,0,0
10000.0,74175.57,0.2962290346622467,0,1
10000.0,74343.25,0.28787094354629517,0,1
10000.0,75026.71,0.2924922704696655,0,0
10000.0,75342.99,0.28420814871788025,0,0
10000.0,75223.47,0.28178203105926514,0,0
10000.0,74934.24,0.27927330136299133,0,0
10000.0,74867.92,0.26300933957099915,0,0
10000.0,75154.29,0.26429179310798645,0,0
10000.0,74944.98,0.2634170949459076,0,0
10000.0,74750.0,0.28031763434410095,0,0
10000.0,74700.0,0.25977423787117004,0,1
10000.0,74615.82,0.265636682510376,0,1
10000.0,74791.39,0.25859954953193665,0,1
10000.0,74637.77,0.24299372732639313,0,1
10000.0,74938.52,0.2671360671520233,0,1
10000.0,75074.77,0.23948320746421814,0,1
10000.0,75780.38,0.2871730327606201,0,1
10000.0,75779.99,0.2921430468559265,0,1
10000.0,75278.77,0.29188185930252075,0,1
10000.0,75589.7,0.2727263569831848,0,1
10000.0,76233.05,0.2956939935684204,0,1
10000.0,77340.12,0.3336969316005707,0,0
10000.0,77886.77,0.3245345652103424,0,0
10000.0,77785.02,0.30851492285728455,0,0
10000.0,77857.14,0.3094269633293152,0,0
10000.0,77520.59,0.30273982882499695,0,0
10000.0,77159.89,0.28995510935783386,0,0
10000.0,77393.58,0.28661027550697327,0,0
10000.0,77337.64,0.2771129310131073,0,0
10000.0,77445.73,0.24847784638404846,0,0
10000.0,77301.25,0.23492462933063507,0,0
10000.0,77072.0,0.2680288851261139,0,0
10000.0,77168.0,0.23492462933063507,0,0
10000.0,77218.07,0.23492462933063507,0,0
10000.0,77292.52,0.2524482011795044,0,0
10000.0,77005.47,0.25747281312942505,0,0
10000.0,77100.74,0.24093741178512573,0,0
10000.0,77134.66,0.2252388447523117,0,0
10000.0,77136.01,0.21400420367717743,0,0
10000.0,76997.8,0.23376576602458954,0,0
10000.0,76738.63,0.2758828401565552,0,0
10000.0,76599.89,0.2529004216194153,0,0
10000.0,76189.56,0.26536184549331665,0,0
10000.0,76039.05,0.26249927282333374,0,0
10000.0,76206.97,0.23714803159236908,0,0
10000.0,76122.87,0.2644427716732025,0,0
10000.0,76249.99,0.25190049409866333,0,0
10000.0,76167.34,0.25114905834198,0,0
10000.0,75943.35,0.28677818179130554,0,0
10000.0,75828.51,0.2270294725894928,0,0
10000.0,75651.78,0.26152271032333374,0,0
10000.0,75649.85,0.22501340508460999,0,0
10000.0,75754.78,0.23714803159236908,0,0
10000.0,75821.34,0.23075376451015472,0,0
10000.0,75813.53,0.22501340508460999,0,0
10000.0,75691.76,0.22501340508460999,0,0
10000.0,75693.01,0.24645820260047913,0,0
10000.0,75621.95,0.252381294965744,0,0
10000.0,75496.0,0.2501746118068695,0,0
10000.0,75515.77,0.24030353128910065,0,0
10000.0,75664.62,0.25114905834198,0,0
10000.0,75545.6,0.21846885979175568,0,0
10000.0,75400.09,0.23714803159236908,0,0
10000.0,75252.34,0.2903457283973694,0,1
10000.0,75257.6,0.23714803159236908,0,1
10000.0,75015.0,0.25287941098213196,0,1
10000.0,75222.45,0.25190049409866333,0,0
10000.0,75604.11,0.2708647847175598,0,0
10000.0,75571.6,0.2520553469657898,0,0
10000.0,75921.75,0.27040135860443115,0,0
10000.0,76024.01,0.26536184549331665,0,0
10000.0,75846.63,0.27662310004234314,0,0
10000.0,75382.86,0.2911655902862549,0,0
10000.0,74791.26,0.3180672526359558,0,0
10000.0,74770.11,0.2771756052970886,0,0
10000.0,74965.47,0.26312255859375,0,0
10000.0,74630.0,0.2897487282752991,0,0
10000.0,74425.15,0.28786328434944153,0,0
10000.0,74047.34,0.3134821653366089,0,1
10000.0,73801.79,0.23766528069972992,0,1
10000.0,74280.01,0.31187009811401367,0,1
10000.0,74595.13,0.3092897832393646,0,0
10000.0,74410.01,0.2642335891723633,0,0
10000.0,74634.0,0.2520381212234497,0,1
10000.0,74567.64,0.23766528069972992,0,1
10000.0,74264.15,0.2897487282752991,0,1
10000.0,74786.59,0.27814531326293945,0,1
10000.0,74837.17,0.2899877429008484,0,1
10000.0,74728.91,0.26512423157691956,0,0
10000.0,75062.77,0.2821224629878998,0,1
10000.0,75027.26,0.2635737657546997,0,0
10000.0,75192.71,0.27041828632354736,0,1
10000.0,75289.9,0.2922401428222656,0,1
10000.0,75269.38,0.30418938398361206,0,1
10000.0,75034.79,0.3122382164001465,0,1
10000.0,75716.77,0.3074663281440735,0,0
10000.0,75338.74,0.28919410705566406,0,1
10000.0,75898.14,0.2966703176498413,0,0
10000.0,76423.69,0.300371915102005,0,0
10000.0,76296.96,0.28817254304885864,0,0
10000.0,76276.17,0.300371915102005,0,0
10000.0,75954.71,0.27922067046165466,0,0
10000.0,75974.24,0.23003852367401123,0,0
10000.0,75840.97,0.2542782127857208,0,0
10000.0,76092.45,0.26075389981269836,0,0
10000.0,75927.59,0.26075389981269836,0,0
10000.0,75581.33,0.259335994720459,0,1
10000.0,75710.3,0.23003852367401123,0,1
10000.0,75813.81,0.22501340508460999,0,1
10000.0,75802.0,0.23265722393989563,0,1
10000.0,75974.11,0.2672872841358185,0,0
10000.0,76084.34,0.28563252091407776,0,0
10000.0,76507.21,0.2887715995311737,0,0
10000.0,76362.77,0.28178948163986206,0,0
10000.0,76746.41,0.2821224629878998,0,0
10000.0,76452.94,0.2706405520439148,0,0
10000.0,76009.46,0.286086767911911,0,0
10000.0,75899.98,0.27737292647361755,0,0
10000.0,75675.05,0.284091055393219,0,0
10000.0,75834.65,0.2861059904098511,0,0
10000.0,75781.18,0.27586519718170166,0,0
10000.0,75545.62,0.2904600501060486,0,1
10000.0,75610.21,0.2621459364891052,0,1
10000.0,75023.43,0.3327150344848633,0,1
10000.0,75698.51,0.2966093122959137,0,1
10000.0,75549.99,0.2593759596347809,0,1
10000.0,75650.04,0.267475962638855,0,1
10000.0,76336.15,0.2860966622829437,0,1
10000.0,76370.45,0.274518221616745,0,1
10000.0,76297.99,0.27605175971984863,0,1
10000.0,77604.71,0.30309656262397766,0,1
10000.0,77521.48,0.28471639752388,0,1
10000.0,77523.0,0.27637404203414917,0,1
10000.0,77994.93,0.3141336739063263,0,0
10000.0,78010.72,0.26250672340393066,0,0
10000.0,78012.79,0.28403863310813904,0,1
10000.0,78010.92,0.274067759513855,0,1
10000.0,78001.95,0.2596823275089264,0,1
10000.0,78157.41,0.2587410509586334,0,1
10000.0,78300.0,0.2649833858013153,0,1
10000.0,78236.05,0.28950268030166626,0,1
10000.0,78840.94,0.31273213028907776,0,0
10000.0,79045.75,0.32144659757614136,0,0
10000.0,79272.9,0.31122952699661255,0,0
10000.0,78743.59,0.28328901529312134,0,0
10000.0,78900.0,0.269034743309021,0,0
10000.0,79022.39,0.25343993306159973,0,0
10000.0,78846.62,0.26509982347488403,0,0
10000.0,78436.68,0.2722068727016449,0,0
10000.0,78762.69,0.2599329948425293,0,0
10000.0,78607.95,0.2542782127857208,0,0
10000.0,78178.23,0.28178948163986206,0,0
10000.0,78424.29,0.286086767911911,0,0
10000.0,78359.23,0.2604369819164276,0,0
10000.0,77939.92,0.27586519718170166,0,0
10000.0,77746.46,0.28178948163986206,0,0
10000.0,77920.09,0.23003852367401123,0,0
10000.0,78033.87,0.26078587770462036,0,0
10000.0,78211.43,0.2612910866737366,0,0
10000.0,78048.62,0.2271193116903305,0,0
10000.0,77858.35,0.2740696668624878,0,0
10000.0,77655.34,0.25640013813972473,0,1
10000.0,77403.63,0.2988475561141968,0,1
10000.0,77704.62,0.25388193130493164,0,0
10000.0,77870.53,0.2634490728378296,0,0
10000.0,77532.23,0.2996632754802704,0,0
10000.0,78180.77,0.29983165860176086,0,0
10000.0,78376.76,0.2988475561141968,0,0
10000.0,78103.72,0.29289355874061584,0,0
10000.0,77769.21,0.31644248962402344,0,1
10000.0,77678.65,0.3069519102573395,0,1
10000.0,77727.26,0.27511507272720337,0,1
10000.0,77886.97,0.26591670513153076,0,0
10000.0,77864.83,0.23478634655475616,0,0
10000.0,78235.3,0.2756194770336151,0,0
10000.0,78257.48,0.2365444451570511,0,0
10000.0,78417.22,0.2612910866737366,0,0
10000.0,78429.73,0.27586519718170166,0,0
10000.0,78125.65,0.27586519718170166,0,0
10000.0,77737.85,0.2836509644985199,0,0
10000.0,77670.0,0.26682716608047485,0,0
10000.0,77953.48,0.2821224629878998,0,0
10000.0,77789.75,0.23263074457645416,0,1
10000.0,77644.6,0.25661611557006836,0,1
10000.0,77785.71,0.271678626537323,0,0
10000.0,77527.69,0.2567153573036194,0,1
10000.0,77752.36,0.25388193130493164,0,0
10000.0,78240.26,0.29073667526245117,0,0
10000.0,78275.66,0.25986990332603455,0,0
10000.0,78093.79,0.28650206327438354,0,0
10000.0,78037.64,0.2710261940956116,0,0
10000.0,78038.62,0.28030434250831604,0,0
10000.0,77777.28,0.28398528695106506,0,0
10000.0,77681.71,0.2579216957092285,0,0
10000.0,77618.24,0.2561686635017395,0,0
10000.0,77628.85,0.22501340508460999,0,0
10000.0,77718.31,0.24915699660778046,0,0
10000.0,77536.48,0.23766528069972992,0,0
10000.0,77328.91,0.25388193130493164,0,0
10000.0,77437.13,0.20810091495513916,0,0
10000.0,77456.88,0.23451392352581024,0,0
10000.0,77541.63,0.21864238381385803,0,0
10000.0,77607.8,0.20810091495513916,0,0
10000.0,77679.07,0.2133995145559311,0,0
10000.0,77619.05,0.20445187389850616,0,0
10000.0,77510.28,0.2065684199333191,0,0
10000.0,77503.63,0.20445187389850616,0,0
10000.0,77501.19,0.20309412479400635,0,0
10000.0,77643.37,0.2080003172159195,0,0
10000.0,77714.55,0.20637083053588867,0,0
10000.0,77787.77,0.2220613658428192,0,0
10000.0,77682.3,0.2206496298313141,0,0
10000.0,77557.14,0.21947747468948364,0,0
10000.0,77691.69,0.21947747468948364,0,0
10000.0,77656.75,0.2249564677476883,0,0
10000.0,77330.26,0.24850048124790192,0,0
10000.0,77397.27,0.23727722465991974,0,0
10000.0,77245.77,0.23819422721862793,0,0
10000.0,77313.0,0.23112402856349945,0,0
10000.0,77330.01,0.23112402856349945,0,0
10000.0,77479.13,0.21836881339550018,0,0
10000.0,77525.84,0.22104699909687042,0,0
10000.0,77557.01,0.20379923284053802,0,0
10000.0,77625.0,0.2128930538892746,0,0
10000.0,77502.4,0.21720387041568756,0,1
10000.0,77461.16,0.22440089285373688,0,1
10000.0,77512.67,0.23083063960075378,0,1
10000.0,77400.21,0.2181297242641449,0,1
10000.0,77774.29,0.237610325217247,0,0
10000.0,77983.31,0.24772799015045166,0,0
10000.0,77999.04,0.22536802291870117,0,0
10000.0,78102.53,0.24326182901859283,0,0
10000.0,78032.59,0.2564932703971863,0,0
10000.0,77999.99,0.22742488980293274,0,0
10000.0,78002.43,0.21870477497577667,0,0
10000.0,78101.44,0.22588451206684113,0,0
10000.0,77833.08,0.26885536313056946,0,1
10000.0,77977.79,0.2564932703971863,0,0
10000.0,78095.66,0.2643136978149414,0,0
10000.0,78049.0,0.2220275104045868,0,0
10000.0,77919.43,0.22779154777526855,0,1
10000.0,78018.57,0.2361658215522766,0,1
10000.0,78283.96,0.24657738208770752,0,1
10000.0,78221.16,0.2656826078891754,0,1
10000.0,78194.22,0.23549138009548187,0,1
10000.0,78417.41,0.2796129286289215,0,1
10000.0,78313.52,0.27375152707099915,0,1
10000.0,78657.55,0.26757046580314636,0,0
10000.0,79308.6,0.2967410087585449,0,0
10000.0,79283.66,0.28987765312194824,0,0
10000.0,79130.01,0.24210304021835327,0,0
10000.0,79105.49,0.24111464619636536,0,0
10000.0,78924.22,0.24279825389385223,0,0
10000.0,77785.54,0.3022933900356293,0,0
10000.0,77700.12,0.2702171206474304,0,0
10000.0,77606.6,0.23083752393722534,0,0
10000.0,77804.34,0.24291278421878815,0,0
10000.0,77900.01,0.2515256404876709,0,0
10000.0,77850.01,0.2221202552318573,0,0
10000.0,77844.26,0.2161710113286972,0,0
10000.0,77667.36,0.24028106033802032,0,0
10000.0,77746.74,0.26624953746795654,0,0
10000.0,77815.25,0.2777203917503357,0,0
10000.0,76793.09,0.327124685049057,0,0
10000.0,76618.59,0.27906307578086853,0,1
10000.0,76743.24,0.27768734097480774,0,1
10000.0,76834.06,0.2375817894935608,0,1
10000.0,76878.07,0.29921841621398926,0,0
10000.0,76960.43,0.22847117483615875,0,0
10000.0,76786.81,0.22751417756080627,0,0
10000.0,77066.42,0.2528647482395172,0,0
10000.0,77371.32,0.27233970165252686,0,0
10000.0,77379.62,0.25742819905281067,0,0
10000.0,77084.68,0.2561686635017395,0,0
10000.0,76890.93,0.29232147336006165,0,0
10000.0,76815.18,0.23549138009548187,0,0
10000.0,76888.08,0.23549138009548187,0,0
10000.0,76885.98,0.2556246817111969,0,0
10000.0,76720.0,0.2786638140678406,0,0
10000.0,76879.28,0.2880059480667114,0,0
10000.0,76858.59,0.2523999810218811,0,0
10000.0,76598.0,0.2561686635017395,0,0
10000.0,76618.35,0.22742925584316254,0,0
10000.0,76229.0,0.2963678240776062,0,0
10000.0,76372.05,0.2523999810218811,0,0
10000.0,76189.84,0.30293896794319153,0,0
10000.0,75949.99,0.30320805311203003,0,1
10000.0,76066.38,0.25816503167152405,0,0
10000.0,76125.04,0.25341957807540894,0,0
10000.0,76187.3,0.2501746118068695,0,0
10000.0,76242.18,0.21248982846736908,0,0
10000.0,76330.97,0.23811303079128265,0,0
10000.0,76463.95,0.21559427678585052,0,0
10000.0,76357.15,0.22501340508460999,0,1
10000.0,76242.17,0.2271193116903305,0,1
10000.0,76342.77,0.2099114954471588,0,1
10000.0,76512.0,0.2617459297180176,0,1
10000.0,76571.0,0.26905569434165955,0,1
10000.0,76531.29,0.24524083733558655,0,1
10000.0,76994.78,0.28071168065071106,0,1
10000.0,77269.76,0.28540048003196716,0,0
10000.0,77288.38,0.2282889187335968,0,0
10000.0,77031.06,0.2868896424770355,0,0
10000.0,77053.64,0.2512418329715729,0,0
10000.0,77046.32,0.24181275069713593,0,0
10000.0,77642.0,0.2931608557701111,0,0
10000.0,77619.61,0.2758251428604126,0,0
10000.0,77590.03,0.27565798163414,0,0
10000.0,77143.68,0.28970521688461304,0,0
10000.0,76783.43,0.2951321005821228,0,0
10000.0,76570.0,0.29073667526245117,0,0
10000.0,75924.25,0.2951321005821228,0,0
10000.0,75803.54,0.28972455859184265,0,0
10000.0,76184.01,0.2701950967311859,0,0
10000.0,75513.91,0.314128577709198,0,1
10000.0,75563.86,0.27662524580955505,0,1
10000.0,75676.79,0.27366992831230164,0,0
10000.0,75933.93,0.27510449290275574,0,0
10000.0,75927.38,0.2417963743209839,0,0
10000.0,75780.0,0.2533627152442932,0,0
10000.0,76248.74,0.2830737233161926,0,0
10000.0,76232.8,0.260358065366745,0,0
10000.0,75704.74,0.29957473278045654,0,0
10000.0,75928.1,0.26083680987358093,0,0
10000.0,75497.0,0.31627005338668823,0,1
10000.0,75600.09,0.3036452829837799,0,1
10000.0,75753.53,0.2722039222717285,0,1
10000.0,76161.67,0.29396137595176697,0,0
10000.0,76058.17,0.2529877722263336,0,0
10000.0,76097.19,0.27502816915512085,0,0
10000.0,76028.66,0.2527061700820923,0,0
10000.0,76059.43,0.27701959013938904,0,0
10000.0,76308.48,0.30365532636642456,0,0
10000.0,76420.44,0.29073667526245117,0,0
10000.0,76301.24,0.29073667526245117,0,0
10000.0,76473.6,0.2806040644645691,0,0
10000.0,76261.03,0.24227121472358704,0,0
10000.0,76250.01,0.2510204315185547,0,0
10000.0,76350.0,0.2400684952735901,0,0
10000.0,76412.8,0.2510204315185547,0,0
10000.0,76492.46,0.2510204315185547,0,0
10000.0,76241.78,0.25926798582077026,0,1
10000.0,76237.06,0.23517711460590363,0,1
10000.0,76346.57,0.2195863127708435,0,1
10000.0,76458.05,0.24768465757369995,0,1
10000.0,76686.13,0.23504017293453217,0,1
10000.0,76592.54,0.2072221040725708,0,1
10000.0,77131.08,0.27040135860443115,0,0
10000.0,77042.44,0.26536184549331665,0,0
10000.0,77165.98,0.2291417270898819,0,0
10000.0,76993.48,0.2501746118068695,0,1
10000.0,77130.54,0.2383398860692978,0,1
10000.0,77377.47,0.26536184549331665,0,1
10000.0,77268.55,0.23451392352581024,0,1
10000.0,77304.34,0.24645820260047913,0,1
10000.0,77463.98,0.2525688111782074,0,1
10000.0,77896.01,0.27215251326560974,0,1
10000.0,78737.25,0.30666109919548035,0,0
10000.0,78358.75,0.29721203446388245,0,0
10000.0,78445.89,0.28903788328170776,0,0
10000.0,78214.36,0.2810896635055542,0,0
10000.0,78552.94,0.27350279688835144,0,0
10000.0,78423.9,0.23549138009548187,0,0
10000.0,78360.0,0.24524083733558655,0,0
10000.0,77880.18,0.271678626537323,0,1
10000.0,78199.99,0.2501288056373596,0,0
10000.0,78153.38,0.2271193116903305,0,0
10000.0,78231.13,0.2308325469493866,0,0
10000.0,78341.75,0.22501340508460999,0,0
10000.0,78355.0,0.22680120170116425,0,0
10000.0,78353.93,0.2271193116903305,0,0
10000.0,78400.0,0.22501340508460999,0,0
10000.0,78175.5,0.24918003380298615,0,0
10000.0,78174.0,0.2375642955303192,0,0
10000.0,78327.8,0.23549138009548187,0,0
10000.0,78220.0,0.1917475461959839,0,0
10000.0,78315.37,0.20198355615139008,0,0
10000.0,78293.57,0.20073533058166504,0,0
10000.0,78249.3,0.18708163499832153,0,0
10000.0,78143.08,0.20073533058166504,0,0
10000.0,78211.24,0.20073533058166504,0,0
10000.0,78367.06,0.2071695476770401,0,0
10000.0,78423.98,0.20073533058166504,0,0
10000.0,78487.67,0.21130497753620148,0,0
10000.0,78455.02,0.21454192698001862,0,0
10000.0,78398.02,0.22954119741916656,0,0
10000.0,78466.62,0.21720409393310547,0,0
10000.0,78486.0,0.21994470059871674,0,0
10000.0,78451.38,0.21524864435195923,0,0
10000.0,78719.78,0.25890761613845825,0,0
10000.0,78832.98,0.22900912165641785,0,0
10000.0,78686.85,0.21745622158050537,0,0
10000.0,78542.32,0.2274245172739029,0,0
10000.0,78240.83,0.23958420753479004,0,0
10000.0,78171.85,0.23510678112506866,0,0
10000.0,78203.08,0.23576265573501587,0,0
10000.0,78163.19,0.23292620480060577,0,0
10000.0,78249.42,0.2172444760799408,0,1
10000.0,78288.3,0.23826360702514648,0,1
10000.0,78363.25,0.2303297072649002,0,0
10000.0,78387.86,0.21509401500225067,0,0
10000.0,78529.57,0.21470406651496887,0,0
10000.0,78408.01,0.22633610665798187,0,0
10000.0,78656.01,0.24141129851341248,0,0
10000.0,78747.09,0.2298770695924759,0,0
10000.0,78670.01,0.21544580161571503,0,0
10000.0,78741.0,0.2133006602525711,0,0
10000.0,78668.36,0.22609589993953705,0,0
10000.0,78654.0,0.22449375689029694,0,1
10000.0,78725.76,0.23581576347351074,0,0
10000.0,78739.67,0.20687264204025269,0,0
10000.0,78760.32,0.2238749861717224,0,1
10000.0,78915.99,0.26536184549331665,0,1
10000.0,78831.59,0.2565632462501526,0,1
10000.0,79177.29,0.27755025029182434,0,1
10000.0,78568.57,0.2755313515663147,0,1
10000.0,78547.14,0.23912741243839264,0,1
10000.0,79769.43,0.2993461489677429,0,0
10000.0,80173.3,0.305207759141922,0,0
10000.0,80316.31,0.29372724890708923,0,0
10000.0,80332.06,0.27996203303337097,0,0
10000.0,80027.26,0.2626296877861023,0,0
10000.0,79877.9,0.27861571311950684,0,0
10000.0,79696.75,0.24452275037765503,0,0
10000.0,79708.3,0.2413092404603958,0,1
10000.0,79838.48,0.24230606853961945,0,0
10000.0,78940.26,0.31171664595603943,0,1
10000.0,78793.67,0.27501025795936584,0,1
10000.0,78857.18,0.25962328910827637,0,1
10000.0,78790.0,0.29085850715637207,0,1
10000.0,80216.16,0.3219354450702667,0,0
10000.0,80028.85,0.32476481795310974,0,0
10000.0,80025.03,0.3049706220626831,0,0
10000.0,80390.81,0.3082170784473419,0,0
10000.0,80114.91,0.3007304072380066,0,0
10000.0,80053.31,0.2545774281024933,0,0
10000.0,79936.7,0.24558696150779724,0,1
10000.0,80259.17,0.26688605546951294,0,1
10000.0,80067.23,0.26322466135025024,0,1
10000.0,79861.01,0.269419401884079,0,1
10000.0,80170.66,0.2654735743999481,0,1
10000.0,80352.0,0.2691480219364166,0,1
10000.0,80554.68,0.2859693169593811,0,0
10000.0,80893.08,0.2859693169593811,0,0
10000.0,80902.44,0.278621643781662,0,0
10000.0,80970.0,0.2912857234477997,0,0
10000.0,80976.0,0.23674429953098297,0,0
10000.0,80855.59,0.26205211877822876,0,1
10000.0,80815.24,0.2183150202035904,0,1
10000.0,80586.02,0.24985794723033905,0,1
10000.0,80823.61,0.24884940683841705,0,1
10000.0,81014.05,0.2543267011642456,0,0
10000.0,81279.41,0.25823965668678284,0,0
10000.0,81330.0,0.27920418977737427,0,0
10000.0,81336.59,0.2766419053077698,0,0
10000.0,81525.19,0.2616223394870758,0,0
10000.0,81285.75,0.27131548523902893,0,0
10000.0,81270.6,0.22501340508460999,0,0
10000.0,81515.0,0.2501746118068695,0,0
10000.0,81606.35,0.23929916322231293,0,0
10000.0,81646.38,0.25119006633758545,0,0
10000.0,81407.11,0.26873236894607544,0,0
10000.0,81111.27,0.2850164771080017,0,0
10000.0,80905.52,0.25755321979522705,0,1
10000.0,81030.01,0.28071168065071106,0,1
10000.0,81439.34,0.2817608416080475,0,0
10000.0,81363.54,0.27004098892211914,0,1
10000.0,81581.69,0.2758251428604126,0,1
10000.0,81331.1,0.26987090706825256,0,1
10000.0,81333.0,0.25905144214630127,0,1
10000.0,81476.71,0.2152494341135025,0,1
10000.0,81359.82,0.22794927656650543,0,0
10000.0,81945.66,0.29257315397262573,0,0
10000.0,81997.0,0.28115567564964294,0,0
10000.0,82290.04,0.2795470952987671,0,0
10000.0,82522.89,0.28972455859184265,0,0
10000.0,82220.47,0.27565276622772217,0,0
10000.0,81670.89,0.2926146388053894,0,0
10000.0,81526.73,0.2990852892398834,0,0
10000.0,81704.25,0.29512646794319153,0,0
10000.0,81630.94,0.2821275591850281,0,0
10000.0,81452.63,0.24440787732601166,0,0
10000.0,81353.14,0.23549138009548187,0,0
10000.0,81464.87,0.25258979201316833,0,0
10000.0,81427.52,0.25388193130493164,0,0
10000.0,81539.16,0.24295662343502045,0,0
10000.0,81342.39,0.2428787648677826,0,0
10000.0,81447.01,0.25496619939804077,0,0
10000.0,81016.96,0.2829838991165161,0,1
10000.0,81167.8,0.27294155955314636,0,0
10000.0,81113.34,0.25306424498558044,0,0
10000.0,80834.91,0.2271193116903305,0,0
10000.0,80979.19,0.23549138009548187,0,0
10000.0,81088.0,0.23451392352581024,0,0
10000.0,81438.61,0.271678626537323,0,0
10000.0,81518.58,0.2572471499443054,0,0
10000.0,81231.24,0.2612617313861847,0,0
10000.0,80929.0,0.2561767101287842,0,0
10000.0,80850.75,0.26152271032333374,0,0
10000.0,80866.65,0.23549138009548187,0,0
10000.0,81162.01,0.2529004216194153,0,0
10000.0,80503.68,0.31169232726097107,0,0
10000.0,80171.38,0.3085702359676361,0,0
10000.0,79890.63,0.3085702359676361,0,0
10000.0,79801.08,0.27117791771888733,0,0
10000.0,80094.52,0.2948748767375946,0,0
10000.0,80200.59,0.2520886957645416,0,0
10000.0,80146.11,0.23929916322231293,0,0
10000.0,79879.99,0.28786328434944153,0,0
10000.0,79735.01,0.23766528069972992,0,0
10000.0,79919.01,0.2591967284679413,0,0
10000.0,80006.0,0.22406667470932007,0,0
10000.0,79831.99,0.2656053602695465,0,0
10000.0,79740.01,0.2506718337535858,0,0
10000.0,79488.46,0.28334611654281616,0,1
10000.0,79578.85,0.2914388179779053,0,0
10000.0,79655.23,0.22406667470932007,0,1
10000.0,79600.01,0.21721147000789642,0,1
10000.0,79525.76,0.2523999810218811,0,1
10000.0,79682.4,0.29738667607307434,0,0
10000.0,79886.01,0.25242212414741516,0,0
10000.0,79872.72,0.228157639503479,0,0
10000.0,80212.56,0.26477307081222534,0,0
10000.0,80231.22,0.2614549398422241,0,0
10000.0,80025.82,0.3065377473831177,0,0
10000.0,79647.8,0.2943311929702759,0,1
10000.0,80150.97,0.2951321005821228,0,0
10000.0,80142.14,0.28825798630714417,0,0
10000.0,79802.34,0.27679553627967834,0,1
10000.0,80060.0,0.28972455859184265,0,0
10000.0,80078.4,0.2510204315185547,0,0
10000.0,80179.94,0.2579209804534912,0,0
10000.0,80133.09,0.2400684952735901,0,0
10000.0,80263.99,0.2198629230260849,0,0
10000.0,80262.0,0.22649405896663666,0,0
10000.0,80193.17,0.2355729639530182,0,0
10000.0,80238.76,0.20815438032150269,0,0
10000.0,80327.75,0.239985391497612,0,0
10000.0,80417.87,0.20993256568908691,0,0
10000.0,80383.95,0.21847371757030487,0,0
10000.0,80379.9,0.2139400690793991,0,0
10000.0,80379.49,0.19275438785552979,0,0
10000.0,80263.92,0.2139400690793991,0,0
10000.0,80228.89,0.20286768674850464,0,0
10000.0,80407.12,0.20943433046340942,0,0
10000.0,80242.53,0.1971845030784607,0,0
10000.0,80264.02,0.19924341142177582,0,0
10000.0,80345.46,0.18512918055057526,0,1
10000.0,80397.97,0.1962895691394806,0,1
10000.0,80391.18,0.18512918055057526,0,1
10000.0,80332.22,0.20286768674850464,0,1
10000.0,80527.92,0.20949594676494598,0,0
10000.0,80625.01,0.21191838383674622,0,0
10000.0,80812.7,0.2054506242275238,0,0
10000.0,80907.65,0.21749849617481232,0,0
10000.0,80938.53,0.22161124646663666,0,0
10000.0,80805.5,0.2344275712966919,0,0
10000.0,80780.83,0.2171199917793274,0,0
10000.0,80782.38,0.22588451206684113,0,0
10000.0,80678.4,0.2722379267215729,0,0
10000.0,80680.04,0.23539988696575165,0,0
10000.0,80685.56,0.23590128123760223,0,0
10000.0,80777.42,0.22708116471767426,0,0
10000.0,80775.0,0.21279539167881012,0,0
10000.0,80759.93,0.19529014825820923,0,0
10000.0,80700.77,0.1942095160484314,0,0
10000.0,80733.75,0.20320259034633636,0,0
10000.0,80736.03,0.20320259034633636,0,0
10000.0,80830.33,0.20536808669567108,0,0
10000.0,80807.96,0.2150372862815857,0,1
10000.0,80873.79,0.20033521950244904,0,1
10000.0,80821.21,0.20276960730552673,0,1
10000.0,80927.72,0.21006478369235992,0,0
10000.0,80971.67,0.1996825933456421,0,1
10000.0,80990.11,0.21006478369235992,0,0
10000.0,81418.01,0.2532070577144623,0,0
10000.0,81378.25,0.24210971593856812,0,1
10000.0,81476.18,0.27686306834220886,0,1
10000.0,81271.96,0.2482173889875412,0,0
10000.0,81437.83,0.2691633701324463,0,0
10000.0,80734.88,0.29938948154449463,0,1
10000.0,80720.47,0.2727712392807007,0,0
10000.0,82044.49,0.3123006820678711,0,0
10000.0,82210.07,0.27927687764167786,0,0
10000.0,81471.13,0.3025999367237091,0,0
10000.0,81501.72,0.27676787972450256,0,0
10000.0,81169.08,0.27971240878105164,0,0
10000.0,80736.01,0.29974374175071716,0,0
10000.0,80824.61,0.24861440062522888,0,0
10000.0,80832.33,0.24594098329544067,0,0
10000.0,80822.86,0.23514102399349213,0,0
10000.0,80740.4,0.22486859560012817,0,0
10000.0,80767.97,0.2468470185995102,0,0
10000.0,80966.57,0.24081359803676605,0,1
10000.0,80940.0,0.25129684805870056,0,1
10000.0,81196.94,0.26070719957351685,0,1
10000.0,81054.65,0.2728574872016907,0,1
10000.0,81072.0,0.29125848412513733,0,1
10000.0,80953.38,0.2956584692001343,0,1
10000.0,81445.9,0.28512656688690186,0,0
10000.0,81575.85,0.2814977765083313,0,0
10000.0,81941.09,0.2787872850894928,0,0
10000.0,81858.96,0.2600231170654297,0,0
10000.0,81961.99,0.25581011176109314,0,0
10000.0,81821.02,0.2529004216194153,0,0
10000.0,81821.18,0.25518137216567993,0,0
10000.0,81833.92,0.23766528069972992,0,0
10000.0,81745.65,0.23766528069972992,0,0
10000.0,81545.2,0.2501746118068695,0,0
10000.0,81199.18,0.2775314152240753,0,0
10000.0,81249.93,0.23549138009548187,0,0
10000.0,81058.8,0.22501340508460999,0,0
10000.0,81240.01,0.24645820260047913,0,0
10000.0,81224.03,0.21275997161865234,0,0
10000.0,81022.44,0.23766528069972992,0,0
10000.0,80865.4,0.25159066915512085,0,0
10000.0,80843.31,0.24137695133686066,0,0
10000.0,80837.15,0.2423739731311798,0,0
10000.0,80666.37,0.2423739731311798,0,0
10000.0,80784.87,0.2423739731311798,0,0
10000.0,80881.26,0.2583363354206085,0,0
10000.0,80466.91,0.2900656461715698,0,0
10000.0,80540.0,0.27755025029182434,0,0
10000.0,80336.01,0.30780118703842163,0,0
10000.0,80000.01,0.30293896794319153,0,1
10000.0,80527.69,0.2977403700351715,0,0
10000.0,80679.12,0.2529004216194153,0,0
10000.0,80834.64,0.24892780184745789,0,0
10000.0,80696.87,0.23549138009548187,0,0
10000.0,80587.44,0.22501340508460999,0,1
10000.0,80656.43,0.22406667470932007,0,1
10000.0,80504.47,0.2271193116903305,0,1
10000.0,80718.0,0.24889476597309113,0,0
10000.0,81006.0,0.2777203917503357,0,0
10000.0,81050.0,0.25581011176109314,0,0
10000.0,81249.99,0.2520381212234497,0,0
10000.0,81231.96,0.22318117320537567,0,0
10000.0,81019.99,0.23766528069972992,0,0
10000.0,80980.05,0.2383398860692978,0,0
10000.0,81026.92,0.2319909781217575,0,0
10000.0,81196.57,0.23549138009548187,0,0
10000.0,81291.38,0.23301297426223755,0,0
10000.0,80809.01,0.2701902985572815,0,0
10000.0,80501.22,0.25803354382514954,0,0
10000.0,80202.78,0.2972439229488373,0,0
10000.0,79656.01,0.3020543158054352,0,0
10000.0,79756.01,0.27890458703041077,0,0
10000.0,78827.21,0.3114190995693207,0,1
10000.0,79108.39,0.29446926712989807,0,0
10000.0,79514.97,0.28403332829475403,0,0
10000.0,79598.15,0.26258349418640137,0,0
10000.0,79642.41,0.25351664423942566,0,0
10000.0,79698.95,0.20467695593833923,0,0
10000.0,79398.54,0.25284239649772644,0,0
10000.0,79428.46,0.23549138009548187,0,0
10000.0,79313.61,0.24418601393699646,0,1
10000.0,79580.0,0.2641296982765198,0,0
10000.0,79604.6,0.24524083733558655,0,0
10000.0,79370.24,0.3041384220123291,0,1
10000.0,79044.85,0.31631016731262207,0,1
10000.0,79451.63,0.29330530762672424,0,0
10000.0,79809.16,0.3102753162384033,0,0
10000.0,79804.71,0.2529650628566742,0,0
10000.0,79745.98,0.2600933611392975,0,0
10000.0,79821.56,0.27812686562538147,0,1
10000.0,79635.52,0.26809364557266235,0,1
10000.0,79570.01,0.2701950967311859,0,1
10000.0,79258.27,0.25942301750183105,0,1
10000.0,79767.11,0.2679000198841095,0,1
10000.0,79701.73,0.25524449348449707,0,1
10000.0,80964.85,0.3217757046222687,0,1
10000.0,81301.23,0.3070746064186096,0,0
10000.0,81888.4,0.31852078437805176,0,0
10000.0,81668.48,0.3076072931289673,0,0
10000.0,81581.99,0.2922615110874176,0,0
10000.0,81419.74,0.2700592577457428,0,0
10000.0,81412.04,0.27151429653167725,0,0
10000.0,81396.61,0.25244376063346863,0,0
10000.0,81456.0,0.2547219693660736,0,0
10000.0,81089.99,0.2645571529865265,0,0
10000.0,81518.67,0.2895723581314087,0,0
10000.0,81131.01,0.29576027393341064,0,0
10000.0,81299.14,0.29058411717414856,0,0
10000.0,81059.15,0.28300100564956665,0,0
10000.0,80724.71,0.2636439800262451,0,0
10000.0,80360.01,0.29824772477149963,0,0
10000.0,80580.0,0.27957937121391296,0,0
10000.0,80814.88,0.281780868768692,0,0
10000.0,80638.0,0.2738880515098572,0,0
10000.0,80489.8,0.26256024837493896,0,0
10000.0,80716.23,0.25388193130493164,0,0
10000.0,80628.53,0.21146219968795776,0,0
10000.0,80385.11,0.2513330578804016,0,0
10000.0,78758.59,0.3192201554775238,0,0
10000.0,79150.37,0.331241637468338,0,0
10000.0,79150.27,0.29066893458366394,0,0
10000.0,79294.31,0.2836129069328308,0,0
10000.0,79460.0,0.2739458680152893,0,0
10000.0,79284.0,0.2830551564693451,0,0
10000.0,79146.5,0.25581249594688416,0,0
10000.0,79123.12,0.23196208477020264,0,0
10000.0,78973.5,0.25585058331489563,0,0
10000.0,79107.38,0.21103216707706451,0,0
10000.0,79113.21,0.2180766463279724,0,0
10000.0,79111.92,0.21103216707706451,0,0
10000.0,79168.0,0.21687911450862885,0,0
10000.0,79155.54,0.2027456909418106,0,0
10000.0,79083.18,0.20668059587478638,0,0
10000.0,79035.26,0.250073105096817,0,0
10000.0,79027.37,0.19794419407844543,0,0
10000.0,78648.0,0.3040684163570404,0,0
10000.0,78369.77,0.31960585713386536,0,0
10000.0,78426.56,0.24681049585342407,0,0
10000.0,78083.48,0.30293896794319153,0,0
10000.0,77960.0,0.2983871400356293,0,0
10000.0,78081.71,0.2523999810218811,0,0
10000.0,78007.23,0.2523999810218811,0,0
10000.0,78014.6,0.24352402985095978,0,0
10000.0,78130.55,0.2775387763977051,0,0
10000.0,78238.67,0.23549138009548187,0,0
10000.0,78205.96,0.23549138009548187,0,0
10000.0,78201.5,0.20420297980308533,0,0
10000.0,78229.81,0.22539721429347992,0,0
10000.0,78259.66,0.1955454796552658,0,0
10000.0,78261.0,0.1955454796552658,0,0
10000.0,78265.73,0.1997317522764206,0,0
10000.0,78186.25,0.1997317522764206,0,0
10000.0,78148.05,0.2067299783229828,0,0
10000.0,77945.85,0.26159825921058655,0,0
10000.0,77725.71,0.24569042026996613,0,1
10000.0,77895.51,0.2130058854818344,0,0
10000.0,78028.88,0.21222664415836334,0,0
10000.0,78158.09,0.22079358994960785,0,0
10000.0,78121.41,0.20276960730552673,0,0
10000.0,78104.8,0.200599804520607,0,0
10000.0,78180.01,0.1959291249513626,0,0
10000.0,78089.8,0.19894644618034363,0,0
10000.0,78249.33,0.2295377105474472,0,0
10000.0,78465.99,0.21329735219478607,0,0
10000.0,78415.99,0.2196243852376938,0,0
10000.0,78364.83,0.22063852846622467,0,0
10000.0,78202.91,0.23510678112506866,0,0
10000.0,78051.51,0.24449224770069122,0,0
10000.0,78051.41,0.23510678112506866,0,0
10000.0,78034.36,0.2255060076713562,0,0
10000.0,78089.98,0.2360859513282776,0,0
10000.0,78268.05,0.2360859513282776,0,0
10000.0,78415.3,0.22884738445281982,0,0
10000.0,78277.36,0.2206496298313141,0,0
10000.0,78405.72,0.2181297242641449,0,0
10000.0,77997.24,0.2555094063282013,0,0
10000.0,77457.67,0.3015187382698059,0,0
10000.0,77209.95,0.2900656461715698,0,0
10000.0,77109.22,0.3000302016735077,0,0
10000.0,76835.41,0.3042261600494385,0,0
10000.0,76924.65,0.24588416516780853,0,0
10000.0,77038.49,0.2529004216194153,0,0
10000.0,76931.4,0.2448773831129074,0,0
10000.0,76912.52,0.2713666558265686,0,1
10000.0,77073.69,0.25659894943237305,0,0
10000.0,77040.42,0.25518935918807983,0,0
10000.0,76933.16,0.2208944708108902,0,0
10000.0,76764.74,0.23766528069972992,0,0
10000.0,77285.83,0.30246588587760925,0,0
10000.0,77639.98,0.2992538809776306,0,0
10000.0,76937.7,0.3133902847766876,0,0
10000.0,76393.65,0.3114190995693207,0,1
10000.0,76409.46,0.3085702359676361,0,1
10000.0,76410.01,0.3134821653366089,0,1
10000.0,76706.39,0.2643277645111084,0,0
10000.0,76252.5,0.3043287992477417,0,1
10000.0,76928.0,0.3128925561904907,0,0
10000.0,76909.92,0.2637714147567749,0,0
10000.0,77103.05,0.26585930585861206,0,0
10000.0,77078.22,0.2433106005191803,0,0
10000.0,77001.87,0.22753150761127472,0,0
10000.0,77140.87,0.2758828401565552,0,0
10000.0,76667.01,0.28729248046875,0,1
10000.0,76617.47,0.28374743461608887,0,1
10000.0,76787.11,0.2480069249868393,0,0
10000.0,76927.25,0.2355833798646927,0,0
10000.0,76911.24,0.2676966190338135,0,0
10000.0,77029.4,0.24230606853961945,0,0
10000.0,77233.69,0.2553148567676544,0,0
10000.0,77048.71,0.25388193130493164,0,0
10000.0,76818.8,0.2596690058708191,0,0
10000.0,77041.87,0.261088103055954,0,0
10000.0,76714.62,0.2786638140678406,0,0
10000.0,76940.21,0.2501288056373596,0,0
10000.0,76872.75,0.28650206327438354,0,0
10000.0,76392.43,0.29907694458961487,0,1
10000.0,76521.23,0.2587530314922333,0,1
10000.0,76894.59,0.27196258306503296,0,0
10000.0,76856.76,0.24026785790920258,0,0
10000.0,76803.28,0.22910407185554504,0,0
10000.0,76818.74,0.23802311718463898,0,0
10000.0,77022.23,0.22930565476417542,0,0
10000.0,76982.34,0.17672987282276154,0,0
10000.0,76712.21,0.22220855951309204,0,0
10000.0,76834.36,0.21017731726169586,0,0
10000.0,76788.83,0.23193958401679993,0,1
10000.0,76820.98,0.22980228066444397,0,1
10000.0,76690.42,0.22004422545433044,0,1
10000.0,76723.54,0.23790642619132996,0,1
10000.0,76780.37,0.20200470089912415,0,1
10000.0,77196.99,0.27059513330459595,0,0
10000.0,77414.11,0.2821037173271179,0,0
10000.0,77282.64,0.2553155720233917,0,0
10000.0,77458.04,0.26635313034057617,0,0
10000.0,77485.13,0.2300398200750351,0,0
10000.0,77517.45,0.23617826402187347,0,0
10000.0,77382.49,0.2393324226140976,0,0
10000.0,77617.26,0.24913616478443146,0,0
10000.0,77204.61,0.27755025029182434,0,1
10000.0,77446.08,0.28360244631767273,0,0
10000.0,77455.46,0.27755025029182434,0,0
10000.0,77338.6,0.27604198455810547,0,0
10000.0,77568.95,0.27681171894073486,0,0
10000.0,77415.09,0.24027740955352783,0,1
10000.0,77667.49,0.26734957098960876,0,0
10000.0,77720.01,0.2692083716392517,0,0
10000.0,77500.01,0.2271193116903305,0,1
10000.0,77504.69,0.23766528069972992,0,1
10000.0,77552.23,0.20643848180770874,0,0
10000.0,77967.09,0.26822322607040405,0,0
10000.0,77863.85,0.2368025779724121,0,0
10000.0,77955.78,0.24545425176620483,0,0
10000.0,78078.72,0.23451392352581024,0,0
10000.0,78035.8,0.23766528069972992,0,0
10000.0,77828.0,0.2562107443809509,0,0
10000.0,77622.14,0.2561686635017395,0,0
10000.0,77889.01,0.25388193130493164,0,0
10000.0,77924.63,0.2624436020851135,0,0
10000.0,77633.02,0.252381294965744,0,0
10000.0,77198.08,0.28650206327438354,0,0
10000.0,77189.1,0.23549138009548187,0,1
10000.0,77278.53,0.25337526202201843,0,0
10000.0,77122.68,0.28650206327438354,0,1
10000.0,76984.61,0.29040637612342834,0,1
10000.0,77259.46,0.27621152997016907,0,1
10000.0,77207.93,0.2596690058708191,0,1
10000.0,77869.38,0.29171308875083923,0,0
10000.0,77387.74,0.28404501080513,0,0
10000.0,77690.56,0.2723684310913086,0,0
10000.0,77705.81,0.2133995145559311,0,0
10000.0,77672.29,0.21915055811405182,0,0
10000.0,77628.0,0.22406667470932007,0,0
10000.0,77615.52,0.22501340508460999,0,0
10000.0,77373.57,0.23766528069972992,0,0
10000.0,77616.0,0.25388193130493164,0,0
10000.0,77673.36,0.21612298488616943,0,0
10000.0,77779.98,0.21944880485534668,0,0
10000.0,77655.42,0.2546631097793579,0,0
10000.0,77489.0,0.23766528069972992,0,0
10000.0,77423.41,0.23603536188602448,0,0
10000.0,77408.06,0.23714803159236908,0,0
10000.0,77267.38,0.2637981176376343,0,0
10000.0,77307.11,0.2187574952840805,0,0
10000.0,77312.0,0.19206999242305756,0,0
10000.0,77428.84,0.20943433046340942,0,0
10000.0,77533.9,0.20853550732135773,0,0
10000.0,77290.01,0.2269614040851593,0,0
10000.0,76774.23,0.27755025029182434,0,0
10000.0,76790.59,0.2855699062347412,0,0
10000.0,76950.68,0.2688383162021637,0,0
10000.0,76750.0,0.26851996779441833,0,0
10000.0,76537.47,0.29281601309776306,0,0
10000.0,75860.44,0.3163556158542633,0,0
10000.0,75984.47,0.24099469184875488,0,0
10000.0,75978.83,0.2208944708108902,0,0
10000.0,75737.52,0.26726865768432617,0,0
10000.0,75539.5,0.3042261600494385,0,0
10000.0,75352.64,0.28547611832618713,0,0
10000.0,75489.84,0.22913172841072083,0,0
10000.0,75572.07,0.2208944708108902,0,0
10000.0,75635.22,0.22107122838497162,0,0
10000.0,75539.77,0.21173137426376343,0,0
10000.0,75482.68,0.20915935933589935,0,0
10000.0,75398.33,0.20346646010875702,0,0
10000.0,74609.36,0.3114190995693207,0,1
10000.0,74684.3,0.30192986130714417,0,1
10000.0,74656.91,0.21416765451431274,0,1
10000.0,74705.0,0.22537371516227722,0,1
10000.0,74789.99,0.2357223480939865,0,1
10000.0,74753.93,0.22537371516227722,0,1
10000.0,75213.9,0.29738667607307434,0,1
10000.0,75537.72,0.2958422303199768,0,1
10000.0,75520.0,0.2679293155670166,0,1
10000.0,75444.7,0.23549138009548187,0,1
10000.0,75488.18,0.23569612205028534,0,1
10000.0,75845.82,0.2927273213863373,0,1
10000.0,75983.45,0.26048314571380615,0,1
10000.0,77287.58,0.31831231713294983,0,0
10000.0,76804.99,0.30349162220954895,0,0
10000.0,76584.45,0.2902402877807617,0,0
10000.0,76752.01,0.27689307928085327,0,0
10000.0,76835.16,0.2782301604747772,0,0
10000.0,76890.04,0.24200232326984406,0,0
10000.0,76830.0,0.2538924515247345,0,0
10000.0,76750.0,0.24093741178512573,0,0
10000.0,76786.5,0.21217893064022064,0,1
10000.0,76822.23,0.24093741178512573,0,1
10000.0,76987.58,0.25975874066352844,0,0
10000.0,76799.99,0.23874294757843018,0,0
10000.0,76830.69,0.2241780161857605,0,0
10000.0,77020.53,0.25299587845802307,0,0
10000.0,77190.74,0.28423112630844116,0,0
10000.0,77320.06,0.24220924079418182,0,0
10000.0,77118.73,0.25029101967811584,0,0
10000.0,76802.23,0.27286723256111145,0,0
10000.0,76465.16,0.2913649380207062,0,0
10000.0,76371.59,0.23225894570350647,0,0
10000.0,76671.7,0.25388193130493164,0,0
10000.0,76693.34,0.23549138009548187,0,0
10000.0,76665.73,0.23899511992931366,0,1
10000.0,76773.34,0.21843363344669342,0,0
10000.0,76668.4,0.2736242413520813,0,1
10000.0,76151.14,0.3025589883327484,0,1
10000.0,76803.99,0.2951321005821228,0,1
10000.0,77064.96,0.2702988088130951,0,0
10000.0,77153.01,0.2654818296432495,0,0
10000.0,76945.27,0.27702516317367554,0,1
10000.0,77108.77,0.2806040644645691,0,0
10000.0,77026.67,0.22560249269008636,0,1
10000.0,77391.07,0.26388657093048096,0,0
10000.0,77407.0,0.2315855622291565,0,0
10000.0,77419.87,0.27712491154670715,0,0
10000.0,77401.12,0.27701959013938904,0,0
10000.0,77456.94,0.2564932703971863,0,0
10000.0,77604.56,0.2575315237045288,0,0
10000.0,77545.65,0.24999958276748657,0,0
10000.0,77357.5,0.23766528069972992,0,0
10000.0,77367.98,0.21573586761951447,0,0
10000.0,77341.05,0.21573586761951447,0,0
10000.0,77714.0,0.2801441550254822,0,0
10000.0,77628.82,0.26345184445381165,0,0
10000.0,77735.69,0.2575615346431732,0,0
10000.0,77564.01,0.23766528069972992,0,0
10000.0,77543.39,0.2043003886938095,0,0
10000.0,77441.86,0.22647534310817719,0,0
10000.0,77273.06,0.22955107688903809,0,0
10000.0,77367.03,0.19508138298988342,0,0
10000.0,77116.21,0.2435355931520462,0,0
10000.0,77322.01,0.21633708477020264,0,0
10000.0,76792.71,0.27287301421165466,0,0
10000.0,76756.98,0.2576580345630646,0,0
10000.0,76660.0,0.25518935918807983,0,0
10000.0,76664.01,0.23714803159236908,0,0
10000.0,76749.5,0.23714803159236908,0,1
10000.0,76930.01,0.25289636850357056,0,0
10000.0,76908.01,0.2625052034854889,0,0
10000.0,76730.84,0.25190049409866333,0,1
10000.0,76726.37,0.2208944708108902,0,0
10000.0,76672.19,0.2208944708108902,0,0
10000.0,77430.0,0.2961669862270355,0,0
10000.0,77183.55,0.2585548460483551,0,0
10000.0,77132.5,0.26441070437431335,0,0
10000.0,77231.56,0.2899252772331238,0,0
10000.0,76908.01,0.3110619783401489,0,0
10000.0,76518.1,0.32491740584373474,0,0
10000.0,76558.0,0.3165348470211029,0,0
10000.0,75935.08,0.3211436867713928,0,0
10000.0,75840.55,0.3139335513114929,0,0
10000.0,76052.0,0.26685887575149536,0,0
10000.0,76106.86,0.23263074457645416,0,0
10000.0,75890.0,0.2271193116903305,0,0
10000.0,75749.02,0.25867292284965515,0,0
10000.0,75930.01,0.22501340508460999,0,0
10000.0,76085.01,0.2523999810218811,0,0
10000.0,75877.44,0.2549293041229248,0,0
10000.0,75879.0,0.24099469184875488,0,0
10000.0,75683.0,0.2586045563220978,0,0
10000.0,75579.01,0.27890172600746155,0,0
10000.0,75697.99,0.24507632851600647,0,0
10000.0,75838.65,0.2506718337535858,0,0
10000.0,75977.17,0.24210304021835327,0,0
10000.0,75873.24,0.2271193116903305,0,0
10000.0,75912.6,0.22501340508460999,0,0
10000.0,75909.82,0.22835971415042877,0,0
10000.0,75769.18,0.23607155680656433,0,0
10000.0,75688.0,0.27492642402648926,0,0
10000.0,75073.4,0.3218219578266144,0,0
10000.0,75031.92,0.3134821653366089,0,0
10000.0,75326.01,0.30627569556236267,0,0
10000.0,75304.01,0.280588299036026,0,0
10000.0,74860.42,0.30884209275245667,0,0
10000.0,75026.67,0.26913830637931824,0,0
10000.0,75066.08,0.22844897210597992,0,0
10000.0,75274.58,0.2618696987628937,0,0
10000.0,74473.01,0.3154591917991638,0,0
10000.0,74418.13,0.3089313805103302,0,0
10000.0,74449.3,0.2603684067726135,0,0
10000.0,74570.66,0.25574037432670593,0,0
10000.0,74344.08,0.30627569556236267,0,0
10000.0,74287.42,0.26861217617988586,0,0
10000.0,73258.01,0.32558566331863403,0,0
10000.0,73181.95,0.3226679265499115,0,0
10000.0,72990.87,0.28073650598526,0,1
10000.0,73202.7,0.315347284078598,0,0
10000.0,73498.0,0.2884327471256256,0,0
10000.0,73325.88,0.28073650598526,0,0
10000.0,73541.24,0.26942408084869385,0,0
10000.0,73400.01,0.2766782343387604,0,0
10000.0,73505.66,0.25150230526924133,0,0
10000.0,73518.01,0.2800968587398529,0,0
10000.0,73022.02,0.31679293513298035,0,1
10000.0,73033.06,0.32558566331863403,0,1
10000.0,72928.73,0.31708791851997375,0,1
10000.0,73440.67,0.31994694471359253,0,0
10000.0,73554.82,0.30733221769332886,0,0
10000.0,73652.88,0.2829696536064148,0,0
10000.0,73419.32,0.26168522238731384,0,0
10000.0,73579.99,0.3013160824775696,0,0
10000.0,73817.31,0.2686057686805725,0,0
10000.0,73464.8,0.29073336720466614,0,0
10000.0,73617.51,0.2374856323003769,0,0
10000.0,73716.37,0.26583829522132874,0,0
10000.0,73586.83,0.282281756401062,0,0
10000.0,73225.06,0.3096240758895874,0,1
10000.0,73301.52,0.2400684952735901,0,1
10000.0,73507.69,0.2691733241081238,0,0
10000.0,73706.0,0.2789918780326843,0,0
10000.0,73786.32,0.2632896900177002,0,0
10000.0,73528.56,0.28972455859184265,0,0
10000.0,73653.4,0.275653213262558,0,0
10000.0,73744.96,0.2631474435329437,0,0
10000.0,73634.64,0.2408677339553833,0,1
10000.0,73487.98,0.2152480185031891,0,1
10000.0,73295.73,0.2254766970872879,0,0
10000.0,73135.7,0.2725801169872284,0,1
10000.0,73096.85,0.30140769481658936,0,1
10000.0,73808.26,0.31404903531074524,0,0
10000.0,74056.5,0.2912723124027252,0,0
10000.0,73980.94,0.2977454364299774,0,0
10000.0,73374.52,0.2887715995311737,0,0
10000.0,73520.28,0.27586519718170166,0,0
10000.0,73673.61,0.23485586047172546,0,0
10000.0,73409.27,0.2756194770336151,0,0
10000.0,73483.52,0.2599121630191803,0,0
10000.0,73460.78,0.2400684952735901,0,0
10000.0,73498.8,0.24719995260238647,0,0
10000.0,73657.9,0.2400684952735901,0,0
10000.0,73786.69,0.23675087094306946,0,0
10000.0,73524.01,0.2576775848865509,0,0
10000.0,73402.84,0.2737598419189453,0,0
10000.0,73604.99,0.2652744948863983,0,0
10000.0,73584.99,0.23907797038555145,0,0
10000.0,73548.6,0.20472975075244904,0,0
10000.0,73530.07,0.20565184950828552,0,1
10000.0,73615.46,0.20526917278766632,0,0
10000.0,73655.85,0.17672987282276154,0,0
10000.0,73602.02,0.17904171347618103,0,1
10000.0,73698.18,0.19301258027553558,0,0
10000.0,73829.31,0.19950813055038452,0,0
10000.0,73929.11,0.2157023698091507,0,0
10000.0,73930.14,0.2071695476770401,0,0
10000.0,73934.99,0.18512918055057526,0,0
10000.0,74020.07,0.2139400690793991,0,0
10000.0,74043.38,0.23950502276420593,0,0
10000.0,74016.65,0.1982947140932083,0,0
10000.0,73979.84,0.2131713479757309,0,0
10000.0,73981.99,0.22118578851222992,0,0
10000.0,73883.3,0.25280827283859253,0,0
10000.0,73884.38,0.2407744824886322,0,0
10000.0,74038.2,0.2113662213087082,0,0
10000.0,74058.01,0.21929171681404114,0,0
10000.0,74090.84,0.22517098486423492,0,0
10000.0,74150.64,0.20921726524829865,0,0
10000.0,74178.4,0.1993320882320404,0,0
10000.0,74055.98,0.20921726524829865,0,0
10000.0,74054.87,0.20951268076896667,0,0
10000.0,73871.24,0.2256447672843933,0,0
10000.0,73937.61,0.2189234048128128,0,0
10000.0,73841.79,0.2256447672843933,0,0
10000.0,73900.0,0.2256447672843933,0,0
10000.0,73937.79,0.21367760002613068,0,0
10000.0,73920.0,0.21749310195446014,0,0
10000.0,73872.8,0.23646965622901917,0,0
10000.0,73602.17,0.24301192164421082,0,0
10000.0,73655.21,0.23332931101322174,0,0
10000.0,73526.14,0.23691275715827942,0,1
10000.0,73709.44,0.22868819534778595,0,0
10000.0,73603.69,0.2343904972076416,0,0
10000.0,73563.42,0.2334778755903244,0,0
10000.0,73739.66,0.2334778755903244,0,0
10000.0,73892.52,0.2398638278245926,0,0
10000.0,73944.62,0.2482888549566269,0,0
10000.0,73674.39,0.25786978006362915,0,0
10000.0,73885.0,0.24839667975902557,0,0
10000.0,73292.92,0.2806190550327301,0,0
10000.0,73790.0,0.2652149796485901,0,0
10000.0,73769.06,0.23641234636306763,0,0
10000.0,73536.01,0.26941123604774475,0,0
10000.0,73350.0,0.2369483858346939,0,0
10000.0,73135.74,0.30455636978149414,0,0
10000.0,72818.0,0.3189220130443573,0,0
10000.0,72902.65,0.27230554819107056,0,0
10000.0,72880.0,0.28829991817474365,0,0
10000.0,72748.88,0.2637981176376343,0,0
10000.0,72479.99,0.3134821653366089,0,0
10000.0,72221.73,0.3163556158542633,0,0
10000.0,71711.89,0.3163556158542633,0,0
10000.0,71567.91,0.3134821653366089,0,0
10000.0,71129.62,0.30952146649360657,0,0
10000.0,71564.01,0.3147355616092682,0,0
10000.0,71646.01,0.27105623483657837,0,0
10000.0,71498.64,0.26750603318214417,0,0
10000.0,71595.24,0.25246790051460266,0,0
10000.0,71446.0,0.25246790051460266,0,0
10000.0,71038.01,0.3050025999546051,0,0
10000.0,71408.0,0.30043309926986694,0,0
10000.0,71408.9,0.2655211389064789,0,0
10000.0,71289.23,0.2645106017589569,0,0
10000.0,70652.47,0.31482577323913574,0,0
10000.0,70846.49,0.318522185087204,0,0
10000.0,70953.69,0.2506439685821533,0,0
10000.0,70810.0,0.2634411156177521,0,0
10000.0,70268.96,0.3119598925113678,0,0
10000.0,70106.31,0.3165348470211029,0,0
10000.0,70118.42,0.3139335513114929,0,0
10000.0,69821.99,0.3050025999546051,0,0
10000.0,69426.01,0.3165348470211029,0,0
10000.0,69652.19,0.3139335513114929,0,0
10000.0,69461.72,0.25246790051460266,0,0
10000.0,69010.42,0.30952146649360657,0,0
10000.0,68811.91,0.30952146649360657,0,0
10000.0,68019.3,0.3239748179912567,0,0
10000.0,67304.28,0.33018243312835693,0,0
10000.0,67413.44,0.3265869915485382,0,0
10000.0,67492.34,0.32103222608566284,0,0
10000.0,67341.99,0.3217988610267639,0,0
10000.0,67315.14,0.33458223938941956,0,0
10000.0,67587.77,0.32471251487731934,0,0
10000.0,67566.01,0.3217988610267639,0,0
10000.0,66385.2,0.34690743684768677,0,0
10000.0,66760.83,0.3560114800930023,0,1
10000.0,66938.01,0.35116106271743774,0,0
10000.0,66920.0,0.346840500831604,0,0
10000.0,66620.01,0.30586087703704834,0,1
10000.0,65849.9,0.34942975640296936,0,1
10000.0,66465.98,0.35685592889785767,0,1
10000.0,67330.01,0.35685592889785767,0,0
10000.0,66983.27,0.3545904755592346,0,0
10000.0,67220.03,0.35380494594573975,0,0
10000.0,67028.0,0.3317984342575073,0,0
10000.0,67075.17,0.34370750188827515,0,0
10000.0,67294.52,0.3263000249862671,0,0
10000.0,67067.37,0.31250590085983276,0,0
10000.0,67078.72,0.3263000249862671,0,0
10000.0,66906.01,0.3415928781032562,0,0
10000.0,66864.95,0.3227044343948364,0,0
10000.0,66076.01,0.3413473665714264,0,0
10000.0,66061.83,0.34896570444107056,0,0
10000.0,65964.08,0.3402445912361145,0,0
10000.0,66036.57,0.3214603066444397,0,0
10000.0,65462.0,0.3327442705631256,0,0
10000.0,65007.27,0.346663236618042,0,0
10000.0,65768.88,0.34370750188827515,0,0
10000.0,64912.98,0.3511219918727875,0,0
10000.0,64142.75,0.3536583483219147,0,0
10000.0,63344.97,0.3536575138568878,0,1
10000.0,62178.1,0.36642810702323914,0,1
10000.0,63231.99,0.36265167593955994,0,1
10000.0,64363.49,0.3566882908344269,0,0
10000.0,64399.99,0.35957884788513184,0,0
10000.0,63955.47,0.3623993396759033,0,0
10000.0,64027.99,0.36448022723197937,0,0
10000.0,63603.15,0.36531275510787964,0,1
10000.0,63629.99,0.36645403504371643,0,1
10000.0,63266.0,0.3703862130641937,0,1
10000.0,62420.0,0.3703862130641937,0,1
10000.0,62545.99,0.36462125182151794,0,1
10000.0,63766.82,0.36645403504371643,0,0
10000.0,64230.0,0.36645403504371643,0,0
10000.0,63958.97,0.3724862039089203,0,0
10000.0,63896.17,0.36645403504371643,0,0
10000.0,63563.51,0.36531275510787964,0,0
10000.0,63540.97,0.36645403504371643,0,1
10000.0,63819.62,0.36645403504371643,0,0
10000.0,63629.38,0.3724862039089203,0,0
10000.0,63638.4,0.363505482673645,0,0
10000.0,63286.21,0.38191336393356323,0,0
10000.0,63735.43,0.3536837100982666,0,0
10000.0,63885.99,0.3298879861831665,0,0
10000.0,63426.72,0.3449789583683014,0,0
10000.0,63374.67,0.32847100496292114,0,0
10000.0,62617.72,0.35766977071762085,0,0
10000.0,62730.0,0.34833189845085144,0,0
10000.0,63615.23,0.35199210047721863,0,0
10000.0,62329.35,0.3623993396759033,0,0
10000.0,61946.57,0.36498016119003296,0,0
10000.0,63115.99,0.35680171847343445,0,0
10000.0,62454.64,0.36840635538101196,0,0
10000.0,62860.09,0.35590100288391113,0,0
10000.0,62536.87,0.34407249093055725,0,0
10000.0,61964.99,0.35174426436424255,0,0
10000.0,61959.73,0.3706408739089966,0,0
10000.0,60732.36,0.36498016119003296,0,0
10000.0,60868.97,0.36265167593955994,0,1
10000.0,60438.01,0.36498016119003296,0,1
10000.0,61394.39,0.36265167593955994,0,0
10000.0,60813.99,0.3623993396759033,0,0
10000.0,59395.99,0.3623993396759033,0,1
10000.0,60300.24,0.36448022723197937,0,1
10000.0,61620.01,0.383317768573761,0,0
10000.0,61670.38,0.3674096167087555,0,0
10000.0,61584.49,0.3705105781555176,0,0
10000.0,61056.47,0.3763045370578766,0,0
10000.0,61273.29,0.3615412712097168,0,0
10000.0,61058.95,0.363505482673645,0,0
10000.0,60951.64,0.363505482673645,0,1
10000.0,60687.04,0.3615412712097168,0,0
10000.0,60101.27,0.3744516372680664,0,1
10000.0,60942.38,0.36462125182151794,0,0
10000.0,60786.96,0.36265167593955994,0,0
10000.0,61004.95,0.3536379635334015,0,0
10000.0,61264.0,0.36645403504371643,0,0
10000.0,60981.24,0.36728566884994507,0,0
10000.0,60593.0,0.3623993396759033,0,0
10000.0,60802.91,0.3615412712097168,0,0
10000.0,61030.63,0.3615412712097168,0,0
10000.0,60801.2,0.3384968936443329,0,0
10000.0,60791.05,0.32700198888778687,0,0
10000.0,60784.0,0.33380597829818726,0,0
10000.0,60774.0,0.3199518024921417,0,0
10000.0,60576.2,0.30178388953208923,0,1
10000.0,60637.21,0.3024018406867981,0,0
10000.0,60600.01,0.3004379868507385,0,1
10000.0,60711.69,0.29607465863227844,0,1
10000.0,60751.21,0.2859938442707062,0,1
10000.0,60543.53,0.31426122784614563,0,1
10000.0,60884.62,0.2869042456150055,0,1
10000.0,60782.01,0.292269766330719,0,1
10000.0,61479.75,0.3070402145385742,0,1
10000.0,61506.74,0.29001957178115845,0,1
10000.0,61701.07,0.29001957178115845,0,1
10000.0,61890.92,0.2872275710105896,0,1
10000.0,61748.1,0.29441049695014954,0,1
10000.0,62101.0,0.2943909466266632,0,0
10000.0,62404.73,0.2879900336265564,0,0
10000.0,62855.01,0.30501431226730347,0,0
10000.0,62530.0,0.30309629440307617,0,0
10000.0,62370.52,0.27500423789024353,0,0
10000.0,62621.96,0.2906854450702667,0,0
10000.0,61900.67,0.31139761209487915,0,0
10000.0,61700.13,0.2877252399921417,0,0
10000.0,61905.49,0.29369089007377625,0,0
10000.0,62093.99,0.2893081307411194,0,0
10000.0,62083.64,0.2893081307411194,0,1
10000.0,62160.01,0.28878965973854065,0,1
10000.0,62030.14,0.2744733393192291,0,1
10000.0,61328.0,0.31008028984069824,0,1
10000.0,61878.01,0.29672205448150635,0,1
10000.0,61778.41,0.2905576229095459,0,1
10000.0,62865.87,0.3178579807281494,0,0
10000.0,63332.01,0.29490429162979126,0,0
10000.0,63631.42,0.3092455565929413,0,0
10000.0,63211.41,0.31730592250823975,0,0
10000.0,63129.93,0.3089335858821869,0,0
10000.0,63130.12,0.2966703474521637,0,1
10000.0,62684.61,0.30953142046928406,0,1
10000.0,62764.0,0.3042559325695038,0,1
10000.0,62988.03,0.3049864172935486,0,1
10000.0,63283.99,0.3016440272331238,0,1
10000.0,63132.83,0.2983471751213074,0,1
10000.0,63502.0,0.31005239486694336,0,0
10000.0,63172.3,0.30944421887397766,0,1
10000.0,63479.61,0.30414968729019165,0,0
10000.0,63872.0,0.33837294578552246,0,0
10000.0,63758.0,0.3257867693901062,0,0
10000.0,63964.08,0.3211428225040436,0,0
10000.0,63774.48,0.306130588054657,0,0
10000.0,63532.01,0.28973403573036194,0,0
10000.0,63550.0,0.28443458676338196,0,0
10000.0,63466.83,0.2823275327682495,0,0
10000.0,63372.01,0.2568647563457489,0,0
10000.0,63485.49,0.26735517382621765,0,0
10000.0,63728.96,0.2802683711051941,0,0
10000.0,63440.01,0.2835685908794403,0,0
10000.0,63085.99,0.29089751839637756,0,0
10000.0,62562.0,0.3239748179912567,0,1
10000.0,62764.01,0.27395889163017273,0,1
10000.0,62868.0,0.2685777246952057,0,0
10000.0,62875.17,0.2726856768131256,0,0
10000.0,63242.36,0.2884471118450165,0,0
10000.0,63338.68,0.2865859568119049,0,0
10000.0,63300.0,0.26655998826026917,0,0
10000.0,63198.44,0.2832184135913849,0,0
10000.0,62849.75,0.2899306118488312,0,0
10000.0,62715.37,0.29137182235717773,0,0
10000.0,62786.01,0.2611437141895294,0,0
10000.0,62711.12,0.2621459364891052,0,0
10000.0,62645.15,0.30236589908599854,0,0
10000.0,62273.61,0.3211436867713928,0,0
10000.0,61541.95,0.33018243312835693,0,1
10000.0,61131.84,0.33018243312835693,0,1
10000.0,61390.51,0.3265869915485382,0,1
10000.0,61692.01,0.3163318634033203,0,0
10000.0,61792.01,0.30932092666625977,0,0
10000.0,62098.09,0.30932092666625977,0,0
10000.0,62160.0,0.2816990613937378,0,0
10000.0,61761.2,0.3128145933151245,0,0
10000.0,61717.5,0.28054508566856384,0,0
10000.0,61730.0,0.2886691987514496,0,0
10000.0,61923.16,0.2997243106365204,0,0
10000.0,61714.0,0.30932092666625977,0,0
10000.0,61302.36,0.3221031129360199,0,0
10000.0,61549.64,0.28054508566856384,0,0
10000.0,61295.99,0.31396496295928955,0,0
10000.0,61361.17,0.2905902564525604,0,0
10000.0,61472.89,0.3046545684337616,0,0
10000.0,61687.56,0.315347284078598,0,1
10000.0,61261.55,0.32324591279029846,0,1
10000.0,61334.94,0.31921929121017456,0,1
10000.0,61386.09,0.2621459364891052,0,1
10000.0,61034.04,0.3192516267299652,0,1
10000.0,61564.01,0.32184383273124695,0,1
10000.0,62146.42,0.3101566433906555,0,0
10000.0,62195.99,0.3000672161579132,0,0
10000.0,62639.23,0.30668121576309204,0,0
10000.0,62219.33,0.3170475959777832,0,0
10000.0,61969.99,0.3023570775985718,0,0
10000.0,61882.0,0.2925943434238434,0,0
10000.0,61942.44,0.29564040899276733,0,0
10000.0,61805.51,0.2843094766139984,0,1
10000.0,61356.18,0.299026757478714,0,1
10000.0,61381.46,0.29564040899276733,0,1
10000.0,61510.99,0.2908686697483063,0,1
10000.0,61812.0,0.2908686697483063,0,1
10000.0,62206.01,0.2957262098789215,0,1
10000.0,62148.0,0.2957457900047302,0,1
10000.0,62689.48,0.30309656262397766,0,0
10000.0,62726.86,0.275341272354126,0,1
10000.0,62610.0,0.2637646794319153,0,1
10000.0,62772.0,0.295515239238739,0,0
10000.0,62719.39,0.2669910192489624,0,1
10000.0,62957.99,0.27149251103401184,0,0
10000.0,62927.49,0.2406778484582901,0,0
10000.0,63148.0,0.28621363639831543,0,0
10000.0,63108.0,0.2723848223686218,0,1
10000.0,63010.01,0.29748085141181946,0,1
10000.0,63077.57,0.2912723124027252,0,1
10000.0,62734.02,0.2836509644985199,0,1
10000.0,62749.44,0.2836509644985199,0,1
10000.0,62582.45,0.259335994720459,0,1
10000.0,63644.19,0.30668121576309204,0,0
10000.0,63461.12,0.28178203105926514,0,0
10000.0,63605.68,0.28178203105926514,0,0
10000.0,63393.67,0.2806845009326935,0,0
10000.0,63519.99,0.23674429953098297,0,0
10000.0,63500.01,0.23674429953098297,0,0
10000.0,63625.99,0.2649531960487366,0,0
10000.0,63648.8,0.273266077041626,0,0
10000.0,63426.2,0.2658937871456146,0,0
10000.0,63624.07,0.26801636815071106,0,0
10000.0,63524.82,0.2627156674861908,0,0
10000.0,63700.0,0.2848714590072632,0,0
10000.0,63358.2,0.28941670060157776,0,1
10000.0,62980.45,0.28549423813819885,0,1
10000.0,63100.8,0.26961666345596313,0,0
10000.0,63470.81,0.29085850715637207,0,1
10000.0,63752.93,0.28506672382354736,0,0
10000.0,63702.01,0.27201563119888306,0,0
10000.0,63766.01,0.25235283374786377,0,0
10000.0,63465.51,0.2848191559314728,0,0
10000.0,63229.1,0.2797948122024536,0,1
10000.0,63999.99,0.29198789596557617,0,0
10000.0,63593.02,0.30358970165252686,0,0
10000.0,63982.48,0.277034729719162,0,0
10000.0,63865.44,0.27736425399780273,0,0
10000.0,63694.0,0.2723192870616913,0,0
10000.0,63589.27,0.26994067430496216,0,0
10000.0,63449.0,0.2657610774040222,0,0
10000.0,63472.0,0.24689200520515442,0,0
10000.0,63502.0,0.2596128284931183,0,0
10000.0,63580.01,0.23478476703166962,0,0
10000.0,63600.01,0.23532633483409882,0,0
10000.0,63837.89,0.2591693103313446,0,0
10000.0,63646.01,0.2555692493915558,0,0
10000.0,63532.0,0.2557050287723541,0,0
10000.0,63512.01,0.22501340508460999,0,1
10000.0,63584.03,0.21402472257614136,0,1
10000.0,63735.74,0.23549138009548187,0,1
10000.0,63846.0,0.24210304021835327,0,0
10000.0,63806.0,0.21432337164878845,0,1
10000.0,63743.12,0.21609430015087128,0,1
10000.0,63843.01,0.2072627693414688,0,0
10000.0,63971.28,0.21229663491249084,0,0
10000.0,64133.12,0.27686306834220886,0,0
10000.0,64102.69,0.2615737318992615,0,0
10000.0,64220.97,0.22878432273864746,0,0
10000.0,64296.15,0.26878976821899414,0,0
10000.0,64029.17,0.28071168065071106,0,1
10000.0,63971.19,0.25329017639160156,0,1
10000.0,64161.46,0.2658100128173828,0,1
10000.0,64296.59,0.25499552488327026,0,0
10000.0,64278.31,0.22202107310295105,0,0
10000.0,64471.04,0.2820938229560852,0,0
10000.0,64456.47,0.2510204315185547,0,0
10000.0,64458.01,0.26985976099967957,0,0
10000.0,64565.0,0.26985976099967957,0,0
10000.0,64563.0,0.26985976099967957,0,0
10000.0,64490.01,0.24999958276748657,0,0
10000.0,64545.3,0.21621555089950562,0,0
10000.0,64339.07,0.2501857876777649,0,0
10000.0,64338.0,0.22010095417499542,0,0
10000.0,64286.1,0.2512727379798889,0,0
10000.0,64429.39,0.22742925584316254,0,0
10000.0,64456.33,0.20481055974960327,0,0
10000.0,64616.0,0.2373070865869522,0,0
10000.0,64521.13,0.2195160686969757,0,0
10000.0,64546.0,0.22910407185554504,0,0
10000.0,64327.53,0.22256532311439514,0,0
10000.0,64317.99,0.21560408174991608,0,0
10000.0,63983.55,0.2555094063282013,0,0
10000.0,64025.07,0.22447487711906433,0,1
10000.0,63942.63,0.25140365958213806,0,1
10000.0,63732.64,0.25484776496887207,0,1
10000.0,63813.3,0.2208944708108902,0,1
10000.0,63802.0,0.2149689942598343,0,1
10000.0,64008.64,0.2474229484796524,0,1
10000.0,65311.59,0.3242748975753784,0,1
10000.0,65426.78,0.30509060621261597,0,0
10000.0,65746.45,0.30673375725746155,0,0
10000.0,65625.99,0.3009706139564514,0,0
10000.0,65525.0,0.2944241464138031,0,0
10000.0,65472.01,0.2692353129386902,0,0
10000.0,65927.1,0.3056280016899109,0,0
10000.0,65644.01,0.27673041820526123,0,0
10000.0,65858.01,0.26946595311164856,0,1
10000.0,65812.01,0.26246511936187744,0,1
10000.0,65674.76,0.28539276123046875,0,1
10000.0,65662.01,0.24616077542304993,0,1
10000.0,65596.86,0.2633781135082245,0,1
10000.0,65917.37,0.2772272527217865,0,1
10000.0,66233.9,0.30549708008766174,0,1
10000.0,66563.49,0.2950468063354492,0,0
10000.0,66447.05,0.2936334013938904,0,0
10000.0,66591.55,0.30160120129585266,0,0
10000.0,67292.14,0.3104242980480194,0,0
10000.0,67157.99,0.31140804290771484,0,0
10000.0,66851.79,0.2797948122024536,0,0
10000.0,66766.12,0.24627803266048431,0,0
10000.0,66614.35,0.27737292647361755,0,0
10000.0,66519.98,0.23034562170505524,0,0
10000.0,66368.15,0.2466375231742859,0,0
10000.0,66206.34,0.2825152277946472,0,0
10000.0,66328.74,0.2609877288341522,0,0
10000.0,66250.0,0.24320320785045624,0,0
10000.0,66346.52,0.23451392352581024,0,0
10000.0,65741.99,0.2840258777141571,0,1
10000.0,66165.21,0.27729523181915283,0,1
10000.0,65840.09,0.28941670060157776,0,1
10000.0,66045.0,0.26072990894317627,0,1
10000.0,66446.0,0.27857691049575806,0,0
10000.0,66372.0,0.25441786646842957,0,0
10000.0,66899.61,0.2813051640987396,0,0
10000.0,66510.0,0.2830614745616913,0,0
10000.0,66514.0,0.27096429467201233,0,0
10000.0,66481.73,0.2529004216194153,0,0
10000.0,66429.83,0.28404501080513,0,0
10000.0,66052.0,0.290007084608078,0,0
10000.0,65654.9,0.32558566331863403,0,0
10000.0,65859.76,0.320039838552475,0,0
10000.0,65758.07,0.2752176523208618,0,0
10000.0,65978.79,0.276915043592453,0,0
10000.0,65847.99,0.3046545684337616,0,0
10000.0,65675.88,0.27974167466163635,0,0
10000.0,65854.0,0.2596070170402527,0,0
10000.0,65776.97,0.2589915096759796,0,0
10000.0,65780.0,0.22501340508460999,0,0
10000.0,65675.01,0.2271193116903305,0,0
10000.0,65700.0,0.23766528069972992,0,0
10000.0,65940.0,0.281552255153656,0,0
10000.0,65904.0,0.2755449414253235,0,0
10000.0,65851.99,0.2510840594768524,0,0
10000.0,65892.0,0.24915699660778046,0,0
10000.0,65836.3,0.24022188782691956,0,0
10000.0,65624.0,0.25512298941612244,0,0
10000.0,65539.5,0.2902403771877289,0,0
10000.0,64926.02,0.30962273478507996,0,0
10000.0,64909.44,0.2523999810218811,0,1
10000.0,64798.0,0.25816503167152405,0,1
10000.0,64810.01,0.26480692625045776,0,1
10000.0,65040.88,0.2996632754802704,0,1
10000.0,65278.0,0.2992538809776306,0,0
10000.0,65101.45,0.29983165860176086,0,0
10000.0,65752.0,0.2957630753517151,0,0
10000.0,65864.12,0.286086767911911,0,0
10000.0,66104.08,0.27586519718170166,0,0
10000.0,65516.0,0.3173203766345978,0,0
10000.0,64301.85,0.34032079577445984,0,0
10000.0,64434.36,0.28567811846733093,0,0
10000.0,64257.77,0.29835548996925354,0,0
10000.0,64300.01,0.3196091949939728,0,0
10000.0,64509.4,0.29185956716537476,0,0
10000.0,64468.01,0.2906014025211334,0,0
10000.0,64548.74,0.2976522445678711,0,0
10000.0,64689.5,0.27606257796287537,0,0
10000.0,64282.82,0.3204820156097412,0,0
10000.0,63883.41,0.33704230189323425,0,0
10000.0,63994.0,0.30426234006881714,0,0
10000.0,64083.41,0.29993271827697754,0,0
10000.0,64510.44,0.3286523222923279,0,0
10000.0,64399.92,0.3036247193813324,0,0
10000.0,64199.53,0.2791539430618286,0,0
10000.0,64078.61,0.2927228510379791,0,0
10000.0,63974.4,0.29378417134284973,0,0
10000.0,64378.07,0.3051658272743225,0,0
10000.0,63984.0,0.33133792877197266,0,0
10000.0,63816.61,0.3330911099910736,0,0
10000.0,62369.44,0.3469250202178955,0,1
10000.0,62688.0,0.338339239358902,0,0
10000.0,62606.0,0.338339239358902,0,1
10000.0,62708.92,0.3335099518299103,0,0
10000.0,62950.79,0.3263000249862671,0,0
10000.0,63086.0,0.30503207445144653,0,0
10000.0,62971.32,0.2854691743850708,0,0
10000.0,62885.85,0.27592402696609497,0,0
10000.0,62958.01,0.253897488117218,0,0
10000.0,63020.0,0.2886536121368408,0,0
10000.0,63021.86,0.29331350326538086,0,0
10000.0,63006.0,0.24286067485809326,0,0
10000.0,62773.51,0.3305515944957733,0,0
10000.0,62452.01,0.32855239510536194,0,0
10000.0,62739.2,0.28771573305130005,0,0
10000.0,62894.08,0.24286067485809326,0,0
10000.0,62629.99,0.3252991735935211,0,1
10000.0,62603.99,0.29042989015579224,0,1
10000.0,62390.0,0.303230881690979,0,1
10000.0,62533.25,0.2783747911453247,0,1
10000.0,62626.0,0.2589799761772156,0,1
10000.0,62830.01,0.3092897832393646,0,0
10000.0,63210.0,0.30164581537246704,0,0
10000.0,63203.53,0.29982990026474,0,0
10000.0,63214.01,0.2636210322380066,0,0
10000.0,62971.99,0.28953617811203003,0,1
10000.0,63198.01,0.283179372549057,0,1
10000.0,63110.01,0.24288441240787506,0,1
10000.0,63021.6,0.2271193116903305,0,1
10000.0,63250.01,0.2511517107486725,0,0
10000.0,63075.98,0.2271193116903305,0,1
10000.0,63315.28,0.2555284798145294,0,0
10000.0,63543.91,0.271678626537323,0,0
10000.0,63530.01,0.26409095525741577,0,0
10000.0,63586.28,0.23929916322231293,0,0
10000.0,63340.57,0.25518137216567993,0,0
10000.0,63476.79,0.22501340508460999,0,0
10000.0,63583.53,0.22501340508460999,0,0
10000.0,63678.07,0.27621152997016907,0,0
10000.0,63744.61,0.21588902175426483,0,0
10000.0,63655.21,0.23549138009548187,0,0
10000.0,63417.97,0.2569299638271332,0,1
10000.0,63741.16,0.2701902985572815,0,1
10000.0,63674.7,0.23766528069972992,0,1
10000.0,63688.0,0.23929916322231293,0,0
10000.0,63655.09,0.24915699660778046,0,0
10000.0,63397.78,0.2720041871070862,0,1
10000.0,63949.9,0.2961669862270355,0,0
10000.0,64160.04,0.2855759859085083,0,0
10000.0,64034.31,0.2616257667541504,0,0
10000.0,63834.7,0.26376834511756897,0,1
10000.0,63805.89,0.2133995145559311,0,1
10000.0,63936.0,0.22501340508460999,0,0
10000.0,63925.99,0.21929381787776947,0,0
10000.0,64012.4,0.23766528069972992,0,1
10000.0,64272.01,0.2780504524707794,0,0
10000.0,64298.01,0.21335916221141815,0,0
10000.0,64294.0,0.2187352031469345,0,0
10000.0,64248.0,0.22143298387527466,0,0
10000.0,64241.25,0.21145744621753693,0,0
10000.0,64426.0,0.2546387314796448,0,0
10000.0,64276.12,0.2556246817111969,0,0
10000.0,64256.55,0.2133995145559311,0,0
10000.0,64303.46,0.2133995145559311,0,0
10000.0,64191.07,0.2208944708108902,0,0
10000.0,64014.0,0.25652584433555603,0,0
10000.0,64209.16,0.24558836221694946,0,0
10000.0,64365.99,0.23201397061347961,0,0
10000.0,64176.0,0.2668488025665283,0,0
10000.0,64200.0,0.2350839078426361,0,0
10000.0,64146.0,0.20779404044151306,0,0
10000.0,64145.97,0.20505906641483307,0,0
10000.0,64224.0,0.2140222191810608,0,0
10000.0,64145.31,0.20276960730552673,0,0
10000.0,64151.46,0.20394808053970337,0,0
10000.0,64213.81,0.20669025182724,0,0
10000.0,64207.12,0.20763573050498962,0,1
10000.0,63848.0,0.24680137634277344,0,1
10000.0,63808.01,0.2555094063282013,0,0
10000.0,63801.59,0.2436804473400116,0,0
10000.0,63311.99,0.30780118703842163,0,1
10000.0,63896.01,0.30183690786361694,0,0
10000.0,64606.0,0.30149927735328674,0,0
10000.0,64257.99,0.2828267514705658,0,0
10000.0,63974.01,0.29241687059402466,0,0
10000.0,64100.02,0.2702823281288147,0,0
10000.0,64247.74,0.2663716971874237,0,1
10000.0,63989.95,0.27319368720054626,0,1
10000.0,64211.19,0.28374743461608887,0,1
10000.0,64165.99,0.2713067829608917,0,1
10000.0,64145.39,0.23161673545837402,0,1
10000.0,64139.21,0.23941555619239807,0,1
10000.0,64657.22,0.28521257638931274,0,0
10000.0,65149.57,0.2927214503288269,0,0
10000.0,65578.0,0.31330063939094543,0,0
10000.0,64980.39,0.2998805642127991,0,0
10000.0,64836.95,0.2859693169593811,0,0
10000.0,64719.77,0.2866651117801666,0,0
10000.0,64602.0,0.2877960503101349,0,0
10000.0,64334.01,0.28745904564857483,0,0
10000.0,64472.0,0.2677482068538666,0,0
10000.0,64433.8,0.2718528211116791,0,0
10000.0,64320.57,0.2648929953575134,0,0
10000.0,63971.12,0.2877248227596283,0,0
10000.0,64020.01,0.24331624805927277,0,0
10000.0,64154.99,0.26500096917152405,0,0
10000.0,64156.0,0.27878686785697937,0,0
10000.0,64204.01,0.23549138009548187,0,0
10000.0,64065.35,0.2406722456216812,0,0
10000.0,63623.02,0.29247573018074036,0,0
10000.0,63400.0,0.30479079484939575,0,0
10000.0,62936.01,0.32558566331863403,0,0
10000.0,62886.03,0.26020559668540955,0,0
10000.0,62385.99,0.31942328810691833,0,0
10000.0,62386.0,0.2651740610599518,0,0
10000.0,62328.01,0.26637914776802063,0,0
10000.0,62507.06,0.2621459364891052,0,0
10000.0,62256.6,0.30236589908599854,0,0
10000.0,62475.99,0.30943018198013306,0,0
10000.0,62493.63,0.3049139678478241,0,0
10000.0,62487.79,0.2655211389064789,0,0
10000.0,62558.0,0.30733221769332886,0,0
10000.0,62358.02,0.29679346084594727,0,1
10000.0,62241.99,0.271589994430542,0,1
10000.0,62388.49,0.26685887575149536,0,1
10000.0,62470.7,0.22719235718250275,0,0
10000.0,62599.77,0.23141993582248688,0,0
10000.0,62590.0,0.2500514090061188,0,0
10000.0,62734.57,0.26439523696899414,0,0
10000.0,63014.0,0.2756578326225281,0,0
10000.0,62932.19,0.282281756401062,0,0
10000.0,62630.0,0.3023322820663452,0,0
10000.0,62729.78,0.3023322820663452,0,0
10000.0,62744.42,0.28671547770500183,0,0
10000.0,62890.0,0.27750715613365173,0,0
10000.0,62780.0,0.23446211218833923,0,0
10000.0,62657.99,0.27936026453971863,0,0
10000.0,62800.0,0.24524083733558655,0,0
10000.0,62681.7,0.25316622853279114,0,0
10000.0,62445.99,0.27206894755363464,0,0
10000.0,62921.19,0.3004842698574066,0,0
10000.0,62618.31,0.28758785128593445,0,0
10000.0,61338.01,0.3380509316921234,0,0
10000.0,61113.1,0.3380509316921234,0,0
10000.0,60250.0,0.3469250202178955,0,1
10000.0,59850.0,0.3494560122489929,0,1
10000.0,59404.0,0.3494560122489929,0,1
10000.0,59599.99,0.3431061804294586,0,1
10000.0,59958.3,0.3281711935997009,0,1
10000.0,60956.0,0.34549233317375183,0,0
10000.0,61110.0,0.34262123703956604,0,0
10000.0,60873.99,0.3465496003627777,0,1
10000.0,61077.99,0.30401259660720825,0,1
10000.0,60832.0,0.3263000249862671,0,1
10000.0,60928.0,0.30401259660720825,0,1
10000.0,60799.08,0.29691991209983826,0,1
10000.0,60883.65,0.2839721143245697,0,1
10000.0,61357.63,0.32923462986946106,0,0
10000.0,61600.01,0.3335099518299103,0,0
10000.0,61732.06,0.3001325726509094,0,0
10000.0,61911.04,0.2995719909667969,0,0
10000.0,61712.35,0.27592402696609497,0,0
10000.0,61739.29,0.25671809911727905,0,0
10000.0,61269.94,0.3361811339855194,0,0
10000.0,61282.01,0.3233374357223511,0,0
10000.0,61244.01,0.3392476439476013,0,0
10000.0,58290.17,0.3536583483219147,0,1
10000.0,59471.5,0.3566882908344269,0,0
10000.0,59557.99,0.350742906332016,0,1
10000.0,59312.64,0.350742906332016,0,1
10000.0,59676.01,0.34418487548828125,0,0
10000.0,59512.71,0.3471668064594269,0,0
10000.0,59320.0,0.34028518199920654,0,0
10000.0,59456.62,0.3502664864063263,0,0
10000.0,60211.87,0.355111300945282,0,0
10000.0,59851.27,0.34630241990089417,0,0
10000.0,59794.0,0.3407094180583954,0,0
10000.0,59667.09,0.32206085324287415,0,1
10000.0,59431.5,0.34549233317375183,0,1
10000.0,58561.99,0.3536583483219147,0,1
10000.0,60036.01,0.36462125182151794,0,0
10000.0,59920.47,0.3567031919956207,0,0
10000.0,59953.3,0.3322570025920868,0,0
10000.0,60324.0,0.35330358147621155,0,0
10000.0,60532.0,0.3408787250518799,0,0
10000.0,60245.67,0.3402691185474396,0,0
10000.0,59736.01,0.3493236303329468,0,1
10000.0,59313.26,0.3493236303329468,0,1
10000.0,59413.24,0.3365629017353058,0,1
10000.0,59185.02,0.3495718240737915,0,1
10000.0,60175.43,0.34521788358688354,0,0
10000.0,59590.73,0.3566378355026245,0,0
10000.0,60328.32,0.3286841809749603,0,0
10000.0,60041.75,0.3567736744880676,0,0
10000.0,60023.97,0.3245931565761566,0,0
10000.0,59668.01,0.3399241864681244,0,1
10000.0,59751.97,0.3234807252883911,0,0
10000.0,59718.0,0.3064591884613037,0,1
10000.0,59918.7,0.3005942702293396,0,1
10000.0,60048.0,0.29494068026542664,0,0
10000.0,60097.27,0.26135072112083435,0,0
10000.0,60059.07,0.2879665493965149,0,1
10000.0,59945.53,0.2202754020690918,0,1
10000.0,60290.01,0.29959389567375183,0,0
10000.0,60305.73,0.28089669346809387,0,0
10000.0,60239.99,0.2768018841743469,0,0
10000.0,60236.76,0.2552323341369629,0,0
10000.0,60370.62,0.2882513701915741,0,0
10000.0,60548.07,0.28446778655052185,0,0
10000.0,60456.0,0.2490241974592209,0,0
10000.0,60414.62,0.2655622065067291,0,1
10000.0,60420.28,0.22031129896640778,0,1
10000.0,60363.65,0.2624826729297638,0,0
10000.0,60430.0,0.2456469088792801,0,0
10000.0,60588.35,0.2684382498264313,0,0
10000.0,60611.5,0.25499552488327026,0,0
10000.0,60840.06,0.28071168065071106,0,0
10000.0,60807.99,0.2510204315185547,0,0
10000.0,60524.88,0.2810439169406891,0,0
10000.0,60570.86,0.22023604810237885,0,0
10000.0,60175.95,0.2823329567909241,0,0
10000.0,60300.0,0.21731775999069214,0,0
10000.0,60203.82,0.2701902985572815,0,0
10000.0,60228.95,0.2759883403778076,0,0
10000.0,60029.0,0.2720041871070862,0,0
10000.0,60146.0,0.24195703864097595,0,0
10000.0,60222.22,0.2501288056373596,0,0
10000.0,60150.45,0.2596226632595062,0,0
10000.0,60197.04,0.21731775999069214,0,0
10000.0,60133.0,0.2270294725894928,0,0
10000.0,59989.17,0.2656826078891754,0,1
10000.0,60002.82,0.24791164696216583,0,0
10000.0,60219.99,0.2518545091152191,0,0
10000.0,60370.0,0.27439701557159424,0,0
10000.0,60258.84,0.23929916322231293,0,0
10000.0,60166.71,0.251863569021225,0,0
10000.0,60342.0,0.2523931860923767,0,0
10000.0,60293.51,0.2256644368171692,0,0
10000.0,60071.88,0.25554630160331726,0,0
10000.0,60033.0,0.21973173320293427,0,0
10000.0,59890.0,0.2417427897453308,0,0
10000.0,59690.62,0.30415353178977966,0,0
10000.0,59586.01,0.3076351284980774,0,0
10000.0,59614.46,0.23549138009548187,0,0
10000.0,59481.79,0.2880191206932068,0,0
10000.0,59660.0,0.25114905834198,0,0
10000.0,59445.95,0.2899051606655121,0,1
10000.0,59067.01,0.3211436867713928,0,1
10000.0,59577.01,0.3060678541660309,0,1
10000.0,59667.01,0.2996535897254944,0,1
10000.0,59440.95,0.2988475561141968,0,1
10000.0,59757.46,0.30069783329963684,0,0
10000.0,60049.46,0.29094618558883667,0,0
10000.0,59830.0,0.267853319644928,0,0
10000.0,60102.8,0.28644153475761414,0,0
10000.0,60075.49,0.2677128314971924,0,0
10000.0,60026.0,0.26525795459747314,0,0
10000.0,59840.0,0.28930750489234924,0,0
10000.0,60057.0,0.2670693099498749,0,0
10000.0,60088.0,0.2634727656841278,0,0
10000.0,59956.05,0.27878686785697937,0,1
10000.0,59948.78,0.313708633184433,0,1
10000.0,59580.0,0.31476274132728577,0,1
10000.0,59469.67,0.3026065528392792,0,1
10000.0,59824.01,0.3070402145385742,0,1
10000.0,59892.86,0.2865859568119049,0,1
10000.0,60413.99,0.30668121576309204,0,0
10000.0,60295.0,0.26985618472099304,0,0
10000.0,60433.49,0.2802683711051941,0,0
10000.0,60296.0,0.2568647563457489,0,0
10000.0,60479.72,0.2587297260761261,0,0
10000.0,60352.31,0.23533444106578827,0,0
10000.0,60260.21,0.2331753373146057,0,0
10000.0,59838.01,0.28991127014160156,0,0
10000.0,59939.94,0.26150116324424744,0,0
10000.0,59948.24,0.2653557062149048,0,0
10000.0,59627.48,0.27620506286621094,0,0
10000.0,59492.01,0.2729471027851105,0,0
10000.0,59652.13,0.2705650329589844,0,0
10000.0,59592.0,0.26118358969688416,0,0
10000.0,59524.01,0.26438578963279724,0,0
10000.0,59311.92,0.296328604221344,0,0
10000.0,59374.96,0.2455752193927765,0,0
10000.0,59334.01,0.22200772166252136,0,0
10000.0,59192.7,0.2596690058708191,0,0
10000.0,58412.0,0.32558566331863403,0,0
10000.0,58737.18,0.31942328810691833,0,0
10000.0,58482.81,0.31942328810691833,0,0
10000.0,58381.99,0.3157191276550293,0,0
10000.0,58497.65,0.31187009811401367,0,0
10000.0,58417.99,0.279901921749115,0,0
10000.0,58680.87,0.30043309926986694,0,0
10000.0,58818.05,0.27033382654190063,0,0
10000.0,58732.01,0.2610536813735962,0,1
10000.0,58639.99,0.25705239176750183,0,1
10000.0,58607.99,0.25705239176750183,0,1
10000.0,58624.71,0.21980345249176025,0,1
10000.0,58576.0,0.30043309926986694,0,0
10000.0,58770.57,0.3147355616092682,0,0
10000.0,59085.0,0.30733221769332886,0,0
10000.0,59197.13,0.2944181263446808,0,0
10000.0,59339.99,0.28231003880500793,0,0
10000.0,59154.33,0.25474628806114197,0,0
10000.0,58755.8,0.31585532426834106,0,0
10000.0,58768.65,0.27196213603019714,0,1
10000.0,58973.99,0.2756194770336151,0,1
10000.0,58944.55,0.2621459364891052,0,1
10000.0,58659.98,0.27397769689559937,0,1
10000.0,58622.03,0.24335208535194397,0,1
10000.0,58538.01,0.2861059904098511,0,1
10000.0,59498.03,0.30829453468322754,0,1
10000.0,59542.0,0.313345342874527,0,1
10000.0,60147.15,0.3183203339576721,0,1
10000.0,59920.0,0.2930126190185547,0,1
10000.0,60190.6,0.28661027550697327,0,0
10000.0,60171.16,0.2701771855354309,0,0
10000.0,60028.67,0.28661027550697327,0,0
10000.0,60126.0,0.2693190574645996,0,0
10000.0,60815.99,0.2930454909801483,0,0
10000.0,60478.01,0.30522578954696655,0,1
10000.0,60024.0,0.29311102628707886,0,1
10000.0,59761.73,0.3034402132034302,0,1
10000.0,60175.92,0.30208125710487366,0,0
10000.0,60423.1,0.29080817103385925,0,0
10000.0,61058.0,0.31159666180610657,0,0
10000.0,60787.98,0.2845337390899658,0,1
10000.0,60504.54,0.30944421887397766,0,1
10000.0,60274.01,0.3023393154144287,0,1
10000.0,60149.99,0.271382600069046,0,1
10000.0,60511.99,0.2976260483264923,0,1
10000.0,61184.0,0.31830814480781555,0,1
10000.0,61263.68,0.2814543843269348,0,1
10000.0,61358.01,0.2753360867500305,0,1
10000.0,61542.53,0.29329973459243774,0,0
10000.0,61939.04,0.317015677690506,0,0
10000.0,61696.61,0.3150276839733124,0,0
10000.0,61612.93,0.28973403573036194,0,0
10000.0,61682.34,0.2932802736759186,0,0
10000.0,61667.39,0.2746322453022003,0,0
10000.0,61761.36,0.2595977783203125,0,0
10000.0,61479.6,0.2709520161151886,0,0
10000.0,61584.78,0.25343993306159973,0,0
10000.0,61592.26,0.21583200991153717,0,0
10000.0,61465.26,0.2335502654314041,0,0
10000.0,61560.0,0.25481975078582764,0,0
10000.0,61308.75,0.274172842502594,0,1
10000.0,61588.0,0.2727184593677521,0,0
10000.0,61440.01,0.28178948163986206,0,0
10000.0,61434.0,0.2693060338497162,0,0
10000.0,61448.0,0.25038376450538635,0,1
10000.0,61700.49,0.2849717140197754,0,1
10000.0,61710.01,0.243012472987175,0,0
10000.0,61750.47,0.2445312738418579,0,1
10000.0,61584.0,0.2491314858198166,0,1
10000.0,61718.68,0.20810487866401672,0,0
10000.0,61916.46,0.24924424290657043,0,0
10000.0,62024.02,0.25453507900238037,0,0
10000.0,61983.99,0.2583363354206085,0,0
10000.0,62116.01,0.26946115493774414,0,0
10000.0,62167.48,0.27991724014282227,0,1
10000.0,61922.72,0.2865492105484009,0,1
10000.0,62104.81,0.23549138009548187,0,1
10000.0,62194.0,0.24027740955352783,0,1
10000.0,62204.01,0.22982008755207062,0,1
10000.0,62210.0,0.2510204315185547,0,0
10000.0,62776.92,0.3020181357860565,0,0
10000.0,62732.0,0.2806040644645691,0,0
10000.0,62578.0,0.2579209804534912,0,0
10000.0,62583.26,0.2510204315185547,0,0
10000.0,62756.29,0.2816529870033264,0,0
10000.0,62468.44,0.2945576310157776,0,0
10000.0,62538.96,0.2355729639530182,0,0
10000.0,62627.29,0.2652744948863983,0,0
10000.0,62700.0,0.2442358285188675,0,0
10000.0,62471.52,0.25413835048675537,0,0
10000.0,62500.01,0.24791164696216583,0,0
10000.0,62576.0,0.24660156667232513,0,0
10000.0,62553.78,0.23928630352020264,0,0
10000.0,62494.0,0.23766528069972992,0,1
10000.0,62513.0,0.20900529623031616,0,1
10000.0,62482.01,0.21388867497444153,0,1
10000.0,62664.01,0.21755975484848022,0,1
10000.0,62588.84,0.21249660849571228,0,1
10000.0,62693.99,0.20189210772514343,0,1
10000.0,62943.29,0.2572942078113556,0,1
10000.0,62927.29,0.2129381000995636,0,0
10000.0,63280.38,0.2862265408039093,0,0
10000.0,63172.78,0.266334593296051,0,0
10000.0,63294.72,0.26554182171821594,0,0
10000.0,63233.78,0.266334593296051,0,0
10000.0,63297.84,0.25957560539245605,0,0
10000.0,63184.99,0.24181275069713593,0,0
10000.0,63144.01,0.2738020420074463,0,0
10000.0,62991.29,0.2754940092563629,0,0
10000.0,62887.94,0.26520562171936035,0,0
10000.0,62693.56,0.2658643126487732,0,0
10000.0,62769.04,0.226272314786911,0,0
10000.0,62815.99,0.2545340061187744,0,0
10000.0,62740.5,0.24012114107608795,0,0
10000.0,62782.18,0.23361890017986298,0,0
10000.0,63020.21,0.25020697712898254,0,0
10000.0,62915.0,0.23766528069972992,0,0
10000.0,62622.18,0.2740696668624878,0,0
10000.0,62756.12,0.22501340508460999,0,0
10000.0,62658.92,0.23766528069972992,0,0
10000.0,62745.01,0.23549138009548187,0,0
10000.0,62792.0,0.23714803159236908,0,0
10000.0,62812.25,0.23549138009548187,0,0
10000.0,62740.01,0.2524392604827881,0,1
10000.0,62637.48,0.2393324226140976,0,1
10000.0,62624.93,0.22955107688903809,0,1
10000.0,62820.33,0.21349509060382843,0,1
10000.0,62768.88,0.22018177807331085,0,1
10000.0,62730.61,0.20638518035411835,0,1
10000.0,63092.01,0.24880075454711914,0,0
10000.0,63736.0,0.30894097685813904,0,0
10000.0,63650.0,0.27923059463500977,0,0
10000.0,63761.99,0.27923059463500977,0,0
10000.0,63576.0,0.27714109420776367,0,0
10000.0,63460.01,0.26288866996765137,0,0
10000.0,63294.0,0.2720041871070862,0,0
10000.0,63267.99,0.23766528069972992,0,0
10000.0,63114.0,0.2576097846031189,0,0
10000.0,62976.0,0.24459104239940643,0,0
10000.0,63089.42,0.25337526202201843,0,0
10000.0,62904.01,0.2720041871070862,0,0
10000.0,62664.77,0.25388193130493164,0,1
10000.0,62822.06,0.2701902985572815,0,1
10000.0,62483.84,0.271678626537323,0,1
10000.0,61754.01,0.32248690724372864,0,1
10000.0,61768.21,0.32558566331863403,0,1
10000.0,62052.0,0.3093060255050659,0,1
10000.0,63545.98,0.32290375232696533,0,1
10000.0,63732.0,0.3101786673069,0,1
10000.0,63587.38,0.3096776008605957,0,1
10000.0,63696.4,0.2701883614063263,0,1
10000.0,63738.52,0.2546539008617401,0,0
10000.0,63828.0,0.26676297187805176,0,0
10000.0,64489.98,0.3256305754184723,0,0
10000.0,64244.0,0.26955273747444153,0,0
10000.0,64042.02,0.268428772687912,0,0
10000.0,64203.99,0.29799947142601013,0,0
10000.0,63840.0,0.3009873926639557,0,0
10000.0,63322.01,0.30473995208740234,0,0
10000.0,63191.01,0.2725703716278076,0,0
10000.0,63100.01,0.2650165855884552,0,0
10000.0,63128.01,0.2984796464443207,0,0
10000.0,63340.0,0.2984796464443207,0,0
10000.0,63083.18,0.29376745223999023,0,0
10000.0,63104.0,0.24407336115837097,0,1
10000.0,63256.0,0.26676297187805176,0,1
10000.0,63284.0,0.2742942273616791,0,1
10000.0,63406.0,0.26075389981269836,0,1
10000.0,63481.39,0.27737292647361755,0,0
10000.0,63056.0,0.2861059904098511,0,1
10000.0,63562.05,0.30358970165252686,0,0
10000.0,63930.51,0.2921430468559265,0,0
10000.0,63983.27,0.28330811858177185,0,0
10000.0,64186.0,0.26827120780944824,0,0
10000.0,63679.99,0.28662818670272827,0,0
10000.0,63817.99,0.2830614745616913,0,0
10000.0,63697.99,0.27027133107185364,0,0
10000.0,63423.94,0.29679346084594727,0,0
10000.0,63551.02,0.2841969132423401,0,0
10000.0,63363.99,0.2841969132423401,0,0
10000.0,63612.77,0.2909960448741913,0,0
10000.0,63038.01,0.3032337725162506,0,0
10000.0,62979.99,0.29679879546165466,0,0
10000.0,62766.0,0.2908686697483063,0,0
10000.0,62800.0,0.25450992584228516,0,0
10000.0,62637.88,0.2830842137336731,0,0
10000.0,62657.81,0.2752176523208618,0,0
10000.0,62888.35,0.27499181032180786,0,0
10000.0,62018.36,0.33497002720832825,0,0
10000.0,62057.67,0.3251988887786865,0,0
10000.0,62183.12,0.2839067280292511,0,0
10000.0,62299.99,0.28710097074508667,0,0
10000.0,61957.73,0.315347284078598,0,0
10000.0,61945.49,0.3179548680782318,0,1
10000.0,61889.83,0.31558141112327576,0,0
10000.0,61704.01,0.30236589908599854,0,1
10000.0,62113.03,0.30834832787513733,0,0
10000.0,62104.62,0.3046545684337616,0,0
10000.0,62185.32,0.27604594826698303,0,0
10000.0,62277.98,0.24344612658023834,0,0
10000.0,62099.61,0.2728544771671295,0,0
10000.0,62187.17,0.2696792185306549,0,0
10000.0,62330.4,0.23263074457645416,0,0
10000.0,62290.0,0.2271193116903305,0,0
10000.0,62129.99,0.25518137216567993,0,1
10000.0,61916.0,0.3168092370033264,0,1
10000.0,61788.8,0.3050025999546051,0,1
10000.0,61974.34,0.27259185910224915,0,1
10000.0,62453.74,0.2821224629878998,0,1
10000.0,62589.61,0.2861059904098511,0,0
10000.0,62959.96,0.2870635688304901,0,0
10000.0,63000.0,0.28073960542678833,0,0
10000.0,62903.65,0.2711906433105469,0,0
10000.0,62953.4,0.24600863456726074,0,0
10000.0,62786.04,0.27922067046165466,0,0
10000.0,62786.34,0.2488275021314621,0,1
10000.0,62614.02,0.2925116717815399,0,1
10000.0,63028.35,0.2816465198993683,0,0
10000.0,63016.0,0.27553677558898926,0,0
10000.0,62868.05,0.2836509644985199,0,1
10000.0,62700.01,0.27586519718170166,0,1
10000.0,63142.79,0.27737292647361755,0,0
10000.0,63219.03,0.27737292647361755,0,0
10000.0,63248.1,0.2633018493652344,0,1
10000.0,63313.38,0.22907692193984985,0,1
10000.0,63274.59,0.23217736184597015,0,1
10000.0,63218.78,0.2271193116903305,0,1
10000.0,63230.0,0.2466375231742859,0,1
10000.0,63113.93,0.2630978524684906,0,1
10000.0,63749.86,0.2957630753517151,0,0
10000.0,63961.99,0.2882940471172333,0,0
10000.0,63947.2,0.2666473090648651,0,1
10000.0,64047.88,0.2700243294239044,0,1
10000.0,64115.99,0.25518137216567993,0,0
10000.0,63854.71,0.2561686635017395,0,1
10000.0,63963.0,0.24711565673351288,0,1
10000.0,64246.01,0.2801441550254822,0,0
10000.0,64385.09,0.2755449414253235,0,0
10000.0,64407.8,0.2644634544849396,0,0
10000.0,64425.18,0.21573586761951447,0,0
10000.0,64286.64,0.27552616596221924,0,0
10000.0,64484.0,0.28650206327438354,0,0
10000.0,63914.87,0.2966781556606293,0,0
10000.0,64040.0,0.26078587770462036,0,0
10000.0,64140.01,0.2836509644985199,0,0
10000.0,63823.99,0.2691558003425598,0,1
10000.0,63810.0,0.2603367865085602,0,0
10000.0,63917.88,0.2576097846031189,0,0
10000.0,63841.25,0.2576097846031189,0,0
10000.0,64011.99,0.24074965715408325,0,0
10000.0,64112.29,0.23549138009548187,0,0
10000.0,64161.72,0.2579857409000397,0,0
10000.0,64124.0,0.21146219968795776,0,0
10000.0,64012.95,0.25388193130493164,0,0
10000.0,64158.04,0.22501340508460999,0,0
10000.0,64150.42,0.21146219968795776,0,0
10000.0,64152.0,0.21146219968795776,0,0
10000.0,64176.01,0.20900529623031616,0,0
10000.0,64219.1,0.2247174084186554,0,0
10000.0,64162.18,0.2061324566602707,0,0
10000.0,64265.98,0.2079702913761139,0,0
10000.0,64167.34,0.2101052850484848,0,0
10000.0,64196.0,0.20640987157821655,0,0
10000.0,64198.0,0.19490841031074524,0,0
10000.0,64195.49,0.19847339391708374,0,0
10000.0,64235.66,0.20358943939208984,0,0
10000.0,64350.07,0.21490155160427094,0,0
10000.0,64175.75,0.2601519227027893,0,0
10000.0,64180.01,0.22018177807331085,0,0
10000.0,64315.53,0.21972079575061798,0,0
10000.0,64327.99,0.19823531806468964,0,0
10000.0,64286.0,0.19838488101959229,0,0
10000.0,64382.45,0.21812206506729126,0,0
10000.0,64355.99,0.18801908195018768,0,0
10000.0,64203.08,0.2251179963350296,0,0
10000.0,63819.0,0.2547682821750641,0,0
10000.0,63828.47,0.23537537455558777,0,0
10000.0,64133.61,0.24680137634277344,0,0
10000.0,64070.39,0.21544508635997772,0,0
10000.0,64223.73,0.2174563854932785,0,0
10000.0,63999.93,0.216228649020195,0,0
10000.0,63959.93,0.20073533058166504,0,0
10000.0,63762.46,0.25287941098213196,0,0
10000.0,63885.27,0.23714803159236908,0,0
10000.0,63983.18,0.25021371245384216,0,0
10000.0,63961.61,0.25994718074798584,0,0
10000.0,63865.76,0.21173137426376343,0,0
10000.0,64018.01,0.22501340508460999,0,0
10000.0,64026.0,0.22979004681110382,0,0
10000.0,64023.14,0.21232497692108154,0,0
10000.0,64203.08,0.23692402243614197,0,0
10000.0,64176.0,0.20368486642837524,0,0
10000.0,64177.7,0.21054914593696594,0,0
10000.0,64078.0,0.19849666953086853,0,0
10000.0,64147.99,0.20620383322238922,0,0
10000.0,64228.59,0.20306408405303955,0,0
10000.0,64198.89,0.1886386126279831,0,0
10000.0,63920.4,0.22767166793346405,0,0
10000.0,63886.87,0.22981226444244385,0,0
10000.0,63780.0,0.2198169082403183,0,0
10000.0,64072.01,0.2788483798503876,0,0
10000.0,63412.01,0.3020543158054352,0,0
10000.0,63375.99,0.27094778418540955,0,0
10000.0,62806.41,0.3163556158542633,0,0
10000.0,62672.0,0.2612617313861847,0,0
10000.0,62799.0,0.306782990694046,0,0
10000.0,62797.55,0.23549138009548187,0,0
10000.0,62985.52,0.2656781077384949,0,0
10000.0,63206.97,0.2864903211593628,0,0
10000.0,63100.02,0.2471647411584854,0,0
10000.0,62867.89,0.2602025270462036,0,0
10000.0,62901.99,0.2529004216194153,0,0
10000.0,62625.15,0.3042261600494385,0,0
10000.0,62318.0,0.3163556158542633,0,0
10000.0,62791.85,0.31169232726097107,0,0
10000.0,62618.01,0.29738667607307434,0,0
10000.0,62276.0,0.30561563372612,0,0
10000.0,61904.99,0.320039838552475,0,1
10000.0,62020.0,0.2791929841041565,0,1
10000.0,62288.23,0.26227349042892456,0,0
10000.0,62210.99,0.26444441080093384,0,1
10000.0,62065.06,0.2564290165901184,0,1
10000.0,61924.0,0.24889476597309113,0,1
10000.0,62334.52,0.28463348746299744,0,1
10000.0,62549.54,0.2996632754802704,0,0
10000.0,62540.42,0.2583622336387634,0,0
10000.0,62544.0,0.2561686635017395,0,0
10000.0,62572.89,0.2561686635017395,0,0
10000.0,62745.23,0.2406722456216812,0,0
10000.0,62737.0,0.24711565673351288,0,0
10000.0,62624.05,0.2423739731311798,0,1
10000.0,62560.92,0.21573586761951447,0,1
10000.0,62713.85,0.25388193130493164,0,1
10000.0,62629.55,0.254677951335907,0,1
10000.0,62800.0,0.25388193130493164,0,1
10000.0,62844.99,0.23549138009548187,0,1
10000.0,63960.0,0.3357762396335602,0,1
10000.0,63840.01,0.2942209541797638,0,1
10000.0,64305.02,0.30143046379089355,0,0
10000.0,64743.99,0.3144587278366089,0,0
10000.0,64730.0,0.2921281158924103,0,0
10000.0,64621.43,0.2989187240600586,0,1
10000.0,64571.98,0.25821200013160706,0,0
10000.0,64569.59,0.24704977869987488,0,0
10000.0,64572.02,0.24974286556243896,0,0
10000.0,64676.9,0.28148946166038513,0,0
10000.0,64860.89,0.299234539270401,0,0
10000.0,65043.98,0.26188015937805176,0,0
10000.0,64824.58,0.26592886447906494,0,0
10000.0,64674.35,0.2589724659919739,0,0
10000.0,64490.87,0.2551332712173462,0,0
10000.0,64792.01,0.25959065556526184,0,0
10000.0,64746.01,0.23397812247276306,0,0
10000.0,64944.06,0.26469144225120544,0,0
10000.0,64814.0,0.2764739394187927,0,1
10000.0,64549.34,0.2742018699645996,0,1
10000.0,64768.01,0.2543267011642456,0,1
10000.0,64671.83,0.2319936752319336,0,1
10000.0,64663.0,0.20900267362594604,0,1
10000.0,64732.15,0.20183324813842773,0,1
10000.0,65164.0,0.27741721272468567,0,0
10000.0,65117.99,0.29171308875083923,0,0
10000.0,65399.81,0.2855759859085083,0,0
10000.0,65427.61,0.2701312005519867,0,0
10000.0,65120.79,0.286086767911911,0,0
10000.0,65056.1,0.25870975852012634,0,0
10000.0,64860.0,0.25531184673309326,0,0
10000.0,64977.34,0.24440787732601166,0,0
10000.0,64968.01,0.2197021096944809,0,0
10000.0,64834.31,0.2271193116903305,0,0
10000.0,64866.93,0.2271193116903305,0,0
10000.0,64756.28,0.24561791121959686,0,0
10000.0,64584.07,0.2630978524684906,0,0
10000.0,64730.01,0.2701902985572815,0,0
10000.0,64642.01,0.22406667470932007,0,0
10000.0,64619.95,0.2271193116903305,0,0
10000.0,64650.05,0.23836630582809448,0,0
10000.0,64917.99,0.26986607909202576,0,0
10000.0,64777.32,0.2499648928642273,0,0
10000.0,64238.0,0.27552616596221924,0,0
10000.0,64126.85,0.29446926712989807,0,1
10000.0,64090.0,0.2537993788719177,0,1
10000.0,64221.34,0.22501340508460999,0,0
10000.0,64256.53,0.22501340508460999,0,0
10000.0,63966.01,0.2977403700351715,0,0
10000.0,64376.0,0.29673296213150024,0,0
10000.0,64543.51,0.29673296213150024,0,0
10000.0,64704.73,0.2948209345340729,0,0
10000.0,64484.0,0.2848001718521118,0,0
10000.0,64069.03,0.30228662490844727,0,0
10000.0,64246.01,0.24889476597309113,0,0
10000.0,64271.84,0.21864238381385803,0,0
10000.0,64114.27,0.2271193116903305,0,0
10000.0,64161.99,0.21864238381385803,0,0
10000.0,63968.0,0.24889476597309113,0,0
10000.0,63830.2,0.25518137216567993,0,0
10000.0,63886.0,0.2619895935058594,0,0
10000.0,63546.24,0.306781142950058,0,0
10000.0,63482.0,0.26480692625045776,0,0
10000.0,63570.0,0.25619789958000183,0,0
10000.0,63486.01,0.2529004216194153,0,0
10000.0,62839.76,0.3047444224357605,0,1
10000.0,62948.0,0.2626958191394806,0,0
10000.0,62828.11,0.2537993788719177,0,1
10000.0,62888.0,0.26480692625045776,0,0
10000.0,62989.46,0.2523999810218811,0,1
10000.0,63179.92,0.24522048234939575,0,1
10000.0,63298.01,0.2619001567363739,0,1
10000.0,63099.75,0.2589453160762787,0,1
10000.0,63153.99,0.3133902847766876,0,1
10000.0,63174.0,0.30884209275245667,0,1
10000.0,63452.0,0.310803085565567,0,1
10000.0,63594.0,0.2996632754802704,0,1
10000.0,64049.86,0.2895168662071228,0,0
10000.0,64259.73,0.28621363639831543,0,0
10000.0,64160.8,0.2671538293361664,0,0
10000.0,64120.0,0.2539161145687103,0,0
10000.0,64110.0,0.21705351769924164,0,0
10000.0,63986.0,0.24561791121959686,0,0
10000.0,63931.67,0.21573586761951447,0,0
10000.0,63910.04,0.2067299783229828,0,0
10000.0,63952.98,0.20316319167613983,0,0
10000.0,63967.61,0.20420297980308533,0,0
10000.0,64017.84,0.21748678386211395,0,0
10000.0,63967.99,0.21620720624923706,0,0
10000.0,63967.95,0.210784450173378,0,0
10000.0,63979.67,0.1987065225839615,0,0
10000.0,64002.75,0.220479816198349,0,0
10000.0,64006.01,0.21662640571594238,0,0
10000.0,63987.76,0.2160089910030365,0,0
10000.0,64016.43,0.1900859773159027,0,0
10000.0,64069.89,0.1922607570886612,0,1
10000.0,64218.0,0.2132292240858078,0,0
10000.0,64106.0,0.20536097884178162,0,1
10000.0,64126.0,0.18878109753131866,0,1
10000.0,64123.12,0.21211105585098267,0,1
10000.0,64303.47,0.2011682391166687,0,1
10000.0,64480.29,0.22988680005073547,0,1
10000.0,64512.41,0.2533408999443054,0,0
10000.0,64552.79,0.23843270540237427,0,0
10000.0,64693.01,0.261417418718338,0,0
10000.0,64731.72,0.24934318661689758,0,0
10000.0,64805.05,0.24284380674362183,0,0
10000.0,64834.22,0.23298437893390656,0,0
10000.0,64792.08,0.24977430701255798,0,0
10000.0,64765.99,0.229468435049057,0,0
10000.0,64826.01,0.24901504814624786,0,0
10000.0,64706.18,0.2393324226140976,0,0
10000.0,64720.17,0.23549138009548187,0,0
10000.0,64724.01,0.22343488037586212,0,0
10000.0,64711.69,0.2165304571390152,0,0
10000.0,64711.05,0.22341515123844147,0,0
10000.0,64707.49,0.2260759025812149,0,0
10000.0,64509.99,0.23714803159236908,0,0
10000.0,64595.0,0.23201397061347961,0,0
10000.0,64467.64,0.20943433046340942,0,0
10000.0,64441.15,0.2132292240858078,0,0
10000.0,64483.31,0.20276960730552673,0,0
10000.0,64593.07,0.20556820929050446,0,0
10000.0,64585.32,0.20149604976177216,0,0
10000.0,64538.72,0.20461778342723846,0,0
10000.0,64547.86,0.2215033918619156,0,0
10000.0,64419.99,0.20871993899345398,0,0
10000.0,64462.58,0.19549870491027832,0,0
10000.0,64535.99,0.1962011158466339,0,0
10000.0,64415.75,0.22485297918319702,0,1
10000.0,64674.67,0.26195788383483887,0,0
10000.0,64722.54,0.21812206506729126,0,0
10000.0,64553.84,0.27086469531059265,0,0
10000.0,64628.01,0.2622759938240051,0,0
10000.0,64827.2,0.24924424290657043,0,0
10000.0,64869.8,0.2042955905199051,0,0
10000.0,64540.01,0.22607800364494324,0,0
10000.0,64128.0,0.26739877462387085,0,1
10000.0,63917.98,0.2992538809776306,0,1
10000.0,64280.01,0.2793583869934082,0,0
10000.0,64049.99,0.30051228404045105,0,1
10000.0,64199.5,0.2529004216194153,0,1
10000.0,64301.18,0.2529004216194153,0,1
10000.0,65002.01,0.2797758877277374,0,1
10000.0,64640.0,0.2861059904098511,0,1
10000.0,64344.01,0.28274184465408325,0,1
10000.0,64416.01,0.28030434250831604,0,1
10000.0,65598.75,0.3123880922794342,0,0
10000.0,65508.5,0.2835051119327545,0,0
10000.0,65587.98,0.2772290110588074,0,0
10000.0,65240.01,0.2927015721797943,0,1
10000.0,65142.0,0.2653949558734894,0,0
10000.0,65367.58,0.27835705876350403,0,0
10000.0,65286.02,0.23492462933063507,0,0
10000.0,65141.99,0.23709489405155182,0,1
10000.0,65255.51,0.21914434432983398,0,1
10000.0,65568.01,0.2796599864959717,0,1
10000.0,65235.55,0.28283947706222534,0,1
10000.0,65414.01,0.2711249887943268,0,1
10000.0,65566.78,0.26517972350120544,0,1
10000.0,65522.01,0.2748483717441559,0,1
10000.0,65751.56,0.28706657886505127,0,1
10000.0,65913.0,0.27463600039482117,0,1
10000.0,66186.86,0.28565743565559387,0,1
10000.0,66226.44,0.28015169501304626,0,1
10000.0,66291.99,0.2540166974067688,0,1
10000.0,66180.0,0.2620537281036377,0,1
10000.0,66345.59,0.2488275021314621,0,0
10000.0,66558.82,0.2845746576786041,0,0
10000.0,66786.0,0.30203795433044434,0,0
10000.0,66842.3,0.2876402735710144,0,0
10000.0,66676.54,0.27904993295669556,0,0
10000.0,66542.01,0.26357501745224,0,0
10000.0,66207.95,0.2821275591850281,0,1
10000.0,66319.95,0.2700244188308716,0,0
10000.0,66444.76,0.24711565673351288,0,0
10000.0,66406.57,0.21146219968795776,0,0
10000.0,66385.0,0.20467695593833923,0,0
10000.0,66304.02,0.23766528069972992,0,0
10000.0,66556.16,0.24756793677806854,0,0
10000.0,66620.97,0.24714122712612152,0,0
10000.0,66433.3,0.2704198956489563,0,0
10000.0,66314.12,0.2578924298286438,0,0
10000.0,66210.0,0.24830374121665955,0,0
10000.0,66381.05,0.24521629512310028,0,0
10000.0,65974.9,0.28404501080513,0,0
10000.0,65934.33,0.2587612271308899,0,0
10000.0,65843.48,0.26407375931739807,0,0
10000.0,65987.96,0.2650832235813141,0,0
10000.0,65928.0,0.25749149918556213,0,0
10000.0,66046.02,0.24711565673351288,0,0
10000.0,66013.36,0.2488275021314621,0,0
10000.0,65636.01,0.2914388179779053,0,0
10000.0,65951.39,0.29673296213150024,0,0
10000.0,65793.98,0.310803085565567,0,0
10000.0,66047.39,0.27216675877571106,0,0
10000.0,66229.01,0.2758828401565552,0,0
10000.0,66024.03,0.24889476597309113,0,0
10000.0,65895.46,0.25254014134407043,0,0
10000.0,65923.19,0.2466375231742859,0,0
10000.0,65919.68,0.22501340508460999,0,0
10000.0,66072.47,0.22447049617767334,0,0
10000.0,66044.17,0.20229892432689667,0,0
10000.0,66114.49,0.22475826740264893,0,0
10000.0,66058.19,0.22060780227184296,0,0
10000.0,65830.0,0.2692125141620636,0,0
10000.0,65805.34,0.2135937213897705,0,0
10000.0,65662.53,0.22482243180274963,0,0
10000.0,65616.48,0.22412897646427155,0,0
10000.0,65691.01,0.2225244641304016,0,0
10000.0,65790.0,0.22044901549816132,0,0
10000.0,65442.13,0.281552255153656,0,0
10000.0,65633.0,0.2579510509967804,0,0
10000.0,65638.92,0.22864437103271484,0,0
10000.0,65740.0,0.23929916322231293,0,0
10000.0,65555.21,0.23766528069972992,0,0
10000.0,65167.04,0.2750738859176636,0,0
10000.0,64880.0,0.27767494320869446,0,0
10000.0,64909.99,0.30780118703842163,0,0
10000.0,64958.36,0.2680972218513489,0,0
10000.0,64756.84,0.2685026228427887,0,1
10000.0,64681.27,0.26099586486816406,0,1
10000.0,64869.12,0.2529004216194153,0,0
10000.0,64846.94,0.2529004216194153,0,0
10000.0,65147.5,0.2786638140678406,0,0
10000.0,65169.81,0.23929916322231293,0,0
10000.0,65195.43,0.24210304021835327,0,0
10000.0,65098.97,0.23549138009548187,0,0
10000.0,64973.99,0.2654748260974884,0,1
10000.0,65086.0,0.24588416516780853,0,1
10000.0,65116.99,0.2529004216194153,0,0
10000.0,65456.7,0.2701902985572815,0,0
10000.0,65318.0,0.23766528069972992,0,0
10000.0,65325.0,0.22384701669216156,0,0
10000.0,65472.0,0.2553461492061615,0,0
10000.0,65499.95,0.29240682721138,0,0
10000.0,65302.18,0.2374035269021988,0,0
10000.0,65113.13,0.2654522955417633,0,0
10000.0,64950.0,0.26932328939437866,0,0
10000.0,65083.43,0.26023945212364197,0,0
10000.0,64780.01,0.2720041871070862,0,0
10000.0,64155.46,0.31203460693359375,0,0
10000.0,64055.12,0.2992538809776306,0,0
10000.0,64093.85,0.3085702359676361,0,0
10000.0,63958.0,0.2596690058708191,0,0
10000.0,64180.0,0.25388193130493164,0,0
10000.0,64272.0,0.23451392352581024,0,0
10000.0,64225.32,0.25205716490745544,0,0
10000.0,64170.23,0.22406667470932007,0,0
10000.0,64155.0,0.23542369902133942,0,0
10000.0,64169.01,0.21584279835224152,0,0
10000.0,64139.99,0.20915935933589935,0,0
10000.0,64073.61,0.2208944708108902,0,0
10000.0,64068.01,0.2281179279088974,0,0
10000.0,64052.0,0.20814627408981323,0,0
10000.0,64085.36,0.20445187389850616,0,0
10000.0,64181.46,0.21459518373012543,0,0
10000.0,64024.0,0.2271193116903305,0,0
10000.0,64010.0,0.20195937156677246,0,0
10000.0,64003.2,0.19239762425422668,0,0
10000.0,63876.06,0.21812206506729126,0,1
10000.0,63999.99,0.2370193600654602,0,0
10000.0,64070.0,0.18676510453224182,0,0
10000.0,64064.01,0.18336233496665955,0,0
10000.0,64123.8,0.18336233496665955,0,0
10000.0,64172.0,0.20627790689468384,0,0
10000.0,64214.04,0.1857413649559021,0,0
10000.0,64182.0,0.18964000046253204,0,0
10000.0,64206.6,0.19748252630233765,0,0
10000.0,64267.4,0.20149384438991547,0,0
10000.0,64415.99,0.2071695476770401,0,0
10000.0,64388.38,0.1857413649559021,0,0
10000.0,64339.75,0.1857413649559021,0,0
10000.0,64344.02,0.2159712016582489,0,0
10000.0,64412.0,0.19432416558265686,0,0
10000.0,64375.0,0.1945817917585373,0,0
10000.0,64506.99,0.2415977418422699,0,0
10000.0,64462.0,0.20919258892536163,0,0
10000.0,64527.56,0.20866546034812927,0,0
10000.0,64557.0,0.21504557132720947,0,0
10000.0,64530.06,0.2042725682258606,0,0
10000.0,64417.69,0.21547958254814148,0,0
10000.0,64438.0,0.22061851620674133,0,0
10000.0,64370.0,0.21223635971546173,0,0
10000.0,64480.01,0.21931831538677216,0,0
10000.0,64538.0,0.20537535846233368,0,0
10000.0,64515.4,0.19974619150161743,0,0
10000.0,64507.35,0.20337730646133423,0,0
10000.0,64466.67,0.20440806448459625,0,0
10000.0,64518.0,0.20352528989315033,0,0
10000.0,64712.99,0.21039380133152008,0,0
10000.0,64768.0,0.2090330421924591,0,0
10000.0,64734.17,0.2007368505001068,0,1
10000.0,64697.2,0.20678071677684784,0,1
10000.0,64734.38,0.2037721574306488,0,1
10000.0,64695.52,0.20908205211162567,0,1
10000.0,64649.04,0.2135142982006073,0,1
10000.0,64858.02,0.2217317819595337,0,1
10000.0,65412.68,0.283496618270874,0,0
10000.0,65399.99,0.26514551043510437,0,0
10000.0,65131.95,0.2662663757801056,0,0
10000.0,65206.21,0.2588711977005005,0,0
10000.0,65172.0,0.2361658215522766,0,0
10000.0,65284.0,0.24913504719734192,0,0
10000.0,65282.8,0.2498578578233719,0,0
10000.0,65468.38,0.23929916322231293,0,0
10000.0,65416.76,0.2594259977340698,0,0
10000.0,65221.99,0.25247859954833984,0,0
10000.0,65162.98,0.23603536188602448,0,0
10000.0,65262.17,0.2540092170238495,0,0
10000.0,65333.35,0.23549138009548187,0,0
10000.0,65100.79,0.2502920925617218,0,0
10000.0,65086.0,0.2777203917503357,0,0
10000.0,65217.37,0.29085972905158997,0,0
10000.0,64687.45,0.30697107315063477,0,0
10000.0,64554.01,0.26888853311538696,0,0
10000.0,64898.52,0.27621152997016907,0,0
10000.0,65019.81,0.25679901242256165,0,0
10000.0,64878.0,0.25679901242256165,0,0
10000.0,64984.0,0.24440787732601166,0,0
10000.0,64960.65,0.2149689942598343,0,0
10000.0,64821.25,0.22501340508460999,0,0
10000.0,63792.0,0.32248690724372864,0,0
10000.0,63755.86,0.28917497396469116,0,0
10000.0,63487.88,0.30798327922821045,0,0
10000.0,63230.83,0.31958380341529846,0,0
10000.0,63185.59,0.23906052112579346,0,0
10000.0,63343.83,0.2543944716453552,0,0
10000.0,63350.95,0.21687911450862885,0,0
10000.0,63451.61,0.25763586163520813,0,0
10000.0,63640.63,0.2528647482395172,0,0
10000.0,63505.99,0.2620490491390228,0,0
10000.0,63428.08,0.21103216707706451,0,0
10000.0,63393.99,0.24311432242393494,0,1
10000.0,63473.47,0.25562769174575806,0,1
10000.0,63450.0,0.25562769174575806,0,0
10000.0,63546.65,0.23549138009548187,0,0
10000.0,63104.0,0.3163556158542633,0,1
10000.0,63412.45,0.3194909393787384,0,1
10000.0,63928.47,0.3087516129016876,0,0
10000.0,64043.26,0.28575029969215393,0,0
10000.0,63685.88,0.31363287568092346,0,0
10000.0,63734.49,0.2423265427350998,0,0
10000.0,63904.0,0.24524083733558655,0,0
10000.0,63917.55,0.2315855622291565,0,0
10000.0,63972.44,0.23446211218833923,0,0
10000.0,63783.71,0.25792089104652405,0,0
10000.0,63915.0,0.28444620966911316,0,0
10000.0,63953.99,0.2795470952987671,0,1
10000.0,63705.06,0.27565276622772217,0,1
10000.0,63979.96,0.2806040644645691,0,1
10000.0,63753.03,0.2691728472709656,0,1
10000.0,63968.34,0.28725099563598633,0,1
10000.0,64067.32,0.26305174827575684,0,1
10000.0,64435.62,0.28972455859184265,0,0
10000.0,64561.0,0.2698148488998413,0,0
10000.0,64417.31,0.27323096990585327,0,0
10000.0,64698.0,0.2778357267379761,0,0
10000.0,64469.83,0.27257513999938965,0,0
10000.0,64507.54,0.2510204315185547,0,0
10000.0,64276.81,0.27943670749664307,0,0
10000.0,64664.7,0.29073667526245117,0,0
10000.0,64108.01,0.30313169956207275,0,0
10000.0,63964.01,0.27384164929389954,0,0
10000.0,63808.33,0.29093220829963684,0,0
10000.0,64269.83,0.2806040644645691,0,0
10000.0,64501.52,0.3020463287830353,0,0
10000.0,63589.46,0.30951932072639465,0,1
10000.0,63522.01,0.29137298464775085,0,1
10000.0,63860.0,0.2874417006969452,0,0
10000.0,63942.5,0.27556589245796204,0,0
10000.0,63984.28,0.25567227602005005,0,0
10000.0,63696.72,0.28746095299720764,0,0
10000.0,64266.0,0.285702109336853,0,0
10000.0,64189.99,0.27593669295310974,0,0
10000.0,64161.98,0.2644192576408386,0,1
10000.0,64023.99,0.26713407039642334,0,1
10000.0,64033.89,0.2787242829799652,0,1
10000.0,64002.0,0.24718594551086426,0,1
10000.0,64026.0,0.27476492524147034,0,1
10000.0,64308.01,0.2990596294403076,0,1
10000.0,64567.56,0.28921642899513245,0,0
10000.0,64570.72,0.21347670257091522,0,0
10000.0,64788.0,0.2672911584377289,0,0
10000.0,64925.0,0.27242952585220337,0,0
10000.0,65022.01,0.28178584575653076,0,0
10000.0,64683.97,0.28178584575653076,0,0
10000.0,64730.3,0.2688494324684143,0,0
10000.0,64818.01,0.2571844756603241,0,0
10000.0,64872.0,0.2510204315185547,0,0
10000.0,64702.8,0.24227121472358704,0,0
10000.0,64800.0,0.23446211218833923,0,0
10000.0,64777.37,0.2400684952735901,0,0
10000.0,64735.53,0.2112104892730713,0,0
10000.0,64851.16,0.26551902294158936,0,0
10000.0,64780.02,0.2687954008579254,0,0
10000.0,64724.91,0.2722379267215729,0,0
10000.0,64564.01,0.3074541389942169,0,0
10000.0,64297.79,0.2833437919616699,0,0
10000.0,64370.0,0.2548469603061676,0,0
10000.0,64300.0,0.23549138009548187,0,0
10000.0,64363.06,0.24033112823963165,0,0
10000.0,64231.97,0.26734957098960876,0,0
10000.0,63950.01,0.2729462683200836,0,0
10000.0,63834.01,0.2523999810218811,0,0
10000.0,63715.9,0.2506718337535858,0,0
10000.0,63918.67,0.25652095675468445,0,0
10000.0,63805.51,0.22501340508460999,0,0
10000.0,63754.01,0.23549138009548187,0,0
10000.0,63270.73,0.3106461465358734,0,0
10000.0,62682.06,0.3114190995693207,0,0
10000.0,62716.57,0.2699783444404602,0,0
10000.0,62870.88,0.25816503167152405,0,0
10000.0,63245.44,0.30328962206840515,0,0
10000.0,63097.57,0.273017019033432,0,0
10000.0,62972.0,0.23446211218833923,0,0
10000.0,62953.7,0.20900791883468628,0,0
10000.0,62947.78,0.22965042293071747,0,0
10000.0,62950.0,0.23169560730457306,0,0
10000.0,62887.88,0.22406667470932007,0,0
10000.0,62938.01,0.21573586761951447,0,0
10000.0,62975.01,0.1991192251443863,0,0
10000.0,63075.07,0.21721147000789642,0,0
10000.0,63004.48,0.21612298488616943,0,0
10000.0,63115.01,0.2133995145559311,0,0
10000.0,63020.0,0.22859834134578705,0,0
10000.0,63080.64,0.20445187389850616,0,0
10000.0,63050.46,0.2038365602493286,0,0
10000.0,63126.25,0.18074680864810944,0,0
10000.0,63053.17,0.1886386126279831,0,0
10000.0,63056.0,0.21255545318126678,0,0
10000.0,63076.0,0.18335209786891937,0,0
10000.0,63103.68,0.1857413649559021,0,0
10000.0,63069.32,0.18387985229492188,0,0
10000.0,63126.52,0.18917804956436157,0,0
10000.0,63007.06,0.20320385694503784,0,0
10000.0,62932.32,0.21023492515087128,0,0
10000.0,62708.07,0.2266341894865036,0,0
10000.0,62580.56,0.26332202553749084,0,0
10000.0,62529.82,0.22742925584316254,0,1
10000.0,62662.13,0.23549138009548187,0,1
10000.0,62812.75,0.23549138009548187,0,1
10000.0,62831.28,0.20824941992759705,0,1
10000.0,62823.64,0.20990578830242157,0,1
10000.0,62833.99,0.2393324226140976,0,1
10000.0,62981.87,0.2512024939060211,0,1
10000.0,63451.58,0.2850164771080017,0,0
10000.0,63461.95,0.2570647895336151,0,0
10000.0,63590.0,0.25096794962882996,0,0
10000.0,63453.27,0.24248142540454865,0,0
10000.0,63482.49,0.2070103883743286,0,0
10000.0,63506.24,0.2278677374124527,0,0
10000.0,63193.99,0.27259889245033264,0,0
10000.0,63273.94,0.2510204315185547,0,0
10000.0,63205.03,0.2355729639530182,0,0
10000.0,63031.99,0.2598397135734558,0,0
10000.0,63125.49,0.2510204315185547,0,0
10000.0,63126.92,0.23354876041412354,0,1
10000.0,63069.37,0.24145549535751343,0,1
10000.0,63109.14,0.23522210121154785,0,1
10000.0,63180.36,0.2510204315185547,0,0
10000.0,63300.28,0.2575315237045288,0,0
10000.0,63382.01,0.26716503500938416,0,0
10000.0,63456.01,0.25396400690078735,0,0
10000.0,63494.52,0.2273116260766983,0,0
10000.0,63578.0,0.27140650153160095,0,0
10000.0,63424.58,0.2761489450931549,0,0
10000.0,63570.0,0.2703818082809448,0,0
10000.0,63317.6,0.2642759084701538,0,0
10000.0,63212.16,0.24339909851551056,0,0
10000.0,63141.4,0.2425953596830368,0,0
10000.0,62870.49,0.283725380897522,0,0
10000.0,62790.0,0.26744475960731506,0,0
10000.0,62827.17,0.25002381205558777,0,0
10000.0,62623.6,0.26935359835624695,0,0
10000.0,62621.1,0.2531473636627197,0,1
10000.0,62541.5,0.27150198817253113,0,1
10000.0,62837.4,0.26863279938697815,0,1
10000.0,62742.01,0.25586026906967163,0,1
10000.0,62560.01,0.24914519488811493,0,1
10000.0,62700.0,0.2656826078891754,0,1
10000.0,63351.09,0.29967689514160156,0,1
10000.0,63967.19,0.31387561559677124,0,0
10000.0,63694.91,0.2802042067050934,0,0
10000.0,63776.46,0.2787265479564667,0,0
10000.0,63906.0,0.27679553627967834,0,0
10000.0,63870.87,0.2510204315185547,0,0
10000.0,63869.38,0.26228320598602295,0,0
10000.0,63775.43,0.26005539298057556,0,0
10000.0,63590.15,0.26005539298057556,0,0
10000.0,63618.0,0.26211637258529663,0,1
10000.0,63520.0,0.24012114107608795,0,0
10000.0,63361.99,0.2648524343967438,0,0
10000.0,63847.93,0.28451523184776306,0,0
10000.0,63822.44,0.2624376714229584,0,0
10000.0,63800.01,0.2561875283718109,0,0
10000.0,64029.0,0.277851939201355,0,0
10000.0,63818.48,0.24561791121959686,0,0
10000.0,63670.0,0.22501340508460999,0,0
10000.0,63685.74,0.25283628702163696,0,0
10000.0,63588.94,0.23201397061347961,0,1
10000.0,63603.73,0.20715685188770294,0,1
10000.0,63764.0,0.2616752088069916,0,0
10000.0,63926.0,0.21794328093528748,0,0
10000.0,63906.41,0.2357269674539566,0,1
10000.0,63683.94,0.25642862915992737,0,1
10000.0,64128.72,0.2951321005821228,0,0
10000.0,64125.14,0.29073667526245117,0,0
10000.0,63950.93,0.2676667869091034,0,0
10000.0,63972.09,0.27565276622772217,0,0
10000.0,64305.99,0.28825798630714417,0,0
10000.0,64233.36,0.2672460675239563,0,0
10000.0,64341.0,0.2883147895336151,0,0
10000.0,64194.0,0.24227121472358704,0,0
10000.0,64270.61,0.23450933396816254,0,0
10000.0,64106.56,0.28725099563598633,0,0
10000.0,63988.0,0.26985976099967957,0,0
10000.0,64333.84,0.2816529870033264,0,0
10000.0,64368.26,0.2729927599430084,0,0
10000.0,64183.27,0.2816529870033264,0,0
10000.0,64176.7,0.2211884707212448,0,0
10000.0,64330.87,0.2816529870033264,0,0
10000.0,64253.58,0.22114448249340057,0,0
10000.0,64163.99,0.24839119613170624,0,0
10000.0,64120.81,0.23462159931659698,0,1
10000.0,64155.05,0.18852859735488892,0,0
10000.0,64062.23,0.20276960730552673,0,1
10000.0,64075.28,0.19508138298988342,0,1
10000.0,64332.43,0.26195788383483887,0,1
10000.0,64407.99,0.25464776158332825,0,1
10000.0,64476.39,0.21116948127746582,0,1
10000.0,64388.01,0.22667296230793,0,1
10000.0,64661.99,0.2480897158384323,0,0
10000.0,64770.0,0.2550436556339264,0,0
10000.0,64799.1,0.2539713382720947,0,0
10000.0,64840.28,0.22836434841156006,0,0
10000.0,64822.89,0.26305174827575684,0,0
10000.0,64733.13,0.2407437264919281,0,0
10000.0,64636.0,0.22539721429347992,0,0
10000.0,64665.23,0.2423739731311798,0,0
10000.0,64644.99,0.2307342290878296,0,0
10000.0,64580.07,0.23451392352581024,0,0
10000.0,64579.36,0.23549138009548187,0,1
10000.0,64531.03,0.21490053832530975,0,0
10000.0,64734.65,0.24645820260047913,0,0
10000.0,64908.09,0.2602865397930145,0,0
10000.0,64860.0,0.23045426607131958,0,0
10000.0,64809.7,0.240974560379982,0,0
10000.0,64941.99,0.2193564921617508,0,0
10000.0,64683.62,0.227816641330719,0,0
10000.0,64615.95,0.20374208688735962,0,0
10000.0,64622.09,0.21719622611999512,0,0
10000.0,64424.0,0.21973173320293427,0,0
10000.0,64434.01,0.24102403223514557,0,0
10000.0,64778.0,0.250639945268631,0,0
10000.0,64631.87,0.25118693709373474,0,0
10000.0,64757.99,0.22108465433120728,0,0
10000.0,64621.69,0.2171614021062851,0,0
10000.0,64418.47,0.2189086228609085,0,0
10000.0,64446.0,0.1997215747833252,0,0
10000.0,64439.7,0.19642719626426697,0,0
10000.0,64440.74,0.20382185280323029,0,0
10000.0,64351.49,0.21168872714042664,0,0
10000.0,64323.61,0.2361658215522766,0,0
10000.0,64317.99,0.23549138009548187,0,0
10000.0,64422.55,0.23549138009548187,0,0
10000.0,64399.87,0.25141677260398865,0,0
10000.0,64289.99,0.2165144979953766,0,1
10000.0,64255.13,0.22188809514045715,0,1
10000.0,64336.43,0.2198169082403183,0,1
10000.0,64304.12,0.2198169082403183,0,1
10000.0,64319.84,0.2198169082403183,0,1
10000.0,64600.0,0.24680137634277344,0,1
10000.0,64839.32,0.25757867097854614,0,0
10000.0,64893.98,0.22351577877998352,0,0
10000.0,65029.98,0.2554759681224823,0,0
10000.0,65292.32,0.2692667543888092,0,0
10000.0,65009.24,0.26727062463760376,0,0
10000.0,64957.98,0.2793766260147095,0,0
10000.0,64912.72,0.25996696949005127,0,0
10000.0,64814.0,0.25965064764022827,0,0
10000.0,64764.33,0.2606492042541504,0,0
10000.0,64735.51,0.22501340508460999,0,0
10000.0,64960.47,0.2568953335285187,0,0
10000.0,64972.0,0.20519763231277466,0,0
10000.0,64928.01,0.2271193116903305,0,0
10000.0,64888.0,0.2109261304140091,0,0
10000.0,64923.19,0.20746181905269623,0,0
10000.0,64929.01,0.23549138009548187,0,0
10000.0,64911.79,0.20771969854831696,0,0
10000.0,64923.97,0.20962950587272644,0,0
10000.0,65033.0,0.20536808669567108,0,0
10000.0,65013.58,0.1927284449338913,0,0
10000.0,64995.39,0.18854112923145294,0,0
10000.0,65006.61,0.19642497599124908,0,0
10000.0,64960.0,0.1958923190832138,0,0
10000.0,64993.87,0.19364817440509796,0,0
10000.0,64994.31,0.19773107767105103,0,0
10000.0,65005.87,0.21021521091461182,0,0
10000.0,64967.35,0.2519870102405548,0,0
10000.0,65008.34,0.2325546145439148,0,0
10000.0,65015.27,0.2613655924797058,0,0
10000.0,65129.02,0.20883426070213318,0,0
10000.0,65080.82,0.19974619150161743,0,0
10000.0,65086.45,0.19974619150161743,0,0
10000.0,65119.75,0.20337730646133423,0,0
10000.0,65044.07,0.20772038400173187,0,0
10000.0,65075.41,0.21542572975158691,0,0
10000.0,65082.41,0.22692479193210602,0,0
10000.0,65012.96,0.24090060591697693,0,0
10000.0,64950.61,0.21126528084278107,0,0
10000.0,64962.6,0.22287148237228394,0,0
10000.0,64973.65,0.22287148237228394,0,0
10000.0,64861.46,0.2295171618461609,0,0
10000.0,64820.01,0.2393176406621933,0,0
10000.0,64788.8,0.2393176406621933,0,0
10000.0,64785.0,0.22511205077171326,0,0
10000.0,64801.58,0.22511205077171326,0,0
10000.0,64849.99,0.2194313108921051,0,0
10000.0,64826.14,0.2194313108921051,0,1
10000.0,64824.16,0.2144964039325714,0,1
10000.0,64877.85,0.2174554467201233,0,1
10000.0,64959.86,0.2132224589586258,0,0
10000.0,64950.0,0.19859430193901062,0,0
10000.0,64960.11,0.19309519231319427,0,0
10000.0,65219.78,0.20467236638069153,0,0
10000.0,65260.01,0.21368661522865295,0,0
10000.0,65228.68,0.1881546676158905,0,0
10000.0,65232.14,0.1912246197462082,0,0
10000.0,65198.68,0.19278885424137115,0,0
10000.0,65199.68,0.18176619708538055,0,0
10000.0,65180.66,0.19053861498832703,0,0
10000.0,65137.96,0.20870868861675262,0,0
10000.0,65192.99,0.20870868861675262,0,0
10000.0,65077.13,0.24847902357578278,0,0
10000.0,64901.59,0.24459652602672577,0,0
10000.0,64968.01,0.2555094063282013,0,1
10000.0,65189.99,0.24680137634277344,0,0
10000.0,65099.99,0.21512214839458466,0,0
10000.0,64982.01,0.21008381247520447,0,0
10000.0,65006.73,0.21562248468399048,0,0
10000.0,65134.0,0.20276960730552673,0,0
10000.0,65299.4,0.20619098842144012,0,0
10000.0,65202.73,0.23127898573875427,0,0
10000.0,65245.58,0.2088034451007843,0,0
10000.0,64967.24,0.2127709686756134,0,0
10000.0,65013.06,0.20727229118347168,0,0
10000.0,65125.98,0.20705892145633698,0,0
10000.0,64870.75,0.24893657863140106,0,0
10000.0,64561.98,0.2727765440940857,0,0
10000.0,64625.77,0.26857221126556396,0,0
10000.0,64299.99,0.293140709400177,0,0
10000.0,63904.65,0.3085702359676361,0,0
10000.0,63953.04,0.2537993788719177,0,0
10000.0,63889.39,0.2537993788719177,0,0
10000.0,64045.7,0.26083534955978394,0,0
10000.0,64158.5,0.23446211218833923,0,0
10000.0,63987.0,0.22965042293071747,0,0
10000.0,64016.0,0.21248498558998108,0,0
10000.0,63970.01,0.21355970203876495,0,0
10000.0,64040.0,0.2664460241794586,0,0
10000.0,64060.8,0.2221202552318573,0,0
10000.0,64044.59,0.20777849853038788,0,0
10000.0,64155.01,0.24707548320293427,0,0
10000.0,64023.51,0.22737427055835724,0,0
10000.0,64000.0,0.20271022617816925,0,1
10000.0,63969.28,0.2523999810218811,0,1
10000.0,64065.99,0.23549138009548187,0,0
10000.0,64136.41,0.20585940778255463,0,0
10000.0,64300.0,0.24584899842739105,0,0
10000.0,64233.23,0.20010757446289062,0,0
10000.0,64389.57,0.2200261950492859,0,0
10000.0,64330.01,0.2139047384262085,0,0
10000.0,64200.28,0.23358340561389923,0,0
10000.0,63770.03,0.27032503485679626,0,0
10000.0,63609.87,0.2808329164981842,0,0
10000.0,63512.59,0.25816503167152405,0,0
10000.0,63607.88,0.2506718337535858,0,0
10000.0,63373.07,0.27483800053596497,0,1
10000.0,63536.0,0.2561466693878174,0,0
10000.0,63740.0,0.24524083733558655,0,0
10000.0,63672.73,0.23561184108257294,0,0
10000.0,63668.49,0.2178645133972168,0,0
10000.0,63600.0,0.2178645133972168,0,0
10000.0,63742.07,0.23446211218833923,0,0
10000.0,63813.8,0.2561471462249756,0,0
10000.0,63749.76,0.26379913091659546,0,0
10000.0,63835.59,0.24545878171920776,0,0
10000.0,63769.58,0.25364550948143005,0,1
10000.0,63849.94,0.25578856468200684,0,1
10000.0,63711.97,0.27005746960639954,0,1
10000.0,63837.99,0.2631474435329437,0,0
10000.0,63794.94,0.20147109031677246,0,0
10000.0,64108.81,0.2541376054286957,0,0
10000.0,64143.36,0.27110928297042847,0,0
10000.0,64240.04,0.2378692924976349,0,0
10000.0,64119.71,0.27755025029182434,0,0
10000.0,63840.0,0.2730627655982971,0,0
10000.0,63363.39,0.2966237962245941,0,0
10000.0,63441.47,0.2789213955402374,0,0
10000.0,63492.12,0.2571844756603241,0,0
10000.0,63471.0,0.22547131776809692,0,0
10000.0,63386.59,0.23169560730457306,0,0
10000.0,63421.11,0.2442358285188675,0,0
10000.0,63599.99,0.24524083733558655,0,0
10000.0,63469.83,0.2533627152442932,0,0
10000.0,63432.28,0.22965042293071747,0,0
10000.0,63479.99,0.23092956840991974,0,1
10000.0,63556.92,0.2604699730873108,0,1
10000.0,63456.11,0.2604699730873108,0,1
10000.0,63550.01,0.263466477394104,0,0
10000.0,63646.99,0.2510204315185547,0,0
10000.0,63693.74,0.2400684952735901,0,0
10000.0,63878.0,0.2674541473388672,0,0
10000.0,63942.35,0.25427964329719543,0,0
10000.0,63865.84,0.22338269650936127,0,0
10000.0,63766.8,0.2538367211818695,0,0
10000.0,63782.64,0.24738793075084686,0,0
10000.0,63651.19,0.24170425534248352,0,0
10000.0,63484.3,0.24555832147598267,0,0
10000.0,63697.76,0.2491496354341507,0,0
10000.0,63724.0,0.2483423501253128,0,0
10000.0,63859.45,0.26367172598838806,0,0
10000.0,63420.01,0.2639024257659912,0,0
10000.0,63160.13,0.2890227437019348,0,1
10000.0,63144.38,0.26052579283714294,0,1
10000.0,63310.0,0.2550436556339264,0,0
10000.0,63407.99,0.25004589557647705,0,0
10000.0,63415.55,0.22420763969421387,0,0
10000.0,63474.0,0.21248498558998108,0,0
10000.0,63530.01,0.23265722393989563,0,0
10000.0,63490.86,0.22384701669216156,0,0
10000.0,63541.45,0.22318117320537567,0,0
10000.0,63575.86,0.22384701669216156,0,0
10000.0,63465.39,0.24116815626621246,0,0
10000.0,63310.0,0.24914519488811493,0,0
10000.0,63372.56,0.2488275021314621,0,0
10000.0,63379.83,0.203947976231575,0,0
10000.0,62974.14,0.28769388794898987,0,0
10000.0,62920.78,0.25741392374038696,0,0
10000.0,62940.01,0.27146226167678833,0,0
10000.0,62792.75,0.25741392374038696,0,0
10000.0,62814.14,0.2523999810218811,0,1
10000.0,62868.83,0.23495906591415405,0,0
10000.0,62741.69,0.2623745799064636,0,0
10000.0,62668.0,0.2633265554904938,0,0
10000.0,62620.01,0.2661937177181244,0,0
10000.0,62990.95,0.2855699062347412,0,0
10000.0,63133.48,0.27479004859924316,0,0
10000.0,63013.69,0.2683229148387909,0,0
10000.0,62930.01,0.25004589557647705,0,0
10000.0,62968.05,0.25004589557647705,0,0
10000.0,62907.59,0.22927556931972504,0,0
10000.0,62928.49,0.20815438032150269,0,0
10000.0,62886.88,0.23907797038555145,0,0
10000.0,63043.56,0.2510204315185547,0,0
10000.0,63019.88,0.19893980026245117,0,0
10000.0,63045.13,0.19185805320739746,0,0
10000.0,63134.41,0.18964000046253204,0,0
10000.0,63051.25,0.19565501809120178,0,0
10000.0,63122.0,0.18433181941509247,0,0
10000.0,63089.0,0.19748252630233765,0,0
10000.0,63114.68,0.20010757446289062,0,0
10000.0,63075.43,0.18892590701580048,0,0
10000.0,62935.72,0.2049647718667984,0,0
10000.0,63030.38,0.20055769383907318,0,0
10000.0,63046.1,0.17819121479988098,0,0
10000.0,63022.01,0.20180124044418335,0,0
10000.0,63050.13,0.20513586699962616,0,0
10000.0,63060.35,0.1965726912021637,0,0
10000.0,63040.0,0.20579835772514343,0,0
10000.0,63100.55,0.21009458601474762,0,0
10000.0,63096.63,0.22540883719921112,0,0
10000.0,63070.5,0.19705060124397278,0,0
10000.0,63057.58,0.21009458601474762,0,0
10000.0,63126.08,0.20334741473197937,0,0
10000.0,63103.29,0.17375235259532928,0,0
10000.0,63159.04,0.1790228933095932,0,0
10000.0,63135.52,0.17066887021064758,0,0
10000.0,63086.01,0.19309519231319427,0,0
10000.0,63085.82,0.17946766316890717,0,0
10000.0,63084.78,0.202279195189476,0,0
10000.0,63121.91,0.20383767783641815,0,0
10000.0,63130.0,0.17606540024280548,0,0
10000.0,63090.01,0.19309519231319427,0,0
10000.0,63069.43,0.1949048489332199,0,0
10000.0,63069.31,0.1949048489332199,0,0
10000.0,63061.02,0.1949048489332199,0,0
10000.0,63072.42,0.17946766316890717,0,0
10000.0,62992.69,0.2206662893295288,0,0
10000.0,63008.57,0.2135680913925171,0,0
10000.0,63013.66,0.2174554467201233,0,0
10000.0,63021.98,0.21566328406333923,0,0
10000.0,63060.01,0.20058004558086395,0,0
10000.0,63102.85,0.1881546676158905,0,0
10000.0,63146.39,0.202279195189476,0,0
10000.0,63260.01,0.2071051299571991,0,0
10000.0,63159.3,0.21815207600593567,0,0
10000.0,63140.06,0.1864164173603058,0,0
10000.0,63108.81,0.20572233200073242,0,0
10000.0,63067.79,0.2132224589586258,0,1
10000.0,62929.61,0.23965808749198914,0,1
10000.0,62913.7,0.22115562856197357,0,1
10000.0,62900.0,0.2190808653831482,0,1
10000.0,62917.54,0.2343062311410904,0,1
10000.0,63116.12,0.23428106307983398,0,1
10000.0,63403.34,0.2480897158384323,0,0
10000.0,63429.21,0.23722778260707855,0,0
10000.0,63532.44,0.2638690173625946,0,0
10000.0,63520.18,0.2383398860692978,0,0
10000.0,63667.99,0.24561485648155212,0,0
10000.0,63514.45,0.2510840594768524,0,0
10000.0,63380.84,0.2488275021314621,0,1
10000.0,63323.96,0.22804896533489227,0,1
10000.0,63692.21,0.2720034718513489,0,1
10000.0,63631.1,0.2463093250989914,0,1
10000.0,63554.69,0.23301297426223755,0,1
10000.0,63672.36,0.26860615611076355,0,1
10000.0,63902.63,0.26172029972076416,0,1
10000.0,64200.0,0.27841806411743164,0,0
10000.0,64115.76,0.2690812945365906,0,0
10000.0,64325.99,0.28304651379585266,0,0
10000.0,64428.87,0.2649326026439667,0,0
10000.0,64309.96,0.23577983677387238,0,0
10000.0,64392.73,0.22501340508460999,0,0
10000.0,64382.02,0.2133995145559311,0,0
10000.0,64291.25,0.21929381787776947,0,0
10000.0,64532.1,0.24487601220607758,0,0
10000.0,64383.71,0.23549138009548187,0,0
10000.0,64200.06,0.23549138009548187,0,0
10000.0,64103.22,0.24936187267303467,0,0
10000.0,64185.01,0.24003678560256958,0,0
10000.0,64210.32,0.24781262874603271,0,0
10000.0,64242.76,0.23772096633911133,0,0
10000.0,64318.03,0.24901504814624786,0,0
10000.0,64198.97,0.23766528069972992,0,0
10000.0,64296.02,0.24391795694828033,0,1
10000.0,64171.95,0.21209584176540375,0,1
10000.0,64202.8,0.1962011158466339,0,1
10000.0,64351.19,0.21812206506729126,0,0
10000.0,64230.02,0.2077343463897705,0,1
10000.0,64219.99,0.2237667739391327,0,1
10000.0,64714.16,0.2771120071411133,0,0
10000.0,64855.06,0.2654559314250946,0,0
10000.0,64840.0,0.255801260471344,0,0
10000.0,64670.02,0.23766528069972992,0,0
10000.0,64772.0,0.22406667470932007,0,0
10000.0,64643.26,0.21705351769924164,0,0
10000.0,64582.39,0.20205599069595337,0,0
10000.0,64604.58,0.20205599069595337,0,0
10000.0,64634.0,0.21069036424160004,0,0
10000.0,64725.42,0.21864238381385803,0,0
10000.0,64488.0,0.2498578578233719,0,0
10000.0,64400.48,0.23451392352581024,0,0
10000.0,64351.9,0.2216799259185791,0,0
10000.0,64330.71,0.22901658713817596,0,0
10000.0,64316.22,0.2219638228416443,0,0
10000.0,64236.01,0.23766528069972992,0,0
10000.0,64339.8,0.2488275021314621,0,1
10000.0,64296.0,0.24210211634635925,0,1
10000.0,64413.95,0.2461446076631546,0,1
10000.0,64427.06,0.21795617043972015,0,1
10000.0,64456.71,0.22498629987239838,0,1
10000.0,64515.63,0.20646308362483978,0,1
10000.0,64882.15,0.26198649406433105,0,1
10000.0,65012.12,0.2926027476787567,0,1
10000.0,65923.21,0.3108399510383606,0,1
10000.0,68554.0,0.3457653224468231,0,1
10000.0,68465.27,0.3332935571670532,0,1
10000.0,68197.29,0.32091468572616577,0,1
10000.0,68395.99,0.2984289526939392,0,1
10000.0,68429.44,0.2979784309864044,0,1
10000.0,69048.06,0.3085533082485199,0,0
10000.0,69709.46,0.31523963809013367,0,0
10000.0,69258.9,0.3039703071117401,0,0
10000.0,69334.79,0.28912055492401123,0,0
10000.0,69420.0,0.3123549520969391,0,1
10000.0,69721.92,0.30633851885795593,0,0
10000.0,69301.27,0.30142730474472046,0,1
10000.0,69195.64,0.2987491190433502,0,1
10000.0,69492.01,0.30666348338127136,0,1
10000.0,69406.54,0.3076556921005249,0,1
10000.0,69851.99,0.3084736168384552,0,1
10000.0,69816.45,0.3313363194465637,0,1
10000.0,71592.1,0.3228984475135803,0,0
10000.0,71789.97,0.3190856873989105,0,1
10000.0,71995.99,0.32471713423728943,0,1
10000.0,71927.07,0.30580464005470276,0,1
10000.0,71952.04,0.3069228529930115,0,1
10000.0,71691.99,0.31523963809013367,0,1
10000.0,71826.85,0.2968308627605438,0,1
10000.0,72470.83,0.3106566071510315,0,0
10000.0,72837.15,0.3030714988708496,0,0
10000.0,72737.5,0.2986079156398773,0,0
10000.0,72431.36,0.2967076301574707,0,1
10000.0,72690.76,0.2967076301574707,0,1
10000.0,72671.75,0.2987491190433502,0,1
10000.0,72741.81,0.28306445479393005,0,1
10000.0,72676.22,0.29144254326820374,0,1
10000.0,73025.15,0.303213894367218,0,1
10000.0,73708.02,0.32757624983787537,0,1
10000.0,75129.23,0.31474825739860535,0,1
10000.0,74439.74,0.30474191904067993,0,1
10000.0,74510.77,0.30081987380981445,0,1
10000.0,75026.0,0.31518957018852234,0,1
10000.0,75472.73,0.29714235663414,0,1
10000.0,75646.21,0.29714235663414,0,1
10000.0,76308.65,0.31949669122695923,0,1
10000.0,79258.03,0.30376526713371277,0,0
10000.0,77910.71,0.3029234707355499,0,0
10000.0,77810.02,0.30554476380348206,0,0
10000.0,76722.32,0.32029399275779724,0,1
10000.0,77223.66,0.2940826714038849,0,0
10000.0,77266.87,0.3258265554904938,0,0
10000.0,77384.68,0.315607488155365,0,0
10000.0,77221.98,0.31661751866340637,0,1
10000.0,77486.01,0.3110215365886688,0,1
10000.0,77392.68,0.3046260178089142,0,1
10000.0,77146.0,0.3046060800552368,0,1
10000.0,77028.94,0.3046260178089142,0,1
10000.0,77520.19,0.3046260178089142,0,1
10000.0,78505.15,0.3051750957965851,0,0
10000.0,78460.14,0.29092293977737427,0,0
10000.0,78338.03,0.28817397356033325,0,0
10000.0,77953.3,0.2918449342250824,0,0
10000.0,77830.01,0.2974793314933777,0,0
10000.0,78470.0,0.28442302346229553,0,0
10000.0,78410.98,0.28817397356033325,0,0
10000.0,78470.0,0.28444215655326843,0,0
10000.0,77380.75,0.3252560496330261,0,0
10000.0,77486.09,0.2972249984741211,0,0
10000.0,77289.18,0.2908729314804077,0,0
10000.0,77210.55,0.29447686672210693,0,0
10000.0,77061.99,0.30213528871536255,0,0
10000.0,76976.0,0.30213528871536255,0,0
10000.0,77130.02,0.28659287095069885,0,0
10000.0,77300.27,0.2843671441078186,0,0
10000.0,77288.62,0.2657630145549774,0,0
10000.0,77003.62,0.288406640291214,0,0
10000.0,76978.83,0.2754135727882385,0,0
10000.0,77288.01,0.29231467843055725,0,0
10000.0,77278.01,0.267085462808609,0,0
10000.0,77257.86,0.25074517726898193,0,0
10000.0,77418.25,0.24802501499652863,0,0
10000.0,77311.69,0.2552720904350281,0,0
10000.0,76856.01,0.30043309926986694,0,0
10000.0,76997.76,0.2920970022678375,0,0
10000.0,77074.93,0.26185131072998047,0,0
10000.0,77302.65,0.2655012905597687,0,0
10000.0,77190.29,0.25261715054512024,0,0
10000.0,77079.46,0.23625701665878296,0,0
10000.0,76927.87,0.24575600028038025,0,0
10000.0,76602.0,0.31488049030303955,0,0
10000.0,76053.37,0.31942328810691833,0,1
10000.0,76096.95,0.3220028281211853,0,1
10000.0,76007.13,0.3119598925113678,0,1
10000.0,76486.49,0.30441442131996155,0,1
10000.0,76549.98,0.24495619535446167,0,1
10000.0,76790.35,0.2791828513145447,0,1
10000.0,77311.02,0.28244394063949585,0,0
10000.0,77206.0,0.28012940287590027,0,0
10000.0,77487.62,0.2912723124027252,0,0
10000.0,77186.0,0.29313284158706665,0,0
10000.0,77156.13,0.2790955603122711,0,1
10000.0,77429.88,0.26215851306915283,0,0
10000.0,77176.41,0.2736094892024994,0,1
10000.0,77341.98,0.2838349938392639,0,0
10000.0,77346.01,0.2579829692840576,0,0
10000.0,77401.6,0.2579829692840576,0,0
10000.0,77833.23,0.2901264727115631,0,0
10000.0,77598.88,0.27857348322868347,0,0
10000.0,77734.0,0.28825798630714417,0,0
10000.0,77679.5,0.28244394063949585,0,0
10000.0,76922.1,0.29313284158706665,0,1
10000.0,77478.69,0.28879091143608093,0,0
10000.0,76933.02,0.29190129041671753,0,1
10000.0,76897.44,0.2861059904098511,0,1
10000.0,77149.4,0.2752409279346466,0,1
10000.0,77464.33,0.2830614745616913,0,1
10000.0,77307.15,0.27737292647361755,0,1
10000.0,77041.47,0.27737292647361755,0,1
10000.0,77554.08,0.2830614745616913,0,1
10000.0,77617.22,0.2797948122024536,0,1
10000.0,78443.65,0.2973071038722992,0,0
10000.0,79159.99,0.3185827434062958,0,0
10000.0,78597.99,0.31382662057876587,0,0
10000.0,79510.92,0.31166428327560425,0,0
10000.0,79100.01,0.3194292485713959,0,0
10000.0,79047.6,0.30931875109672546,0,0
10000.0,78761.14,0.30272823572158813,0,0
10000.0,78928.35,0.28059014678001404,0,1
10000.0,78758.0,0.28443458676338196,0,1
10000.0,78932.33,0.2878495156764984,0,1
10000.0,78984.23,0.2543473541736603,0,1
10000.0,78740.0,0.27343109250068665,0,1
10000.0,78992.75,0.2701771855354309,0,1
10000.0,79739.99,0.3069875240325928,0,1
10000.0,79828.0,0.2862882912158966,0,0
10000.0,80649.63,0.322654664516449,0,0
10000.0,80488.01,0.30694225430488586,0,0
10000.0,80363.73,0.29616275429725647,0,0
10000.0,80731.9,0.3049202263355255,0,0
10000.0,80574.09,0.28785285353660583,0,0
10000.0,79705.79,0.3031271994113922,0,0
10000.0,79930.77,0.28443458676338196,0,0
10000.0,79187.2,0.3074709475040436,0,0
10000.0,79309.63,0.2893081307411194,0,0
10000.0,79117.99,0.2869293987751007,0,0
10000.0,78980.0,0.2976425290107727,0,0
10000.0,78647.99,0.3167978525161743,0,0
10000.0,79235.99,0.30337899923324585,0,0
10000.0,79502.01,0.2924349009990692,0,0
10000.0,79156.02,0.29231277108192444,0,0
10000.0,79240.01,0.2905576229095459,0,0
10000.0,79128.0,0.2794097661972046,0,0
10000.0,78925.95,0.2905576229095459,0,0
10000.0,78206.13,0.3091520071029663,0,1
10000.0,78570.0,0.3016846477985382,0,1
10000.0,78889.51,0.2764608860015869,0,0
10000.0,78539.14,0.29569849371910095,0,1
10000.0,78631.79,0.30097630620002747,0,0
10000.0,78815.13,0.2782370448112488,0,0
10000.0,79108.0,0.31081849336624146,0,0
10000.0,79088.62,0.2707870602607727,0,0
10000.0,78826.0,0.28294235467910767,0,0
10000.0,79085.98,0.30043309926986694,0,0
10000.0,78947.92,0.27844756841659546,0,0
10000.0,78925.56,0.26475411653518677,0,0
10000.0,78707.59,0.3172949254512787,0,0
10000.0,78444.49,0.2909960448741913,0,0
10000.0,78727.45,0.2874237596988678,0,0
10000.0,78487.26,0.2909960448741913,0,0
10000.0,78319.59,0.30697211623191833,0,0
10000.0,78448.66,0.2931523025035858,0,0
10000.0,77790.48,0.31237512826919556,0,1
10000.0,78011.65,0.3063923716545105,0,1
10000.0,77991.3,0.2803815007209778,0,1
10000.0,78442.83,0.296328604221344,0,1
10000.0,78472.41,0.26512423157691956,0,0
10000.0,78475.49,0.25916364789009094,0,1
10000.0,78452.04,0.2583407163619995,0,0
10000.0,78724.01,0.27553677558898926,0,0
10000.0,78700.0,0.2703172564506531,0,0
10000.0,79023.75,0.27737292647361755,0,0
10000.0,78690.01,0.26402586698532104,0,0
10000.0,78898.67,0.27553677558898926,0,0
10000.0,78717.76,0.2540454566478729,0,1
10000.0,78830.68,0.2619895935058594,0,1
10000.0,78783.99,0.23248642683029175,0,1
10000.0,78912.55,0.2609877288341522,0,1
10000.0,78817.49,0.2583576440811157,0,1
10000.0,79082.17,0.2596690058708191,0,1
10000.0,79755.99,0.3004130423069,0,1
10000.0,79986.0,0.2969861328601837,0,0
10000.0,79626.0,0.2933068573474884,0,1
10000.0,79477.67,0.2870635688304901,0,1
10000.0,79282.31,0.2580257058143616,0,1
10000.0,79533.15,0.28796619176864624,0,0
10000.0,80204.05,0.29679161310195923,0,0
10000.0,80302.32,0.290552020072937,0,0
10000.0,80374.0,0.27211111783981323,0,0
10000.0,80442.46,0.28892749547958374,0,0
10000.0,80150.69,0.28178948163986206,0,1
10000.0,79910.19,0.25902020931243896,0,1
10000.0,80096.0,0.23003852367401123,0,0
10000.0,80184.0,0.23217736184597015,0,0
10000.0,80303.21,0.25276482105255127,0,0
10000.0,80249.58,0.23003852367401123,0,0
10000.0,80576.0,0.27553677558898926,0,0
10000.0,80500.38,0.29765987396240234,0,0
10000.0,79926.11,0.2879469096660614,0,0
10000.0,79810.49,0.2517712116241455,0,0
10000.0,79643.81,0.25902020931243896,0,0
10000.0,79686.0,0.24972659349441528,0,0
10000.0,79904.21,0.2553234100341797,0,0
10000.0,79660.0,0.2644456624984741,0,0
10000.0,79516.78,0.2593529522418976,0,0
10000.0,79285.19,0.24982613325119019,0,0
10000.0,79565.89,0.2758828401565552,0,0
10000.0,79604.13,0.24851912260055542,0,0
10000.0,79421.05,0.2630978524684906,0,0
10000.0,79330.75,0.28650206327438354,0,0
10000.0,79542.44,0.3116186559200287,0,0
10000.0,78331.13,0.31942328810691833,0,0
10000.0,77788.46,0.33018243312835693,0,0
10000.0,77904.0,0.32103222608566284,0,0
10000.0,77554.0,0.32459598779678345,0,0
10000.0,77580.03,0.28803446888923645,0,0
10000.0,77407.34,0.2624318599700928,0,0
10000.0,77364.0,0.24992036819458008,0,0
10000.0,77758.69,0.28253570199012756,0,0
10000.0,77845.87,0.26977482438087463,0,0
10000.0,77733.63,0.2543969750404358,0,0
10000.0,77794.11,0.24019016325473785,0,0
10000.0,77671.18,0.24112582206726074,0,0
10000.0,77507.17,0.23738031089305878,0,0
10000.0,77648.91,0.2099114954471588,0,0
10000.0,77632.53,0.1955454796552658,0,0
10000.0,77466.82,0.22501340508460999,0,0
10000.0,77626.01,0.25653302669525146,0,0
10000.0,77633.99,0.2067299783229828,0,0
10000.0,77650.03,0.22657731175422668,0,0
10000.0,77635.17,0.21755975484848022,0,1
10000.0,77584.67,0.19950813055038452,0,1
10000.0,77583.74,0.19950813055038452,0,1
10000.0,77704.32,0.1959291249513626,0,1
10000.0,78014.37,0.27204960584640503,0,0
10000.0,77865.36,0.20276960730552673,0,0
10000.0,78027.17,0.22030477225780487,0,0
10000.0,78100.0,0.20943433046340942,0,0
10000.0,78158.01,0.2139400690793991,0,0
10000.0,78182.0,0.24637697637081146,0,0
10000.0,78129.92,0.22696295380592346,0,0
10000.0,78161.63,0.21261067688465118,0,0
10000.0,78228.34,0.23165816068649292,0,0
10000.0,78230.0,0.22005926072597504,0,0
10000.0,78179.86,0.2355729639530182,0,0
10000.0,78081.5,0.24497109651565552,0,0
10000.0,78106.01,0.2099114954471588,0,0
10000.0,78144.68,0.22115497291088104,0,0
10000.0,78109.75,0.24027740955352783,0,0
10000.0,78127.71,0.19647017121315002,0,0
10000.0,78280.34,0.2273540496826172,0,1
10000.0,78118.0,0.20921726524829865,0,1
10000.0,78074.01,0.21297474205493927,0,1
10000.0,78000.01,0.20951268076896667,0,1
10000.0,78145.29,0.2103494107723236,0,1
10000.0,78166.0,0.2085547000169754,0,1
10000.0,78785.06,0.26195788383483887,0,0
10000.0,78860.0,0.25063639879226685,0,0
10000.0,78783.71,0.26925888657569885,0,0
10000.0,78823.63,0.2545386850833893,0,0
10000.0,79337.93,0.2855287790298462,0,0
10000.0,79021.02,0.28650206327438354,0,0
10000.0,79036.69,0.262862890958786,0,0
10000.0,78856.39,0.25518137216567993,0,0
10000.0,78597.33,0.2780504524707794,0,0
10000.0,78653.0,0.28650206327438354,0,0
10000.0,78422.01,0.28404501080513,0,0
10000.0,77682.0,0.313145250082016,0,0
10000.0,77937.04,0.29085972905158997,0,0
10000.0,77640.94,0.27805712819099426,0,1
10000.0,77473.99,0.296328604221344,0,1
10000.0,77756.71,0.27878686785697937,0,1
10000.0,77622.28,0.2637981176376343,0,1
10000.0,78016.0,0.28030434250831604,0,0
10000.0,78093.87,0.2685524821281433,0,0
10000.0,78196.01,0.2766716182231903,0,0
10000.0,78480.8,0.28650206327438354,0,0
10000.0,78511.03,0.26865190267562866,0,0
10000.0,78710.01,0.26776185631752014,0,0
10000.0,78315.43,0.2630978524684906,0,1
10000.0,77930.39,0.29817524552345276,0,1
10000.0,77867.39,0.2988475561141968,0,1
10000.0,78600.14,0.29748085141181946,0,0
10000.0,78580.42,0.29750049114227295,0,0
10000.0,78639.57,0.27386045455932617,0,0
10000.0,78897.36,0.27845627069473267,0,0
10000.0,79016.0,0.2653489410877228,0,0
10000.0,78898.06,0.2642361521720886,0,0
10000.0,78864.72,0.26455605030059814,0,0
10000.0,78964.32,0.26322877407073975,0,0
10000.0,78593.15,0.26566967368125916,0,0
10000.0,78581.29,0.24894045293331146,0,1
10000.0,78652.0,0.26783087849617004,0,0
10000.0,78410.62,0.2699745297431946,0,0
10000.0,78449.99,0.2554608881473541,0,0
10000.0,78679.01,0.2802721858024597,0,0
10000.0,78727.11,0.26048046350479126,0,0
10000.0,79179.99,0.2812643051147461,0,0
10000.0,78745.39,0.2699745297431946,0,0
10000.0,78632.37,0.2701977789402008,0,0
10000.0,77883.28,0.30810219049453735,0,0
10000.0,77915.0,0.2667018175125122,0,0
10000.0,78029.67,0.29082295298576355,0,0
10000.0,78098.97,0.26815351843833923,0,0
10000.0,78004.0,0.27811187505722046,0,0
10000.0,78071.99,0.29695817828178406,0,0
10000.0,78167.99,0.28289586305618286,0,0
10000.0,77919.06,0.3091447353363037,0,0
10000.0,77596.01,0.31814348697662354,0,0
10000.0,77265.79,0.3119598925113678,0,0
10000.0,77153.9,0.31942328810691833,0,0
10000.0,77312.0,0.2655211389064789,0,0
10000.0,77448.45,0.23263074457645416,0,0
10000.0,77211.32,0.30043309926986694,0,0
10000.0,77274.02,0.2611437141895294,0,0
10000.0,77439.0,0.271589994430542,0,0
10000.0,77213.25,0.2596690058708191,0,1
10000.0,77020.68,0.3092897832393646,0,1
10000.0,77329.2,0.2774823307991028,0,0
10000.0,77563.5,0.3092897832393646,0,0
10000.0,77561.82,0.2588384449481964,0,0
10000.0,77651.07,0.2559061646461487,0,0
10000.0,77611.54,0.24982613325119019,0,0
10000.0,77473.85,0.26099586486816406,0,0
10000.0,76854.11,0.2995198667049408,0,0
10000.0,76752.26,0.3165348470211029,0,1
10000.0,76680.88,0.3165348470211029,0,1
10000.0,76828.76,0.3092897832393646,0,1
10000.0,76613.88,0.3146902620792389,0,1
10000.0,77146.0,0.30865588784217834,0,0
10000.0,77066.42,0.3076993227005005,0,0
10000.0,77288.98,0.30065903067588806,0,0
10000.0,77171.5,0.28215938806533813,0,0
10000.0,77381.66,0.27553677558898926,0,0
10000.0,77377.76,0.24600863456726074,0,0
10000.0,77341.47,0.24792611598968506,0,0
10000.0,77406.01,0.257804274559021,0,1
10000.0,77284.0,0.24618805944919586,0,1
10000.0,77034.03,0.22501340508460999,0,1
10000.0,77340.01,0.24519111216068268,0,1
10000.0,77068.01,0.261088103055954,0,1
10000.0,77356.7,0.28451523184776306,0,0
10000.0,77816.01,0.2831237018108368,0,0
10000.0,77708.0,0.256060928106308,0,0
10000.0,77776.0,0.2545427680015564,0,0
10000.0,77809.91,0.2840258777141571,0,0
10000.0,77835.19,0.22453057765960693,0,1
10000.0,77663.15,0.2855759859085083,0,1
10000.0,77843.34,0.2602142095565796,0,1
10000.0,77615.24,0.26389437913894653,0,1
10000.0,77735.88,0.26783087849617004,0,1
10000.0,77948.39,0.26256924867630005,0,1
10000.0,78652.38,0.29693856835365295,0,1
10000.0,78840.52,0.3061586618423462,0,1
10000.0,80549.97,0.33971869945526123,0,1
10000.0,81348.0,0.3273352384567261,0,0
10000.0,80969.37,0.32236626744270325,0,0
10000.0,81042.0,0.2926630973815918,0,0
10000.0,81254.32,0.2848774790763855,0,0
10000.0,81755.41,0.3019823431968689,0,0
10000.0,81473.0,0.2840503454208374,0,0
10000.0,81590.0,0.3083198368549347,0,0
10000.0,81140.0,0.29553040862083435,0,0
10000.0,81270.37,0.2849663197994232,0,0
10000.0,80972.12,0.29043900966644287,0,0
10000.0,80968.01,0.27918076515197754,0,0
10000.0,80831.99,0.2638538181781769,0,0
10000.0,80850.0,0.252373069524765,0,0
10000.0,81070.54,0.2831878960132599,0,0
10000.0,80996.15,0.2602218687534332,0,0
10000.0,80797.39,0.2849164307117462,0,0
10000.0,80656.87,0.27865010499954224,0,0
10000.0,81147.16,0.2859501242637634,0,0
10000.0,81056.63,0.27637436985969543,0,0
10000.0,81179.63,0.27409011125564575,0,0
10000.0,81224.86,0.26256924867630005,0,0
10000.0,79453.96,0.31485089659690857,0,0
10000.0,79378.67,0.313591867685318,0,1
10000.0,78915.71,0.33243727684020996,0,1
10000.0,79429.33,0.31498679518699646,0,0
10000.0,79745.73,0.31916511058807373,0,0
10000.0,79472.22,0.28755128383636475,0,0
10000.0,79618.15,0.22817888855934143,0,0
10000.0,79793.34,0.24823157489299774,0,0
10000.0,79697.04,0.2365715652704239,0,0
10000.0,79624.0,0.27227553725242615,0,0
10000.0,79636.09,0.2153559923171997,0,0
10000.0,79660.77,0.21103216707706451,0,0
10000.0,79573.36,0.21103216707706451,0,0
10000.0,79533.34,0.21103216707706451,0,0
10000.0,79569.09,0.20783813297748566,0,0
10000.0,79582.0,0.19968672096729279,0,0
10000.0,79500.01,0.20253998041152954,0,0
10000.0,79577.53,0.23846781253814697,0,0
10000.0,79644.01,0.21088917553424835,0,0
10000.0,79709.96,0.19333678483963013,0,0
10000.0,79650.0,0.20222343504428864,0,0
10000.0,79631.28,0.19130820035934448,0,0
10000.0,79618.01,0.18763676285743713,0,1
10000.0,79609.28,0.18422171473503113,0,1
10000.0,79704.14,0.20513230562210083,0,0
10000.0,79613.67,0.22914595901966095,0,0
10000.0,79719.76,0.18952250480651855,0,0
10000.0,79806.01,0.19187936186790466,0,0
10000.0,80042.0,0.22623693943023682,0,0
10000.0,80058.6,0.22900252044200897,0,0
10000.0,79999.98,0.19839200377464294,0,0
10000.0,79754.0,0.21812206506729126,0,0
10000.0,79737.83,0.20447762310504913,0,0
10000.0,79906.02,0.21313707530498505,0,0
10000.0,79783.99,0.22211049497127533,0,0
10000.0,79831.75,0.23127898573875427,0,0
10000.0,79868.0,0.18185780942440033,0,0
10000.0,79951.39,0.20189210772514343,0,0
10000.0,79907.28,0.1949337273836136,0,0
10000.0,80028.01,0.21812206506729126,0,0
10000.0,79866.01,0.1959291249513626,0,0
10000.0,79989.13,0.22151857614517212,0,0
10000.0,79784.65,0.21879105269908905,0,0
10000.0,79805.0,0.21812206506729126,0,0
10000.0,79837.17,0.2009398490190506,0,0
10000.0,79885.77,0.22113029658794403,0,0
10000.0,80003.93,0.1949337273836136,0,0
10000.0,79919.17,0.19483882188796997,0,0
10000.0,79922.04,0.19839200377464294,0,0
10000.0,79829.98,0.23127898573875427,0,0
10000.0,79543.06,0.2555094063282013,0,0
10000.0,79716.5,0.22397898137569427,0,0
10000.0,79682.0,0.20638518035411835,0,0
10000.0,79745.34,0.21194002032279968,0,1
10000.0,79955.34,0.21812206506729126,0,0
10000.0,79829.99,0.20486201345920563,0,0
10000.0,79912.0,0.21719622611999512,0,0
10000.0,79944.38,0.213330939412117,0,0
10000.0,80055.17,0.23027478158473969,0,0
10000.0,80341.83,0.24893657863140106,0,0
10000.0,80160.01,0.2222585678100586,0,0
10000.0,79926.14,0.2306443303823471,0,0
10000.0,79874.24,0.2480897158384323,0,0
10000.0,79596.39,0.2318863421678543,0,0
10000.0,79724.0,0.23005861043930054,0,0
10000.0,79759.47,0.22631242871284485,0,0
10000.0,79659.27,0.20908156037330627,0,0
10000.0,79397.83,0.2639024257659912,0,0
10000.0,79437.38,0.22056616842746735,0,0
10000.0,79313.85,0.2562333941459656,0,0
10000.0,79360.0,0.2275192141532898,0,0
10000.0,79420.16,0.24999958276748657,0,0
10000.0,79606.84,0.24597813189029694,0,0
10000.0,79352.01,0.2601221799850464,0,0
10000.0,79191.95,0.2654942274093628,0,0
10000.0,78821.99,0.2900656461715698,0,0
10000.0,79028.87,0.24982613325119019,0,0
10000.0,79185.73,0.23265722393989563,0,0
10000.0,79196.16,0.231079563498497,0,0
10000.0,79365.82,0.23643332719802856,0,0
10000.0,79238.0,0.22501340508460999,0,0
10000.0,79164.0,0.19885489344596863,0,0
10000.0,78952.19,0.2714384198188782,0,0
10000.0,79112.01,0.24099469184875488,0,0
10000.0,79313.08,0.2632972300052643,0,0
10000.0,79441.99,0.2530115246772766,0,0
10000.0,78930.01,0.27614831924438477,0,0
10000.0,78906.28,0.24945595860481262,0,0
10000.0,78678.71,0.25749149918556213,0,0
10000.0,78578.0,0.27230554819107056,0,0
10000.0,78323.59,0.27573201060295105,0,0
10000.0,78482.0,0.2830272614955902,0,0
10000.0,78418.0,0.2616894245147705,0,0
10000.0,78761.99,0.2796991467475891,0,0
10000.0,78568.0,0.266517698764801,0,0
10000.0,78430.01,0.266142338514328,0,0
10000.0,78449.99,0.25608566403388977,0,0
10000.0,77961.66,0.3114190995693207,0,1
10000.0,78567.52,0.2995198667049408,0,0
10000.0,78904.0,0.2821819484233856,0,0
10000.0,78735.89,0.25752949714660645,0,0
10000.0,78504.38,0.2546069622039795,0,0
10000.0,78436.0,0.28159114718437195,0,0
10000.0,78446.0,0.25537559390068054,0,1
10000.0,78487.99,0.23034562170505524,0,0
10000.0,78492.18,0.22493398189544678,0,0
10000.0,78562.44,0.21755975484848022,0,1
10000.0,78455.8,0.22251161932945251,0,1
10000.0,78774.65,0.22361207008361816,0,0
10000.0,78891.5,0.24751271307468414,0,0
10000.0,78726.01,0.2225244641304016,0,1
10000.0,78638.01,0.20643848180770874,0,0
10000.0,79171.5,0.2777203917503357,0,0
10000.0,78923.43,0.2777203917503357,0,1
10000.0,79159.03,0.2607693672180176,0,1
10000.0,79277.43,0.2550811767578125,0,0
10000.0,79698.02,0.28993508219718933,0,0
10000.0,78952.01,0.27770155668258667,0,0
10000.0,78920.01,0.2601204216480255,0,0
10000.0,79324.75,0.28650206327438354,0,0
10000.0,79606.14,0.26808276772499084,0,0
10000.0,79140.69,0.2926703691482544,0,0
10000.0,78958.01,0.2926703691482544,0,0
10000.0,78596.7,0.3132215142250061,0,0
10000.0,78804.9,0.28178948163986206,0,0
10000.0,78776.01,0.2524735927581787,0,0
10000.0,78414.42,0.2542782127857208,0,0
10000.0,78234.94,0.26573118567466736,0,0
10000.0,78324.07,0.2604524493217468,0,0
10000.0,78145.02,0.2619895935058594,0,0
10000.0,77924.06,0.28116536140441895,0,1
10000.0,78306.43,0.2529833912849426,0,0
10000.0,78180.7,0.2616894245147705,0,0
10000.0,78094.0,0.2948209345340729,0,0
10000.0,78357.86,0.2511517107486725,0,0
10000.0,78328.08,0.23549138009548187,0,0
10000.0,78400.0,0.21025574207305908,0,0
10000.0,78536.71,0.2543267011642456,0,0
10000.0,78416.01,0.26715683937072754,0,0
10000.0,78112.0,0.2977403700351715,0,0
10000.0,78110.0,0.21260246634483337,0,0
10000.0,77992.01,0.2602616846561432,0,0
10000.0,77863.21,0.25608566403388977,0,0
10000.0,77840.8,0.26433172821998596,0,0
10000.0,76896.01,0.3114190995693207,0,0
10000.0,77174.44,0.3134821653366089,0,0
10000.0,77412.01,0.30884209275245667,0,0
10000.0,77250.0,0.2699241638183594,0,0
10000.0,77200.01,0.3043287992477417,0,0
10000.0,77328.72,0.27248767018318176,0,0
10000.0,77252.0,0.2568979859352112,0,0
10000.0,77160.83,0.2553938031196594,0,0
10000.0,77268.08,0.22501340508460999,0,0
10000.0,77144.0,0.2271193116903305,0,0
10000.0,76836.45,0.254140704870224,0,0
10000.0,76568.72,0.2830243408679962,0,1
10000.0,76908.59,0.265363484621048,0,1
10000.0,76971.43,0.25867292284965515,0,0
10000.0,76838.68,0.22501340508460999,0,1
10000.0,76891.8,0.2527710497379303,0,0
10000.0,77114.01,0.2529004216194153,0,0
10000.0,77252.86,0.22923877835273743,0,0
10000.0,77298.01,0.2575661242008209,0,1
10000.0,77230.7,0.24603267014026642,0,1
10000.0,77364.93,0.24291573464870453,0,1
10000.0,77042.0,0.27159321308135986,0,1
10000.0,76993.25,0.24125799536705017,0,1
10000.0,77036.12,0.24235132336616516,0,1
10000.0,78032.99,0.312324583530426,0,0
10000.0,79242.56,0.3265915811061859,0,0
10000.0,78798.51,0.32050731778144836,0,0
10000.0,77732.25,0.32594090700149536,0,0
10000.0,77916.0,0.3068576455116272,0,0
10000.0,77534.0,0.30210909247398376,0,0
10000.0,77054.0,0.3051915466785431,0,0
10000.0,77286.01,0.2964564859867096,0,0
10000.0,77339.33,0.28259900212287903,0,0
10000.0,77108.01,0.28221970796585083,0,0
10000.0,77150.0,0.27810657024383545,0,0
10000.0,77225.7,0.22277261316776276,0,0
10000.0,77287.43,0.2071974128484726,0,0
10000.0,77272.37,0.2071974128484726,0,0
10000.0,77288.0,0.2071974128484726,0,0
10000.0,77268.09,0.20620878040790558,0,0
10000.0,77222.75,0.20253998041152954,0,0
10000.0,77218.0,0.21908026933670044,0,0
10000.0,77289.73,0.21847832202911377,0,0
10000.0,77269.55,0.21094314754009247,0,0
10000.0,77360.01,0.20721210539340973,0,0
10000.0,77349.44,0.21157319843769073,0,0
10000.0,77332.94,0.19187627732753754,0,0
10000.0,77356.04,0.17672987282276154,0,0
10000.0,77340.0,0.18238221108913422,0,0
10000.0,77366.52,0.20906096696853638,0,0
10000.0,77461.24,0.18952250480651855,0,0
10000.0,77380.37,0.17904171347618103,0,0
10000.0,77358.01,0.18185780942440033,0,0
10000.0,77210.58,0.2202242612838745,0,0
10000.0,77131.0,0.18422171473503113,0,0
10000.0,77114.99,0.1985839605331421,0,0
10000.0,77170.0,0.19779923558235168,0,0
10000.0,77264.01,0.19849905371665955,0,0
10000.0,77232.17,0.18361079692840576,0,0
10000.0,77278.73,0.175150528550148,0,0
10000.0,77276.02,0.19078794121742249,0,0
10000.0,77319.97,0.204056978225708,0,0
10000.0,77289.96,0.18785984814167023,0,0
10000.0,77192.01,0.20722170174121857,0,0
10000.0,77210.01,0.2020685225725174,0,0
10000.0,77322.01,0.2020685225725174,0,0
10000.0,77122.35,0.2132292240858078,0,0
10000.0,77127.99,0.1826004534959793,0,0
10000.0,76813.71,0.22925060987472534,0,1
10000.0,76808.01,0.24207426607608795,0,0
10000.0,76677.29,0.2290879487991333,0,1
10000.0,76792.32,0.24415281414985657,0,1
10000.0,76763.33,0.23054204881191254,0,1
10000.0,76853.02,0.2549527585506439,0,1
10000.0,77216.01,0.26672154664993286,0,0
10000.0,77134.83,0.2542225122451782,0,0
10000.0,77276.14,0.2607877254486084,0,0
10000.0,77328.94,0.22558748722076416,0,0
10000.0,77338.87,0.20949512720108032,0,0
10000.0,77284.0,0.24331551790237427,0,0
10000.0,77348.01,0.20402494072914124,0,0
10000.0,77316.0,0.23345737159252167,0,0
10000.0,76714.0,0.28046464920043945,0,1
10000.0,76842.01,0.26361846923828125,0,1
10000.0,76808.0,0.29738378524780273,0,1
10000.0,77118.97,0.29342442750930786,0,1
10000.0,77600.0,0.2855567932128906,0,0
10000.0,77596.33,0.28115567564964294,0,1
10000.0,77681.78,0.25738608837127686,0,0
10000.0,77611.79,0.24497109651565552,0,0
10000.0,77593.15,0.2831799387931824,0,0
10000.0,77892.24,0.2663736939430237,0,0
10000.0,77728.8,0.2726747989654541,0,1
10000.0,78141.57,0.29071730375289917,0,1
10000.0,77906.6,0.25004589557647705,0,1
10000.0,77776.0,0.2510204315185547,0,1
10000.0,77698.01,0.28725099563598633,0,1
10000.0,78168.01,0.3113761842250824,0,1
10000.0,78521.06,0.29695817828178406,0,1
10000.0,78578.02,0.2821497321128845,0,0
10000.0,78769.42,0.28825798630714417,0,0
10000.0,78937.98,0.28417685627937317,0,0
10000.0,79226.01,0.3055773973464966,0,0
10000.0,78982.0,0.25775694847106934,0,0
10000.0,79100.0,0.28825798630714417,0,0
10000.0,78757.83,0.27122199535369873,0,0
10000.0,78557.98,0.2682196795940399,0,0
10000.0,78189.21,0.2569452226161957,0,0
10000.0,77952.93,0.25258979201316833,0,0
10000.0,77917.86,0.2648524343967438,0,0
10000.0,77913.72,0.22501340508460999,0,0
10000.0,77676.99,0.23549138009548187,0,0
10000.0,77567.12,0.24596142768859863,0,0
10000.0,77630.0,0.2593529522418976,0,0
10000.0,77286.7,0.2691080868244171,0,0
10000.0,76930.01,0.2721523344516754,0,0
10000.0,77000.01,0.2593705654144287,0,0
10000.0,76984.05,0.2431839555501938,0,0
10000.0,77053.8,0.2593705654144287,0,0
10000.0,76940.01,0.25718775391578674,0,0
10000.0,76957.65,0.2625052034854889,0,0
10000.0,76618.77,0.30575883388519287,0,0
10000.0,75942.01,0.31942328810691833,0,0
10000.0,76512.0,0.32491740584373474,0,0
10000.0,76388.0,0.2697969079017639,0,0
10000.0,76962.0,0.3201870322227478,0,0
10000.0,76000.0,0.33018243312835693,0,0
10000.0,76186.48,0.30932092666625977,0,0
10000.0,75935.24,0.31396496295928955,0,0
10000.0,75453.85,0.3174869418144226,0,0
10000.0,75668.0,0.31396496295928955,0,0
10000.0,75644.48,0.28054508566856384,0,0
10000.0,75772.1,0.272082656621933,0,0
10000.0,75489.14,0.30932092666625977,0,0
10000.0,75886.35,0.31426122784614563,0,0
10000.0,75824.01,0.26989224553108215,0,0
10000.0,75864.02,0.2516482472419739,0,0
10000.0,75962.01,0.265986829996109,0,0
10000.0,76030.01,0.25679126381874084,0,0
10000.0,75766.63,0.2972796857357025,0,0
10000.0,75736.01,0.30746200680732727,0,0
10000.0,75993.0,0.26514530181884766,0,0
10000.0,75990.2,0.2124398648738861,0,0
10000.0,76250.0,0.2960847020149231,0,0
10000.0,75967.99,0.2960847020149231,0,0
10000.0,75646.01,0.2523101270198822,0,1
10000.0,75697.82,0.25813624262809753,0,1
10000.0,75788.41,0.23899832367897034,0,0
10000.0,75768.0,0.21748387813568115,0,0
10000.0,75768.01,0.27583128213882446,0,1
10000.0,75632.0,0.2892293632030487,0,1
10000.0,76080.0,0.28030508756637573,0,0
10000.0,76178.34,0.2361978441476822,0,0
10000.0,75976.0,0.22298204898834229,0,1
10000.0,75675.88,0.2506326138973236,0,1
10000.0,76206.01,0.27349215745925903,0,0
10000.0,76342.77,0.25262054800987244,0,0
10000.0,76374.21,0.28244394063949585,0,0
10000.0,76370.01,0.2725977897644043,0,0
10000.0,76441.99,0.21469278633594513,0,0
10000.0,76539.81,0.25671422481536865,0,0
10000.0,76333.88,0.25095418095588684,0,0
10000.0,76477.45,0.25139355659484863,0,0
10000.0,76462.76,0.251334547996521,0,0
10000.0,76574.63,0.250312864780426,0,0
10000.0,76468.05,0.2529004216194153,0,0
10000.0,76402.01,0.24289898574352264,0,0
10000.0,76482.0,0.24915699660778046,0,0
10000.0,76736.59,0.2855567932128906,0,0
10000.0,76694.07,0.29071730375289917,0,0
10000.0,76502.46,0.2956724762916565,0,0
10000.0,76780.01,0.2759717106819153,0,0
10000.0,76753.46,0.2535044252872467,0,0
10000.0,76667.86,0.2654385268688202,0,0
10000.0,76575.96,0.2042955905199051,0,0
10000.0,76594.01,0.1959291249513626,0,0
10000.0,76556.01,0.19804662466049194,0,1
10000.0,76415.85,0.19996525347232819,0,1
10000.0,76420.0,0.20276960730552673,0,1
10000.0,76417.01,0.19290080666542053,0,1
10000.0,76590.0,0.2054506242275238,0,1
10000.0,76744.01,0.21293359994888306,0,1
10000.0,76988.3,0.21859709918498993,0,1
10000.0,77383.47,0.28071168065071106,0,1
10000.0,77575.97,0.27686306834220886,0,1
10000.0,77493.8,0.2779490649700165,0,1
10000.0,77604.0,0.27369773387908936,0,1
10000.0,77798.01,0.27329182624816895,0,1
10000.0,78272.15,0.295253723859787,0,1
10000.0,78212.01,0.295253723859787,0,1
10000.0,78285.34,0.29112860560417175,0,1
10000.0,78062.0,0.2763069272041321,0,1
10000.0,78043.11,0.2554139196872711,0,1
10000.0,80073.09,0.33121946454048157,0,1
10000.0,80937.83,0.35710635781288147,0,0
10000.0,80725.6,0.3630945384502411,0,1
10000.0,80846.74,0.3490772545337677,0,0
10000.0,81019.0,0.3363615572452545,0,0
10000.0,80938.43,0.3159720301628113,0,1
10000.0,81204.76,0.30312076210975647,0,0
10000.0,81110.01,0.31990230083465576,0,0
10000.0,81238.2,0.3004291355609894,0,0
10000.0,81139.02,0.3030317425727844,0,0
10000.0,80883.87,0.2886953353881836,0,0
10000.0,81668.98,0.32686740159988403,0,0
10000.0,81280.99,0.31860560178756714,0,0
10000.0,81304.72,0.2731199860572815,0,0
10000.0,81136.01,0.2545492649078369,0,0
10000.0,81024.0,0.25640177726745605,0,0
10000.0,81040.01,0.22540247440338135,0,0
10000.0,81052.01,0.21103216707706451,0,0
10000.0,81100.16,0.2310510277748108,0,0
10000.0,81312.01,0.25980237126350403,0,0
10000.0,81325.77,0.23250630497932434,0,0
10000.0,81216.7,0.23212569952011108,0,1
10000.0,81302.63,0.20100153982639313,0,0
10000.0,81330.0,0.21487481892108917,0,0
10000.0,81364.01,0.21139715611934662,0,0
10000.0,81586.01,0.2120255082845688,0,0
10000.0,81636.01,0.2236691117286682,0,0
10000.0,81839.49,0.26368117332458496,0,0
10000.0,81464.01,0.25760701298713684,0,0
10000.0,81428.07,0.23451392352581024,0,0
10000.0,81354.01,0.20878976583480835,0,0
10000.0,81155.33,0.2345782369375229,0,0
10000.0,81100.41,0.24107085168361664,0,0
10000.0,81261.35,0.2276308387517929,0,0
10000.0,81249.99,0.21755312383174896,0,0
10000.0,81293.37,0.20307789742946625,0,0
10000.0,81097.99,0.22188809514045715,0,0
10000.0,80331.52,0.29074475169181824,0,0
10000.0,80486.38,0.2626958191394806,0,0
10000.0,80432.4,0.23549138009548187,0,0
10000.0,80494.31,0.2537993788719177,0,0
10000.0,80309.44,0.2561393678188324,0,0
10000.0,80311.61,0.20331551134586334,0,0
10000.0,80264.85,0.23549138009548187,0,1
10000.0,80470.01,0.2381468415260315,0,1
10000.0,80319.58,0.22406667470932007,0,1
10000.0,80493.2,0.2675100862979889,0,1
10000.0,80493.76,0.24999958276748657,0,1
10000.0,80564.57,0.2510204315185547,0,1
10000.0,80682.01,0.2805134654045105,0,1
10000.0,80912.0,0.28151634335517883,0,0
10000.0,81334.01,0.2946748435497284,0,0
10000.0,81147.94,0.2787265479564667,0,0
10000.0,81036.0,0.24227121472358704,0,1
10000.0,81177.32,0.2400684952735901,0,0
10000.0,81091.85,0.2161312997341156,0,0
10000.0,80932.01,0.2883710265159607,0,1
10000.0,81222.85,0.281816303730011,0,0
10000.0,81178.0,0.24999958276748657,0,0
10000.0,81607.72,0.2894899547100067,0,0
10000.0,80996.97,0.30239835381507874,0,1
10000.0,81310.61,0.28725099563598633,0,1
10000.0,81425.23,0.2688498795032501,0,1
10000.0,81400.01,0.25724905729293823,0,1
10000.0,81550.0,0.271678626537323,0,1
10000.0,81639.9,0.27681171894073486,0,1
10000.0,81720.01,0.24988314509391785,0,1
10000.0,83760.0,0.32487305998802185,0,1
10000.0,84653.71,0.36513954401016235,0,1
10000.0,84441.77,0.33570659160614014,0,1
10000.0,84887.19,0.3432168960571289,0,1
10000.0,85323.0,0.3523453176021576,0,1
10000.0,85466.34,0.3435312509536743,0,1
10000.0,85844.14,0.33088943362236023,0,1
10000.0,85927.71,0.32520249485969543,0,1
10000.0,85961.91,0.3164336681365967,0,1
10000.0,85897.21,0.29881173372268677,0,1
10000.0,86051.75,0.33500316739082336,0,0
10000.0,86490.11,0.33055999875068665,0,0
10000.0,87001.68,0.31641337275505066,0,0
10000.0,86588.29,0.28250858187675476,0,0
10000.0,86453.74,0.2995186746120453,0,0
10000.0,86620.0,0.2802170217037201,0,0
10000.0,85890.71,0.3009873926639557,0,0
10000.0,85616.23,0.29448336362838745,0,0
10000.0,85714.9,0.29448336362838745,0,1
10000.0,85692.83,0.28145453333854675,0,1
10000.0,85452.0,0.24200120568275452,0,1
10000.0,85397.37,0.28178948163986206,0,1
10000.0,85384.01,0.2580257058143616,0,1
10000.0,85344.0,0.2621082663536072,0,1
10000.0,86223.77,0.2836318910121918,0,0
10000.0,86253.99,0.2836509644985199,0,0
10000.0,85904.0,0.27553677558898926,0,1
10000.0,85986.62,0.2580257058143616,0,1
10000.0,86024.01,0.26918846368789673,0,1
10000.0,86346.01,0.284091055393219,0,0
10000.0,86258.01,0.29598236083984375,0,0
10000.0,86413.12,0.27737292647361755,0,0
10000.0,86421.13,0.2836509644985199,0,0
10000.0,86570.24,0.26918846368789673,0,0
10000.0,86461.44,0.2706037759780884,0,0
10000.0,86192.44,0.2749573290348053,0,0
10000.0,86264.01,0.26185131072998047,0,0
10000.0,86184.01,0.22874195873737335,0,1
10000.0,86124.01,0.25573867559432983,0,1
10000.0,86208.56,0.266775518655777,0,0
10000.0,86457.3,0.2660880982875824,0,0
10000.0,86370.0,0.2713271975517273,0,0
10000.0,86552.26,0.266775518655777,0,0
10000.0,86704.27,0.27271759510040283,0,0
10000.0,87166.95,0.2668074667453766,0,0
10000.0,86496.01,0.27553677558898926,0,0
10000.0,86469.66,0.24775946140289307,0,0
10000.0,86124.77,0.26756054162979126,0,0
10000.0,85899.99,0.2731458842754364,0,0
10000.0,85854.33,0.24775946140289307,0,0
10000.0,85923.07,0.24914172291755676,0,0
10000.0,85649.95,0.2731458842754364,0,0
10000.0,85510.91,0.2723281979560852,0,0
10000.0,85792.01,0.29040637612342834,0,0
10000.0,84533.99,0.31942328810691833,0,0
10000.0,83996.01,0.32558566331863403,0,1
10000.0,84038.0,0.3265869915485382,0,1
10000.0,84326.56,0.3163318634033203,0,0
10000.0,84330.0,0.26776835322380066,0,0
10000.0,84518.0,0.2793624699115753,0,0
10000.0,84232.86,0.26492059230804443,0,0
10000.0,84419.48,0.2500670254230499,0,0
10000.0,84563.01,0.258508563041687,0,0
10000.0,84397.6,0.24569693207740784,0,0
10000.0,84318.0,0.25253140926361084,0,0
10000.0,84104.35,0.265363484621048,0,0
10000.0,84365.54,0.30733221769332886,0,0
10000.0,83934.01,0.2935047745704651,0,0
10000.0,84046.0,0.22753150761127472,0,0
10000.0,83978.02,0.25687673687934875,0,0
10000.0,84113.99,0.2548101842403412,0,0
10000.0,84524.02,0.3007729649543762,0,0
10000.0,83660.0,0.3208501636981964,0,0
10000.0,83263.95,0.32558566331863403,0,1
10000.0,83512.2,0.2737514078617096,0,1
10000.0,83494.58,0.2584424316883087,0,1
10000.0,83604.26,0.2645106017589569,0,1
10000.0,84258.43,0.3049139678478241,0,0
10000.0,83673.77,0.3116186559200287,0,1
10000.0,84418.0,0.2903282940387726,0,0
10000.0,84500.33,0.29378828406333923,0,0
10000.0,84110.0,0.2983429729938507,0,0
10000.0,84476.01,0.29131364822387695,0,0
10000.0,84412.65,0.2769114673137665,0,0
10000.0,84371.63,0.2740020155906677,0,0
10000.0,84350.0,0.2561464309692383,0,0
10000.0,84277.32,0.2759151756763458,0,0
10000.0,84410.24,0.23520085215568542,0,0
10000.0,84590.01,0.26144880056381226,0,0
10000.0,84610.73,0.27503523230552673,0,0
10000.0,84226.16,0.28602921962738037,0,0
10000.0,84231.19,0.2652662396430969,0,0
10000.0,84208.01,0.2406923472881317,0,1
10000.0,84194.01,0.22501340508460999,0,0
10000.0,84036.0,0.25486889481544495,0,1
10000.0,84043.96,0.26169219613075256,0,0
10000.0,84417.06,0.26234161853790283,0,0
10000.0,84570.01,0.247409850358963,0,0
10000.0,84713.66,0.24326683580875397,0,0
10000.0,84582.64,0.25394701957702637,0,0
10000.0,84471.8,0.26824474334716797,0,0
10000.0,83923.71,0.2817862629890442,0,0
10000.0,84016.01,0.2960309088230133,0,0
10000.0,83796.01,0.28966665267944336,0,0
10000.0,83742.22,0.26771703362464905,0,0
10000.0,83785.11,0.2590392529964447,0,0
10000.0,83968.0,0.23263074457645416,0,0
10000.0,84020.01,0.21179400384426117,0,0
10000.0,83886.0,0.24517947435379028,0,0
10000.0,83792.0,0.2271193116903305,0,0
10000.0,84083.05,0.23552988469600677,0,0
10000.0,84099.99,0.1985451877117157,0,0
10000.0,83910.01,0.248440220952034,0,0
10000.0,84076.66,0.2197677493095398,0,0
10000.0,84010.0,0.2068403661251068,0,0
10000.0,83939.0,0.20316319167613983,0,0
10000.0,83976.0,0.22539721429347992,0,0
10000.0,83919.69,0.1955454796552658,0,0
10000.0,83891.22,0.18185780942440033,0,0
10000.0,84116.8,0.19804662466049194,0,0
10000.0,84220.01,0.20551790297031403,0,0
10000.0,84021.95,0.2047223150730133,0,0
10000.0,84179.92,0.19924341142177582,0,0
10000.0,84176.0,0.18213503062725067,0,0
10000.0,84051.9,0.19618342816829681,0,0
10000.0,83939.1,0.2251441925764084,0,0
10000.0,84020.0,0.19376681745052338,0,0
10000.0,84155.99,0.21333402395248413,0,0
10000.0,84120.0,0.1855202168226242,0,0
10000.0,84132.4,0.1908440738916397,0,0
10000.0,83998.68,0.21333402395248413,0,0
10000.0,84016.63,0.18738411366939545,0,1
10000.0,84030.34,0.22018177807331085,0,0
10000.0,84158.75,0.2164323776960373,0,0
10000.0,84276.01,0.22305132448673248,0,0
10000.0,84433.1,0.2307417243719101,0,0
10000.0,84306.01,0.19924341142177582,0,0
10000.0,84495.01,0.20276960730552673,0,0
10000.0,84450.0,0.18512918055057526,0,0
10000.0,84402.15,0.19823531806468964,0,1
10000.0,84329.6,0.2126818597316742,0,1
10000.0,84478.06,0.21183575689792633,0,0
10000.0,84511.69,0.20789912343025208,0,0
10000.0,84791.0,0.23906035721302032,0,0
10000.0,84800.0,0.2358728051185608,0,0
10000.0,84944.01,0.2604123651981354,0,0
10000.0,84883.0,0.25055739283561707,0,0
10000.0,84898.0,0.2120978683233261,0,0
10000.0,84802.01,0.23549138009548187,0,0
10000.0,85030.41,0.2704198956489563,0,0
10000.0,84538.02,0.27131548523902893,0,0
10000.0,84463.37,0.25367921590805054,0,0
10000.0,84426.0,0.23549138009548187,0,0
10000.0,84574.0,0.22955107688903809,0,0
10000.0,84818.87,0.23114606738090515,0,0
10000.0,84736.01,0.21628230810165405,0,0
10000.0,84552.0,0.22188809514045715,0,0
10000.0,84688.07,0.22188809514045715,0,0
10000.0,84195.27,0.26198649406433105,0,0
10000.0,84472.0,0.24047128856182098,0,0
10000.0,84140.0,0.29085972905158997,0,0
