equity,close,probability_up,in_position,target
10000.0,91036.25,0.21933408081531525,0,0
10000.0,91269.58,0.23826707899570465,0,0
10000.0,91218.99,0.2225418984889984,0,0
10000.0,91280.31,0.22142677009105682,0,0
10000.0,90958.88,0.2857554852962494,0,0
10000.0,90531.15,0.31748101115226746,0,0
10000.0,90684.95,0.3098739981651306,0,0
10000.0,90165.51,0.321844220161438,0,0
10000.0,89775.46,0.32932785153388977,0,0
10000.0,89501.0,0.31167617440223694,0,0
10000.0,89725.76,0.29854899644851685,0,0
10000.0,89733.99,0.26690152287483215,0,0
10000.0,89476.01,0.25687021017074585,0,0
10000.0,88509.18,0.34487780928611755,0,1
10000.0,88427.66,0.3165733814239502,0,1
10000.0,88936.01,0.3215698003768921,0,1
10000.0,89020.91,0.24358625710010529,0,0
10000.0,89048.57,0.2655061185359955,0,0
10000.0,89432.33,0.29520073533058167,0,0
10000.0,89448.89,0.2236260324716568,0,0
10000.0,89950.04,0.3001806139945984,0,0
10000.0,89649.62,0.25560063123703003,0,0
10000.0,89213.95,0.3114584982395172,0,0
10000.0,89197.35,0.25962400436401367,0,1
10000.0,89112.3,0.2528804838657379,0,1
10000.0,89248.99,0.2180662602186203,0,0
10000.0,88789.99,0.3101596534252167,0,0
10000.0,88736.31,0.3062857687473297,0,0
10000.0,88672.64,0.2722276449203491,0,1
10000.0,89805.43,0.3325542211532593,0,0
10000.0,90288.04,0.29871946573257446,0,0
10000.0,87602.4,0.3719674348831177,0,1
10000.0,87932.38,0.3634960651397705,0,1
10000.0,88485.43,0.3546063005924225,0,1
10000.0,90355.56,0.36398860812187195,0,0
10000.0,90214.01,0.3446502983570099,0,0
10000.0,90249.18,0.30947673320770264,0,0
10000.0,89763.51,0.32518869638442993,0,0
10000.0,89454.73,0.33516761660575867,0,1
10000.0,89908.49,0.3059343993663788,0,0
10000.0,90113.19,0.2942802906036377,0,0
10000.0,89938.3,0.32176363468170166,0,0
10000.0,89899.51,0.30271947383880615,0,0
10000.0,89998.91,0.26251596212387085,0,0
10000.0,90026.3,0.17715944349765778,0,0
10000.0,90172.11,0.2455223798751831,0,0
10000.0,89818.79,0.30310457944869995,0,0
10000.0,89920.16,0.2347724586725235,0,0
10000.0,90033.02,0.25146251916885376,0,0
10000.0,90078.77,0.17950308322906494,0,0
10000.0,89941.26,0.25260430574417114,0,0
10000.0,90021.09,0.24127639830112457,0,0
10000.0,89619.81,0.2995989918708801,0,0
10000.0,89088.59,0.3120570480823517,0,0
10000.0,89000.01,0.32412585616111755,0,0
10000.0,89054.06,0.2912183403968811,0,0
10000.0,89550.01,0.2779204547405243,0,0
10000.0,89333.94,0.2689829170703888,0,0
10000.0,89777.9,0.2985547184944153,0,0
10000.0,89409.72,0.28577515482902527,0,0
10000.0,89268.66,0.255148321390152,0,1
10000.0,89346.99,0.25079217553138733,0,1
10000.0,89559.67,0.23497922718524933,0,0
10000.0,89520.01,0.196968674659729,0,0
10000.0,89939.38,0.2388889342546463,0,0
10000.0,89663.48,0.23853550851345062,0,0
10000.0,89924.78,0.2205597460269928,0,0
10000.0,89965.42,0.23306028544902802,0,0
10000.0,89616.03,0.25267139077186584,0,0
10000.0,89509.59,0.2586726248264313,0,0
10000.0,89549.45,0.23989732563495636,0,0
10000.0,89221.46,0.26904240250587463,0,0
10000.0,88977.72,0.27443140745162964,0,1
10000.0,89046.49,0.23621322214603424,0,1
10000.0,89202.48,0.2579803168773651,0,1
10000.0,89267.83,0.2332332581281662,0,1
10000.0,89350.81,0.22299841046333313,0,1
10000.0,89017.85,0.28282827138900757,0,1
10000.0,89761.61,0.2970573902130127,0,0
10000.0,90124.85,0.3035470247268677,0,0
10000.0,90600.0,0.31005874276161194,0,0
10000.0,90530.45,0.2756495177745819,0,0
10000.0,89982.79,0.3075660169124603,0,0
10000.0,89503.68,0.2986510992050171,0,0
10000.0,89349.99,0.23514951765537262,0,0
10000.0,89624.61,0.23804989457130432,0,0
10000.0,89600.26,0.17106463015079498,0,0
10000.0,89452.83,0.187686026096344,0,0
10000.0,89550.24,0.17247959971427917,0,0
10000.0,89702.85,0.17939843237400055,0,0
10000.0,89770.02,0.2205597460269928,0,0
10000.0,89829.35,0.17063766717910767,0,0
10000.0,89775.2,0.1785995215177536,0,0
10000.0,89649.32,0.2024737298488617,0,0
10000.0,89620.1,0.17731177806854248,0,0
10000.0,89660.88,0.16605263948440552,0,0
10000.0,89600.0,0.16605263948440552,0,0
10000.0,89626.8,0.1692616194486618,0,0
10000.0,89595.4,0.16286244988441467,0,0
10000.0,89537.82,0.16495159268379211,0,0
10000.0,89368.22,0.18571415543556213,0,0
10000.0,89450.03,0.1989714801311493,0,0
10000.0,89275.77,0.204559326171875,0,0
10000.0,89290.01,0.22427164018154144,0,0
10000.0,89406.5,0.2093302458524704,0,0
10000.0,89395.23,0.20817036926746368,0,0
10000.0,89331.36,0.20817036926746368,0,0
10000.0,89380.01,0.1970980167388916,0,0
10000.0,89386.61,0.2045779675245285,0,0
10000.0,89430.0,0.20207522809505463,0,0
10000.0,89225.34,0.21799275279045105,0,0
10000.0,89315.18,0.2105419933795929,0,0
10000.0,89176.31,0.22824963927268982,0,0
10000.0,89139.04,0.22427868843078613,0,0
10000.0,88960.35,0.2309187650680542,0,0
10000.0,89006.96,0.2345207929611206,0,0
10000.0,88990.9,0.2083977460861206,0,0
10000.0,88831.36,0.23399655520915985,0,0
10000.0,88659.99,0.19992196559906006,0,0
10000.0,88300.01,0.29849958419799805,0,0
10000.0,88398.38,0.21469950675964355,0,0
10000.0,88659.51,0.21469950675964355,0,0
10000.0,88570.17,0.1977616250514984,0,0
10000.0,88791.99,0.234500914812088,0,0
10000.0,88921.0,0.21312887966632843,0,0
10000.0,88710.1,0.21312887966632843,0,0
10000.0,88446.5,0.2443685084581375,0,0
10000.0,88077.26,0.3045419156551361,0,0
10000.0,87892.17,0.2510310113430023,0,0
10000.0,87420.01,0.32213136553764343,0,0
10000.0,86495.16,0.3305429220199585,0,1
10000.0,86654.61,0.3046526312828064,0,1
10000.0,86568.5,0.31096309423446655,0,1
10000.0,86521.39,0.26821601390838623,0,1
10000.0,86670.36,0.3083300292491913,0,1
10000.0,86854.86,0.306489497423172,0,1
10000.0,87698.73,0.32605332136154175,0,0
10000.0,87563.38,0.315679669380188,0,0
10000.0,87282.05,0.32247844338417053,0,0
10000.0,87737.06,0.3136036992073059,0,0
10000.0,87826.01,0.2553102672100067,0,0
10000.0,87937.44,0.24857698380947113,0,0
10000.0,88000.64,0.24991890788078308,0,0
10000.0,87975.39,0.27063021063804626,0,0
10000.0,87663.12,0.2547798156738281,0,0
10000.0,87897.55,0.2083149254322052,0,0
10000.0,87855.0,0.20463205873966217,0,0
10000.0,87799.45,0.20633716881275177,0,1
10000.0,87960.01,0.2473895102739334,0,0
10000.0,88178.1,0.2977396845817566,0,0
10000.0,87641.41,0.32897257804870605,0,0
10000.0,87606.99,0.2964889705181122,0,1
10000.0,87700.62,0.2793229818344116,0,1
10000.0,88403.72,0.27295827865600586,0,0
10000.0,88013.19,0.26863300800323486,0,1
10000.0,87629.22,0.2503944933414459,0,1
10000.0,88064.69,0.26863300800323486,0,1
10000.0,88140.01,0.2136801928281784,0,0
10000.0,88347.08,0.25336137413978577,0,0
10000.0,88353.97,0.21341592073440552,0,0
10000.0,88550.61,0.2557758390903473,0,0
10000.0,88831.6,0.2367829531431198,0,0
10000.0,88788.0,0.23980145156383514,0,0
10000.0,88579.58,0.2689468562602997,0,0
10000.0,88456.3,0.19714170694351196,0,0
10000.0,88332.67,0.2142564356327057,0,0
10000.0,88320.41,0.2205597460269928,0,0
10000.0,88170.82,0.22804297506809235,0,0
10000.0,87886.82,0.23911942541599274,0,0
10000.0,87786.53,0.231769397854805,0,1
10000.0,87992.74,0.24606136977672577,0,0
10000.0,87986.96,0.23306028544902802,0,0
10000.0,87982.15,0.23911942541599274,0,0
10000.0,87745.02,0.2771623134613037,0,1
10000.0,88047.46,0.2615600526332855,0,1
10000.0,88641.44,0.2747745215892792,0,1
10000.0,87546.58,0.30627426505088806,0,1
10000.0,88285.05,0.2872231602668762,0,1
10000.0,88408.77,0.2588411569595337,0,1
10000.0,89396.16,0.29799309372901917,0,0
10000.0,89081.46,0.2689931392669678,0,0
10000.0,89243.63,0.2510344684123993,0,0
10000.0,89250.0,0.2573607861995697,0,0
10000.0,89467.72,0.2318146675825119,0,0
10000.0,89404.57,0.22808770835399628,0,0
10000.0,89285.77,0.2254827618598938,0,0
10000.0,89126.67,0.24536313116550446,0,0
10000.0,88975.04,0.24227289855480194,0,0
10000.0,89084.1,0.24070537090301514,0,1
10000.0,89317.47,0.24582980573177338,0,1
10000.0,89134.35,0.22621066868305206,0,1
10000.0,88925.47,0.25571948289871216,0,1
10000.0,89567.25,0.26902279257774353,0,0
10000.0,89403.77,0.2632875442504883,0,0
10000.0,90080.0,0.28230589628219604,0,0
10000.0,89998.69,0.26683902740478516,0,0
10000.0,90257.91,0.2714025676250458,0,0
10000.0,89617.27,0.2794008255004883,0,0
10000.0,89479.66,0.29267698526382446,0,0
10000.0,89629.66,0.2711986303329468,0,0
10000.0,90169.88,0.29862838983535767,0,0
10000.0,89546.24,0.28795525431632996,0,0
10000.0,89402.58,0.27939316630363464,0,0
10000.0,89130.63,0.28719934821128845,0,0
10000.0,89412.17,0.2592581510543823,0,0
10000.0,89396.15,0.22465436160564423,0,0
10000.0,89299.99,0.20947521924972534,0,0
10000.0,89143.91,0.252571702003479,0,0
10000.0,88603.56,0.31528574228286743,0,0
10000.0,87907.06,0.3409262001514435,0,0
10000.0,88053.71,0.308038592338562,0,0
10000.0,88315.2,0.2613072097301483,0,0
10000.0,88186.54,0.2234579473733902,0,0
10000.0,88319.35,0.19098803400993347,0,0
10000.0,88352.97,0.20611770451068878,0,0
10000.0,88064.16,0.2970482110977173,0,0
10000.0,87892.01,0.2227606475353241,0,0
10000.0,87946.46,0.23722440004348755,0,0
10000.0,87846.5,0.24375633895397186,0,0
10000.0,88121.21,0.24218228459358215,0,0
10000.0,88052.88,0.23024919629096985,0,0
10000.0,87014.4,0.32666924595832825,0,0
10000.0,84934.02,0.3607819378376007,0,0
10000.0,85270.0,0.3647693693637848,0,0
10000.0,84261.66,0.3942364752292633,0,0
10000.0,83477.02,0.3800797462463379,0,1
10000.0,84012.11,0.3762434422969818,0,0
10000.0,84216.91,0.3732033371925354,0,0
10000.0,84526.57,0.3561776876449585,0,0
10000.0,84570.05,0.267893522977829,0,0
10000.0,84650.16,0.2512114644050598,0,0
10000.0,84192.0,0.38400986790657043,0,0
10000.0,82468.02,0.39992308616638184,0,0
10000.0,82164.88,0.3999701738357544,0,1
10000.0,82676.43,0.3937566876411438,0,0
10000.0,82938.92,0.4100957214832306,0,0
10000.0,82914.19,0.31220534443855286,0,0
10000.0,82602.81,0.4161584675312042,0,0
10000.0,82816.98,0.40993741154670715,0,0
10000.0,82671.7,0.3861277103424072,0,1
10000.0,82363.72,0.4005774259567261,0,1
10000.0,82833.92,0.3786602020263672,0,0
10000.0,83151.36,0.3924514055252075,0,0
10000.0,82800.5,0.39228418469429016,0,1
10000.0,82740.92,0.3833487629890442,0,1
10000.0,83098.0,0.3647572100162506,0,1
10000.0,82883.94,0.3696651756763458,0,1
10000.0,83149.0,0.36593541502952576,0,1
10000.0,82943.23,0.3614259362220764,0,1
10000.0,83931.13,0.3607863783836365,0,0
10000.0,84242.99,0.3481215238571167,0,0
10000.0,83906.34,0.3583029806613922,0,0
10000.0,84273.7,0.2975107729434967,0,0
10000.0,84219.99,0.2764812409877777,0,0
10000.0,84260.49,0.26355090737342834,0,0
10000.0,84067.83,0.2476942539215088,0,0
10000.0,83999.99,0.24238288402557373,0,0
10000.0,84130.01,0.25273942947387695,0,0
10000.0,84022.69,0.22491075098514557,0,0
10000.0,83992.45,0.22309531271457672,0,0
10000.0,84000.01,0.2139796018600464,0,0
10000.0,83786.09,0.24183115363121033,0,0
10000.0,83546.81,0.2526607811450958,0,0
10000.0,83074.07,0.303288072347641,0,0
10000.0,83109.1,0.2500231862068176,0,0
10000.0,83160.0,0.22196173667907715,0,0
10000.0,83020.0,0.2278704047203064,0,0
10000.0,82762.0,0.2625146806240082,0,0
10000.0,82767.99,0.2566796541213989,0,0
10000.0,81479.99,0.3753603994846344,0,0
10000.0,81302.15,0.3515131175518036,0,0
10000.0,80365.04,0.3719881474971771,0,0
10000.0,78893.92,0.37850135564804077,0,0
10000.0,78038.38,0.416473925113678,0,1
10000.0,77750.01,0.41652166843414307,0,1
10000.0,77999.03,0.4096393287181854,0,1
10000.0,78292.0,0.4280604422092438,0,1
9972.550568013707,78155.17,0.37619349360466003,1,1
10047.313591737033,78741.09,0.4453433156013489,1,0
10067.885162403121,78902.31,0.44189688563346863,1,0
10020.655531052507,78532.17,0.4192635416984558,1,0
10067.591683848772,78900.01,0.41912853717803955,1,0
10063.542955792484,78868.28,0.33815816044807434,1,0
10053.47941283669,78971.75,0.35902076959609985,0,0
10053.47941283669,78620.91,0.3836115598678589,0,0
10053.47941283669,78300.0,0.3769685924053192,0,0
10053.47941283669,78343.0,0.38759568333625793,0,0
10053.47941283669,78604.02,0.3557251989841461,0,0
10053.47941283669,79034.45,0.37812334299087524,0,0
10053.47941283669,78279.73,0.4071807861328125,0,0
10053.47941283669,78743.56,0.37812334299087524,0,0
10053.47941283669,78459.67,0.3725822865962982,0,0
10053.47941283669,78317.51,0.3070501387119293,0,0
10053.47941283669,78211.12,0.38359713554382324,0,0
10053.47941283669,77593.4,0.3927610218524933,0,0
10053.47941283669,77494.77,0.3721364140510559,0,0
10053.47941283669,77745.32,0.3599380552768707,0,0
10053.47941283669,78029.28,0.3101404011249542,0,0
10053.47941283669,77174.78,0.35605505108833313,0,0
10053.47941283669,77103.04,0.3752334415912628,0,0
10053.47941283669,76526.03,0.38729944825172424,0,0
10053.47941283669,77249.31,0.3765838146209717,0,0
10053.47941283669,76968.21,0.3981897234916687,0,0
10053.47941283669,77672.61,0.388841837644577,0,0
10053.47941283669,77518.87,0.3678239583969116,0,0
10053.47941283669,76491.17,0.3936578929424286,0,1
10053.47941283669,76292.98,0.4174571633338928,0,1
10053.47941283669,75894.15,0.4349105656147003,0,1
9991.55412463897,75502.1,0.4391394257545471,1,1
10130.137757549901,76549.32,0.44021931290626526,1,1
10144.889115966069,76660.79,0.42771148681640625,1,1
10174.06761257665,76881.28,0.40288931131362915,1,1
10285.76478734267,77725.33,0.4186178743839264,1,1
10256.546590296772,77504.54,0.34275153279304504,1,1
10246.290043706475,77759.99,0.37728172540664673,0,1
10246.290043706475,77988.51,0.37388700246810913,0,1
10246.290043706475,78224.79,0.3544924855232239,0,0
10246.290043706475,77844.79,0.36929571628570557,0,0
10246.290043706475,78850.06,0.3228878378868103,0,0
10246.290043706475,78634.76,0.3091306984424591,0,0
10246.290043706475,78988.64,0.3003076910972595,0,0
10246.290043706475,78569.84,0.31598159670829773,0,1
10246.290043706475,78341.5,0.2985096871852875,0,1
10246.290043706475,78008.59,0.32290762662887573,0,0
10246.290043706475,78532.06,0.3054046928882599,0,0
10246.290043706475,78795.2,0.2712901830673218,0,0
10246.290043706475,78738.61,0.2754131257534027,0,0
10246.290043706475,79065.24,0.2915423810482025,0,0
10246.290043706475,79017.63,0.2679368555545807,0,0
10246.290043706475,77808.01,0.3395106792449951,0,1
10246.290043706475,78753.32,0.3283464014530182,0,0
10246.290043706475,78798.39,0.30244818329811096,0,0
10246.290043706475,78240.45,0.33699801564216614,0,0
10246.290043706475,78594.17,0.32459738850593567,0,0
10246.290043706475,78794.67,0.29070815443992615,0,0
10246.290043706475,78747.96,0.3197975754737854,0,0
10246.290043706475,78400.01,0.3440053164958954,0,0
10246.290043706475,78120.36,0.3309780955314636,0,0
10246.290043706475,78079.5,0.2949669659137726,0,0
10246.290043706475,78330.26,0.30321139097213745,0,0
10246.290043706475,78307.65,0.2803330421447754,0,0
10246.290043706475,77201.22,0.3554796576499939,0,0
10246.290043706475,78132.33,0.3384919762611389,0,0
10246.290043706475,76488.08,0.37059226632118225,0,0
10246.290043706475,74915.79,0.37059226632118225,0,1
10246.290043706475,73139.13,0.36974984407424927,0,1
10246.290043706475,74935.0,0.39678019285202026,0,1
10246.290043706475,76475.52,0.41455474495887756,0,0
10246.290043706475,76239.43,0.414943665266037,0,1
10246.290043706475,75708.83,0.4108823239803314,0,1
10246.290043706475,75770.21,0.3813367784023285,0,1
10246.290043706475,75910.88,0.36335062980651855,0,1
10246.290043706475,76423.73,0.3798563480377197,0,0
10246.290043706475,75963.35,0.3919481635093689,0,1
10246.290043706475,76698.17,0.38156065344810486,0,0
10246.290043706475,76479.75,0.35340726375579834,0,0
10246.290043706475,76279.99,0.3565073013305664,0,0
10246.290043706475,76652.68,0.36120694875717163,0,0
10246.290043706475,76514.3,0.33005210757255554,0,0
10246.290043706475,76587.26,0.3554703891277313,0,0
10246.290043706475,76119.0,0.36752158403396606,0,0
10246.290043706475,76302.1,0.2845713198184967,0,0
10246.290043706475,76017.25,0.36541181802749634,0,0
10246.290043706475,76180.85,0.285612016916275,0,0
10246.290043706475,74867.0,0.3732815086841583,0,0
10246.290043706475,74359.53,0.3732815086841583,0,0
10246.290043706475,74136.36,0.37083369493484497,0,0
10246.290043706475,73636.01,0.37174588441848755,0,0
10246.290043706475,72576.08,0.4266786575317383,0,1
10355.920171036838,73425.96,0.39726507663726807,1,0
10426.063071159106,73923.29,0.4092254638671875,1,0
10368.66162961976,73516.3,0.4198453426361084,1,0
10267.634020614509,72799.99,0.4198453426361084,1,0
10231.4420161097,72543.38,0.4374282956123352,1,0
10319.231709434267,73165.83,0.4296344816684723,1,0
10308.912477724833,72868.02,0.4121822118759155,0,0
10308.912477724833,72421.26,0.4523627758026123,0,0
10161.127912141023,71454.44,0.46223416924476624,1,0
10128.25170232106,71223.25,0.4791421592235565,1,0
10080.589090420213,70888.08,0.4612571895122528,1,0
10058.496231915826,70732.72,0.4613059461116791,1,0
10089.60910853899,70951.51,0.43577319383621216,1,0
10061.927621435078,70756.85,0.4613059461116791,1,0
10051.865693813643,71054.99,0.46086153388023376,0,0
10111.781000806159,71550.0,0.44464680552482605,1,0
10014.002693034981,70858.13,0.4510173201560974,1,0
9937.718456157061,70318.35,0.45244836807250977,1,0
9831.049412638005,69563.57,0.45244836807250977,1,0
9848.767288026838,69688.94,0.42706531286239624,1,0
9808.605639881358,69404.76,0.4337216019630432,1,0
9798.797034241477,67489.07,0.45937246084213257,0,0
9905.925099313476,68295.15,0.4357530176639557,1,0
9599.376589494039,66181.69,0.44454124569892883,1,0
9623.354111736357,66347.0,0.44349807500839233,1,0
9466.508829075105,65265.65,0.44454124569892883,1,1
9250.393478578399,63775.67,0.44454124569892883,1,1
9168.82987031197,63213.34,0.44454124569892883,1,1
9159.661040441659,63907.86,0.44349807500839233,0,1
9007.614030031264,62909.86,0.44454124569892883,1,1
9093.45645345145,63509.39,0.438189297914505,1,1
9409.256286358663,65714.96,0.4424474835395813,1,0
9305.46875439136,64990.1,0.44493094086647034,1,0
9187.80537091763,64168.33,0.4354996383190155,1,1
9293.404166134917,64905.84,0.4258633255958557,1,1
9284.110761968781,66408.11,0.4385777711868286,0,0
9076.53370377513,64988.26,0.44493094086647034,1,1
9058.061715947462,64856.0,0.4377216398715973,1,1
9063.51560317467,64895.05,0.43886426091194153,1,1
9189.841877105757,65799.55,0.43886426091194153,1,1
9213.299877071997,65967.51,0.4440777003765106,1,1
9306.010373366296,66631.32,0.4464080333709717,1,1
9296.70436299293,66557.93,0.44878891110420227,0,1
9393.311583187577,67316.82,0.456188827753067,1,1
9515.836460355711,68194.89,0.43534350395202637,1,1
9575.993053561213,68626.0,0.3628297448158264,1,1
9761.302040462093,69954.01,0.3572344481945038,1,1
9872.86614103889,70753.53,0.36016640067100525,1,0
9736.55761636353,69776.68,0.3273214101791382,1,0
9726.821058747168,70731.46,0.30753082036972046,0,0
9726.821058747168,70000.13,0.30410534143447876,0,1
9726.821058747168,70358.43,0.2925722897052765,0,1
9726.821058747168,71354.46,0.3072371482849121,0,0
9726.821058747168,70580.26,0.305513858795166,0,0
9726.821058747168,69958.0,0.3213540017604828,0,0
9726.821058747168,70471.49,0.30351486802101135,0,0
9726.821058747168,70361.37,0.2914191782474518,0,0
9726.821058747168,70918.99,0.2942759692668915,0,0
9726.821058747168,70768.13,0.34229010343551636,0,0
9726.821058747168,70161.5,0.3484773337841034,0,0
9726.821058747168,68769.65,0.36855632066726685,0,0
9726.821058747168,68087.14,0.38872653245925903,0,1
9726.821058747168,68495.01,0.34432002902030945,0,0
9726.821058747168,68138.2,0.35371771454811096,0,1
9726.821058747168,67987.0,0.35468924045562744,0,1
9726.821058747168,67972.65,0.3357228934764862,0,1
9726.821058747168,69024.98,0.3409058749675751,0,1
9726.821058747168,69093.98,0.3104729652404785,0,0
9726.821058747168,68645.99,0.3293611705303192,0,1
9726.821058747168,69151.5,0.3268168866634369,0,1
9726.821058747168,68957.16,0.4036402404308319,0,1
9726.821058747168,69188.81,0.3799954652786255,0,0
9726.821058747168,69514.11,0.3240506649017334,0,0
9726.821058747168,69373.61,0.3124462068080902,0,0
9726.821058747168,69631.18,0.34421733021736145,0,0
9726.821058747168,69497.99,0.3124462068080902,0,0
9726.821058747168,69399.34,0.35118719935417175,0,0
9726.821058747168,69289.38,0.3863915205001831,0,0
9726.821058747168,69133.79,0.3677233159542084,0,0
9726.821058747168,69379.57,0.34213823080062866,0,0
9726.821058747168,69370.7,0.3496452867984772,0,1
9726.821058747168,69099.99,0.312549352645874,0,1
9726.821058747168,69340.16,0.31121912598609924,0,1
9726.821058747168,69220.52,0.27724382281303406,0,1
9726.821058747168,69361.18,0.28324922919273376,0,1
9726.821058747168,69710.69,0.27427929639816284,0,1
9726.821058747168,70665.59,0.3142814040184021,0,1
9726.821058747168,70107.19,0.293845534324646,0,1
9726.821058747168,70266.41,0.2812570631504059,0,0
9726.821058747168,70999.98,0.3029105067253113,0,0
9726.821058747168,71249.95,0.27851155400276184,0,0
9726.821058747168,71514.77,0.27677592635154724,0,0
9726.821058747168,71262.19,0.27076083421707153,0,0
9726.821058747168,71188.99,0.286310613155365,0,0
9726.821058747168,70416.0,0.3087305724620819,0,1
9726.821058747168,70785.99,0.27955618500709534,0,0
9726.821058747168,71147.25,0.293364554643631,0,0
9726.821058747168,71422.97,0.2767691910266876,0,0
9726.821058747168,70835.17,0.31354448199272156,0,0
9726.821058747168,70700.0,0.32750311493873596,0,1
9726.821058747168,71066.09,0.2813589572906494,0,0
9726.821058747168,70330.38,0.37986916303634644,0,1
9726.821058747168,70502.38,0.3505980372428894,0,0
9726.821058747168,70369.53,0.3660091161727905,0,0
9726.821058747168,70629.99,0.3164813220500946,0,0
9726.821058747168,71307.56,0.3084600567817688,0,0
9726.821058747168,71005.01,0.3093211054801941,0,0
9726.821058747168,71044.51,0.2794956564903259,0,0
9726.821058747168,70667.95,0.2970672845840454,0,0
9726.821058747168,70422.59,0.29810672998428345,0,0
9726.821058747168,69873.99,0.3658698797225952,0,0
9726.821058747168,69630.35,0.34774959087371826,0,0
9726.821058747168,68727.88,0.3857855200767517,0,1
9726.821058747168,68928.72,0.35702136158943176,0,1
9726.821058747168,69147.01,0.33640459179878235,0,1
9726.821058747168,68594.57,0.3620084822177887,0,1
9726.821058747168,69272.0,0.37423717975616455,0,1
9726.821058747168,69563.37,0.3673401474952698,0,1
9726.821058747168,70093.01,0.36011773347854614,0,0
9726.821058747168,70612.29,0.35932573676109314,0,0
9726.821058747168,70418.68,0.38178175687789917,0,0
9726.821058747168,70957.01,0.33612731099128723,0,0
9726.821058747168,70738.71,0.3400074243545532,0,0
9726.821058747168,70400.0,0.3674885332584381,0,0
9726.821058747168,70372.96,0.34440696239471436,0,0
9726.821058747168,70138.0,0.31080734729766846,0,0
9726.821058747168,69827.33,0.3313596844673157,0,0
9726.821058747168,70486.82,0.33625781536102295,0,0
9726.821058747168,70102.89,0.36919447779655457,0,0
9726.821058747168,69511.83,0.4105079174041748,0,0
9726.821058747168,69831.62,0.3717171549797058,0,0
9726.821058747168,69447.64,0.4105079174041748,0,0
9726.821058747168,68921.35,0.4042799174785614,0,0
9726.821058747168,68919.66,0.31760647892951965,0,0
9726.821058747168,69142.0,0.35598060488700867,0,0
9726.821058747168,69151.5,0.34520167112350464,0,0
9726.821058747168,68921.68,0.28459104895591736,0,1
9726.821058747168,68535.01,0.37568870186805725,0,1
9726.821058747168,68610.12,0.3391928970813751,0,0
9726.821058747168,69027.95,0.3070484399795532,0,0
9726.821058747168,68460.4,0.396881639957428,0,0
9726.821058747168,69293.37,0.3597860634326935,0,0
9726.821058747168,69517.71,0.40802618861198425,0,0
9726.821058747168,69925.31,0.40058258175849915,0,0
9726.821058747168,68894.36,0.43451160192489624,0,0
9740.749903140266,69062.01,0.4148685336112976,1,0
9697.264771406666,68753.7,0.4148714244365692,1,0
9683.514437350981,68656.21,0.41929277777671814,1,0
9690.703426240283,68707.18,0.3064054548740387,1,0
9709.618774483264,68841.29,0.31357502937316895,1,0
9760.373289920117,69201.14,0.35012421011924744,1,0
9750.612916630196,68982.0,0.3122878968715668,0,0
9750.612916630196,68677.33,0.33940765261650085,0,0
9750.612916630196,68187.99,0.3706577718257904,0,0
9750.612916630196,67584.46,0.3754200041294098,0,0
9750.612916630196,67404.28,0.3659667670726776,0,0
9750.612916630196,66820.32,0.38424310088157654,0,0
9750.612916630196,67032.72,0.3756594657897949,0,1
9750.612916630196,66981.07,0.3347693681716919,0,0
9750.612916630196,66872.03,0.3835335373878479,0,0
9750.612916630196,66531.99,0.3882620334625244,0,0
9750.612916630196,67053.03,0.3855924904346466,0,0
9750.612916630196,67133.5,0.3731292486190796,0,0
9750.612916630196,67454.49,0.3901359438896179,0,0
9750.612916630196,66584.6,0.4035629630088806,0,1
9750.612916630196,66519.73,0.38563472032546997,0,1
9750.612916630196,66039.09,0.407934308052063,0,1
9750.612916630196,66518.26,0.39411690831184387,0,1
9750.612916630196,67275.34,0.3934129774570465,0,0
9750.612916630196,67586.67,0.3934129774570465,0,0
9750.612916630196,67555.98,0.38763150572776794,0,0
9750.612916630196,67811.17,0.39451664686203003,0,0
9750.612916630196,67433.14,0.3929859399795532,0,0
9750.612916630196,67082.52,0.3987806737422943,0,0
9750.612916630196,67460.75,0.3854747712612152,0,0
9750.612916630196,67699.01,0.3854747712612152,0,0
9750.612916630196,67439.14,0.355772465467453,0,0
9750.612916630196,67580.99,0.2996930480003357,0,0
9750.612916630196,67018.4,0.39698758721351624,0,1
9750.612916630196,67141.93,0.3375534415245056,0,1
9750.612916630196,67125.57,0.2853625416755676,0,1
9750.612916630196,67217.72,0.3068631887435913,0,1
9750.612916630196,67141.15,0.29109305143356323,0,1
9750.612916630196,67550.47,0.3101961016654968,0,0
9750.612916630196,68014.01,0.29612815380096436,0,0
9750.612916630196,68076.01,0.2938440144062042,0,0
9750.612916630196,67865.31,0.28009411692619324,0,0
9750.612916630196,68376.58,0.2920648455619812,0,0
9750.612916630196,67577.02,0.33154863119125366,0,0
9750.612916630196,67134.74,0.33751392364501953,0,0
9750.612916630196,65863.37,0.3762775957584381,0,1
9750.612916630196,65413.99,0.37941408157348633,0,1
9750.612916630196,65590.95,0.3679422438144684,0,0
9750.612916630196,65788.36,0.3679422438144684,0,1
9750.612916630196,65428.56,0.37941408157348633,0,1
9750.612916630196,65849.87,0.359293669462204,0,1
9750.612916630196,66288.0,0.3722783327102661,0,0
9750.612916630196,66272.17,0.3155478537082672,0,0
9750.612916630196,65918.6,0.3828769326210022,0,1
9750.612916630196,66454.95,0.3683147430419922,0,0
9750.612916630196,66663.08,0.3306786119937897,0,0
9750.612916630196,66553.08,0.30820173025131226,0,1
9750.612916630196,66329.22,0.3150470554828644,0,1
9750.612916630196,66175.79,0.30532246828079224,0,1
9750.612916630196,66359.28,0.3323729634284973,0,1
9750.612916630196,66208.96,0.3648260831832886,0,1
9750.612916630196,66699.96,0.3551427721977234,0,1
9750.612916630196,66959.71,0.3557688593864441,0,1
9750.612916630196,66977.66,0.3254219889640808,0,1
9750.612916630196,67171.42,0.35153135657310486,0,1
9750.612916630196,67084.0,0.3096048831939697,0,1
9750.612916630196,67274.15,0.33805039525032043,0,1
9750.612916630196,67733.51,0.32100895047187805,0,1
9750.612916630196,68692.12,0.3324226438999176,0,0
9750.612916630196,68954.69,0.3155560791492462,0,0
9750.612916630196,69047.99,0.29461145401000977,0,0
9750.612916630196,69129.99,0.29346543550491333,0,0
9750.612916630196,68938.91,0.26182591915130615,0,0
9750.612916630196,68777.12,0.25944221019744873,0,0
9750.612916630196,68902.48,0.2597665786743164,0,0
9750.612916630196,68995.28,0.24692973494529724,0,0
9750.612916630196,68853.96,0.20841312408447266,0,0
9750.612916630196,69090.24,0.24885202944278717,0,0
9750.612916630196,68964.51,0.19860050082206726,0,0
9750.612916630196,68884.21,0.19183634221553802,0,1
9750.612916630196,68981.99,0.19241251051425934,0,1
9750.612916630196,68790.0,0.20497815310955048,0,1
9750.612916630196,68773.42,0.18409301340579987,0,1
9750.612916630196,68936.98,0.20772306621074677,0,1
9750.612916630196,69219.26,0.27895233035087585,0,0
9750.612916630196,69746.2,0.29855602979660034,0,0
9750.612916630196,69714.93,0.2528150975704193,0,0
9750.612916630196,69671.86,0.191196009516716,0,0
9750.612916630196,70505.74,0.33249345421791077,0,0
9750.612916630196,69640.2,0.3242577016353607,0,0
9750.612916630196,69460.0,0.3080154359340668,0,1
9750.612916630196,69701.66,0.2830256223678589,0,0
9750.612916630196,69778.28,0.27034062147140503,0,0
9750.612916630196,69755.1,0.2797915041446686,0,0
9750.612916630196,69739.38,0.2572353482246399,0,0
9750.612916630196,69772.31,0.20893080532550812,0,0
9750.612916630196,69873.99,0.237514466047287,0,0
9750.612916630196,70023.09,0.2548789978027344,0,0
9750.612916630196,69935.86,0.27298033237457275,0,0
9750.612916630196,69959.75,0.24487921595573425,0,0
9750.612916630196,69822.95,0.24400083720684052,0,1
9750.612916630196,69777.07,0.2397838532924652,0,1
9750.612916630196,69717.65,0.254067063331604,0,1
9750.612916630196,69480.01,0.252978652715683,0,1
9750.612916630196,69954.5,0.2714071273803711,0,1
9750.612916630196,70183.99,0.29331302642822266,0,0
9750.612916630196,70267.61,0.25960150361061096,0,0
9750.612916630196,70405.12,0.25960150361061096,0,0
9750.612916630196,70828.42,0.2947947680950165,0,0
9750.612916630196,70446.52,0.29356005787849426,0,0
9750.612916630196,70419.11,0.23911823332309723,0,0
9750.612916630196,70427.02,0.24722088873386383,0,0
9750.612916630196,70295.22,0.2637525796890259,0,0
9750.612916630196,69314.21,0.330206036567688,0,0
9750.612916630196,68930.0,0.3501012921333313,0,0
9750.612916630196,69170.51,0.30470606684684753,0,0
9750.612916630196,69099.99,0.2935919165611267,0,0
9750.612916630196,69017.75,0.3220248818397522,0,0
9750.612916630196,68641.21,0.3716402053833008,0,0
9750.612916630196,68451.44,0.35962629318237305,0,1
9750.612916630196,68286.63,0.36775752902030945,0,1
9750.612916630196,68450.0,0.31962183117866516,0,0
9750.612916630196,68852.01,0.33285069465637207,0,0
9750.612916630196,68999.96,0.2839525043964386,0,0
9750.612916630196,68832.58,0.33877402544021606,0,0
9750.612916630196,68845.81,0.2875414192676544,0,0
9750.612916630196,68630.81,0.3139168620109558,0,0
9750.612916630196,68320.48,0.3098990023136139,0,1
9750.612916630196,68424.82,0.2739619016647339,0,1
9750.612916630196,68870.07,0.2940736413002014,0,0
9750.612916630196,68385.29,0.3079499304294586,0,1
9750.612916630196,68450.8,0.2685845196247101,0,1
9750.612916630196,68587.9,0.27131572365760803,0,0
9750.612916630196,68762.85,0.24608880281448364,0,0
9750.612916630196,68992.71,0.2666548192501068,0,0
9750.612916630196,68798.22,0.26863446831703186,0,0
9750.612916630196,68812.83,0.32651156187057495,0,0
9750.612916630196,69763.24,0.31565749645233154,0,0
9750.612916630196,68395.1,0.3714390695095062,0,0
9750.612916630196,68427.64,0.34428152441978455,0,0
9750.612916630196,67539.52,0.3823516368865967,0,1
9750.612916630196,67888.7,0.3605538010597229,0,1
9750.612916630196,67951.86,0.34428152441978455,0,1
9750.612916630196,67860.13,0.34880825877189636,0,1
9750.612916630196,67913.43,0.2900691628456116,0,1
9750.612916630196,68530.0,0.3210848867893219,0,0
9750.612916630196,68862.88,0.32546380162239075,0,0
9750.612916630196,68591.02,0.3246537744998932,0,0
9750.612916630196,68892.43,0.32281801104545593,0,0
9750.612916630196,68878.27,0.3027263581752777,0,0
9750.612916630196,68618.11,0.31437191367149353,0,0
9750.612916630196,68838.48,0.31663522124290466,0,0
9750.612916630196,68474.9,0.3082486689090729,0,0
9750.612916630196,68481.67,0.31255799531936646,0,0
9750.612916630196,68245.71,0.33772820234298706,0,0
9750.612916630196,68400.0,0.2625565230846405,0,0
9750.612916630196,68388.12,0.27234378457069397,0,0
9750.612916630196,68177.53,0.2766505777835846,0,0
9750.612916630196,68126.28,0.2708891034126282,0,0
9750.612916630196,67845.3,0.31289705634117126,0,0
9750.612916630196,67854.6,0.22887854278087616,0,0
9750.612916630196,67919.49,0.3061961531639099,0,0
9750.612916630196,68136.34,0.284474641084671,0,0
9750.612916630196,66875.06,0.3519431948661804,0,1
9750.612916630196,67392.05,0.3169812262058258,0,0
9750.612916630196,67517.36,0.32075104117393494,0,0
9750.612916630196,67244.22,0.3207140564918518,0,0
9750.612916630196,68098.62,0.3171204924583435,0,0
9750.612916630196,67793.32,0.3048654794692993,0,0
9750.612916630196,67753.3,0.30200454592704773,0,0
9750.612916630196,67680.54,0.28879889845848083,0,0
9750.612916630196,67527.72,0.2544972896575928,0,0
9750.612916630196,67503.52,0.23215022683143616,0,0
9750.612916630196,67302.65,0.26918700337409973,0,1
9750.612916630196,67165.2,0.32087889313697815,0,1
9750.612916630196,67335.04,0.2640179693698883,0,1
9750.612916630196,67629.11,0.2919897735118866,0,1
9750.612916630196,67823.54,0.3027515411376953,0,0
9750.612916630196,67654.8,0.28087103366851807,0,0
9750.612916630196,67850.52,0.2772861421108246,0,0
9750.612916630196,68106.44,0.29415786266326904,0,0
9750.612916630196,68132.82,0.2969789505004883,0,0
9750.612916630196,68157.79,0.2801085114479065,0,0
9750.612916630196,67801.26,0.27661293745040894,0,0
9750.612916630196,67369.75,0.3257848620414734,0,0
9750.612916630196,67458.06,0.2700083553791046,0,0
9750.612916630196,67236.88,0.31933751702308655,0,0
9750.612916630196,67223.76,0.29623860120773315,0,0
9750.612916630196,67694.01,0.3431118428707123,0,0
9750.612916630196,67145.34,0.31492653489112854,0,0
9750.612916630196,67187.39,0.2803705632686615,0,0
9750.612916630196,66359.99,0.3436793386936188,0,0
9750.612916630196,66177.14,0.33531033992767334,0,1
9750.612916630196,66268.39,0.3122210204601288,0,1
9750.612916630196,66342.76,0.3122752904891968,0,1
9750.612916630196,66408.82,0.2579130232334137,0,1
9750.612916630196,66461.0,0.23215022683143616,0,1
9750.612916630196,66446.49,0.2455490529537201,0,1
9750.612916630196,66866.62,0.2756071388721466,0,1
9750.612916630196,66835.2,0.27545806765556335,0,0
9750.612916630196,66980.91,0.258472204208374,0,0
9750.612916630196,66802.75,0.28314805030822754,0,0
9750.612916630196,66871.35,0.23385998606681824,0,0
9750.612916630196,67150.12,0.3009665012359619,0,0
9750.612916630196,67206.45,0.28993937373161316,0,0
9750.612916630196,66966.12,0.2965708374977112,0,0
9750.612916630196,66836.0,0.29850390553474426,0,0
9750.612916630196,66843.08,0.25314927101135254,0,0
9750.612916630196,66496.02,0.31473028659820557,0,0
9750.612916630196,66516.67,0.271739661693573,0,1
9750.612916630196,65913.37,0.3414854109287262,0,1
9750.612916630196,66421.2,0.33375853300094604,0,1
9750.612916630196,66398.0,0.3340425193309784,0,1
9750.612916630196,66293.53,0.32363009452819824,0,1
9750.612916630196,66369.42,0.32923218607902527,0,1
9750.612916630196,67030.49,0.29069066047668457,0,0
9750.612916630196,67050.0,0.270232230424881,0,0
9750.612916630196,67149.11,0.2597665786743164,0,0
9750.612916630196,66916.51,0.2340344935655594,0,1
9750.612916630196,66915.14,0.25999346375465393,0,1
9750.612916630196,67003.73,0.21267659962177277,0,1
9750.612916630196,67228.91,0.27577927708625793,0,1
9750.612916630196,67279.9,0.21376672387123108,0,1
9750.612916630196,67242.03,0.20862817764282227,0,1
9750.612916630196,67366.25,0.24789924919605255,0,1
9750.612916630196,67264.83,0.24817468225955963,0,1
9750.612916630196,67790.1,0.2883114516735077,0,0
9750.612916630196,67847.47,0.2622033655643463,0,0
9750.612916630196,67825.91,0.23650480806827545,0,0
9750.612916630196,67879.99,0.2056925892829895,0,0
9750.612916630196,68218.85,0.26099905371665955,0,0
9750.612916630196,67948.99,0.27620241045951843,0,0
9750.612916630196,67318.41,0.2981068789958954,0,0
9750.612916630196,67541.77,0.2559966742992401,0,1
9750.612916630196,66801.62,0.3286714255809784,0,1
9750.612916630196,67069.65,0.30336418747901917,0,1
9750.612916630196,67582.95,0.32205474376678467,0,0
9750.612916630196,67795.47,0.28195086121559143,0,0
9750.612916630196,67613.37,0.2978149354457855,0,1
9750.612916630196,67924.21,0.2721678614616394,0,0
9750.612916630196,67646.03,0.26131922006607056,0,0
9750.612916630196,67750.4,0.25302234292030334,0,0
9750.612916630196,67825.87,0.2274722456932068,0,0
9750.612916630196,68078.13,0.2587141692638397,0,0
9750.612916630196,68020.01,0.25138700008392334,0,0
9750.612916630196,67841.0,0.24009686708450317,0,0
9750.612916630196,67951.24,0.2136070728302002,0,0
9750.612916630196,68001.05,0.21740731596946716,0,0
9750.612916630196,67667.77,0.2698129713535309,0,1
9750.612916630196,67816.97,0.23712658882141113,0,1
9750.612916630196,67851.93,0.16951394081115723,0,0
9750.612916630196,67793.38,0.2261771708726883,0,1
9750.612916630196,67856.01,0.1889386773109436,0,1
9750.612916630196,68055.03,0.22693006694316864,0,1
9750.612916630196,68147.53,0.2567649781703949,0,1
9750.612916630196,68215.54,0.17967413365840912,0,0
9750.612916630196,68092.45,0.18678320944309235,0,1
9750.612916630196,68203.42,0.21218115091323853,0,1
9750.612916630196,68259.99,0.17986521124839783,0,0
9750.612916630196,68450.01,0.2686735689640045,0,0
9750.612916630196,68615.0,0.24298730492591858,0,0
9750.612916630196,68322.6,0.26077255606651306,0,0
9750.612916630196,68437.45,0.24004888534545898,0,0
9750.612916630196,68574.0,0.24298730492591858,0,0
9750.612916630196,68543.51,0.20707079768180847,0,0
9750.612916630196,68211.19,0.2589908838272095,0,0
9750.612916630196,68379.95,0.22436855733394623,0,0
9750.612916630196,67972.0,0.29077357053756714,0,0
9750.612916630196,67975.93,0.2327738255262375,0,0
9750.612916630196,67946.0,0.2376260906457901,0,0
9750.612916630196,68159.31,0.23354485630989075,0,0
9750.612916630196,67909.68,0.2562085688114166,0,0
9750.612916630196,68041.43,0.23935730755329132,0,0
9750.612916630196,67983.5,0.18456071615219116,0,0
9750.612916630196,67977.52,0.19654600322246552,0,0
9750.612916630196,68038.13,0.2313155084848404,0,0
9750.612916630196,68005.3,0.18492089211940765,0,0
9750.612916630196,67950.1,0.17899461090564728,0,0
9750.612916630196,68053.32,0.1970628947019577,0,0
9750.612916630196,68129.56,0.20516330003738403,0,0
9750.612916630196,68219.97,0.2010072022676468,0,0
9750.612916630196,67928.22,0.23964783549308777,0,0
9750.612916630196,67652.38,0.2892579436302185,0,0
9750.612916630196,67443.89,0.255521297454834,0,0
9750.612916630196,67684.14,0.299447625875473,0,0
9750.612916630196,67632.76,0.22255927324295044,0,0
9750.612916630196,67384.49,0.2923106849193573,0,0
9750.612916630196,67422.62,0.1988004744052887,0,0
9750.612916630196,67428.32,0.1625010222196579,0,0
9750.612916630196,67401.74,0.19625788927078247,0,0
9750.612916630196,67612.66,0.21577320992946625,0,0
9750.612916630196,67666.16,0.23316238820552826,0,0
9750.612916630196,67643.4,0.23563015460968018,0,0
9750.612916630196,66740.47,0.33012112975120544,0,0
9750.612916630196,64427.65,0.3540649712085724,0,1
9750.612916630196,64783.56,0.345042884349823,0,1
9750.612916630196,64934.17,0.3291538953781128,0,1
9750.612916630196,64808.31,0.31010279059410095,0,1
9750.612916630196,65070.9,0.36221301555633545,0,1
9750.612916630196,65757.32,0.3529532253742218,0,1
9750.612916630196,65958.94,0.33514171838760376,0,0
9750.612916630196,65676.44,0.37051552534103394,0,0
9750.612916630196,66404.91,0.37555983662605286,0,0
9750.612916630196,66319.69,0.3739454746246338,0,0
9750.612916630196,66207.23,0.3778776526451111,0,0
9750.612916630196,66280.4,0.37201640009880066,0,0
9750.612916630196,66132.66,0.32918450236320496,0,0
9750.612916630196,65923.53,0.3759925663471222,0,0
9750.612916630196,65660.1,0.3870738744735718,0,0
9750.612916630196,65364.65,0.3672727942466736,0,0
9750.612916630196,64813.26,0.36922821402549744,0,0
9750.612916630196,64635.49,0.36679136753082275,0,0
9750.612916630196,64295.1,0.36922821402549744,0,0
9750.612916630196,64473.14,0.3607833683490753,0,0
9750.612916630196,64580.66,0.2903119921684265,0,0
9750.612916630196,64725.56,0.3250397741794586,0,0
9750.612916630196,64656.02,0.2985582649707794,0,0
9750.612916630196,64941.43,0.28813859820365906,0,0
9750.612916630196,64160.27,0.3333050310611725,0,0
9750.612916630196,64109.81,0.31200599670410156,0,0
9750.612916630196,63595.51,0.3551166355609894,0,0
9750.612916630196,63378.84,0.342863529920578,0,0
9750.612916630196,63104.79,0.33986836671829224,0,0
9750.612916630196,63082.79,0.3260924816131592,0,0
9750.612916630196,63192.96,0.3127745985984802,0,0
9750.612916630196,63392.15,0.32890793681144714,0,0
9750.612916630196,63249.99,0.3290524482727051,0,1
9750.612916630196,63284.5,0.26223424077033997,0,1
9750.612916630196,63227.1,0.26223424077033997,0,1
9750.612916630196,62969.05,0.31263870000839233,0,1
9750.612916630196,62900.0,0.34751254320144653,0,1
9750.612916630196,63453.99,0.34759634733200073,0,1
9750.612916630196,63973.97,0.34448444843292236,0,0
9750.612916630196,64265.52,0.34581461548805237,0,0
9750.612916630196,64219.71,0.3139905333518982,0,0
9750.612916630196,64435.06,0.29591432213783264,0,0
9750.612916630196,64435.03,0.27524909377098083,0,1
9750.612916630196,64472.9,0.26423680782318115,0,1
9750.612916630196,64042.66,0.3329896926879883,0,1
9750.612916630196,64120.95,0.26223424077033997,0,1
9750.612916630196,64058.15,0.2946840226650238,0,1
9750.612916630196,64224.3,0.279359370470047,0,1
9750.612916630196,65896.75,0.3524862229824066,0,0
9750.612916630196,65884.83,0.31139612197875977,0,0
9750.612916630196,65391.73,0.3172982633113861,0,0
9750.612916630196,65457.99,0.3086667060852051,0,0
9750.612916630196,64882.76,0.3422168493270874,0,1
9750.612916630196,64898.22,0.26396024227142334,0,1
9750.612916630196,65028.3,0.30282706022262573,0,1
9750.612916630196,65530.49,0.32155120372772217,0,1
9750.612916630196,65558.71,0.2795464098453522,0,1
9750.612916630196,65400.87,0.27541807293891907,0,1
9750.612916630196,65430.04,0.28441122174263,0,1
9750.612916630196,66068.94,0.3207062780857086,0,1
9750.612916630196,66248.62,0.32631489634513855,0,1
9750.612916630196,66973.2,0.3303121328353882,0,1
9750.612916630196,67412.33,0.3238769769668579,0,1
9750.612916630196,68297.35,0.3236488997936249,0,0
9750.612916630196,68674.2,0.32092025876045227,0,0
9750.612916630196,69328.07,0.3166692852973938,0,0
9750.612916630196,69038.26,0.3094295561313629,0,0
9750.612916630196,69148.69,0.3039930760860443,0,0
9750.612916630196,68919.72,0.3248097598552704,0,0
9750.612916630196,68432.13,0.3193880319595337,0,0
9750.612916630196,67988.04,0.3506719768047333,0,1
9750.612916630196,68335.99,0.3304872214794159,0,0
9750.612916630196,68248.3,0.30087727308273315,0,0
9750.612916630196,68257.45,0.31969401240348816,0,0
9750.612916630196,68216.86,0.28529027104377747,0,1
9750.612916630196,68571.36,0.2867702841758728,0,0
9750.612916630196,68443.81,0.28118813037872314,0,0
9750.612916630196,68176.75,0.2756870985031128,0,0
9750.612916630196,67825.04,0.3074633777141571,0,0
9750.612916630196,67954.01,0.28337642550468445,0,0
9750.612916630196,68589.41,0.3038725256919861,0,0
9750.612916630196,68301.62,0.28290972113609314,0,0
9750.612916630196,68051.31,0.27609574794769287,0,0
9750.612916630196,68171.56,0.2643742561340332,0,0
9750.612916630196,67905.35,0.2635052800178528,0,0
9750.612916630196,67697.74,0.3068839907646179,0,0
9750.612916630196,67382.0,0.3084114193916321,0,0
9750.612916630196,66643.55,0.3520643711090088,0,1
9750.612916630196,66826.8,0.32754379510879517,0,1
9750.612916630196,67310.53,0.32672110199928284,0,0
9750.612916630196,67589.22,0.31834807991981506,0,0
9750.612916630196,67414.07,0.3105941414833069,0,0
9750.612916630196,67463.65,0.2805410921573639,0,0
9750.612916630196,67572.3,0.26330626010894775,0,0
9750.612916630196,67485.18,0.25249236822128296,0,0
9750.612916630196,67226.5,0.3149615228176117,0,1
9750.612916630196,67352.26,0.30693769454956055,0,1
9750.612916630196,67266.58,0.2775140702724457,0,1
9750.612916630196,67600.84,0.3009319603443146,0,0
9750.612916630196,67747.49,0.31619781255722046,0,0
9750.612916630196,67724.99,0.24774841964244843,0,0
9750.612916630196,67658.14,0.2587396502494812,0,0
9750.612916630196,67690.6,0.26621323823928833,0,0
9750.612916630196,67926.24,0.2682955861091614,0,0
9750.612916630196,67355.73,0.3531758189201355,0,0
9750.612916630196,66604.91,0.36863967776298523,0,0
9750.612916630196,66126.99,0.3777161240577698,0,0
9750.612916630196,65928.01,0.35229891538619995,0,0
9750.612916630196,66270.55,0.3551868796348572,0,0
9750.612916630196,65887.59,0.36378052830696106,0,0
9750.612916630196,66095.4,0.34406912326812744,0,0
9750.612916630196,65475.21,0.36899861693382263,0,0
9750.612916630196,65703.19,0.3552408516407013,0,0
9750.612916630196,65314.76,0.35485944151878357,0,1
9750.612916630196,65392.18,0.29362791776657104,0,1
9750.612916630196,65594.67,0.277763694524765,0,1
9750.612916630196,65527.59,0.27732053399086,0,0
9750.612916630196,65637.99,0.3588874042034149,0,0
9750.612916630196,65872.1,0.3103344738483429,0,0
9750.612916630196,65942.0,0.2753593325614929,0,0
9750.612916630196,65770.36,0.2398674488067627,0,0
9750.612916630196,65961.13,0.25981128215789795,0,0
9750.612916630196,65797.42,0.23862890899181366,0,0
9750.612916630196,65663.2,0.27217352390289307,0,0
9750.612916630196,65591.03,0.23862890899181366,0,0
9750.612916630196,63216.01,0.3551080524921417,0,1
9750.612916630196,63826.0,0.35778725147247314,0,1
9750.612916630196,63473.28,0.38168761134147644,0,1
9750.612916630196,63658.54,0.3755650222301483,0,1
9750.612916630196,64010.39,0.38296639919281006,0,1
9750.612916630196,63844.2,0.3893454372882843,0,1
9750.612916630196,64017.19,0.3210769295692444,0,1
9750.612916630196,65106.44,0.3790777921676636,0,1
9750.612916630196,64435.61,0.38769105076789856,0,1
9750.612916630196,64841.18,0.3790777921676636,0,1
9750.612916630196,65094.3,0.3602737784385681,0,1
9750.612916630196,65442.62,0.35613664984703064,0,1
9750.612916630196,65911.84,0.3441445827484131,0,1
9750.612916630196,66362.01,0.3286822438240051,0,1
9750.612916630196,66959.62,0.3214321434497833,0,1
9750.612916630196,66723.22,0.3123156428337097,0,1
9750.612916630196,67103.64,0.3228317201137543,0,0
9750.612916630196,66973.26,0.30218762159347534,0,0
9750.612916630196,66791.29,0.3059941530227661,0,0
9750.612916630196,67339.36,0.31937065720558167,0,0
9750.612916630196,67620.65,0.3055414855480194,0,0
9750.612916630196,67502.16,0.2918756902217865,0,0
9750.612916630196,67346.5,0.28556564450263977,0,0
9750.612916630196,67292.09,0.2659777104854584,0,0
9750.612916630196,66926.68,0.307771772146225,0,0
9750.612916630196,67141.39,0.28632745146751404,0,0
9750.612916630196,66560.14,0.3395504653453827,0,0
9750.612916630196,66410.08,0.2978821098804474,0,1
9750.612916630196,66467.06,0.2874031066894531,0,0
9750.612916630196,66468.03,0.2545987367630005,0,0
9750.612916630196,66296.48,0.2545987367630005,0,0
9750.612916630196,66934.79,0.2948754131793976,0,0
9750.612916630196,66847.8,0.2807859480381012,0,0
9750.612916630196,66842.42,0.2682632803916931,0,0
9750.612916630196,66135.45,0.3156123757362366,0,0
9750.612916630196,65979.61,0.28945794701576233,0,0
9750.612916630196,66316.83,0.29043978452682495,0,0
9750.612916630196,65962.17,0.31548237800598145,0,1
9750.612916630196,65300.0,0.3380129635334015,0,1
9750.612916630196,65666.2,0.32140809297561646,0,1
9750.612916630196,65268.71,0.3489038050174713,0,1
9750.612916630196,65776.47,0.3345189690589905,0,1
9750.612916630196,66501.52,0.3272773027420044,0,0
9750.612916630196,66532.02,0.32753288745880127,0,0
9750.612916630196,66276.77,0.3445230722427368,0,0
9750.612916630196,66820.03,0.32977449893951416,0,0
9750.612916630196,66862.12,0.2928716242313385,0,0
9750.612916630196,66730.78,0.31126219034194946,0,0
9750.612916630196,66204.9,0.34877511858940125,0,0
9750.612916630196,66007.52,0.3635150194168091,0,0
9750.612916630196,66282.0,0.3291383385658264,0,1
9750.612916630196,66168.62,0.3228798508644104,0,1
9750.612916630196,66316.4,0.27334699034690857,0,1
9750.612916630196,66359.68,0.30667850375175476,0,1
9750.612916630196,65963.43,0.32135212421417236,0,1
9750.612916630196,65440.01,0.372198224067688,0,1
9750.612916630196,67177.06,0.32393017411231995,0,1
9750.612916630196,69130.2,0.3319584131240845,0,0
9750.612916630196,69428.62,0.32951486110687256,0,0
9750.612916630196,69198.0,0.2946818768978119,0,0
9750.612916630196,68877.67,0.2911871075630188,0,0
9750.612916630196,68966.53,0.2834310233592987,0,0
9750.612916630196,69106.58,0.2924153506755829,0,0
9750.612916630196,69413.82,0.2821834981441498,0,0
9750.612916630196,69440.49,0.28461992740631104,0,0
9750.612916630196,68830.06,0.30823856592178345,0,0
9750.612916630196,69092.88,0.28860801458358765,0,0
9750.612916630196,68760.01,0.29243001341819763,0,0
9750.612916630196,68512.17,0.3401581645011902,0,0
9750.612916630196,68377.94,0.30895286798477173,0,0
9750.612916630196,68123.2,0.3246366083621979,0,0
9750.612916630196,67947.75,0.3523459732532501,0,0
9750.612916630196,68106.73,0.3334204852581024,0,0
9750.612916630196,68172.8,0.30455324053764343,0,0
9750.612916630196,67003.3,0.3530019521713257,0,0
9750.612916630196,66647.98,0.33913931250572205,0,1
9750.612916630196,66860.3,0.3253635764122009,0,1
9750.612916630196,67026.61,0.28640180826187134,0,1
9750.612916630196,67399.85,0.30659228563308716,0,1
9750.612916630196,66931.31,0.31538084149360657,0,1
9750.612916630196,66568.95,0.37348541617393494,0,1
9750.612916630196,67725.81,0.36866652965545654,0,0
9750.612916630196,68175.9,0.3735046982765198,0,0
9750.612916630196,68318.66,0.34514835476875305,0,0
9750.612916630196,68628.49,0.336186945438385,0,0
9750.612916630196,68435.0,0.3507292568683624,0,0
9750.612916630196,68266.0,0.3319968283176422,0,0
9750.612916630196,68024.62,0.3312734365463257,0,0
9750.612916630196,68327.2,0.338320791721344,0,0
9750.612916630196,68338.0,0.3305598497390747,0,0
9750.612916630196,68093.19,0.380984902381897,0,1
9750.612916630196,68405.0,0.3533647060394287,0,1
9750.612916630196,68323.33,0.3305741250514984,0,1
9750.612916630196,67732.2,0.38269156217575073,0,1
9750.612916630196,67786.0,0.32958707213401794,0,1
9750.612916630196,68206.59,0.2978910803794861,0,1
9750.612916630196,68508.02,0.30248990654945374,0,1
9750.612916630196,69493.13,0.3248152434825897,0,1
9750.612916630196,71011.4,0.3282827138900757,0,1
9750.612916630196,71520.76,0.3238075375556946,0,1
9750.612916630196,71348.92,0.3028530478477478,0,1
9750.612916630196,71111.4,0.2922096252441406,0,1
9750.612916630196,71339.71,0.29735904932022095,0,1
9750.612916630196,71477.17,0.29727914929389954,0,1
9750.612916630196,71621.04,0.3259293735027313,0,1
9750.612916630196,73396.88,0.3120194375514984,0,0
9750.612916630196,73294.84,0.3043607771396637,0,0
9750.612916630196,73218.92,0.29752928018569946,0,0
9750.612916630196,73693.5,0.2894349992275238,0,0
9750.612916630196,73611.1,0.30416983366012573,0,0
9750.612916630196,73019.68,0.294162392616272,0,0
9750.612916630196,73309.72,0.28499311208724976,0,0
9750.612916630196,72705.86,0.3004968762397766,0,0
9750.612916630196,72666.77,0.3001857101917267,0,0
9750.612916630196,72760.0,0.2824558913707733,0,0
9750.612916630196,72538.72,0.3041224181652069,0,0
9750.612916630196,72506.19,0.29051727056503296,0,0
9750.612916630196,72497.89,0.27640479803085327,0,0
9750.612916630196,72815.7,0.28284069895744324,0,1
9750.612916630196,72412.15,0.2914280295372009,0,1
9750.612916630196,72553.62,0.28815025091171265,0,0
9750.612916630196,72055.5,0.31795650720596313,0,1
9750.612916630196,72333.7,0.31302037835121155,0,0
9750.612916630196,72591.59,0.2976289391517639,0,0
9750.612916630196,73388.92,0.30534082651138306,0,0
9750.612916630196,72915.79,0.280307799577713,0,0
9750.612916630196,72890.73,0.2611975073814392,0,0
9750.612916630196,72467.79,0.28036412596702576,0,0
9750.612916630196,72609.29,0.2802793085575104,0,0
9750.612916630196,71652.77,0.3415718972682953,0,0
9750.612916630196,71305.92,0.3460727334022522,0,0
9750.612916630196,70704.41,0.34931695461273193,0,0
9750.612916630196,70990.65,0.3205094337463379,0,0
9750.612916630196,70918.07,0.3301720917224884,0,0
9750.612916630196,71236.51,0.32718464732170105,0,0
9750.612916630196,71141.93,0.32718464732170105,0,0
9750.612916630196,71208.54,0.2700420320034027,0,0
9750.612916630196,70890.72,0.3205578923225403,0,0
9750.612916630196,70988.19,0.2600233554840088,0,0
9750.612916630196,71257.2,0.3361251950263977,0,0
9750.612916630196,71252.43,0.29145148396492004,0,0
9750.612916630196,71080.38,0.2600233554840088,0,0
9750.612916630196,70613.61,0.3391944468021393,0,0
9750.612916630196,70436.19,0.318414568901062,0,0
9750.612916630196,70597.23,0.31492316722869873,0,0
9750.612916630196,71056.44,0.3083496689796448,0,0
9750.612916630196,70789.49,0.2903119921684265,0,0
9750.612916630196,70565.56,0.3184230923652649,0,0
9750.612916630196,70527.93,0.3013853430747986,0,0
9750.612916630196,70212.95,0.3406978249549866,0,0
9750.612916630196,69907.0,0.3468962013721466,0,0
9750.612916630196,69208.0,0.3662521243095398,0,0
9750.612916630196,68409.89,0.36864152550697327,0,0
9750.612916630196,68504.71,0.36779963970184326,0,0
9750.612916630196,68446.52,0.35848531126976013,0,0
9750.612916630196,67955.1,0.37357956171035767,0,0
9750.612916630196,68181.2,0.3443041443824768,0,0
9750.612916630196,68131.79,0.33015263080596924,0,0
9750.612916630196,68111.03,0.33955147862434387,0,0
9750.612916630196,68289.1,0.3170229494571686,0,0
9750.612916630196,68319.89,0.24332205951213837,0,0
9750.612916630196,68114.02,0.2761285901069641,0,0
9750.612916630196,68290.45,0.26988881826400757,0,0
9750.612916630196,68262.01,0.24332205951213837,0,0
9750.612916630196,68350.04,0.27161315083503723,0,0
9750.612916630196,68095.5,0.3097802996635437,0,0
9750.612916630196,68063.43,0.27131929993629456,0,0
9750.612916630196,68018.26,0.23348942399024963,0,0
9750.612916630196,67690.86,0.3126365542411804,0,0
9750.612916630196,67842.67,0.3028526306152344,0,0
9750.612916630196,67795.4,0.2690761983394623,0,0
9750.612916630196,68000.0,0.2554304003715515,0,0
9750.612916630196,67880.31,0.23808859288692474,0,0
9750.612916630196,68010.01,0.2918722331523895,0,0
9750.612916630196,67992.54,0.2126077264547348,0,0
9750.612916630196,67931.06,0.20678749680519104,0,0
9750.612916630196,68016.7,0.25892797112464905,0,0
9750.612916630196,67877.45,0.22035624086856842,0,0
9750.612916630196,67783.63,0.22703035175800323,0,0
9750.612916630196,67788.41,0.20816673338413239,0,0
9750.612916630196,67568.13,0.25967466831207275,0,0
9750.612916630196,67080.34,0.33865195512771606,0,0
9750.612916630196,67402.98,0.28145530819892883,0,0
9750.612916630196,67452.98,0.2429366409778595,0,0
9750.612916630196,67258.65,0.2839590907096863,0,0
9750.612916630196,67262.91,0.23999866843223572,0,0
9750.612916630196,67194.77,0.26670247316360474,0,0
9750.612916630196,67297.27,0.2630288898944855,0,0
9750.612916630196,66925.44,0.3466602563858032,0,1
9750.612916630196,67000.26,0.24451401829719543,0,1
9750.612916630196,66637.36,0.3545953035354614,0,1
9750.612916630196,67149.93,0.319293737411499,0,1
9750.612916630196,67161.52,0.22402365505695343,0,0
9750.612916630196,67319.91,0.2802698314189911,0,0
9750.612916630196,67539.33,0.2833889126777649,0,0
9750.612916630196,67681.0,0.2748221755027771,0,0
9750.612916630196,67904.14,0.2709061801433563,0,0
9750.612916630196,67515.0,0.3263520896434784,0,0
9750.612916630196,67324.72,0.35118815302848816,0,0
9750.612916630196,67234.86,0.3561202883720398,0,0
9750.612916630196,67339.76,0.28227630257606506,0,0
9750.612916630196,67218.23,0.26301947236061096,0,0
9750.612916630196,66872.15,0.33349063992500305,0,0
9750.612916630196,67065.0,0.3102470338344574,0,0
9750.612916630196,66804.0,0.2696809768676758,0,0
9750.612916630196,67337.42,0.27790746092796326,0,0
9750.612916630196,67238.8,0.2918952405452728,0,0
9750.612916630196,67020.01,0.3264172375202179,0,0
9750.612916630196,66236.8,0.39813292026519775,0,1
9750.612916630196,65971.2,0.3703519403934479,0,1
9750.612916630196,66370.01,0.37009334564208984,0,1
9750.612916630196,66196.01,0.37201395630836487,0,1
9750.612916630196,66537.32,0.3426424264907837,0,1
9750.612916630196,67205.05,0.3211435079574585,0,1
9750.612916630196,67130.14,0.27312085032463074,0,1
9750.612916630196,67911.16,0.321318656206131,0,0
9750.612916630196,67267.18,0.3227904736995697,0,1
9750.612916630196,67555.13,0.31358370184898376,0,1
9750.612916630196,67814.69,0.3074887990951538,0,1
9750.612916630196,67981.02,0.3188128173351288,0,1
9750.612916630196,67608.13,0.3386991620063782,0,1
9750.612916630196,67764.98,0.3119299113750458,0,1
9750.612916630196,68151.93,0.3236042857170105,0,0
9750.612916630196,68976.0,0.3344605565071106,0,0
9750.612916630196,69151.5,0.3203074336051941,0,0
9750.612916630196,68863.66,0.31299737095832825,0,0
9750.612916630196,68960.12,0.31281837821006775,0,0
9750.612916630196,68600.71,0.32227611541748047,0,0
9750.612916630196,68356.37,0.29265880584716797,0,1
9750.612916630196,68991.93,0.31794440746307373,0,0
9750.612916630196,68961.71,0.26699453592300415,0,1
9750.612916630196,68919.72,0.2755673825740814,0,1
9750.612916630196,68635.88,0.2728862464427948,0,1
9750.612916630196,68432.16,0.2636626064777374,0,1
9750.612916630196,69157.37,0.30803704261779785,0,1
9750.612916630196,69260.01,0.2956780791282654,0,1
9750.612916630196,70272.01,0.3299456536769867,0,1
9750.612916630196,69429.85,0.31665584444999695,0,1
9750.612916630196,70072.94,0.296647846698761,0,1
9750.612916630196,69971.34,0.3016171157360077,0,1
9750.612916630196,69910.91,0.2937276065349579,0,1
9750.612916630196,70406.01,0.29290056228637695,0,0
9750.612916630196,70709.37,0.30792921781539917,0,1
9750.612916630196,71078.92,0.30792921781539917,0,0
9750.612916630196,70774.04,0.29969000816345215,0,1
9750.612916630196,70580.94,0.2848043441772461,0,0
9750.612916630196,70519.86,0.28972384333610535,0,0
9750.612916630196,69921.12,0.3553318679332733,0,0
9750.612916630196,71467.81,0.32998713850975037,0,0
9750.612916630196,71346.16,0.30780383944511414,0,0
9750.612916630196,71268.59,0.3100568354129791,0,0
9750.612916630196,70868.61,0.31953492760658264,0,0
9750.612916630196,70013.87,0.3344707489013672,0,0
9750.612916630196,70043.63,0.3051871061325073,0,0
9750.612916630196,70235.6,0.2784528136253357,0,0
9750.612916630196,69763.01,0.3261435627937317,0,0
9750.612916630196,69721.58,0.3104523718357086,0,1
9750.612916630196,69948.63,0.2851017415523529,0,0
9750.612916630196,70044.87,0.31196460127830505,0,0
9750.612916630196,70071.26,0.2697741687297821,0,0
9750.612916630196,69810.72,0.3275197446346283,0,0
9750.612916630196,69551.91,0.30960768461227417,0,0
9750.612916630196,70130.99,0.3232136070728302,0,0
9750.612916630196,69510.36,0.3482474386692047,0,0
9750.612916630196,69950.01,0.3173913359642029,0,0
9750.612916630196,69648.29,0.34153881669044495,0,1
9750.612916630196,69662.24,0.28835561871528625,0,1
9750.612916630196,69466.75,0.3067583441734314,0,1
9750.612916630196,69604.9,0.29263514280319214,0,1
9750.612916630196,69173.0,0.36446312069892883,0,1
9750.612916630196,69361.13,0.34867170453071594,0,1
9750.612916630196,70186.09,0.3229239284992218,0,1
9750.612916630196,70578.7,0.33869296312332153,0,0
9750.612916630196,70227.91,0.3670063316822052,0,1
9750.612916630196,70570.71,0.3319856822490692,0,0
9750.612916630196,70785.99,0.3082711696624756,0,0
9750.612916630196,70617.64,0.2766282260417938,0,0
9750.612916630196,70641.82,0.2631809711456299,0,0
9750.612916630196,70634.96,0.24355369806289673,0,0
9750.612916630196,70741.26,0.24605675041675568,0,0
9750.612916630196,70373.01,0.3070060908794403,0,0
9750.612916630196,70191.86,0.28920257091522217,0,0
9750.612916630196,70225.34,0.2322639375925064,0,0
9750.612916630196,69841.31,0.3045695126056671,0,0
9750.612916630196,69286.56,0.36835792660713196,0,1
9750.612916630196,69446.61,0.27933797240257263,0,1
9750.612916630196,69372.0,0.28639209270477295,0,1
9750.612916630196,69480.54,0.2803190350532532,0,1
9750.612916630196,69501.44,0.23888376355171204,0,1
9750.612916630196,69826.19,0.2790432572364807,0,0
9750.612916630196,69917.37,0.2890665829181671,0,0
9750.612916630196,69952.51,0.29602980613708496,0,1
9750.612916630196,70412.11,0.2923853397369385,0,0
9750.612916630196,70427.91,0.2829574942588806,0,0
9750.612916630196,70381.8,0.26367515325546265,0,0
9750.612916630196,69972.15,0.33703508973121643,0,1
9750.612916630196,69590.09,0.4049198627471924,0,1
9750.612916630196,70334.88,0.3266286253929138,0,0
9750.612916630196,70381.16,0.32693949341773987,0,0
9750.612916630196,70212.06,0.35299551486968994,0,0
9750.612916630196,69819.64,0.36746588349342346,0,1
9750.612916630196,70432.32,0.31012749671936035,0,1
9750.612916630196,70164.49,0.3048124611377716,0,1
9750.612916630196,70268.55,0.2854667603969574,0,1
9750.612916630196,70175.64,0.2675313353538513,0,1
9750.612916630196,70541.34,0.2907503545284271,0,1
9750.612916630196,71475.61,0.3398749828338623,0,0
9750.612916630196,71672.39,0.2861294746398926,0,0
9750.612916630196,71143.8,0.29826658964157104,0,1
9750.612916630196,71405.75,0.2925160527229309,0,1
9750.612916630196,71393.94,0.25576409697532654,0,1
9750.612916630196,71546.29,0.28172484040260315,0,1
9750.612916630196,71342.0,0.2828506827354431,0,1
9750.612916630196,71612.22,0.2828506827354431,0,1
9750.612916630196,71821.02,0.31025099754333496,0,1
9750.612916630196,72006.57,0.2858756184577942,0,0
9750.612916630196,72458.12,0.2859705686569214,0,0
9750.612916630196,72228.82,0.26182591915130615,0,0
9750.612916630196,72784.73,0.2962704002857208,0,0
9750.612916630196,73379.18,0.31309187412261963,0,0
9750.612916630196,72382.72,0.3340024948120117,0,0
9750.612916630196,71831.46,0.34154629707336426,0,0
9750.612916630196,71885.57,0.33534523844718933,0,0
9750.612916630196,71037.93,0.3405151963233948,0,0
9750.612916630196,71055.45,0.31187009811401367,0,0
9750.612916630196,71189.95,0.26483985781669617,0,0
9750.612916630196,71346.84,0.2836071252822876,0,0
9750.612916630196,71104.65,0.2980804741382599,0,0
9750.612916630196,70814.0,0.3216743767261505,0,0
9750.612916630196,70930.0,0.2676117718219757,0,0
9750.612916630196,70631.97,0.30132803320884705,0,0
9750.612916630196,70831.7,0.3163464367389679,0,0
9750.612916630196,70783.27,0.24196547269821167,0,0
9750.612916630196,71081.3,0.3017083406448364,0,0
9750.612916630196,71039.58,0.273777574300766,0,0
9750.612916630196,71013.75,0.2391541749238968,0,0
9750.612916630196,70622.08,0.3465099334716797,0,0
9750.612916630196,70596.68,0.24142146110534668,0,0
9750.612916630196,70585.63,0.22467002272605896,0,0
9750.612916630196,70501.16,0.2816239595413208,0,0
9750.612916630196,70570.44,0.22849875688552856,0,0
9750.612916630196,70751.42,0.23146696388721466,0,0
9750.612916630196,70780.59,0.24148713052272797,0,0
9750.612916630196,70847.35,0.21446219086647034,0,0
9750.612916630196,70599.22,0.2323070913553238,0,0
9750.612916630196,70580.09,0.2136068195104599,0,0
9750.612916630196,70672.53,0.18011587858200073,0,0
9750.612916630196,70617.01,0.15398333966732025,0,1
9750.612916630196,70668.23,0.15398333966732025,0,0
9750.612916630196,70700.0,0.1506548970937729,0,0
9750.612916630196,70805.71,0.15575014054775238,0,1
9750.612916630196,70799.99,0.15949788689613342,0,1
9750.612916630196,70710.91,0.13779710233211517,0,1
9750.612916630196,71211.95,0.20144023001194,0,0
9750.612916630196,70985.28,0.16819052398204803,0,1
9750.612916630196,70985.83,0.16690906882286072,0,1
9750.612916630196,71450.53,0.24124650657176971,0,0
9750.612916630196,71363.14,0.2309994399547577,0,1
9750.612916630196,71606.32,0.23320412635803223,0,0
9750.612916630196,71489.68,0.23320412635803223,0,0
9750.612916630196,71458.41,0.2157869040966034,0,0
9750.612916630196,71453.59,0.20703059434890747,0,0
9750.612916630196,71717.5,0.23650500178337097,0,0
9750.612916630196,71791.1,0.22061367332935333,0,0
9750.612916630196,71783.09,0.21821963787078857,0,0
9750.612916630196,71839.42,0.20072095096111298,0,0
9750.612916630196,71610.33,0.2282022088766098,0,0
9750.612916630196,71607.54,0.24720823764801025,0,0
9750.612916630196,71622.03,0.22856569290161133,0,0
9750.612916630196,71481.24,0.1980399489402771,0,1
9750.612916630196,71437.35,0.23248660564422607,0,1
9750.612916630196,71819.95,0.2645650804042816,0,1
9750.612916630196,71390.53,0.264758437871933,0,1
9750.612916630196,71549.94,0.20429188013076782,0,1
9750.612916630196,71730.81,0.2451128214597702,0,1
9750.612916630196,72109.58,0.2513284385204315,0,1
9750.612916630196,72749.44,0.32464951276779175,0,1
9750.612916630196,72815.24,0.3131687045097351,0,1
9750.612916630196,72531.26,0.2756495177745819,0,1
9750.612916630196,72752.9,0.27704012393951416,0,1
9750.612916630196,72514.69,0.2628113925457001,0,1
9750.612916630196,73573.32,0.33556127548217773,0,0
9750.612916630196,73835.62,0.31160035729408264,0,0
9750.612916630196,74207.49,0.29198023676872253,0,0
9750.612916630196,73714.36,0.28318580985069275,0,0
9750.612916630196,73456.68,0.2728159427642822,0,1
9750.612916630196,73135.0,0.29858893156051636,0,1
9750.612916630196,73260.92,0.24892154335975647,0,0
9750.612916630196,73783.42,0.29051217436790466,0,0
9750.612916630196,73552.77,0.275113046169281,0,1
9750.612916630196,73864.8,0.2897454798221588,0,0
9750.612916630196,74109.55,0.29408055543899536,0,0
9750.612916630196,73565.54,0.3235209286212921,0,1
9750.612916630196,73274.76,0.2961020767688751,0,1
9750.612916630196,73760.63,0.2850443124771118,0,1
9750.612916630196,73943.18,0.28077811002731323,0,1
9750.612916630196,73913.6,0.28128141164779663,0,1
9750.612916630196,73963.0,0.29318276047706604,0,1
9750.612916630196,74236.9,0.25138700008392334,0,1
9750.612916630196,74401.36,0.28016406297683716,0,0
9750.612916630196,74772.66,0.26441845297813416,0,0
9750.612916630196,74884.67,0.2753189206123352,0,0
9750.612916630196,75318.48,0.29954323172569275,0,0
9750.612916630196,75623.91,0.29954323172569275,0,0
9750.612916630196,75198.02,0.2786494195461273,0,0
9750.612916630196,74463.98,0.3030132055282593,0,0
9750.612916630196,74252.01,0.30429041385650635,0,0
9750.612916630196,74036.74,0.32006970047950745,0,0
9750.612916630196,74085.45,0.2668166756629944,0,0
9750.612916630196,74249.32,0.2590547204017639,0,0
9750.612916630196,74188.38,0.2545987367630005,0,0
9750.612916630196,73937.16,0.27278953790664673,0,0
9750.612916630196,73729.45,0.2820143699645996,0,1
9750.612916630196,74033.11,0.26453569531440735,0,1
9750.612916630196,73739.74,0.2910515367984772,0,1
9750.612916630196,73615.48,0.3216458857059479,0,1
9750.612916630196,74381.7,0.2959133982658386,0,0
9750.612916630196,73914.39,0.3044291138648987,0,1
9750.612916630196,74155.69,0.26373741030693054,0,0
9750.612916630196,74523.75,0.2677226662635803,0,0
9750.612916630196,74683.04,0.26182591915130615,0,0
9750.612916630196,74512.17,0.26182591915130615,0,0
9750.612916630196,74506.75,0.25138700008392334,0,0
9750.612916630196,74685.42,0.253943532705307,0,0
9750.612916630196,74307.08,0.33547335863113403,0,0
9750.612916630196,73909.36,0.33481037616729736,0,0
9750.612916630196,73867.88,0.3501274287700653,0,0
9750.612916630196,74072.3,0.2899773418903351,0,0
9750.612916630196,74338.93,0.30343177914619446,0,0
9750.612916630196,74446.14,0.2799164056777954,0,0
9750.612916630196,74175.49,0.27416205406188965,0,0
9750.612916630196,73950.0,0.2845240831375122,0,0
9750.612916630196,73954.03,0.2727581560611725,0,0
9750.612916630196,73883.8,0.26702022552490234,0,0
9750.612916630196,74044.89,0.2573358118534088,0,0
9750.612916630196,74181.08,0.23162318766117096,0,0
9750.612916630196,73946.35,0.26340222358703613,0,0
9750.612916630196,72952.85,0.40299659967422485,0,0
9750.612916630196,72361.24,0.4054529070854187,0,0
9750.612916630196,72133.49,0.3857708275318146,0,0
9750.612916630196,71193.23,0.4152041971683502,0,0
9750.612916630196,71467.82,0.40017640590667725,0,0
9750.612916630196,71314.08,0.34844255447387695,0,0
9750.612916630196,71595.21,0.3364422619342804,0,0
9750.612916630196,71096.74,0.35869789123535156,0,0
9750.612916630196,71072.38,0.3355409502983093,0,0
9750.612916630196,71214.67,0.35100671648979187,0,0
9750.612916630196,71263.67,0.27821165323257446,0,0
9750.612916630196,71153.66,0.29249411821365356,0,0
9750.612916630196,71246.54,0.2840564548969269,0,0
9750.612916630196,71002.17,0.29249411821365356,0,0
9750.612916630196,71115.23,0.24163025617599487,0,0
9750.612916630196,71055.44,0.28777754306793213,0,0
9750.612916630196,71215.39,0.32880982756614685,0,0
9750.612916630196,70822.07,0.3342928886413574,0,0
9750.612916630196,70826.54,0.22996270656585693,0,0
9750.612916630196,70583.22,0.3382233679294586,0,0
9750.612916630196,70191.17,0.3778390884399414,0,0
9750.612916630196,69985.19,0.3553280234336853,0,0
9750.612916630196,70513.0,0.3626013398170471,0,0
9750.612916630196,70133.72,0.3363436758518219,0,0
9750.612916630196,69952.75,0.29256677627563477,0,0
9750.612916630196,69290.27,0.3998575806617737,0,1
9750.612916630196,69905.65,0.3863227665424347,0,1
9750.612916630196,69482.25,0.4023270010948181,0,1
9750.612916630196,69412.51,0.3874737322330475,0,1
9750.612916630196,69455.86,0.3504016101360321,0,1
9750.612916630196,69854.16,0.341403990983963,0,0
9750.612916630196,69821.21,0.2897001802921295,0,1
9750.612916630196,70271.99,0.3445734679698944,0,0
9750.612916630196,70483.03,0.30922505259513855,0,0
9750.612916630196,70413.47,0.2897001802921295,0,0
9750.612916630196,70183.99,0.31478211283683777,0,1
9750.612916630196,69930.0,0.3360443413257599,0,1
9750.612916630196,70181.0,0.30643877387046814,0,0
9750.612916630196,70403.79,0.3004004955291748,0,1
9750.612916630196,70415.47,0.28572916984558105,0,1
9750.612916630196,70729.92,0.2948485314846039,0,0
9750.612916630196,70783.69,0.28544482588768005,0,0
9750.612916630196,70606.24,0.27445167303085327,0,0
9750.612916630196,70502.9,0.2827517092227936,0,0
9750.612916630196,70854.66,0.29248273372650146,0,0
9750.612916630196,71042.23,0.28511035442352295,0,0
9750.612916630196,70583.8,0.28925755620002747,0,0
9750.612916630196,70611.68,0.2649461627006531,0,0
9750.612916630196,70478.71,0.2729162275791168,0,0
9750.612916630196,70342.63,0.2654956877231598,0,0
9750.612916630196,69863.84,0.30792492628097534,0,0
9750.612916630196,69731.21,0.30837491154670715,0,0
9750.612916630196,69860.09,0.2856159806251526,0,1
9750.612916630196,69829.26,0.28497618436813354,0,1
9750.612916630196,70000.0,0.2942507565021515,0,1
9750.612916630196,69770.0,0.27922502160072327,0,1
9750.612916630196,70177.86,0.27061954140663147,0,0
9750.612916630196,70057.66,0.28753653168678284,0,1
9750.612916630196,70540.73,0.29015782475471497,0,0
9750.612916630196,70767.85,0.25570735335350037,0,0
9750.612916630196,70510.73,0.24165943264961243,0,0
9750.612916630196,70682.19,0.23499265313148499,0,0
9750.612916630196,70464.59,0.23795641958713531,0,0
9750.612916630196,70737.6,0.22799333930015564,0,0
9750.612916630196,70657.35,0.17705537378787994,0,0
9750.612916630196,70642.13,0.21284931898117065,0,0
9750.612916630196,70697.94,0.21306738257408142,0,0
9750.612916630196,70774.65,0.1948973685503006,0,0
9750.612916630196,70727.33,0.1966809779405594,0,0
9750.612916630196,70594.43,0.24298471212387085,0,0
9750.612916630196,70661.59,0.18128018081188202,0,0
9750.612916630196,70605.64,0.18405744433403015,0,0
9750.612916630196,70652.72,0.18079178035259247,0,0
9750.612916630196,70722.61,0.17690634727478027,0,0
9750.612916630196,70740.18,0.16921424865722656,0,0
9750.612916630196,70629.1,0.22437913715839386,0,0
9750.612916630196,70630.02,0.16770723462104797,0,0
9750.612916630196,70301.66,0.22173866629600525,0,0
9750.612916630196,70304.08,0.16389892995357513,0,0
9750.612916630196,70389.19,0.15326309204101562,0,0
9750.612916630196,70396.0,0.14578881859779358,0,0
9750.612916630196,70462.28,0.14903229475021362,0,0
9750.612916630196,70345.57,0.15710385143756866,0,0
9750.612916630196,70277.22,0.14596755802631378,0,0
9750.612916630196,68918.12,0.34302547574043274,0,0
9750.612916630196,68954.71,0.33659297227859497,0,0
9750.612916630196,68962.4,0.2848580777645111,0,0
9750.612916630196,69278.12,0.29715317487716675,0,0
9750.612916630196,69339.99,0.3028459846973419,0,0
9750.612916630196,69358.0,0.2785736918449402,0,0
9750.612916630196,69153.41,0.24026302993297577,0,0
9750.612916630196,69164.06,0.24915197491645813,0,0
9750.612916630196,68919.38,0.2718242108821869,0,0
9750.612916630196,68804.77,0.3236618936061859,0,0
9750.612916630196,68826.2,0.2770971655845642,0,0
9750.612916630196,68648.17,0.2791305482387543,0,0
9750.612916630196,68217.95,0.34542834758758545,0,1
9750.612916630196,68654.83,0.32800644636154175,0,0
9750.612916630196,68700.02,0.3125273883342743,0,0
9750.612916630196,68711.66,0.29618141055107117,0,0
9750.612916630196,68847.96,0.28096646070480347,0,0
9750.612916630196,68805.58,0.23273274302482605,0,0
9750.612916630196,68673.02,0.2275877147912979,0,0
9750.612916630196,68618.58,0.3126082420349121,0,0
9750.612916630196,68199.93,0.3398192822933197,0,0
9750.612916630196,68176.46,0.3247784972190857,0,0
9750.612916630196,67899.97,0.3636421859264374,0,0
9750.612916630196,68339.37,0.3556223511695862,0,0
9750.612916630196,67859.0,0.3490699231624603,0,1
9750.612916630196,67669.99,0.3499338924884796,0,0
9750.612916630196,67905.0,0.3534211814403534,0,1
9750.612916630196,68320.72,0.3421677052974701,0,0
9750.612916630196,68074.6,0.351424902677536,0,0
9750.612916630196,68541.0,0.33491623401641846,0,0
9750.612916630196,68899.92,0.2915259897708893,0,1
9750.612916630196,67874.19,0.4060837924480438,0,1
9750.612916630196,68333.16,0.3938045799732208,0,1
9750.612916630196,68434.26,0.31962573528289795,0,1
9750.612916630196,68334.01,0.35914281010627747,0,1
9750.612916630196,68551.02,0.2984635531902313,0,1
9750.612916630196,70122.15,0.34278661012649536,0,1
9750.612916630196,70752.15,0.3351982831954956,0,0
9750.612916630196,71481.13,0.3087049126625061,0,0
9750.612916630196,71446.46,0.3005399703979492,0,0
9750.612916630196,70131.48,0.33157429099082947,0,1
9750.612916630196,70561.54,0.3106420338153839,0,0
9750.612916630196,71085.16,0.30282536149024963,0,0
9750.612916630196,71076.22,0.2833614647388458,0,0
9750.612916630196,70679.05,0.30228009819984436,0,0
9750.612916630196,70915.59,0.2916288673877716,0,0
9750.612916630196,70851.35,0.2179349660873413,0,0
9750.612916630196,70780.22,0.2847987115383148,0,0
9750.612916630196,70906.45,0.2865959107875824,0,0
9750.612916630196,70679.2,0.3131815493106842,0,0
9750.612916630196,70516.57,0.3118201494216919,0,1
9750.612916630196,70453.37,0.28202083706855774,0,1
9750.612916630196,70542.9,0.21492114663124084,0,1
9750.612916630196,70372.44,0.30654048919677734,0,1
9750.612916630196,70283.85,0.22699999809265137,0,1
9750.612916630196,70541.38,0.27132663130760193,0,1
9750.612916630196,71291.7,0.30810028314590454,0,0
9750.612916630196,70964.15,0.29323887825012207,0,0
9750.612916630196,71316.97,0.28339284658432007,0,0
9750.612916630196,71272.87,0.24457266926765442,0,0
9750.612916630196,71157.77,0.2551253139972687,0,0
9750.612916630196,70956.48,0.24948008358478546,0,0
9750.612916630196,70100.46,0.33111652731895447,0,0
9750.612916630196,69869.93,0.3305918872356415,0,0
9750.612916630196,69873.04,0.2882145643234253,0,1
9750.612916630196,69476.87,0.3334232568740845,0,1
9750.612916630196,69238.43,0.33093324303627014,0,1
9750.612916630196,69430.24,0.3271847665309906,0,1
9750.612916630196,69377.33,0.29557663202285767,0,1
9750.612916630196,70093.19,0.31772541999816895,0,1
9750.612916630196,70332.93,0.29352501034736633,0,1
9750.612916630196,70316.96,0.286076158285141,0,1
9750.612916630196,70556.74,0.2797653079032898,0,1
9750.612916630196,70840.75,0.2719108462333679,0,0
9750.612916630196,70677.18,0.26182591915130615,0,0
9750.612916630196,70531.09,0.24873703718185425,0,1
9750.612916630196,70716.7,0.26203906536102295,0,1
9750.612916630196,70968.64,0.24658949673175812,0,1
9750.612916630196,71117.66,0.26814794540405273,0,1
9750.612916630196,70991.83,0.26044878363609314,0,1
9750.612916630196,70926.88,0.2658935785293579,0,1
9750.612916630196,71248.39,0.28291210532188416,0,0
9750.612916630196,71345.91,0.25048986077308655,0,0
9750.612916630196,71501.39,0.24735623598098755,0,0
9750.612916630196,71678.97,0.27317553758621216,0,0
9750.612916630196,71715.24,0.2923201322555542,0,0
9750.612916630196,71581.42,0.2711840867996216,0,0
9750.612916630196,71234.28,0.2712075114250183,0,0
9750.612916630196,70832.99,0.3212014436721802,0,0
9750.612916630196,71324.01,0.31445011496543884,0,0
9750.612916630196,70779.0,0.30106526613235474,0,1
9750.612916630196,70810.34,0.2715756893157959,0,1
9750.612916630196,70883.31,0.24729913473129272,0,1
9750.612916630196,71009.5,0.25960999727249146,0,0
9750.612916630196,71035.24,0.21866779029369354,0,0
9750.612916630196,71369.08,0.2668827772140503,0,0
9750.612916630196,71336.53,0.23976795375347137,0,0
9750.612916630196,71299.27,0.2450605183839798,0,0
9750.612916630196,71252.11,0.22540195286273956,0,0
9750.612916630196,70893.01,0.2823866903781891,0,0
9750.612916630196,70921.47,0.24503403902053833,0,0
9750.612916630196,70772.01,0.22680310904979706,0,0
9750.612916630196,70016.98,0.3318345546722412,0,0
9750.612916630196,70097.18,0.2648334801197052,0,0
9750.612916630196,70087.44,0.27166056632995605,0,0
9750.612916630196,70024.77,0.2593401074409485,0,0
9750.612916630196,69562.41,0.33217653632164,0,0
9750.612916630196,69517.68,0.26187923550605774,0,0
9750.612916630196,69276.01,0.310992032289505,0,0
9750.612916630196,69436.42,0.24875648319721222,0,0
9750.612916630196,69646.59,0.31350603699684143,0,0
9750.612916630196,69479.92,0.31371113657951355,0,0
9750.612916630196,69082.64,0.3299817144870758,0,0
9750.612916630196,68932.52,0.27438998222351074,0,0
9750.612916630196,68486.86,0.35199177265167236,0,0
9750.612916630196,68497.25,0.34091752767562866,0,0
9750.612916630196,68534.36,0.27717816829681396,0,1
9750.612916630196,69005.21,0.35540351271629333,0,0
9750.612916630196,68921.1,0.278139591217041,0,0
9750.612916630196,68892.67,0.30966439843177795,0,0
9750.612916630196,68820.31,0.25651904940605164,0,0
9750.612916630196,68785.01,0.2918722331523895,0,0
9750.612916630196,69051.27,0.26056310534477234,0,0
9750.612916630196,68903.59,0.26176586747169495,0,0
9750.612916630196,68767.51,0.2590397596359253,0,0
9750.612916630196,68578.0,0.3188576400279999,0,0
9750.612916630196,68630.77,0.27557605504989624,0,0
9750.612916630196,68656.15,0.2508699595928192,0,0
9750.612916630196,68540.48,0.31323620676994324,0,0
9750.612916630196,67920.5,0.3558242917060852,0,0
9750.612916630196,67695.81,0.3335493206977844,0,0
9750.612916630196,66502.41,0.36864152550697327,0,0
9750.612916630196,66702.78,0.3571617603302002,0,0
9750.612916630196,66619.76,0.3096808195114136,0,0
9750.612916630196,66188.32,0.36058229207992554,0,0
9750.612916630196,66205.06,0.3596244752407074,0,0
9750.612916630196,66112.82,0.3596244752407074,0,0
9750.612916630196,65979.29,0.3161271810531616,0,0
9750.612916630196,65632.92,0.3647632598876953,0,1
9750.612916630196,65836.69,0.3398627042770386,0,1
9750.612916630196,66040.66,0.3469182550907135,0,0
9750.612916630196,66020.76,0.28751981258392334,0,0
9750.612916630196,66098.0,0.25124672055244446,0,0
9750.612916630196,66020.79,0.2581423223018646,0,0
9750.612916630196,66407.28,0.3089061677455902,0,0
9750.612916630196,66431.55,0.23910295963287354,0,0
9750.612916630196,66178.85,0.3067958652973175,0,1
9750.612916630196,66053.2,0.27125784754753113,0,1
9750.612916630196,66240.0,0.2559698820114136,0,0
9750.612916630196,66285.01,0.23494434356689453,0,0
9750.612916630196,66341.9,0.2513025104999542,0,0
9750.612916630196,66382.0,0.22242259979248047,0,0
9750.612916630196,66561.48,0.24142152070999146,0,0
9750.612916630196,66409.33,0.23313350975513458,0,1
9750.612916630196,66311.32,0.23870790004730225,0,1
9750.612916630196,66221.38,0.22239822149276733,0,1
9750.612916630196,66319.47,0.21488036215305328,0,1
9750.612916630196,66455.09,0.23290543258190155,0,1
9750.612916630196,66835.1,0.2813956141471863,0,0
9750.612916630196,66742.1,0.23570296168327332,0,0
9750.612916630196,67014.91,0.27870434522628784,0,0
9750.612916630196,66926.95,0.23127640783786774,0,0
9750.612916630196,66846.21,0.2438993752002716,0,0
9750.612916630196,66908.03,0.19812999665737152,0,0
9750.612916630196,66916.52,0.18566863238811493,0,0
9750.612916630196,66906.0,0.17776228487491608,0,0
9750.612916630196,66685.53,0.21998652815818787,0,0
9750.612916630196,66755.88,0.21072646975517273,0,0
9750.612916630196,66377.03,0.2530302405357361,0,1
9750.612916630196,66487.93,0.2327738255262375,0,0
9750.612916630196,66569.22,0.22913618385791779,0,0
9750.612916630196,66818.0,0.23295772075653076,0,0
9750.612916630196,66912.0,0.24666021764278412,0,0
9750.612916630196,66735.14,0.21866126358509064,0,0
9750.612916630196,66771.94,0.23373819887638092,0,0
9750.612916630196,66738.5,0.22864499688148499,0,0
9750.612916630196,66671.0,0.19982516765594482,0,0
9750.612916630196,66724.0,0.16880014538764954,0,0
9750.612916630196,66634.01,0.16952471435070038,0,0
9750.612916630196,66502.79,0.18071651458740234,0,0
9750.612916630196,66816.28,0.20155271887779236,0,0
9750.612916630196,66849.88,0.1650395691394806,0,0
9750.612916630196,66580.36,0.1720436066389084,0,0
9750.612916630196,66589.64,0.1720436066389084,0,0
9750.612916630196,66523.0,0.22732596099376678,0,0
9750.612916630196,66499.35,0.1684686839580536,0,0
9750.612916630196,66385.84,0.22059281170368195,0,0
9750.612916630196,66427.26,0.17611321806907654,0,0
9750.612916630196,66348.62,0.17994695901870728,0,0
9750.612916630196,66614.05,0.2146771252155304,0,1
9750.612916630196,66710.12,0.171563059091568,0,1
9750.612916630196,65860.31,0.3370071053504944,0,1
9750.612916630196,66010.93,0.2989994287490845,0,1
9750.612916630196,66280.25,0.30293747782707214,0,1
9750.612916630196,66653.74,0.27759096026420593,0,1
9750.612916630196,67121.01,0.30830129981040955,0,1
9750.612916630196,67173.8,0.2526790201663971,0,0
9750.612916630196,67616.29,0.27391645312309265,0,0
9750.612916630196,67492.46,0.26474305987358093,0,0
9750.612916630196,67305.14,0.26551154255867004,0,1
9750.612916630196,67624.39,0.26814794540405273,0,0
9750.612916630196,67666.44,0.26792633533477783,0,0
9750.612916630196,67495.46,0.24936847388744354,0,0
9750.612916630196,67488.53,0.20679634809494019,0,0
9750.612916630196,67680.45,0.2756952941417694,0,0
9750.612916630196,67899.59,0.26355233788490295,0,0
9750.612916630196,67529.52,0.2993555963039398,0,0
9750.612916630196,67799.54,0.28614479303359985,0,0
9750.612916630196,67629.4,0.2749888002872467,0,0
9750.612916630196,67368.1,0.26200705766677856,0,0
9750.612916630196,66828.02,0.3013984262943268,0,0
9750.612916630196,66653.46,0.2629411816596985,0,1
9750.612916630196,66550.05,0.26864686608314514,0,1
9750.612916630196,66651.4,0.21245035529136658,0,1
9750.612916630196,66809.3,0.2601631283760071,0,1
9750.612916630196,66784.98,0.23526674509048462,0,1
9750.612916630196,66797.37,0.26895469427108765,0,1
9750.612916630196,67208.75,0.28069454431533813,0,0
9750.612916630196,67938.54,0.3238436281681061,0,0
9750.612916630196,67943.43,0.2591822147369385,0,0
9750.612916630196,67704.74,0.2586948275566101,0,0
9750.612916630196,67544.01,0.29102450609207153,0,0
9750.612916630196,67681.68,0.2631864845752716,0,0
9750.612916630196,67492.85,0.2601151764392853,0,0
9750.612916630196,67367.69,0.27425286173820496,0,0
9750.612916630196,66778.33,0.3462505340576172,0,0
9750.612916630196,66124.99,0.3564664125442505,0,1
9750.612916630196,66363.38,0.3274092972278595,0,1
9750.612916630196,66685.69,0.3500332236289978,0,1
9750.612916630196,66653.26,0.31032052636146545,0,1
9750.612916630196,67302.29,0.30095240473747253,0,1
9750.612916630196,66587.45,0.3712252080440521,0,1
9750.612916630196,66736.8,0.3430733382701874,0,1
9750.612916630196,67665.83,0.33065685629844666,0,1
9750.612916630196,67526.75,0.35182568430900574,0,1
9750.612916630196,67854.05,0.3047060966491699,0,1
9750.612916630196,67838.8,0.2734053134918213,0,0
9750.612916630196,68265.53,0.30933114886283875,0,0
9750.612916630196,68277.99,0.2874593138694763,0,0
9750.612916630196,68172.87,0.27991726994514465,0,0
9750.612916630196,68284.48,0.25734707713127136,0,0
9750.612916630196,68330.75,0.28892287611961365,0,1
9750.612916630196,67782.73,0.33119818568229675,0,1
9750.612916630196,67668.89,0.28672754764556885,0,1
9750.612916630196,68170.67,0.31211674213409424,0,1
9750.612916630196,68303.83,0.2861630916595459,0,0
9750.612916630196,68456.02,0.2978280782699585,0,0
9750.612916630196,69102.85,0.3091523349285126,0,0
9750.612916630196,68692.0,0.3050227761268616,0,0
9750.612916630196,68670.16,0.29536741971969604,0,0
9750.612916630196,68644.0,0.27173683047294617,0,0
9750.612916630196,68585.55,0.25675469636917114,0,0
9750.612916630196,68712.52,0.24754579365253448,0,0
9750.612916630196,68393.6,0.31401526927948,0,0
9750.612916630196,68116.07,0.33937567472457886,0,0
9750.612916630196,68593.55,0.28310200572013855,0,0
9750.612916630196,68918.52,0.2795460522174835,0,0
9750.612916630196,68816.34,0.2635052800178528,0,0
9750.612916630196,68266.62,0.3054393529891968,0,0
9750.612916630196,68084.76,0.27036866545677185,0,1
9750.612916630196,68176.84,0.2563994228839874,0,0
9750.612916630196,68191.09,0.24502651393413544,0,0
9750.612916630196,68362.53,0.25653427839279175,0,0
9750.612916630196,68122.99,0.24212196469306946,0,0
9750.612916630196,68113.92,0.2476615011692047,0,0
9750.612916630196,68600.29,0.27979329228401184,0,0
9750.612916630196,67359.27,0.348932683467865,0,0
9750.612916630196,66852.99,0.3320673704147339,0,0
9750.612916630196,66576.25,0.32697048783302307,0,0
9750.612916630196,66330.27,0.32697048783302307,0,0
9750.612916630196,66591.54,0.2975012958049774,0,0
9750.612916630196,66681.49,0.2797243297100067,0,0
9750.612916630196,66930.79,0.30403509736061096,0,0
9750.612916630196,66439.12,0.3398149907588959,0,1
9750.612916630196,66469.6,0.2645365297794342,0,1
9750.612916630196,66457.28,0.2808586657047272,0,1
9750.612916630196,66220.28,0.2947947084903717,0,1
9750.612916630196,66052.71,0.2913673520088196,0,1
9750.612916630196,66270.87,0.3429447412490845,0,1
9750.612916630196,66868.18,0.3476925790309906,0,0
9750.612916630196,66852.91,0.31085044145584106,0,0
9750.612916630196,67095.85,0.3532460629940033,0,0
9750.612916630196,66679.16,0.37178197503089905,0,0
9750.612916630196,66981.99,0.3720429837703705,0,0
9750.612916630196,66975.99,0.22576266527175903,0,0
9750.612916630196,66939.25,0.28452205657958984,0,0
9750.612916630196,66935.93,0.2538779675960541,0,0
9750.612916630196,66982.48,0.21894170343875885,0,0
9750.612916630196,66901.99,0.23195309937000275,0,0
9750.612916630196,66785.86,0.2647525370121002,0,0
9750.612916630196,66630.0,0.2943970263004303,0,1
9750.612916630196,66533.81,0.275299608707428,0,1
9750.612916630196,66579.97,0.23673932254314423,0,0
9750.612916630196,66602.66,0.2172313630580902,0,0
9750.612916630196,66600.35,0.273345410823822,0,1
9750.612916630196,66796.79,0.20617875456809998,0,0
9750.612916630196,67042.08,0.2778404951095581,0,0
9750.612916630196,66965.39,0.27089983224868774,0,0
9750.612916630196,66859.58,0.20003241300582886,0,0
9750.612916630196,66883.08,0.16606634855270386,0,0
9750.612916630196,67017.44,0.16407641768455505,0,0
9750.612916630196,66722.16,0.2136976718902588,0,0
9750.612916630196,66672.0,0.1704188585281372,0,0
9750.612916630196,66929.81,0.17898935079574585,0,0
9750.612916630196,66827.15,0.17354093492031097,0,0
9750.612916630196,67010.46,0.166277676820755,0,0
9750.612916630196,66855.01,0.17434442043304443,0,0
9750.612916630196,66812.03,0.14146001636981964,0,0
9750.612916630196,66885.74,0.14775651693344116,0,0
9750.612916630196,66831.98,0.13348349928855896,0,0
9750.612916630196,66964.21,0.14540185034275055,0,0
9750.612916630196,66888.76,0.14372754096984863,0,0
9750.612916630196,66964.3,0.1474064141511917,0,0
9750.612916630196,66893.39,0.12896375358104706,0,0
9750.612916630196,66852.0,0.13731655478477478,0,0
9750.612916630196,66844.83,0.1365348845720291,0,0
9750.612916630196,66832.18,0.13156907260417938,0,0
9750.612916630196,66860.73,0.13384997844696045,0,0
9750.612916630196,66916.29,0.14877192676067352,0,0
9750.612916630196,67013.24,0.14853791892528534,0,0
9750.612916630196,67014.96,0.147487074136734,0,0
9750.612916630196,66940.0,0.15341058373451233,0,0
9750.612916630196,66988.05,0.14489011466503143,0,1
9750.612916630196,67167.0,0.16820533573627472,0,0
9750.612916630196,67156.93,0.17707352340221405,0,0
9750.612916630196,67097.87,0.15890906751155853,0,0
9750.612916630196,67193.44,0.1788884401321411,0,0
9750.612916630196,67215.24,0.1788884401321411,0,0
9750.612916630196,67383.66,0.21692197024822235,0,0
9750.612916630196,67366.68,0.1989506036043167,0,0
9750.612916630196,67329.4,0.1944267302751541,0,0
9750.612916630196,67295.47,0.17829690873622894,0,0
9750.612916630196,67288.42,0.22291900217533112,0,0
9750.612916630196,67268.4,0.19270342588424683,0,0
9750.612916630196,67359.2,0.2170724868774414,0,0
9750.612916630196,67399.92,0.19177114963531494,0,0
9750.612916630196,67300.42,0.17697523534297943,0,0
9750.612916630196,67225.0,0.17163436114788055,0,0
9750.612916630196,67085.0,0.17154237627983093,0,0
9750.612916630196,67170.16,0.17102636396884918,0,0
9750.612916630196,67145.98,0.16167433559894562,0,0
9750.612916630196,67101.65,0.16536572575569153,0,0
9750.612916630196,66931.65,0.17538683116436005,0,0
9750.612916630196,66802.24,0.1882885992527008,0,0
9750.612916630196,66820.64,0.19839729368686676,0,0
9750.612916630196,66933.18,0.18076421320438385,0,0
9750.612916630196,67035.15,0.18372949957847595,0,0
9750.612916630196,67046.01,0.19698582589626312,0,0
9750.612916630196,66999.0,0.16993623971939087,0,1
9750.612916630196,66783.58,0.23636288940906525,0,1
9750.612916630196,66890.7,0.21280573308467865,0,1
9750.612916630196,66918.03,0.20262780785560608,0,1
9750.612916630196,67306.64,0.29821476340293884,0,0
9750.612916630196,67212.62,0.21555227041244507,0,1
9750.612916630196,67373.64,0.2192397117614746,0,1
9750.612916630196,67413.78,0.23150531947612762,0,1
9750.612916630196,67361.01,0.24103444814682007,0,1
9750.612916630196,67658.35,0.2522294521331787,0,1
9750.612916630196,67553.43,0.2439810186624527,0,1
9750.612916630196,68338.43,0.3126392364501953,0,1
9750.612916630196,69034.18,0.3070869743824005,0,0
9750.612916630196,69083.78,0.31267091631889343,0,0
9750.612916630196,68810.18,0.26944583654403687,0,0
9750.612916630196,69207.99,0.30718085169792175,0,0
9750.612916630196,69123.69,0.26867303252220154,0,1
9750.612916630196,69141.8,0.26867303252220154,0,1
9750.612916630196,69199.31,0.26729658246040344,0,1
9750.612916630196,68976.67,0.27291712164878845,0,1
9750.612916630196,69115.91,0.2698289752006531,0,0
9750.612916630196,69224.63,0.252361923456192,0,1
9750.612916630196,69728.0,0.3120400607585907,0,0
9750.612916630196,69770.88,0.2724913954734802,0,0
9750.612916630196,69614.91,0.2796897888183594,0,0
9750.612916630196,69366.75,0.25413379073143005,0,1
9750.612916630196,69428.23,0.25413379073143005,0,0
9750.612916630196,69654.38,0.28014665842056274,0,0
9750.612916630196,69968.87,0.2846337556838989,0,0
9750.612916630196,69799.14,0.2817029654979706,0,0
9750.612916630196,69574.61,0.27076902985572815,0,0
9750.612916630196,69888.97,0.2592581510543823,0,0
9750.612916630196,69739.53,0.24111206829547882,0,0
9750.612916630196,69826.01,0.23864340782165527,0,0
9750.612916630196,69504.99,0.24330204725265503,0,0
9750.612916630196,68811.0,0.28679153323173523,0,0
9750.612916630196,68853.66,0.2960498332977295,0,0
9750.612916630196,68775.7,0.2765877842903137,0,0
9750.612916630196,68400.01,0.30607619881629944,0,0
9750.612916630196,68674.0,0.28274083137512207,0,0
9750.612916630196,68779.21,0.22680310904979706,0,1
9750.612916630196,68854.65,0.2658105194568634,0,0
9750.612916630196,68669.0,0.24667349457740784,0,0
9750.612916630196,68568.35,0.24028150737285614,0,0
9750.612916630196,68624.61,0.20942771434783936,0,0
9750.612916630196,68936.71,0.2517971992492676,0,0
9750.612916630196,69150.05,0.25249356031417847,0,0
9750.612916630196,68237.93,0.3331451117992401,0,0
9750.612916630196,68345.75,0.3025735914707184,0,1
9750.612916630196,68392.18,0.318721204996109,0,0
9750.612916630196,68231.99,0.30073532462120056,0,1
9750.612916630196,67860.48,0.33014222979545593,0,1
9750.612916630196,68168.1,0.3139433264732361,0,1
9750.612916630196,68229.99,0.28239670395851135,0,1
9750.612916630196,68705.81,0.31940850615501404,0,1
9750.612916630196,68442.53,0.29221558570861816,0,1
9750.612916630196,69011.29,0.3148399293422699,0,1
9750.612916630196,69319.39,0.2999628186225891,0,1
9750.612916630196,69927.64,0.3138355016708374,0,1
9750.612916630196,71514.09,0.3500538766384125,0,0
9750.612916630196,71924.22,0.33412933349609375,0,0
9750.612916630196,71710.19,0.3186832368373871,0,0
9750.612916630196,71476.97,0.2801320254802704,0,0
9750.612916630196,71364.94,0.30832386016845703,0,1
9750.612916630196,71287.39,0.23248764872550964,0,1
9750.612916630196,71566.18,0.2802278697490692,0,0
9750.612916630196,71731.1,0.2590748369693756,0,0
9750.612916630196,71732.69,0.2664441168308258,0,0
9750.612916630196,71627.59,0.27386635541915894,0,0
9750.612916630196,71800.0,0.219190314412117,0,0
9750.612916630196,71678.87,0.2521446645259857,0,0
9750.612916630196,71476.98,0.25506913661956787,0,0
9750.612916630196,71675.12,0.2672010362148285,0,0
9750.612916630196,72071.95,0.3014131784439087,0,0
9750.612916630196,71600.01,0.3433559834957123,0,0
9750.612916630196,70912.88,0.3375597298145294,0,1
9750.612916630196,71310.0,0.30269497632980347,0,0
9750.612916630196,71602.1,0.301633358001709,0,0
9750.612916630196,71888.19,0.30138012766838074,0,0
9750.612916630196,71099.63,0.2843562066555023,0,0
9750.612916630196,71318.48,0.26182591915130615,0,0
9750.612916630196,71372.93,0.22108279168605804,0,0
9750.612916630196,71551.39,0.24724081158638,0,0
9750.612916630196,71064.84,0.2863902151584625,0,0
9750.612916630196,71069.93,0.2692705988883972,0,0
9750.612916630196,70815.5,0.30802789330482483,0,0
9750.612916630196,70928.89,0.2862485349178314,0,0
9750.612916630196,71060.64,0.26890698075294495,0,0
9750.612916630196,70992.39,0.2575056254863739,0,1
9750.612916630196,70782.0,0.2427881360054016,0,1
9750.612916630196,70984.0,0.28036171197891235,0,0
9750.612916630196,71031.84,0.2536303699016571,0,0
9750.612916630196,70982.01,0.21092356741428375,0,0
9750.612916630196,71249.51,0.29620903730392456,0,0
9750.612916630196,71534.68,0.27626439929008484,0,1
9750.612916630196,71276.45,0.2412882000207901,0,1
9750.612916630196,71150.17,0.2549089193344116,0,1
9750.612916630196,71279.63,0.2499963641166687,0,1
9750.612916630196,70801.98,0.31492841243743896,0,1
9750.612916630196,71123.71,0.291961669921875,0,1
9750.612916630196,72141.99,0.3141583502292633,0,0
9750.612916630196,72080.87,0.2966616749763489,0,0
9750.612916630196,72347.49,0.28190475702285767,0,0
9750.612916630196,71888.69,0.2782022953033447,0,0
9750.612916630196,72096.32,0.26336532831192017,0,0
9750.612916630196,72413.97,0.26131486892700195,0,0
9750.612916630196,72264.95,0.27067574858665466,0,0
9750.612916630196,71946.01,0.3143213987350464,0,0
9750.612916630196,71787.97,0.2920284867286682,0,0
9750.612916630196,71963.03,0.27579265832901,0,0
9750.612916630196,72157.93,0.27071014046669006,0,0
9750.612916630196,71965.36,0.2626974284648895,0,0
9750.612916630196,71868.67,0.2325802594423294,0,0
9750.612916630196,72117.29,0.2587624490261078,0,0
9750.612916630196,72127.84,0.2326624095439911,0,0
9750.612916630196,71805.38,0.25860461592674255,0,1
9750.612916630196,71481.85,0.2680739164352417,0,1
9750.612916630196,71606.07,0.2571585178375244,0,1
9750.612916630196,71787.41,0.23705385625362396,0,1
9750.612916630196,71910.09,0.22877639532089233,0,1
9750.612916630196,72127.59,0.24735623598098755,0,1
9750.612916630196,72258.68,0.2684747576713562,0,1
9750.612916630196,72321.4,0.2713209092617035,0,1
9750.612916630196,72909.0,0.30573785305023193,0,1
9750.612916630196,72460.51,0.29118117690086365,0,1
9750.612916630196,72992.33,0.28204914927482605,0,0
9750.612916630196,73121.66,0.24735623598098755,0,0
9750.612916630196,73107.07,0.26768964529037476,0,0
9750.612916630196,73236.11,0.2559966742992401,0,0
9750.612916630196,73361.68,0.2586246132850647,0,0
9750.612916630196,73190.67,0.25809159874916077,0,0
9750.612916630196,72877.0,0.27374088764190674,0,0
9750.612916630196,72962.7,0.23269839584827423,0,0
9750.612916630196,72828.42,0.22462119162082672,0,0
9750.612916630196,72954.39,0.23864340782165527,0,0
9750.612916630196,72966.57,0.2207251489162445,0,0
9750.612916630196,72866.63,0.2057613730430603,0,0
9750.612916630196,72806.08,0.2344180792570114,0,0
9750.612916630196,72722.28,0.18571814894676208,0,0
9750.612916630196,72762.0,0.20507629215717316,0,0
9750.612916630196,72745.38,0.18690818548202515,0,0
9750.612916630196,72664.17,0.18571814894676208,0,0
9750.612916630196,72907.11,0.23664122819900513,0,0
9750.612916630196,72843.71,0.1832129806280136,0,0
9750.612916630196,72907.05,0.18277056515216827,0,0
9750.612916630196,72940.49,0.18764455616474152,0,1
9750.612916630196,72658.07,0.26109936833381653,0,1
9750.612916630196,72704.67,0.18633419275283813,0,1
9750.612916630196,72858.17,0.19800405204296112,0,1
9750.612916630196,73034.33,0.23407962918281555,0,0
9750.612916630196,73095.97,0.21561050415039062,0,0
9750.612916630196,73547.89,0.2704826891422272,0,0
9750.612916630196,73687.15,0.25890472531318665,0,0
9750.612916630196,73290.43,0.2596106231212616,0,0
9750.612916630196,73427.04,0.24836848676204681,0,0
9750.612916630196,73376.01,0.2509445250034332,0,0
9750.612916630196,73043.16,0.2584608495235443,0,0
9750.612916630196,73079.96,0.23171736299991608,0,0
9750.612916630196,71643.69,0.38853538036346436,0,0
9750.612916630196,71761.35,0.37612804770469666,0,0
9750.612916630196,71593.19,0.28657636046409607,0,0
9750.612916630196,71466.53,0.2602768838405609,0,0
9750.612916630196,71710.2,0.29028305411338806,0,0
9750.612916630196,71668.01,0.1797492653131485,0,0
9750.612916630196,71665.0,0.19714170694351196,0,0
9750.612916630196,71629.21,0.2384777069091797,0,0
9750.612916630196,71531.94,0.19714170694351196,0,0
9750.612916630196,71452.89,0.2652318477630615,0,0
9750.612916630196,71468.55,0.203364297747612,0,0
9750.612916630196,71084.01,0.33876508474349976,0,0
9750.612916630196,70889.42,0.2846953272819519,0,0
9750.612916630196,70748.34,0.3129793703556061,0,1
9750.612916630196,70892.03,0.2895139455795288,0,1
9750.612916630196,70936.27,0.21141237020492554,0,0
9750.612916630196,71140.51,0.27686527371406555,0,0
9750.612916630196,71137.64,0.2073562741279602,0,0
9750.612916630196,71084.18,0.19177766144275665,0,0
9750.612916630196,71335.43,0.3387765884399414,0,0
9750.612916630196,71364.02,0.23201848566532135,0,0
9750.612916630196,70912.73,0.34532564878463745,0,0
9750.612916630196,70740.98,0.25518807768821716,0,0
9750.612916630196,71172.62,0.34873712062835693,0,0
9750.612916630196,71197.64,0.24603255093097687,0,0
9750.612916630196,71073.14,0.2513728141784668,0,0
9750.612916630196,70976.0,0.24320298433303833,0,0
9750.612916630196,70890.3,0.26057642698287964,0,0
9750.612916630196,70878.82,0.24775895476341248,0,0
9750.612916630196,71017.66,0.21720832586288452,0,0
9750.612916630196,70813.88,0.23470790684223175,0,1
9750.612916630196,70680.7,0.21724243462085724,0,1
9750.612916630196,70792.88,0.20221184194087982,0,1
9750.612916630196,70755.88,0.17300908267498016,0,1
9750.612916630196,70929.68,0.21379880607128143,0,1
9750.612916630196,71074.91,0.2522905170917511,0,1
9750.612916630196,71662.65,0.29678136110305786,0,1
9750.612916630196,72400.15,0.3168409466743469,0,1
9750.612916630196,71866.59,0.3163510859012604,0,1
9750.612916630196,72202.36,0.30778807401657104,0,1
9750.612916630196,72148.87,0.28592395782470703,0,1
9750.612916630196,72424.86,0.2805485725402832,0,1
9750.612916630196,73322.82,0.3343527019023895,0,1
9750.612916630196,73149.36,0.2789575457572937,0,1
9750.612916630196,73179.71,0.2471238076686859,0,1
9750.612916630196,74627.04,0.33741745352745056,0,0
9750.612916630196,74417.99,0.31718793511390686,0,0
9750.612916630196,74163.82,0.2897646129131317,0,0
9750.612916630196,74386.02,0.3242485225200653,0,0
9750.612916630196,74330.98,0.26784974336624146,0,1
9750.612916630196,74444.43,0.2618657052516937,0,0
9750.612916630196,74387.85,0.2019241750240326,0,0
9750.612916630196,74210.11,0.2629964053630829,0,0
9750.612916630196,74522.73,0.27147942781448364,0,0
9750.612916630196,74546.0,0.31154295802116394,0,1
9750.612916630196,74750.0,0.31406402587890625,0,0
9750.612916630196,74500.0,0.2671991288661957,0,1
9750.612916630196,74350.01,0.24673938751220703,0,0
9750.612916630196,74376.52,0.18660840392112732,0,1
9750.612916630196,74452.0,0.21583503484725952,0,0
9750.612916630196,75525.94,0.33779752254486084,0,0
9750.612916630196,75013.62,0.3436931371688843,0,0
9750.612916630196,75317.07,0.31425029039382935,0,0
9750.612916630196,74652.2,0.3368186950683594,0,0
9750.612916630196,74748.9,0.312531977891922,0,0
9750.612916630196,74093.19,0.3044614791870117,0,1
9750.612916630196,74223.18,0.28158363699913025,0,1
9750.612916630196,74102.29,0.277774453163147,0,0
9750.612916630196,74277.15,0.2693433165550232,0,0
9750.612916630196,74023.15,0.299074649810791,0,0
9750.612916630196,74131.55,0.21964100003242493,0,0
9750.612916630196,74568.36,0.2666299045085907,0,0
9750.612916630196,74613.28,0.2627177834510803,0,0
9750.612916630196,74322.0,0.27399131655693054,0,0
9750.612916630196,74345.97,0.22541537880897522,0,0
9750.612916630196,74340.38,0.238749697804451,0,0
9750.612916630196,74021.5,0.2906191349029541,0,0
9750.612916630196,73891.62,0.2253451943397522,0,1
9750.612916630196,73730.43,0.3388800323009491,0,0
9750.612916630196,74110.51,0.32338157296180725,0,0
9750.612916630196,74011.69,0.2178569734096527,0,0
9750.612916630196,73864.75,0.30443963408470154,0,0
9750.612916630196,74201.78,0.28101596236228943,0,0
9750.612916630196,74273.77,0.29532894492149353,0,0
9750.612916630196,74063.92,0.3722473680973053,0,1
9750.612916630196,74151.81,0.35766494274139404,0,1
9750.612916630196,73844.08,0.38951683044433594,0,1
9750.612916630196,73941.09,0.30451372265815735,0,1
9750.612916630196,74134.95,0.2878730893135071,0,1
9750.612916630196,74390.29,0.25643640756607056,0,1
9750.612916630196,75002.6,0.31358611583709717,0,0
9750.612916630196,74841.68,0.28342488408088684,0,0
9750.612916630196,74743.1,0.24275711178779602,0,0
9750.612916630196,74964.0,0.2845183312892914,0,0
9750.612916630196,74809.99,0.25643640756607056,0,0
9750.612916630196,74815.1,0.28075605630874634,0,0
9750.612916630196,74657.66,0.23982951045036316,0,0
9750.612916630196,74887.24,0.2944434881210327,0,0
9750.612916630196,74888.21,0.25035032629966736,0,0
9750.612916630196,74944.15,0.2816482484340668,0,0
9750.612916630196,75043.48,0.22645816206932068,0,0
9750.612916630196,75045.01,0.24201232194900513,0,0
9750.612916630196,74707.03,0.2808126211166382,0,0
9750.612916630196,74677.91,0.22271813452243805,0,0
9750.612916630196,74594.02,0.23562173545360565,0,0
9750.612916630196,74313.0,0.2554153501987457,0,0
9750.612916630196,74574.79,0.260410338640213,0,0
9750.612916630196,74624.0,0.2440698891878128,0,1
9750.612916630196,73788.03,0.3392711877822876,0,1
9750.612916630196,73973.33,0.3241235911846161,0,1
9750.612916630196,74697.19,0.31156042218208313,0,0
9750.612916630196,74175.57,0.3001198172569275,0,1
9750.612916630196,74343.25,0.2846515476703644,0,1
9750.612916630196,75026.71,0.2846405804157257,0,0
9750.612916630196,75342.99,0.2822352647781372,0,0
9750.612916630196,75223.47,0.27040550112724304,0,0
9750.612916630196,74934.24,0.2672525942325592,0,0
9750.612916630196,74867.92,0.25835081934928894,0,0
9750.612916630196,75154.29,0.2426779568195343,0,0
9750.612916630196,74944.98,0.23348084092140198,0,0
9750.612916630196,74750.0,0.2621467113494873,0,0
9750.612916630196,74700.0,0.22526894509792328,0,1
9750.612916630196,74615.82,0.25972920656204224,0,1
9750.612916630196,74791.39,0.25099387764930725,0,1
9750.612916630196,74637.77,0.22377894818782806,0,1
9750.612916630196,74938.52,0.2691074311733246,0,1
9750.612916630196,75074.77,0.2060924619436264,0,1
9750.612916630196,75780.38,0.3020758032798767,0,1
9750.612916630196,75779.99,0.3020758032798767,0,1
9750.612916630196,75278.77,0.31364697217941284,0,1
9750.612916630196,75589.7,0.2628360688686371,0,1
9750.612916630196,76233.05,0.30279335379600525,0,1
9750.612916630196,77340.12,0.33586740493774414,0,0
9750.612916630196,77886.77,0.32020998001098633,0,0
9750.612916630196,77785.02,0.2947729229927063,0,0
9750.612916630196,77857.14,0.29568326473236084,0,0
9750.612916630196,77520.59,0.2957265377044678,0,0
9750.612916630196,77159.89,0.276737779378891,0,0
9750.612916630196,77393.58,0.2830802798271179,0,0
9750.612916630196,77337.64,0.2852543890476227,0,0
9750.612916630196,77445.73,0.21340875327587128,0,0
9750.612916630196,77301.25,0.2115054726600647,0,0
9750.612916630196,77072.0,0.2585749328136444,0,0
9750.612916630196,77168.0,0.2129361629486084,0,0
9750.612916630196,77218.07,0.21536599099636078,0,0
9750.612916630196,77292.52,0.2339085191488266,0,0
9750.612916630196,77005.47,0.2339085191488266,0,0
9750.612916630196,77100.74,0.21681560575962067,0,0
9750.612916630196,77134.66,0.2093980461359024,0,0
9750.612916630196,77136.01,0.19113822281360626,0,0
9750.612916630196,76997.8,0.20675769448280334,0,0
9750.612916630196,76738.63,0.28521549701690674,0,0
9750.612916630196,76599.89,0.24779464304447174,0,0
9750.612916630196,76189.56,0.2577342987060547,0,0
9750.612916630196,76039.05,0.2459985613822937,0,0
9750.612916630196,76206.97,0.23236365616321564,0,0
9750.612916630196,76122.87,0.25104403495788574,0,0
9750.612916630196,76249.99,0.219954252243042,0,0
9750.612916630196,76167.34,0.21948003768920898,0,0
9750.612916630196,75943.35,0.3045574724674225,0,0
9750.612916630196,75828.51,0.21087101101875305,0,0
9750.612916630196,75651.78,0.24377740919589996,0,0
9750.612916630196,75649.85,0.20414237678050995,0,0
9750.612916630196,75754.78,0.21255508065223694,0,0
9750.612916630196,75821.34,0.19724306464195251,0,0
9750.612916630196,75813.53,0.20423617959022522,0,0
9750.612916630196,75691.76,0.1961006075143814,0,0
9750.612916630196,75693.01,0.2066577821969986,0,0
9750.612916630196,75621.95,0.21368341147899628,0,0
9750.612916630196,75496.0,0.1996484100818634,0,0
9750.612916630196,75515.77,0.1974937915802002,0,0
9750.612916630196,75664.62,0.21368341147899628,0,0
9750.612916630196,75545.6,0.17714829742908478,0,0
9750.612916630196,75400.09,0.19731241464614868,0,0
9750.612916630196,75252.34,0.30521976947784424,0,1
9750.612916630196,75257.6,0.21500667929649353,0,1
9750.612916630196,75015.0,0.23091019690036774,0,1
9750.612916630196,75222.45,0.20638805627822876,0,0
9750.612916630196,75604.11,0.25080451369285583,0,0
9750.612916630196,75571.6,0.22194983065128326,0,0
9750.612916630196,75921.75,0.2497575879096985,0,0
9750.612916630196,76024.01,0.2437548041343689,0,0
9750.612916630196,75846.63,0.2479914426803589,0,0
9750.612916630196,75382.86,0.30766743421554565,0,0
9750.612916630196,74791.26,0.37827369570732117,0,0
9750.612916630196,74770.11,0.2694683372974396,0,0
9750.612916630196,74965.47,0.2505916953086853,0,0
9750.612916630196,74630.0,0.3464038372039795,0,0
9750.612916630196,74425.15,0.3172995448112488,0,0
9750.612916630196,74047.34,0.39934054017066956,0,1
9750.612916630196,73801.79,0.24653123319149017,0,1
9750.612916630196,74280.01,0.3902490437030792,0,1
9750.612916630196,74595.13,0.37444359064102173,0,0
9750.612916630196,74410.01,0.3091891407966614,0,0
9750.612916630196,74634.0,0.24745722115039825,0,1
9750.612916630196,74567.64,0.21230992674827576,0,1
9750.612916630196,74264.15,0.3049687445163727,0,1
9750.612916630196,74786.59,0.3163634240627289,0,1
9750.612916630196,74837.17,0.363943874835968,0,1
9750.612916630196,74728.91,0.2904956638813019,0,0
9750.612916630196,75062.77,0.27857279777526855,0,1
9750.612916630196,75027.26,0.2852739691734314,0,0
9750.612916630196,75192.71,0.28474339842796326,0,1
9750.612916630196,75289.9,0.31360408663749695,0,1
9750.612916630196,75269.38,0.3481557369232178,0,1
9750.612916630196,75034.79,0.3697707951068878,0,1
9750.612916630196,75716.77,0.327534019947052,0,0
9750.612916630196,75338.74,0.3061278760433197,0,1
9750.612916630196,75898.14,0.2948499321937561,0,0
9750.612916630196,76423.69,0.30842915177345276,0,0
9750.612916630196,76296.96,0.2743507921695709,0,0
9750.612916630196,76276.17,0.2869585454463959,0,0
9750.612916630196,75954.71,0.28383344411849976,0,0
9750.612916630196,75974.24,0.1987176090478897,0,0
9750.612916630196,75840.97,0.2474191039800644,0,0
9750.612916630196,76092.45,0.25643640756607056,0,0
9750.612916630196,75927.59,0.25406205654144287,0,0
9750.612916630196,75581.33,0.25048232078552246,0,1
9750.612916630196,75710.3,0.21378818154335022,0,1
9750.612916630196,75813.81,0.19667686522006989,0,1
9750.612916630196,75802.0,0.2112891972064972,0,1
9750.612916630196,75974.11,0.2594873607158661,0,0
9750.612916630196,76084.34,0.27419406175613403,0,0
9750.612916630196,76507.21,0.2953914999961853,0,0
9750.612916630196,76362.77,0.26932376623153687,0,0
9750.612916630196,76746.41,0.27372193336486816,0,0
9750.612916630196,76452.94,0.2663347125053406,0,0
9750.612916630196,76009.46,0.3138830363750458,0,0
9750.612916630196,75899.98,0.27819591760635376,0,0
9750.612916630196,75675.05,0.3212689161300659,0,0
9750.612916630196,75834.65,0.28576990962028503,0,0
9750.612916630196,75781.18,0.2700512111186981,0,0
9750.612916630196,75545.62,0.3180375397205353,0,1
9750.612916630196,75610.21,0.2828349471092224,0,1
9750.612916630196,75023.43,0.40694934129714966,0,1
9750.612916630196,75698.51,0.3691045641899109,0,1
9750.612916630196,75549.99,0.26708272099494934,0,1
9750.612916630196,75650.04,0.2730805277824402,0,1
9750.612916630196,76336.15,0.2833327353000641,0,1
9750.612916630196,76370.45,0.2510192394256592,0,1
9750.612916630196,76297.99,0.24947188794612885,0,1
9750.612916630196,77604.71,0.33664074540138245,0,1
9750.612916630196,77521.48,0.2795843183994293,0,1
9750.612916630196,77523.0,0.29243290424346924,0,1
9750.612916630196,77994.93,0.33166563510894775,0,0
9750.612916630196,78010.72,0.2584363520145416,0,0
9750.612916630196,78012.79,0.27224868535995483,0,1
9750.612916630196,78010.92,0.26444366574287415,0,1
9750.612916630196,78001.95,0.2247234284877777,0,1
9750.612916630196,78157.41,0.2482161521911621,0,1
9750.612916630196,78300.0,0.2693958282470703,0,1
9750.612916630196,78236.05,0.2777568995952606,0,1
9750.612916630196,78840.94,0.3050396144390106,0,0
9750.612916630196,79045.75,0.32434120774269104,0,0
9750.612916630196,79272.9,0.30797213315963745,0,0
9750.612916630196,78743.59,0.28510263562202454,0,0
9750.612916630196,78900.0,0.2597547173500061,0,0
9750.612916630196,79022.39,0.22981296479701996,0,0
9750.612916630196,78846.62,0.2604508101940155,0,0
9750.612916630196,78436.68,0.2661977708339691,0,0
9750.612916630196,78762.69,0.237342968583107,0,0
9750.612916630196,78607.95,0.22799333930015564,0,0
9750.612916630196,78178.23,0.2683892846107483,0,0
9750.612916630196,78424.29,0.296823114156723,0,0
9750.612916630196,78359.23,0.2523356080055237,0,0
9750.612916630196,77939.92,0.2705186903476715,0,0
9750.612916630196,77746.46,0.2730535566806793,0,0
9750.612916630196,77920.09,0.20996350049972534,0,0
9750.612916630196,78033.87,0.25281739234924316,0,0
9750.612916630196,78211.43,0.2450605183839798,0,0
9750.612916630196,78048.62,0.21378818154335022,0,0
9750.612916630196,77858.35,0.2911003828048706,0,0
9750.612916630196,77655.34,0.2758745849132538,0,1
9750.612916630196,77403.63,0.33989107608795166,0,1
9750.612916630196,77704.62,0.2828349471092224,0,0
9750.612916630196,77870.53,0.2569175362586975,0,0
9750.612916630196,77532.23,0.3678220808506012,0,0
9750.612916630196,78180.77,0.3586796522140503,0,0
9750.612916630196,78376.76,0.3586796522140503,0,0
9750.612916630196,78103.72,0.32288312911987305,0,0
9750.612916630196,77769.21,0.3843982517719269,0,1
9750.612916630196,77678.65,0.34650948643684387,0,1
9750.612916630196,77727.26,0.2858167290687561,0,1
9750.612916630196,77886.97,0.27908894419670105,0,0
9750.612916630196,77864.83,0.22078222036361694,0,0
9750.612916630196,78235.3,0.2709040641784668,0,0
9750.612916630196,78257.48,0.20290285348892212,0,0
9750.612916630196,78417.22,0.2582224905490875,0,0
9750.612916630196,78429.73,0.2728578746318817,0,0
9750.612916630196,78125.65,0.2746002674102783,0,0
9750.612916630196,77737.85,0.3196880519390106,0,0
9750.612916630196,77670.0,0.28745684027671814,0,0
9750.612916630196,77953.48,0.29239916801452637,0,0
9750.612916630196,77789.75,0.2277689427137375,0,1
9750.612916630196,77644.6,0.26944610476493835,0,1
9750.612916630196,77785.71,0.2730148136615753,0,0
9750.612916630196,77527.69,0.254567414522171,0,1
9750.612916630196,77752.36,0.2434670627117157,0,0
9750.612916630196,78240.26,0.2796563506126404,0,0
9750.612916630196,78275.66,0.2482292652130127,0,0
9750.612916630196,78093.79,0.27230432629585266,0,0
9750.612916630196,78037.64,0.2622940242290497,0,0
9750.612916630196,78038.62,0.30659642815589905,0,0
9750.612916630196,77777.28,0.3010849356651306,0,0
9750.612916630196,77681.71,0.28153184056282043,0,0
9750.612916630196,77618.24,0.24582445621490479,0,0
9750.612916630196,77628.85,0.20657293498516083,0,0
9750.612916630196,77718.31,0.2226550132036209,0,0
9750.612916630196,77536.48,0.2074076235294342,0,0
9750.612916630196,77328.91,0.2454589307308197,0,0
9750.612916630196,77437.13,0.1643812656402588,0,0
9750.612916630196,77456.88,0.20268678665161133,0,0
9750.612916630196,77541.63,0.18860043585300446,0,0
9750.612916630196,77607.8,0.16996139287948608,0,0
9750.612916630196,77679.07,0.16599954664707184,0,0
9750.612916630196,77619.05,0.1519247442483902,0,0
9750.612916630196,77510.28,0.15470175445079803,0,0
9750.612916630196,77503.63,0.1519247442483902,0,0
9750.612916630196,77501.19,0.15576127171516418,0,0
9750.612916630196,77643.37,0.15024931728839874,0,0
9750.612916630196,77714.55,0.1592036634683609,0,0
9750.612916630196,77787.77,0.15487580001354218,0,0
9750.612916630196,77682.3,0.17271688580513,0,0
9750.612916630196,77557.14,0.1604747176170349,0,0
9750.612916630196,77691.69,0.17660202085971832,0,0
9750.612916630196,77656.75,0.19812655448913574,0,0
9750.612916630196,77330.26,0.21402820944786072,0,0
9750.612916630196,77397.27,0.1628405898809433,0,0
9750.612916630196,77245.77,0.1937270611524582,0,0
9750.612916630196,77313.0,0.19657287001609802,0,0
9750.612916630196,77330.01,0.19657287001609802,0,0
9750.612916630196,77479.13,0.19003064930438995,0,0
9750.612916630196,77525.84,0.1934690922498703,0,0
9750.612916630196,77557.01,0.18066348135471344,0,0
9750.612916630196,77625.0,0.18674048781394958,0,0
9750.612916630196,77502.4,0.17875857651233673,0,1
9750.612916630196,77461.16,0.19139209389686584,0,1
9750.612916630196,77512.67,0.1731068193912506,0,1
9750.612916630196,77400.21,0.16821745038032532,0,1
9750.612916630196,77774.29,0.19498002529144287,0,0
9750.612916630196,77983.31,0.2107103019952774,0,0
9750.612916630196,77999.04,0.19483910501003265,0,0
9750.612916630196,78102.53,0.2043023705482483,0,0
9750.612916630196,78032.59,0.20254459977149963,0,0
9750.612916630196,77999.99,0.19758883118629456,0,0
9750.612916630196,78002.43,0.21321488916873932,0,0
9750.612916630196,78101.44,0.1958431601524353,0,0
9750.612916630196,77833.08,0.19741655886173248,0,1
9750.612916630196,77977.79,0.18838965892791748,0,0
9750.612916630196,78095.66,0.20702438056468964,0,0
9750.612916630196,78049.0,0.18487103283405304,0,0
9750.612916630196,77919.43,0.18338045477867126,0,1
9750.612916630196,78018.57,0.18838965892791748,0,1
9750.612916630196,78283.96,0.2116391658782959,0,1
9750.612916630196,78221.16,0.2325299233198166,0,1
9750.612916630196,78194.22,0.2127556949853897,0,1
9750.612916630196,78417.41,0.2537607252597809,0,1
9750.612916630196,78313.52,0.22865326702594757,0,1
9750.612916630196,78657.55,0.22794441878795624,0,0
9750.612916630196,79308.6,0.2698473036289215,0,0
9750.612916630196,79283.66,0.2626335024833679,0,0
9750.612916630196,79130.01,0.22378288209438324,0,0
9750.612916630196,79105.49,0.22378288209438324,0,0
9750.612916630196,78924.22,0.22527290880680084,0,0
9750.612916630196,77785.54,0.33712005615234375,0,0
9750.612916630196,77700.12,0.2830016314983368,0,0
9750.612916630196,77606.6,0.2066730409860611,0,0
9750.612916630196,77804.34,0.22503849864006042,0,0
9750.612916630196,77900.01,0.22935731709003448,0,0
9750.612916630196,77850.01,0.18266333639621735,0,0
9750.612916630196,77844.26,0.17189912497997284,0,0
9750.612916630196,77667.36,0.21927562355995178,0,0
9750.612916630196,77746.74,0.2661017179489136,0,0
9750.612916630196,77815.25,0.2630716860294342,0,0
9750.612916630196,76793.09,0.3780536353588104,0,0
9750.612916630196,76618.59,0.28475022315979004,0,1
9750.612916630196,76743.24,0.2777167558670044,0,1
9750.612916630196,76834.06,0.2127862125635147,0,1
9750.612916630196,76878.07,0.2981055676937103,0,0
9750.612916630196,76960.43,0.20798183977603912,0,0
9750.612916630196,76786.81,0.20669175684452057,0,0
9750.612916630196,77066.42,0.2525958716869354,0,0
9750.612916630196,77371.32,0.295280396938324,0,0
9750.612916630196,77379.62,0.24895545840263367,0,0
9750.612916630196,77084.68,0.2502116560935974,0,0
9750.612916630196,76890.93,0.3189479410648346,0,0
9750.612916630196,76815.18,0.21752937138080597,0,0
9750.612916630196,76888.08,0.2196628451347351,0,0
9750.612916630196,76885.98,0.2581077516078949,0,0
9750.612916630196,76720.0,0.29854896664619446,0,0
9750.612916630196,76879.28,0.32411983609199524,0,0
9750.612916630196,76858.59,0.22416476905345917,0,0
9750.612916630196,76598.0,0.2524842321872711,0,0
9750.612916630196,76618.35,0.1881067454814911,0,0
9750.612916630196,76229.0,0.32938194274902344,0,0
9750.612916630196,76372.05,0.22672653198242188,0,0
9750.612916630196,76189.84,0.2937239110469818,0,0
9750.612916630196,75949.99,0.31863105297088623,0,1
9750.612916630196,76066.38,0.22672653198242188,0,0
9750.612916630196,76125.04,0.21368394792079926,0,0
9750.612916630196,76187.3,0.21167223155498505,0,0
9750.612916630196,76242.18,0.18821093440055847,0,0
9750.612916630196,76330.97,0.20560136437416077,0,0
9750.612916630196,76463.95,0.1737673431634903,0,0
9750.612916630196,76357.15,0.18895187973976135,0,1
9750.612916630196,76242.17,0.18323539197444916,0,1
9750.612916630196,76342.77,0.16767831146717072,0,1
9750.612916630196,76512.0,0.20596247911453247,0,1
9750.612916630196,76571.0,0.2222048044204712,0,1
9750.612916630196,76531.29,0.19342398643493652,0,1
9750.612916630196,76994.78,0.2255251258611679,0,1
9750.612916630196,77269.76,0.23834818601608276,0,0
9750.612916630196,77288.38,0.20543213188648224,0,0
9750.612916630196,77031.06,0.2242371141910553,0,0
9750.612916630196,77053.64,0.1816980093717575,0,0
9750.612916630196,77046.32,0.19558453559875488,0,0
9750.612916630196,77642.0,0.25994089245796204,0,0
9750.612916630196,77619.61,0.22569431364536285,0,0
9750.612916630196,77590.03,0.23356418311595917,0,0
9750.612916630196,77143.68,0.2800573706626892,0,0
9750.612916630196,76783.43,0.27543938159942627,0,0
9750.612916630196,76570.0,0.2637123763561249,0,0
9750.612916630196,75924.25,0.32141146063804626,0,0
9750.612916630196,75803.54,0.2943190932273865,0,0
9750.612916630196,76184.01,0.2401772141456604,0,0
9750.612916630196,75513.91,0.33890196681022644,0,1
9750.612916630196,75563.86,0.28156277537345886,0,1
9750.612916630196,75676.79,0.28803426027297974,0,0
9750.612916630196,75933.93,0.28819137811660767,0,0
9750.612916630196,75927.38,0.23673740029335022,0,0
9750.612916630196,75780.0,0.24951575696468353,0,0
9750.612916630196,76248.74,0.29726868867874146,0,0
9750.612916630196,76232.8,0.2625623047351837,0,0
9750.612916630196,75704.74,0.333284854888916,0,0
9750.612916630196,75928.1,0.2730606496334076,0,0
9750.612916630196,75497.0,0.3509715795516968,0,1
9750.612916630196,75600.09,0.31055793166160583,0,1
9750.612916630196,75753.53,0.27337872982025146,0,1
9750.612916630196,76161.67,0.3034707307815552,0,0
9750.612916630196,76058.17,0.22324492037296295,0,0
9750.612916630196,76097.19,0.26399728655815125,0,0
9750.612916630196,76028.66,0.21518132090568542,0,0
9750.612916630196,76059.43,0.2498629242181778,0,0
9750.612916630196,76308.48,0.2899318337440491,0,0
9750.612916630196,76420.44,0.2668161392211914,0,0
9750.612916630196,76301.24,0.2635501027107239,0,0
9750.612916630196,76473.6,0.25583577156066895,0,0
9750.612916630196,76261.03,0.1964862197637558,0,0
9750.612916630196,76250.01,0.21222172677516937,0,0
9750.612916630196,76350.0,0.19784079492092133,0,0
9750.612916630196,76412.8,0.21503742039203644,0,0
9750.612916630196,76492.46,0.21222172677516937,0,0
9750.612916630196,76241.78,0.21918326616287231,0,1
9750.612916630196,76237.06,0.18566708266735077,0,1
9750.612916630196,76346.57,0.1718050092458725,0,1
9750.612916630196,76458.05,0.20875459909439087,0,1
9750.612916630196,76686.13,0.18646609783172607,0,1
9750.612916630196,76592.54,0.15922115743160248,0,1
9750.612916630196,77131.08,0.25288668274879456,0,0
9750.612916630196,77042.44,0.24376769363880157,0,0
9750.612916630196,77165.98,0.20996282994747162,0,0
9750.612916630196,76993.48,0.21575473248958588,0,1
9750.612916630196,77130.54,0.2097497284412384,0,1
9750.612916630196,77377.47,0.2354031205177307,0,1
9750.612916630196,77268.55,0.2078912854194641,0,1
9750.612916630196,77304.34,0.21305297315120697,0,1
9750.612916630196,77463.98,0.22020742297172546,0,1
9750.612916630196,77896.01,0.2572386562824249,0,1
9750.612916630196,78737.25,0.3093024492263794,0,0
9750.612916630196,78358.75,0.30201730132102966,0,0
9750.612916630196,78445.89,0.296809583902359,0,0
9750.612916630196,78214.36,0.2775143086910248,0,0
9750.612916630196,78552.94,0.2533377408981323,0,0
9750.612916630196,78423.9,0.21083560585975647,0,0
9750.612916630196,78360.0,0.21546289324760437,0,0
9750.612916630196,77880.18,0.2843370735645294,0,1
9750.612916630196,78199.99,0.24136961996555328,0,0
9750.612916630196,78153.38,0.1995479315519333,0,0
9750.612916630196,78231.13,0.19276629388332367,0,0
9750.612916630196,78341.75,0.19556282460689545,0,0
9750.612916630196,78355.0,0.19539029896259308,0,0
9750.612916630196,78353.93,0.19920587539672852,0,0
9750.612916630196,78400.0,0.19422480463981628,0,0
9750.612916630196,78175.5,0.23562173545360565,0,0
9750.612916630196,78174.0,0.2086179554462433,0,0
9750.612916630196,78327.8,0.20585758984088898,0,0
9750.612916630196,78220.0,0.15075913071632385,0,0
9750.612916630196,78315.37,0.16627295315265656,0,0
9750.612916630196,78293.57,0.16921798884868622,0,0
9750.612916630196,78249.3,0.16257445514202118,0,0
9750.612916630196,78143.08,0.15625588595867157,0,0
9750.612916630196,78211.24,0.15447919070720673,0,0
9750.612916630196,78367.06,0.1764126420021057,0,0
9750.612916630196,78423.98,0.16996601223945618,0,0
9750.612916630196,78487.67,0.1707358956336975,0,0
9750.612916630196,78455.02,0.16915717720985413,0,0
9750.612916630196,78398.02,0.20256105065345764,0,0
9750.612916630196,78466.62,0.18783222138881683,0,0
9750.612916630196,78486.0,0.20170140266418457,0,0
9750.612916630196,78451.38,0.20223882794380188,0,0
9750.612916630196,78719.78,0.21745674312114716,0,0
9750.612916630196,78832.98,0.1759452372789383,0,0
9750.612916630196,78686.85,0.16853094100952148,0,0
9750.612916630196,78542.32,0.1596846729516983,0,0
9750.612916630196,78240.83,0.18635758757591248,0,0
9750.612916630196,78171.85,0.17785127460956573,0,0
9750.612916630196,78203.08,0.19461502134799957,0,0
9750.612916630196,78163.19,0.1891123503446579,0,0
9750.612916630196,78249.42,0.1737346649169922,0,1
9750.612916630196,78288.3,0.17466804385185242,0,1
9750.612916630196,78363.25,0.16353130340576172,0,0
9750.612916630196,78387.86,0.17924560606479645,0,0
9750.612916630196,78529.57,0.17718923091888428,0,0
9750.612916630196,78408.01,0.18260137736797333,0,0
9750.612916630196,78656.01,0.22462035715579987,0,0
9750.612916630196,78747.09,0.18599805235862732,0,0
9750.612916630196,78670.01,0.18860574066638947,0,0
9750.612916630196,78741.0,0.16995292901992798,0,0
9750.612916630196,78668.36,0.17874446511268616,0,0
9750.612916630196,78654.0,0.17673668265342712,0,1
9750.612916630196,78725.76,0.19127894937992096,0,0
9750.612916630196,78739.67,0.18579676747322083,0,0
9750.612916630196,78760.32,0.18524014949798584,0,1
9750.612916630196,78915.99,0.23231537640094757,0,1
9750.612916630196,78831.59,0.22314965724945068,0,1
9750.612916630196,79177.29,0.2342788726091385,0,1
9750.612916630196,78568.57,0.23891884088516235,0,1
9750.612916630196,78547.14,0.18489137291908264,0,1
9750.612916630196,79769.43,0.299156129360199,0,0
9750.612916630196,80173.3,0.30076637864112854,0,0
9750.612916630196,80316.31,0.29873865842819214,0,0
9750.612916630196,80332.06,0.2690771520137787,0,0
9750.612916630196,80027.26,0.26299071311950684,0,0
9750.612916630196,79877.9,0.28287404775619507,0,0
9750.612916630196,79696.75,0.21754823625087738,0,0
9750.612916630196,79708.3,0.21968185901641846,0,1
9750.612916630196,79838.48,0.22115233540534973,0,0
9750.612916630196,78940.26,0.32730183005332947,0,1
9750.612916630196,78793.67,0.2571585178375244,0,1
9750.612916630196,78857.18,0.24779684841632843,0,1
9750.612916630196,78790.0,0.26762092113494873,0,1
9750.612916630196,80216.16,0.3344510793685913,0,0
9750.612916630196,80028.85,0.3407203257083893,0,0
9750.612916630196,80025.03,0.3147629201412201,0,0
9750.612916630196,80390.81,0.3148474097251892,0,0
9750.612916630196,80114.91,0.28972384333610535,0,0
9750.612916630196,80053.31,0.2087889313697815,0,0
9750.612916630196,79936.7,0.20236364006996155,0,1
9750.612916630196,80259.17,0.2514430582523346,0,1
9750.612916630196,80067.23,0.23933927714824677,0,1
9750.612916630196,79861.01,0.24651917815208435,0,1
9750.612916630196,80170.66,0.2466367483139038,0,1
9750.612916630196,80352.0,0.24651917815208435,0,1
9750.612916630196,80554.68,0.27412790060043335,0,0
9750.612916630196,80893.08,0.28421130776405334,0,0
9750.612916630196,80902.44,0.23371534049510956,0,0
9750.612916630196,80970.0,0.2828170657157898,0,0
9750.612916630196,80976.0,0.20567598938941956,0,0
9750.612916630196,80855.59,0.2579818367958069,0,1
9750.612916630196,80815.24,0.19280928373336792,0,1
9750.612916630196,80586.02,0.2286713719367981,0,1
9750.612916630196,80823.61,0.2257496863603592,0,1
9750.612916630196,81014.05,0.22856569290161133,0,0
9750.612916630196,81279.41,0.23075410723686218,0,0
9750.612916630196,81330.0,0.23783646523952484,0,0
9750.612916630196,81336.59,0.24376769363880157,0,0
9750.612916630196,81525.19,0.22675544023513794,0,0
9750.612916630196,81285.75,0.23450665175914764,0,0
9750.612916630196,81270.6,0.19939187169075012,0,0
9750.612916630196,81515.0,0.21305297315120697,0,0
9750.612916630196,81606.35,0.21171444654464722,0,0
9750.612916630196,81646.38,0.2151288092136383,0,0
9750.612916630196,81407.11,0.23031185567378998,0,0
9750.612916630196,81111.27,0.24320493638515472,0,0
9750.612916630196,80905.52,0.20984278619289398,0,1
9750.612916630196,81030.01,0.23720704019069672,0,1
9750.612916630196,81439.34,0.2501718997955322,0,0
9750.612916630196,81363.54,0.21371909976005554,0,1
9750.612916630196,81581.69,0.21785514056682587,0,1
9750.612916630196,81331.1,0.22089128196239471,0,1
9750.612916630196,81333.0,0.2013937383890152,0,1
9750.612916630196,81476.71,0.1749744862318039,0,1
9750.612916630196,81359.82,0.19024568796157837,0,0
9750.612916630196,81945.66,0.2667486369609833,0,0
9750.612916630196,81997.0,0.24823571741580963,0,0
9750.612916630196,82290.04,0.26258817315101624,0,0
9750.612916630196,82522.89,0.29318681359291077,0,0
9750.612916630196,82220.47,0.24893371760845184,0,0
9750.612916630196,81670.89,0.2799314260482788,0,0
9750.612916630196,81526.73,0.2944895029067993,0,0
9750.612916630196,81704.25,0.2636483907699585,0,0
9750.612916630196,81630.94,0.2816482484340668,0,0
9750.612916630196,81452.63,0.22016151249408722,0,0
9750.612916630196,81353.14,0.20785605907440186,0,0
9750.612916630196,81464.87,0.22577250003814697,0,0
9750.612916630196,81427.52,0.24749718606472015,0,0
9750.612916630196,81539.16,0.21881672739982605,0,0
9750.612916630196,81342.39,0.21589310467243195,0,0
9750.612916630196,81447.01,0.25360655784606934,0,0
9750.612916630196,81016.96,0.2760196328163147,0,1
9750.612916630196,81167.8,0.26209741830825806,0,0
9750.612916630196,81113.34,0.21522429585456848,0,0
9750.612916630196,80834.91,0.20462742447853088,0,0
9750.612916630196,80979.19,0.20995421707630157,0,0
9750.612916630196,81088.0,0.2061753273010254,0,0
9750.612916630196,81438.61,0.26959770917892456,0,0
9750.612916630196,81518.58,0.24270357191562653,0,0
9750.612916630196,81231.24,0.252486914396286,0,0
9750.612916630196,80929.0,0.2283944934606552,0,0
9750.612916630196,80850.75,0.2308269888162613,0,0
9750.612916630196,80866.65,0.21036919951438904,0,0
9750.612916630196,81162.01,0.219954252243042,0,0
9750.612916630196,80503.68,0.36930012702941895,0,0
9750.612916630196,80171.38,0.36389073729515076,0,0
9750.612916630196,79890.63,0.360948771238327,0,0
9750.612916630196,79801.08,0.27918294072151184,0,0
9750.612916630196,80094.52,0.3436923027038574,0,0
9750.612916630196,80200.59,0.21109870076179504,0,0
9750.612916630196,80146.11,0.20699933171272278,0,0
9750.612916630196,79879.99,0.2962196171283722,0,0
9750.612916630196,79735.01,0.20834915339946747,0,0
9750.612916630196,79919.01,0.2502116560935974,0,0
9750.612916630196,80006.0,0.18640205264091492,0,0
9750.612916630196,79831.99,0.260801762342453,0,0
9750.612916630196,79740.01,0.20535042881965637,0,0
9750.612916630196,79488.46,0.29403531551361084,0,1
9750.612916630196,79578.85,0.29823216795921326,0,0
9750.612916630196,79655.23,0.19388525187969208,0,1
9750.612916630196,79600.01,0.17698316276073456,0,1
9750.612916630196,79525.76,0.22033198177814484,0,1
9750.612916630196,79682.4,0.3105286657810211,0,0
9750.612916630196,79886.01,0.24672254920005798,0,0
9750.612916630196,79872.72,0.1814095675945282,0,0
9750.612916630196,80212.56,0.22098074853420258,0,0
9750.612916630196,80231.22,0.2137123942375183,0,0
9750.612916630196,80025.82,0.2615710198879242,0,0
9750.612916630196,79647.8,0.2649626135826111,0,1
9750.612916630196,80150.97,0.25551944971084595,0,0
9750.612916630196,80142.14,0.2510686218738556,0,0
9750.612916630196,79802.34,0.2459648847579956,0,1
9750.612916630196,80060.0,0.2617204785346985,0,0
9750.612916630196,80078.4,0.20275650918483734,0,0
9750.612916630196,80179.94,0.20074498653411865,0,0
9750.612916630196,80133.09,0.1838274747133255,0,0
9750.612916630196,80263.99,0.16310499608516693,0,0
9750.612916630196,80262.0,0.182093545794487,0,0
9750.612916630196,80193.17,0.18476828932762146,0,0
9750.612916630196,80238.76,0.15167255699634552,0,0
9750.612916630196,80327.75,0.1828117072582245,0,0
9750.612916630196,80417.87,0.14522884786128998,0,0
9750.612916630196,80383.95,0.1601378321647644,0,0
9750.612916630196,80379.9,0.1546507328748703,0,0
9750.612916630196,80379.49,0.14686495065689087,0,0
9750.612916630196,80263.92,0.15575020015239716,0,0
9750.612916630196,80228.89,0.14540185034275055,0,0
9750.612916630196,80407.12,0.1572997272014618,0,0
9750.612916630196,80242.53,0.15169531106948853,0,0
9750.612916630196,80264.02,0.1459755301475525,0,0
9750.612916630196,80345.46,0.1583584100008011,0,1
9750.612916630196,80397.97,0.15496699512004852,0,1
9750.612916630196,80391.18,0.16234077513217926,0,1
9750.612916630196,80332.22,0.14970187842845917,0,1
9750.612916630196,80527.92,0.17609477043151855,0,0
9750.612916630196,80625.01,0.1645037978887558,0,0
9750.612916630196,80812.7,0.1616237610578537,0,0
9750.612916630196,80907.65,0.17407236993312836,0,0
9750.612916630196,80938.53,0.1628107875585556,0,0
9750.612916630196,80805.5,0.18569332361221313,0,0
9750.612916630196,80780.83,0.17480601370334625,0,0
9750.612916630196,80782.38,0.18311411142349243,0,0
9750.612916630196,80678.4,0.18755057454109192,0,0
9750.612916630196,80680.04,0.16867271065711975,0,0
9750.612916630196,80685.56,0.17969843745231628,0,0
9750.612916630196,80777.42,0.18323571979999542,0,0
9750.612916630196,80775.0,0.16481290757656097,0,0
9750.612916630196,80759.93,0.17921346426010132,0,0
9750.612916630196,80700.77,0.1574188619852066,0,0
9750.612916630196,80733.75,0.17085249722003937,0,0
9750.612916630196,80736.03,0.1750836968421936,0,0
9750.612916630196,80830.33,0.16414380073547363,0,0
9750.612916630196,80807.96,0.16470178961753845,0,1
9750.612916630196,80873.79,0.16635644435882568,0,1
9750.612916630196,80821.21,0.1645037978887558,0,1
9750.612916630196,80927.72,0.16470178961753845,0,0
9750.612916630196,80971.67,0.1726681888103485,0,1
9750.612916630196,80990.11,0.16692045331001282,0,0
9750.612916630196,81418.01,0.21757753193378448,0,0
9750.612916630196,81378.25,0.17807984352111816,0,1
9750.612916630196,81476.18,0.2158222794532776,0,1
9750.612916630196,81271.96,0.19799618422985077,0,0
9750.612916630196,81437.83,0.2104651778936386,0,0
9750.612916630196,80734.88,0.24387729167938232,0,1
9750.612916630196,80720.47,0.2129945009946823,0,0
9750.612916630196,82044.49,0.29061824083328247,0,0
9750.612916630196,82210.07,0.2615703344345093,0,0
9750.612916630196,81471.13,0.28247225284576416,0,0
9750.612916630196,81501.72,0.2554120123386383,0,0
9750.612916630196,81169.08,0.25299501419067383,0,0
9750.612916630196,80736.01,0.26904213428497314,0,0
9750.612916630196,80824.61,0.21854259073734283,0,0
9750.612916630196,80832.33,0.21641698479652405,0,0
9750.612916630196,80822.86,0.19865266978740692,0,0
9750.612916630196,80740.4,0.18455587327480316,0,0
9750.612916630196,80767.97,0.20502212643623352,0,0
9750.612916630196,80966.57,0.1990494281053543,0,1
9750.612916630196,80940.0,0.22429174184799194,0,1
9750.612916630196,81196.94,0.21557383239269257,0,1
9750.612916630196,81054.65,0.2547451853752136,0,1
9750.612916630196,81072.0,0.2629311978816986,0,1
9750.612916630196,80953.38,0.26979610323905945,0,1
9750.612916630196,81445.9,0.2616935968399048,0,0
9750.612916630196,81575.85,0.2733086943626404,0,0
9750.612916630196,81941.09,0.26465338468551636,0,0
9750.612916630196,81858.96,0.2440686672925949,0,0
9750.612916630196,81961.99,0.24139167368412018,0,0
9750.612916630196,81821.02,0.2257496863603592,0,0
9750.612916630196,81821.18,0.21619637310504913,0,0
9750.612916630196,81833.92,0.20771349966526031,0,0
9750.612916630196,81745.65,0.19756431877613068,0,0
9750.612916630196,81545.2,0.21107284724712372,0,0
9750.612916630196,81199.18,0.2551732063293457,0,0
9750.612916630196,81249.93,0.20316089689731598,0,0
9750.612916630196,81058.8,0.18961918354034424,0,0
9750.612916630196,81240.01,0.20841410756111145,0,0
9750.612916630196,81224.03,0.17014461755752563,0,0
9750.612916630196,81022.44,0.20717212557792664,0,0
9750.612916630196,80865.4,0.2133718878030777,0,0
9750.612916630196,80843.31,0.19737403094768524,0,0
9750.612916630196,80837.15,0.19737403094768524,0,0
9750.612916630196,80666.37,0.2089574784040451,0,0
9750.612916630196,80784.87,0.1888580173254013,0,0
9750.612916630196,80881.26,0.21545545756816864,0,0
9750.612916630196,80466.91,0.26431500911712646,0,0
9750.612916630196,80540.0,0.23449905216693878,0,0
9750.612916630196,80336.01,0.2534666359424591,0,0
9750.612916630196,80000.01,0.2929874062538147,0,1
9750.612916630196,80527.69,0.2790251672267914,0,0
9750.612916630196,80679.12,0.23484161496162415,0,0
9750.612916630196,80834.64,0.24144698679447174,0,0
9750.612916630196,80696.87,0.22207453846931458,0,0
9750.612916630196,80587.44,0.20920288562774658,0,1
9750.612916630196,80656.43,0.20646125078201294,0,1
9750.612916630196,80504.47,0.21491873264312744,0,1
9750.612916630196,80718.0,0.2439507693052292,0,0
9750.612916630196,81006.0,0.27567851543426514,0,0
9750.612916630196,81050.0,0.2469315379858017,0,0
9750.612916630196,81249.99,0.2528868019580841,0,0
9750.612916630196,81231.96,0.20506823062896729,0,0
9750.612916630196,81019.99,0.22609783709049225,0,0
9750.612916630196,80980.05,0.22322234511375427,0,0
9750.612916630196,81026.92,0.20788061618804932,0,0
9750.612916630196,81196.57,0.2284756600856781,0,0
9750.612916630196,81291.38,0.21527864038944244,0,0
9750.612916630196,80809.01,0.26912304759025574,0,0
9750.612916630196,80501.22,0.25716397166252136,0,0
9750.612916630196,80202.78,0.30681678652763367,0,0
9750.612916630196,79656.01,0.31533005833625793,0,0
9750.612916630196,79756.01,0.2706890106201172,0,0
9750.612916630196,78827.21,0.3276570737361908,0,1
9750.612916630196,79108.39,0.30042287707328796,0,0
9750.612916630196,79514.97,0.29603439569473267,0,0
9750.612916630196,79598.15,0.25051867961883545,0,0
9750.612916630196,79642.41,0.2397962212562561,0,0
9750.612916630196,79698.95,0.17264893651008606,0,0
9750.612916630196,79398.54,0.2551046907901764,0,0
9750.612916630196,79428.46,0.23493953049182892,0,0
9750.612916630196,79313.61,0.2309812754392624,0,1
9750.612916630196,79580.0,0.25249356031417847,0,0
9750.612916630196,79604.6,0.22804297506809235,0,0
9750.612916630196,79370.24,0.28836727142333984,0,1
9750.612916630196,79044.85,0.3000255823135376,0,1
9750.612916630196,79451.63,0.28268828988075256,0,0
9750.612916630196,79809.16,0.29921987652778625,0,0
9750.612916630196,79804.71,0.23969489336013794,0,0
9750.612916630196,79745.98,0.23239664733409882,0,0
9750.612916630196,79821.56,0.24289394915103912,0,1
9750.612916630196,79635.52,0.2473895102739334,0,1
9750.612916630196,79570.01,0.2547798156738281,0,1
9750.612916630196,79258.27,0.24919496476650238,0,1
9750.612916630196,79767.11,0.2674183249473572,0,1
9750.612916630196,79701.73,0.23843611776828766,0,1
9750.612916630196,80964.85,0.3135112226009369,0,1
9750.612916630196,81301.23,0.28990504145622253,0,0
9750.612916630196,81888.4,0.32140490412712097,0,0
9750.612916630196,81668.48,0.3114300072193146,0,0
9750.612916630196,81581.99,0.28492721915245056,0,0
9750.612916630196,81419.74,0.2572353482246399,0,0
9750.612916630196,81412.04,0.24944446980953217,0,0
9750.612916630196,81396.61,0.21740731596946716,0,0
9750.612916630196,81456.0,0.2214551866054535,0,0
9750.612916630196,81089.99,0.25059324502944946,0,0
9750.612916630196,81518.67,0.27184543013572693,0,0
9750.612916630196,81131.01,0.26133155822753906,0,0
9750.612916630196,81299.14,0.27231115102767944,0,0
9750.612916630196,81059.15,0.2604905366897583,0,0
9750.612916630196,80724.71,0.2423042505979538,0,0
9750.612916630196,80360.01,0.2809438407421112,0,0
9750.612916630196,80580.0,0.26607319712638855,0,0
9750.612916630196,80814.88,0.26765528321266174,0,0
9750.612916630196,80638.0,0.2532379627227783,0,0
9750.612916630196,80489.8,0.2429085075855255,0,0
9750.612916630196,80716.23,0.2458445131778717,0,0
9750.612916630196,80628.53,0.18571814894676208,0,0
9750.612916630196,80385.11,0.23776063323020935,0,0
9750.612916630196,78758.59,0.34182611107826233,0,0
9750.612916630196,79150.37,0.34727513790130615,0,0
9750.612916630196,79150.27,0.2754940986633301,0,0
9750.612916630196,79294.31,0.25604403018951416,0,0
9750.612916630196,79460.0,0.2525790333747864,0,0
9750.612916630196,79284.0,0.2754940986633301,0,0
9750.612916630196,79146.5,0.24197016656398773,0,0
9750.612916630196,79123.12,0.21987712383270264,0,0
9750.612916630196,78973.5,0.2400353103876114,0,0
9750.612916630196,79107.38,0.18963967263698578,0,0
9750.612916630196,79113.21,0.1782572865486145,0,0
9750.612916630196,79111.92,0.1854940503835678,0,0
9750.612916630196,79168.0,0.194784477353096,0,0
9750.612916630196,79155.54,0.16909904778003693,0,0
9750.612916630196,79083.18,0.17435181140899658,0,0
9750.612916630196,79035.26,0.2449396848678589,0,0
9750.612916630196,79027.37,0.16482852399349213,0,0
9750.612916630196,78648.0,0.3026508092880249,0,0
9750.612916630196,78369.77,0.3076631426811218,0,0
9750.612916630196,78426.56,0.2449396848678589,0,0
9750.612916630196,78083.48,0.2985672950744629,0,0
9750.612916630196,77960.0,0.2849074602127075,0,0
9750.612916630196,78081.71,0.22003981471061707,0,0
9750.612916630196,78007.23,0.2137197107076645,0,0
9750.612916630196,78014.6,0.20812813937664032,0,0
9750.612916630196,78130.55,0.2816958725452423,0,0
9750.612916630196,78238.67,0.20879113674163818,0,0
9750.612916630196,78205.96,0.20879113674163818,0,0
9750.612916630196,78201.5,0.17010603845119476,0,0
9750.612916630196,78229.81,0.1964174211025238,0,0
9750.612916630196,78259.66,0.1623021513223648,0,0
9750.612916630196,78261.0,0.1612377166748047,0,0
9750.612916630196,78265.73,0.15815187990665436,0,0
9750.612916630196,78186.25,0.15815187990665436,0,0
9750.612916630196,78148.05,0.17648513615131378,0,0
9750.612916630196,77945.85,0.24519123136997223,0,0
9750.612916630196,77725.71,0.20900262892246246,0,1
9750.612916630196,77895.51,0.1690041720867157,0,0
9750.612916630196,78028.88,0.16604474186897278,0,0
9750.612916630196,78158.09,0.17111603915691376,0,0
9750.612916630196,78121.41,0.1690041720867157,0,0
9750.612916630196,78104.8,0.16032986342906952,0,0
9750.612916630196,78180.01,0.15874293446540833,0,0
9750.612916630196,78089.8,0.16005291044712067,0,0
9750.612916630196,78249.33,0.17643225193023682,0,0
9750.612916630196,78465.99,0.1966588795185089,0,0
9750.612916630196,78415.99,0.19427549839019775,0,0
9750.612916630196,78364.83,0.18247535824775696,0,0
9750.612916630196,78202.91,0.1809224933385849,0,0
9750.612916630196,78051.51,0.20689070224761963,0,0
9750.612916630196,78051.41,0.19403964281082153,0,0
9750.612916630196,78034.36,0.18097978830337524,0,0
9750.612916630196,78089.98,0.19656053185462952,0,0
9750.612916630196,78268.05,0.18931807577610016,0,0
9750.612916630196,78415.3,0.2101992815732956,0,0
9750.612916630196,78277.36,0.21889731287956238,0,0
9750.612916630196,78405.72,0.2312168926000595,0,0
9750.612916630196,77997.24,0.2703264057636261,0,0
9750.612916630196,77457.67,0.30735838413238525,0,0
9750.612916630196,77209.95,0.29373589158058167,0,0
9750.612916630196,77109.22,0.29373589158058167,0,0
9750.612916630196,76835.41,0.30209243297576904,0,0
9750.612916630196,76924.65,0.23638473451137543,0,0
9750.612916630196,77038.49,0.24090859293937683,0,0
9750.612916630196,76931.4,0.2336948961019516,0,0
9750.612916630196,76912.52,0.2527109384536743,0,1
9750.612916630196,77073.69,0.2476808875799179,0,0
9750.612916630196,77040.42,0.2451273798942566,0,0
9750.612916630196,76933.16,0.19439055025577545,0,0
9750.612916630196,76764.74,0.22429358959197998,0,0
9750.612916630196,77285.83,0.3057599663734436,0,0
9750.612916630196,77639.98,0.2948678433895111,0,0
9750.612916630196,76937.7,0.31965091824531555,0,0
9750.612916630196,76393.65,0.32253849506378174,0,1
9750.612916630196,76409.46,0.2984372675418854,0,1
9750.612916630196,76410.01,0.2989879250526428,0,1
9750.612916630196,76706.39,0.2529900074005127,0,0
9750.612916630196,76252.5,0.29869088530540466,0,1
9750.612916630196,76928.0,0.3072832524776459,0,0
9750.612916630196,76909.92,0.27055010199546814,0,0
9750.612916630196,77103.05,0.27297794818878174,0,0
9750.612916630196,77078.22,0.2504676282405853,0,0
9750.612916630196,77001.87,0.22089342772960663,0,0
9750.612916630196,77140.87,0.2565266489982605,0,0
9750.612916630196,76667.01,0.28135132789611816,0,1
9750.612916630196,76617.47,0.25595495104789734,0,1
9750.612916630196,76787.11,0.2150791883468628,0,0
9750.612916630196,76927.25,0.21363802254199982,0,0
9750.612916630196,76911.24,0.24915948510169983,0,0
9750.612916630196,77029.4,0.22986185550689697,0,0
9750.612916630196,77233.69,0.24585817754268646,0,0
9750.612916630196,77048.71,0.24409690499305725,0,0
9750.612916630196,76818.8,0.24814091622829437,0,0
9750.612916630196,77041.87,0.2506754696369171,0,0
9750.612916630196,76714.62,0.2764727473258972,0,0
9750.612916630196,76940.21,0.25249356031417847,0,0
9750.612916630196,76872.75,0.26966938376426697,0,0
9750.612916630196,76392.43,0.2784266769886017,0,1
9750.612916630196,76521.23,0.2563129961490631,0,1
9750.612916630196,76894.59,0.26432645320892334,0,0
9750.612916630196,76856.76,0.22883637249469757,0,0
9750.612916630196,76803.28,0.21172109246253967,0,0
9750.612916630196,76818.74,0.22086136043071747,0,0
9750.612916630196,77022.23,0.1984916478395462,0,0
9750.612916630196,76982.34,0.14414174854755402,0,0
9750.612916630196,76712.21,0.21040794253349304,0,0
9750.612916630196,76834.36,0.19805535674095154,0,0
9750.612916630196,76788.83,0.21578139066696167,0,1
9750.612916630196,76820.98,0.2196967750787735,0,1
9750.612916630196,76690.42,0.21202529966831207,0,1
9750.612916630196,76723.54,0.19714003801345825,0,1
9750.612916630196,76780.37,0.1742115616798401,0,1
9750.612916630196,77196.99,0.24816609919071198,0,0
9750.612916630196,77414.11,0.22481101751327515,0,0
9750.612916630196,77282.64,0.2300744354724884,0,0
9750.612916630196,77458.04,0.2386089265346527,0,0
9750.612916630196,77485.13,0.20963901281356812,0,0
9750.612916630196,77517.45,0.20713277161121368,0,0
9750.612916630196,77382.49,0.22008328139781952,0,0
9750.612916630196,77617.26,0.22233276069164276,0,0
9750.612916630196,77204.61,0.2694989740848541,0,1
9750.612916630196,77446.08,0.2713569402694702,0,0
9750.612916630196,77455.46,0.26356157660484314,0,0
9750.612916630196,77338.6,0.24829727411270142,0,0
9750.612916630196,77568.95,0.24341051280498505,0,0
9750.612916630196,77415.09,0.22560183703899384,0,1
9750.612916630196,77667.49,0.21957167983055115,0,0
9750.612916630196,77720.01,0.21106430888175964,0,0
9750.612916630196,77500.01,0.20488876104354858,0,1
9750.612916630196,77504.69,0.2271004170179367,0,1
9750.612916630196,77552.23,0.16992489993572235,0,0
9750.612916630196,77967.09,0.2379050999879837,0,0
9750.612916630196,77863.85,0.2063210904598236,0,0
9750.612916630196,77955.78,0.21334470808506012,0,0
9750.612916630196,78078.72,0.21641720831394196,0,0
9750.612916630196,78035.8,0.23165908455848694,0,0
9750.612916630196,77828.0,0.2451620250940323,0,0
9750.612916630196,77622.14,0.2368600219488144,0,0
9750.612916630196,77889.01,0.24364565312862396,0,0
9750.612916630196,77924.63,0.2399848997592926,0,0
9750.612916630196,77633.02,0.23009945452213287,0,0
9750.612916630196,77198.08,0.2731791138648987,0,0
9750.612916630196,77189.1,0.2332657128572464,0,1
9750.612916630196,77278.53,0.22817973792552948,0,0
9750.612916630196,77122.68,0.2656944990158081,0,1
9750.612916630196,76984.61,0.2731581926345825,0,1
9750.612916630196,77259.46,0.26124733686447144,0,1
9750.612916630196,77207.93,0.2422483265399933,0,1
9750.612916630196,77869.38,0.2827353775501251,0,0
9750.612916630196,77387.74,0.28150293231010437,0,0
9750.612916630196,77690.56,0.2586130201816559,0,0
9750.612916630196,77705.81,0.18843629956245422,0,0
9750.612916630196,77672.29,0.18843629956245422,0,0
9750.612916630196,77628.0,0.2072879821062088,0,0
9750.612916630196,77615.52,0.2072879821062088,0,0
9750.612916630196,77373.57,0.2205597460269928,0,0
9750.612916630196,77616.0,0.24179963767528534,0,0
9750.612916630196,77673.36,0.17511965334415436,0,0
9750.612916630196,77779.98,0.19658803939819336,0,0
9750.612916630196,77655.42,0.22975631058216095,0,0
9750.612916630196,77489.0,0.2284347414970398,0,0
9750.612916630196,77423.41,0.20561940968036652,0,0
9750.612916630196,77408.06,0.22975631058216095,0,0
9750.612916630196,77267.38,0.2579803168773651,0,0
9750.612916630196,77307.11,0.20082992315292358,0,0
9750.612916630196,77312.0,0.15912295877933502,0,0
9750.612916630196,77428.84,0.20762057602405548,0,0
9750.612916630196,77533.9,0.20682603120803833,0,0
9750.612916630196,77290.01,0.2135036140680313,0,0
9750.612916630196,76774.23,0.2666988670825958,0,0
9750.612916630196,76790.59,0.2682870924472809,0,0
9750.612916630196,76950.68,0.21935169398784637,0,0
9750.612916630196,76750.0,0.2389092892408371,0,0
9750.612916630196,76537.47,0.28713366389274597,0,0
9750.612916630196,75860.44,0.33465880155563354,0,0
9750.612916630196,75984.47,0.24218228459358215,0,0
9750.612916630196,75978.83,0.2024737298488617,0,0
9750.612916630196,75737.52,0.2717416286468506,0,0
9750.612916630196,75539.5,0.3104001581668854,0,0
9750.612916630196,75352.64,0.26853081583976746,0,0
9750.612916630196,75489.84,0.21217717230319977,0,0
9750.612916630196,75572.07,0.20600679516792297,0,0
9750.612916630196,75635.22,0.16827863454818726,0,0
9750.612916630196,75539.77,0.18480375409126282,0,0
9750.612916630196,75482.68,0.16827863454818726,0,0
9750.612916630196,75398.33,0.16482852399349213,0,0
9750.612916630196,74609.36,0.33465880155563354,0,1
9750.612916630196,74684.3,0.3092317283153534,0,1
9750.612916630196,74656.91,0.19697554409503937,0,1
9750.612916630196,74705.0,0.1955539882183075,0,1
9750.612916630196,74789.99,0.19607606530189514,0,1
9750.612916630196,74753.93,0.1955539882183075,0,1
9750.612916630196,75213.9,0.3027193546295166,0,1
9750.612916630196,75537.72,0.30637961626052856,0,1
9750.612916630196,75520.0,0.2546044886112213,0,1
9750.612916630196,75444.7,0.22667360305786133,0,1
9750.612916630196,75488.18,0.1986168920993805,0,1
9750.612916630196,75845.82,0.285636842250824,0,1
9750.612916630196,75983.45,0.2316644787788391,0,1
9750.612916630196,77287.58,0.3185980021953583,0,0
9750.612916630196,76804.99,0.3015775978565216,0,0
9750.612916630196,76584.45,0.2687632441520691,0,0
9750.612916630196,76752.01,0.2656387388706207,0,0
9750.612916630196,76835.16,0.2680197060108185,0,0
9750.612916630196,76890.04,0.1917976588010788,0,0
9750.612916630196,76830.0,0.21806024014949799,0,0
9750.612916630196,76750.0,0.23435036838054657,0,0
9750.612916630196,76786.5,0.18310032784938812,0,1
9750.612916630196,76822.23,0.21806024014949799,0,1
9750.612916630196,76987.58,0.25616389513015747,0,0
9750.612916630196,76799.99,0.2256140410900116,0,0
9750.612916630196,76830.69,0.18265880644321442,0,0
9750.612916630196,77020.53,0.23609717190265656,0,0
9750.612916630196,77190.74,0.27940720319747925,0,0
9750.612916630196,77320.06,0.2284778505563736,0,0
9750.612916630196,77118.73,0.23764407634735107,0,0
9750.612916630196,76802.23,0.2672111690044403,0,0
9750.612916630196,76465.16,0.27992546558380127,0,0
9750.612916630196,76371.59,0.2500215768814087,0,0
9750.612916630196,76671.7,0.24051810801029205,0,0
9750.612916630196,76693.34,0.21432864665985107,0,0
9750.612916630196,76665.73,0.21378524601459503,0,1
9750.612916630196,76773.34,0.18463219702243805,0,0
9750.612916630196,76668.4,0.22243189811706543,0,1
9750.612916630196,76151.14,0.303168386220932,0,1
9750.612916630196,76803.99,0.2744027078151703,0,1
9750.612916630196,77064.96,0.25336945056915283,0,0
9750.612916630196,77153.01,0.24443931877613068,0,0
9750.612916630196,76945.27,0.2521761953830719,0,1
9750.612916630196,77108.77,0.2591541111469269,0,0
9750.612916630196,77026.67,0.2040383666753769,0,1
9750.612916630196,77391.07,0.26030048727989197,0,0
9750.612916630196,77407.0,0.21464157104492188,0,0
9750.612916630196,77419.87,0.2614702582359314,0,0
9750.612916630196,77401.12,0.2506954073905945,0,0
9750.612916630196,77456.94,0.2378166913986206,0,0
9750.612916630196,77604.56,0.23466165363788605,0,0
9750.612916630196,77545.65,0.23325704038143158,0,0
9750.612916630196,77357.5,0.22456353902816772,0,0
9750.612916630196,77367.98,0.20301170647144318,0,0
9750.612916630196,77341.05,0.20082992315292358,0,0
9750.612916630196,77714.0,0.2732750177383423,0,0
9750.612916630196,77628.82,0.25980356335639954,0,0
9750.612916630196,77735.69,0.25247448682785034,0,0
9750.612916630196,77564.01,0.22706033289432526,0,0
9750.612916630196,77543.39,0.17805641889572144,0,0
9750.612916630196,77441.86,0.20348790287971497,0,0
9750.612916630196,77273.06,0.20829936861991882,0,0
9750.612916630196,77367.03,0.16894710063934326,0,0
9750.612916630196,77116.21,0.2184227555990219,0,0
9750.612916630196,77322.01,0.18790072202682495,0,0
9750.612916630196,76792.71,0.2672634720802307,0,0
9750.612916630196,76756.98,0.23316238820552826,0,0
9750.612916630196,76660.0,0.23563015460968018,0,0
9750.612916630196,76664.01,0.21935169398784637,0,0
9750.612916630196,76749.5,0.21935169398784637,0,1
9750.612916630196,76930.01,0.23563015460968018,0,0
9750.612916630196,76908.01,0.23023630678653717,0,0
9750.612916630196,76730.84,0.2369559109210968,0,1
9750.612916630196,76726.37,0.194131001830101,0,0
9750.612916630196,76672.19,0.1988004744052887,0,0
9750.612916630196,77430.0,0.28985539078712463,0,0
9750.612916630196,77183.55,0.2495959997177124,0,0
9750.612916630196,77132.5,0.2495959997177124,0,0
9750.612916630196,77231.56,0.276396781206131,0,0
9750.612916630196,76908.01,0.3089205026626587,0,0
9750.612916630196,76518.1,0.3320136070251465,0,0
9750.612916630196,76558.0,0.3104689121246338,0,0
9750.612916630196,75935.08,0.3290109634399414,0,0
9750.612916630196,75840.55,0.3106911778450012,0,0
9750.612916630196,76052.0,0.25186219811439514,0,0
9750.612916630196,76106.86,0.21411921083927155,0,0
9750.612916630196,75890.0,0.2116657793521881,0,0
9750.612916630196,75749.02,0.24746640026569366,0,0
9750.612916630196,75930.01,0.20813101530075073,0,0
9750.612916630196,76085.01,0.22916783392429352,0,0
9750.612916630196,75877.44,0.2377490997314453,0,0
9750.612916630196,75879.0,0.2205597460269928,0,0
9750.612916630196,75683.0,0.2564220428466797,0,0
9750.612916630196,75579.01,0.2586726248264313,0,0
9750.612916630196,75697.99,0.19714170694351196,0,0
9750.612916630196,75838.65,0.22264298796653748,0,0
9750.612916630196,75977.17,0.23017600178718567,0,0
9750.612916630196,75873.24,0.22269569337368011,0,0
9750.612916630196,75912.6,0.21902450919151306,0,0
9750.612916630196,75909.82,0.20821331441402435,0,0
9750.612916630196,75769.18,0.20560136437416077,0,0
9750.612916630196,75688.0,0.25683897733688354,0,0
9750.612916630196,75073.4,0.30406537652015686,0,0
9750.612916630196,75031.92,0.2914676070213318,0,0
9750.612916630196,75326.01,0.2870914340019226,0,0
9750.612916630196,75304.01,0.2560659646987915,0,0
9750.612916630196,74860.42,0.30616897344589233,0,0
9750.612916630196,75026.67,0.25555723905563354,0,0
9750.612916630196,75066.08,0.21631285548210144,0,0
9750.612916630196,75274.58,0.2529900074005127,0,0
9750.612916630196,74473.01,0.32158583402633667,0,0
9750.612916630196,74418.13,0.31130489706993103,0,0
9750.612916630196,74449.3,0.27035996317863464,0,0
9750.612916630196,74570.66,0.23017600178718567,0,0
9750.612916630196,74344.08,0.28637704253196716,0,0
9750.612916630196,74287.42,0.24289394915103912,0,0
9750.612916630196,73258.01,0.3347195088863373,0,0
9750.612916630196,73181.95,0.31915733218193054,0,0
9750.612916630196,72990.87,0.27372732758522034,0,1
9750.612916630196,73202.7,0.30708175897598267,0,0
9750.612916630196,73498.0,0.28158101439476013,0,0
9750.612916630196,73325.88,0.25973695516586304,0,0
9750.612916630196,73541.24,0.25973695516586304,0,0
9750.612916630196,73400.01,0.24412795901298523,0,0
9750.612916630196,73505.66,0.21958938241004944,0,0
9750.612916630196,73518.01,0.2637363374233246,0,0
9750.612916630196,73022.02,0.3318232297897339,0,1
9750.612916630196,73033.06,0.3366885185241699,0,1
9750.612916630196,72928.73,0.314225435256958,0,1
9750.612916630196,73440.67,0.3033713400363922,0,0
9750.612916630196,73554.82,0.29247167706489563,0,0
9750.612916630196,73652.88,0.25482168793678284,0,0
9750.612916630196,73419.32,0.25847727060317993,0,0
9750.612916630196,73579.99,0.292938232421875,0,0
9750.612916630196,73817.31,0.2681129574775696,0,0
9750.612916630196,73464.8,0.2899973690509796,0,0
9750.612916630196,73617.51,0.2236260324716568,0,0
9750.612916630196,73716.37,0.2361387014389038,0,0
9750.612916630196,73586.83,0.2624090313911438,0,0
9750.612916630196,73225.06,0.2992069125175476,0,1
9750.612916630196,73301.52,0.20927952229976654,0,1
9750.612916630196,73507.69,0.24423645436763763,0,0
9750.612916630196,73706.0,0.25822576880455017,0,0
9750.612916630196,73786.32,0.2430190145969391,0,0
9750.612916630196,73528.56,0.27285200357437134,0,0
9750.612916630196,73653.4,0.24954117834568024,0,0
9750.612916630196,73744.96,0.23621322214603424,0,0
9750.612916630196,73634.64,0.2117866426706314,0,1
9750.612916630196,73487.98,0.20289573073387146,0,1
9750.612916630196,73295.73,0.202360138297081,0,0
9750.612916630196,73135.7,0.25332877039909363,0,1
9750.612916630196,73096.85,0.2741979956626892,0,1
9750.612916630196,73808.26,0.3159538209438324,0,0
9750.612916630196,74056.5,0.2710489332675934,0,0
9750.612916630196,73980.94,0.27322328090667725,0,0
9750.612916630196,73374.52,0.29859456419944763,0,0
9750.612916630196,73520.28,0.26280859112739563,0,0
9750.612916630196,73673.61,0.20947521924972534,0,0
9750.612916630196,73409.27,0.26777777075767517,0,0
9750.612916630196,73483.52,0.22540195286273956,0,0
9750.612916630196,73460.78,0.21411921083927155,0,0
9750.612916630196,73498.8,0.21483810245990753,0,0
9750.612916630196,73657.9,0.20942771434783936,0,0
9750.612916630196,73786.69,0.21078306436538696,0,0
9750.612916630196,73524.01,0.21999970078468323,0,0
9750.612916630196,73402.84,0.2458445131778717,0,0
9750.612916630196,73604.99,0.24584029614925385,0,0
9750.612916630196,73584.99,0.20770375430583954,0,0
9750.612916630196,73548.6,0.16300606727600098,0,0
9750.612916630196,73530.07,0.16074679791927338,0,1
9750.612916630196,73615.46,0.16343408823013306,0,0
9750.612916630196,73655.85,0.15451139211654663,0,0
9750.612916630196,73602.02,0.1537237912416458,0,1
9750.612916630196,73698.18,0.15855087339878082,0,0
9750.612916630196,73829.31,0.18221509456634521,0,0
9750.612916630196,73929.11,0.18862490355968475,0,0
9750.612916630196,73930.14,0.1864294707775116,0,0
9750.612916630196,73934.99,0.15381771326065063,0,0
9750.612916630196,74020.07,0.19614091515541077,0,0
9750.612916630196,74043.38,0.19918225705623627,0,0
9750.612916630196,74016.65,0.17742548882961273,0,0
9750.612916630196,73979.84,0.16109955310821533,0,0
9750.612916630196,73981.99,0.1674973964691162,0,0
9750.612916630196,73883.3,0.207900732755661,0,0
9750.612916630196,73884.38,0.21428179740905762,0,0
9750.612916630196,74038.2,0.2055775225162506,0,0
9750.612916630196,74058.01,0.20763374865055084,0,0
9750.612916630196,74090.84,0.2181512862443924,0,0
9750.612916630196,74150.64,0.1833701729774475,0,0
9750.612916630196,74178.4,0.18412938714027405,0,0
9750.612916630196,74055.98,0.19030290842056274,0,0
9750.612916630196,74054.87,0.18888434767723083,0,0
9750.612916630196,73871.24,0.20251239836215973,0,0
9750.612916630196,73937.61,0.20065206289291382,0,0
9750.612916630196,73841.79,0.18139418959617615,0,0
9750.612916630196,73900.0,0.19355881214141846,0,0
9750.612916630196,73937.79,0.18202921748161316,0,0
9750.612916630196,73920.0,0.18814566731452942,0,0
9750.612916630196,73872.8,0.18732313811779022,0,0
9750.612916630196,73602.17,0.21844470500946045,0,0
9750.612916630196,73655.21,0.2018173187971115,0,0
9750.612916630196,73526.14,0.21492256224155426,0,1
9750.612916630196,73709.44,0.19470494985580444,0,0
9750.612916630196,73603.69,0.20933248102664948,0,0
9750.612916630196,73563.42,0.20745804905891418,0,0
9750.612916630196,73739.66,0.21428179740905762,0,0
9750.612916630196,73892.52,0.22980423271656036,0,0
9750.612916630196,73944.62,0.22737929224967957,0,0
9750.612916630196,73674.39,0.256149560213089,0,0
9750.612916630196,73885.0,0.24178045988082886,0,0
9750.612916630196,73292.92,0.2930159866809845,0,0
9750.612916630196,73790.0,0.2543717324733734,0,0
9750.612916630196,73769.06,0.210088312625885,0,0
9750.612916630196,73536.01,0.2618095576763153,0,0
9750.612916630196,73350.0,0.21705006062984467,0,0
9750.612916630196,73135.74,0.28991422057151794,0,0
9750.612916630196,72818.0,0.3117448091506958,0,0
9750.612916630196,72902.65,0.2561757564544678,0,0
9750.612916630196,72880.0,0.30056920647621155,0,0
9750.612916630196,72748.88,0.25356417894363403,0,0
9750.612916630196,72479.99,0.3133513629436493,0,0
9750.612916630196,72221.73,0.32052844762802124,0,0
9750.612916630196,71711.89,0.3369739055633545,0,0
9750.612916630196,71567.91,0.32103899121284485,0,0
9750.612916630196,71129.62,0.3338392674922943,0,0
9750.612916630196,71564.01,0.3246259391307831,0,0
9750.612916630196,71646.01,0.2679458558559418,0,0
9750.612916630196,71498.64,0.25962400436401367,0,0
9750.612916630196,71595.24,0.24164830148220062,0,0
9750.612916630196,71446.0,0.24164830148220062,0,0
9750.612916630196,71038.01,0.3192256987094879,0,0
9750.612916630196,71408.0,0.3076476752758026,0,0
9750.612916630196,71408.9,0.262386679649353,0,0
9750.612916630196,71289.23,0.24909840524196625,0,0
9750.612916630196,70652.47,0.33054155111312866,0,0
9750.612916630196,70846.49,0.3250899612903595,0,0
9750.612916630196,70953.69,0.2236260324716568,0,0
9750.612916630196,70810.0,0.2521544098854065,0,0
9750.612916630196,70268.96,0.32873645424842834,0,0
9750.612916630196,70106.31,0.3169276714324951,0,0
9750.612916630196,70118.42,0.317069411277771,0,0
9750.612916630196,69821.99,0.31867048144340515,0,0
9750.612916630196,69426.01,0.3410327136516571,0,0
9750.612916630196,69652.19,0.31688499450683594,0,0
9750.612916630196,69461.72,0.24774505198001862,0,0
9750.612916630196,69010.42,0.33840999007225037,0,0
9750.612916630196,68811.91,0.3243089020252228,0,0
9750.612916630196,68019.3,0.3636225759983063,0,0
9750.612916630196,67304.28,0.3695828318595886,0,0
9750.612916630196,67413.44,0.36059778928756714,0,0
9750.612916630196,67492.34,0.3288211226463318,0,0
9750.612916630196,67341.99,0.3320113718509674,0,0
9750.612916630196,67315.14,0.37007203698158264,0,0
9750.612916630196,67587.77,0.3671983480453491,0,0
9750.612916630196,67566.01,0.33186620473861694,0,0
9750.612916630196,66385.2,0.41348326206207275,0,0
9750.612916630196,66760.83,0.4104864001274109,0,1
9750.612916630196,66938.01,0.3938603103160858,0,0
9750.612916630196,66920.0,0.40946629643440247,0,0
9750.612916630196,66620.01,0.3166453242301941,0,1
9750.612916630196,65849.9,0.4223664402961731,0,1
9832.005917973851,66465.98,0.4419246315956116,1,1
9959.817891457233,67330.01,0.4272420108318329,1,0
9908.526242225578,66983.27,0.42925751209259033,1,0
9943.549057222655,67220.03,0.3991276025772095,1,0
9915.14294485617,67028.0,0.3136793076992035,1,0
9922.120585434866,67075.17,0.37224218249320984,1,0
9912.19846484943,67294.52,0.34651967883110046,0,0
9912.19846484943,67067.37,0.31662559509277344,0,0
9912.19846484943,67078.72,0.3519483208656311,0,0
9912.19846484943,66906.01,0.36817803978919983,0,0
9912.19846484943,66864.95,0.3327900171279907,0,0
9912.19846484943,66076.01,0.3719674348831177,0,0
9912.19846484943,66061.83,0.3583925664424896,0,0
9912.19846484943,65964.08,0.36018192768096924,0,0
9912.19846484943,66036.57,0.31907156109809875,0,0
9912.19846484943,65462.0,0.34979990124702454,0,0
9912.19846484943,65007.27,0.3600931465625763,0,0
9912.19846484943,65768.88,0.36192843317985535,0,0
9912.19846484943,64912.98,0.3794053792953491,0,0
9912.19846484943,64142.75,0.40539655089378357,0,0
9912.19846484943,63344.97,0.4188995659351349,0,1
9912.19846484943,62178.1,0.4392787218093872,0,1
10070.13550293527,63231.99,0.4236063063144684,1,1
10250.334771083739,64363.49,0.43932101130485535,1,0
10256.147650701432,64399.99,0.41108593344688416,1,0
10185.354739806728,63955.47,0.4179910123348236,1,0
10196.904055693716,64027.99,0.38652491569519043,1,0
10129.245322083292,63603.15,0.4087109863758087,1,1
10119.11607676121,63629.99,0.4076901376247406,0,1
10119.11607676121,63266.0,0.4101080596446991,0,1
10119.11607676121,62420.0,0.41939735412597656,0,1
10119.11607676121,62545.99,0.41836875677108765,0,1
10119.11607676121,63766.82,0.4169633984565735,0,0
10119.11607676121,64230.0,0.40495917201042175,0,0
10119.11607676121,63958.97,0.3979981243610382,0,0
10119.11607676121,63896.17,0.38764941692352295,0,0
10119.11607676121,63563.51,0.38625311851501465,0,0
10119.11607676121,63540.97,0.3935019373893738,0,1
10119.11607676121,63819.62,0.3935019373893738,0,0
10119.11607676121,63629.38,0.3913481831550598,0,0
10119.11607676121,63638.4,0.3873268663883209,0,0
10119.11607676121,63286.21,0.3908267915248871,0,0
10119.11607676121,63735.43,0.37698206305503845,0,0
10119.11607676121,63885.99,0.3470141589641571,0,0
10119.11607676121,63426.72,0.35514992475509644,0,0
10119.11607676121,63374.67,0.33681851625442505,0,0
10119.11607676121,62617.72,0.37264689803123474,0,0
10119.11607676121,62730.0,0.3718949258327484,0,0
10119.11607676121,63615.23,0.36782577633857727,0,0
10119.11607676121,62329.35,0.3877145051956177,0,0
10119.11607676121,61946.57,0.37866923213005066,0,0
10119.11607676121,63115.99,0.3710862994194031,0,0
10119.11607676121,62454.64,0.38793817162513733,0,0
10119.11607676121,62860.09,0.37955060601234436,0,0
10119.11607676121,62536.87,0.34689101576805115,0,0
10119.11607676121,61964.99,0.37249693274497986,0,0
10119.11607676121,61959.73,0.3844063878059387,0,0
10119.11607676121,60732.36,0.3893110454082489,0,0
10119.11607676121,60868.97,0.3857746422290802,0,1
10119.11607676121,60438.01,0.39728718996047974,0,1
10119.11607676121,61394.39,0.40182170271873474,0,0
10119.11607676121,60813.99,0.40166452527046204,0,0
10119.11607676121,59395.99,0.4009595811367035,0,1
10119.11607676121,60300.24,0.41724637150764465,0,1
10119.11607676121,61620.01,0.4339551329612732,0,0
10117.270467995093,61670.38,0.41526609659194946,1,0
10103.179872793698,61584.49,0.3990507125854492,1,0
10016.556097287357,61056.47,0.4249204695224762,1,0
10052.126278351116,61273.29,0.3976189196109772,1,0
10016.962951124817,61058.95,0.39075928926467896,1,0
9999.358319956329,60951.64,0.39271435141563416,1,1
9989.358961636373,60687.04,0.4070036709308624,0,0
9989.358961636373,60101.27,0.42870426177978516,0,1
10119.038107903782,60942.38,0.42810916900634766,1,0
10093.231749459455,60786.96,0.42755261063575745,1,0
10129.427400452112,61004.95,0.4139547348022461,1,0
10172.440765237874,61264.0,0.38108086585998535,1,0
10125.490527728429,60981.24,0.36625736951828003,1,0
10061.02610485862,60593.0,0.39540696144104004,1,0
10050.965078753761,60802.91,0.3649163544178009,0,0
10050.965078753761,61030.63,0.37246620655059814,0,0
10050.965078753761,60801.2,0.3341825604438782,0,0
10050.965078753761,60791.05,0.3082923889160156,0,0
10050.965078753761,60784.0,0.33061739802360535,0,0
10050.965078753761,60774.0,0.30844351649284363,0,0
10050.965078753761,60576.2,0.2804582715034485,0,1
10050.965078753761,60637.21,0.29382458329200745,0,0
10050.965078753761,60600.01,0.27332136034965515,0,1
10050.965078753761,60711.69,0.28294387459754944,0,1
10050.965078753761,60751.21,0.2945480942726135,0,1
10050.965078753761,60543.53,0.3130788207054138,0,1
10050.965078753761,60884.62,0.27087631821632385,0,1
10050.965078753761,60782.01,0.3011282682418823,0,1
10050.965078753761,61479.75,0.30682626366615295,0,1
10050.965078753761,61506.74,0.2611021101474762,0,1
10050.965078753761,61701.07,0.25362300872802734,0,1
10050.965078753761,61890.92,0.25882992148399353,0,1
10050.965078753761,61748.1,0.27500423789024353,0,1
10050.965078753761,62101.0,0.28540903329849243,0,0
10050.965078753761,62404.73,0.2700365483760834,0,0
10050.965078753761,62855.01,0.3063497841358185,0,0
10050.965078753761,62530.0,0.29361528158187866,0,0
10050.965078753761,62370.52,0.24560771882534027,0,0
10050.965078753761,62621.96,0.2628496289253235,0,0
10050.965078753761,61900.67,0.35479429364204407,0,0
10050.965078753761,61700.13,0.2851255238056183,0,0
10050.965078753761,61905.49,0.3135387599468231,0,0
10050.965078753761,62093.99,0.2873443365097046,0,0
10050.965078753761,62083.64,0.26188725233078003,0,1
10050.965078753761,62160.01,0.2738465666770935,0,1
10050.965078753761,62030.14,0.26952651143074036,0,1
10050.965078753761,61328.0,0.3191112279891968,0,1
10050.965078753761,61878.01,0.303384006023407,0,1
10050.965078753761,61778.41,0.2846280634403229,0,1
10050.965078753761,62865.87,0.342823326587677,0,0
10050.965078753761,63332.01,0.29674339294433594,0,0
10050.965078753761,63631.42,0.30552011728286743,0,0
10050.965078753761,63211.41,0.3206689953804016,0,0
10050.965078753761,63129.93,0.29282620549201965,0,0
10050.965078753761,63130.12,0.2870768904685974,0,1
10050.965078753761,62684.61,0.3127848207950592,0,1
10050.965078753761,62764.0,0.30991223454475403,0,1
10050.965078753761,62988.03,0.3101347088813782,0,1
10050.965078753761,63283.99,0.3153029680252075,0,1
10050.965078753761,63132.83,0.29220396280288696,0,1
10050.965078753761,63502.0,0.30571892857551575,0,0
10050.965078753761,63172.3,0.3169878125190735,0,1
10050.965078753761,63479.61,0.3263465166091919,0,0
10050.965078753761,63872.0,0.3402567505836487,0,0
10050.965078753761,63758.0,0.3212709128856659,0,0
10050.965078753761,63964.08,0.31250762939453125,0,0
10050.965078753761,63774.48,0.2963111698627472,0,0
10050.965078753761,63532.01,0.30016186833381653,0,0
10050.965078753761,63550.0,0.2800348401069641,0,0
10050.965078753761,63466.83,0.2647838294506073,0,0
10050.965078753761,63372.01,0.2369527816772461,0,0
10050.965078753761,63485.49,0.2548966109752655,0,0
10050.965078753761,63728.96,0.2598145604133606,0,0
10050.965078753761,63440.01,0.26738011837005615,0,0
10050.965078753761,63085.99,0.2971912920475006,0,0
10050.965078753761,62562.0,0.3541116714477539,0,1
10050.965078753761,62764.01,0.274483859539032,0,1
10050.965078753761,62868.0,0.2660243511199951,0,0
10050.965078753761,62875.17,0.25689205527305603,0,0
10050.965078753761,63242.36,0.2862318456172943,0,0
10050.965078753761,63338.68,0.2654772400856018,0,0
10050.965078753761,63300.0,0.2573564350605011,0,0
10050.965078753761,63198.44,0.27061954140663147,0,0
10050.965078753761,62849.75,0.2967574894428253,0,0
10050.965078753761,62715.37,0.29397696256637573,0,0
10050.965078753761,62786.01,0.25340157747268677,0,0
10050.965078753761,62711.12,0.2593401074409485,0,0
10050.965078753761,62645.15,0.3085967004299164,0,0
10050.965078753761,62273.61,0.34168991446495056,0,0
10050.965078753761,61541.95,0.3600236177444458,0,1
10050.965078753761,61131.84,0.3600236177444458,0,1
10050.965078753761,61390.51,0.3473719656467438,0,1
10050.965078753761,61692.01,0.32379549741744995,0,0
10050.965078753761,61792.01,0.30063390731811523,0,0
10050.965078753761,62098.09,0.2977949380874634,0,0
10050.965078753761,62160.0,0.26883190870285034,0,0
10050.965078753761,61761.2,0.3166585862636566,0,0
10050.965078753761,61717.5,0.2797143757343292,0,0
10050.965078753761,61730.0,0.2797143757343292,0,0
10050.965078753761,61923.16,0.305196613073349,0,0
10050.965078753761,61714.0,0.2884160578250885,0,0
10050.965078753761,61302.36,0.33618512749671936,0,0
10050.965078753761,61549.64,0.27237486839294434,0,0
10050.965078753761,61295.99,0.2986961901187897,0,0
10050.965078753761,61361.17,0.2874547243118286,0,0
10050.965078753761,61472.89,0.3025684654712677,0,0
10050.965078753761,61687.56,0.31110286712646484,0,1
10050.965078753761,61261.55,0.3334643542766571,0,1
10050.965078753761,61334.94,0.34704482555389404,0,1
10050.965078753761,61386.09,0.2815173268318176,0,1
10050.965078753761,61034.04,0.3489956259727478,0,1
10050.965078753761,61564.01,0.35054007172584534,0,1
10050.965078753761,62146.42,0.3222278952598572,0,0
10050.965078753761,62195.99,0.2842230498790741,0,0
10050.965078753761,62639.23,0.3279056251049042,0,0
10050.965078753761,62219.33,0.30538466572761536,0,0
10050.965078753761,61969.99,0.2982741594314575,0,0
10050.965078753761,61882.0,0.2947232127189636,0,0
10050.965078753761,61942.44,0.28544482588768005,0,0
10050.965078753761,61805.51,0.2601466774940491,0,1
10050.965078753761,61356.18,0.32249075174331665,0,1
10050.965078753761,61381.46,0.2956002652645111,0,1
10050.965078753761,61510.99,0.2710984945297241,0,1
10050.965078753761,61812.0,0.2726534605026245,0,1
10050.965078753761,62206.01,0.28616902232170105,0,1
10050.965078753761,62148.0,0.27114182710647583,0,1
10050.965078753761,62689.48,0.30380764603614807,0,0
10050.965078753761,62726.86,0.26182591915130615,0,1
10050.965078753761,62610.0,0.23222145438194275,0,1
10050.965078753761,62772.0,0.2802559435367584,0,0
10050.965078753761,62719.39,0.26408714056015015,0,1
10050.965078753761,62957.99,0.2588626742362976,0,0
10050.965078753761,62927.49,0.23169447481632233,0,0
10050.965078753761,63148.0,0.26582208275794983,0,0
10050.965078753761,63108.0,0.24051904678344727,0,1
10050.965078753761,63010.01,0.2948808968067169,0,1
10050.965078753761,63077.57,0.28281617164611816,0,1
10050.965078753761,62734.02,0.27934110164642334,0,1
10050.965078753761,62749.44,0.2684747576713562,0,1
10050.965078753761,62582.45,0.25048986077308655,0,1
10050.965078753761,63644.19,0.3235984146595001,0,0
10050.965078753761,63461.12,0.2730390429496765,0,0
10050.965078753761,63605.68,0.2829457223415375,0,0
10050.965078753761,63393.67,0.26203906536102295,0,0
10050.965078753761,63519.99,0.22417600452899933,0,0
10050.965078753761,63500.01,0.21740731596946716,0,0
10050.965078753761,63625.99,0.2584487497806549,0,0
10050.965078753761,63648.8,0.26792633533477783,0,0
10050.965078753761,63426.2,0.26674097776412964,0,0
10050.965078753761,63624.07,0.2568499445915222,0,0
10050.965078753761,63524.82,0.237342968583107,0,0
10050.965078753761,63700.0,0.2770288586616516,0,0
10050.965078753761,63358.2,0.2750456631183624,0,1
10050.965078753761,62980.45,0.2923927307128906,0,1
10050.965078753761,63100.8,0.26539310812950134,0,0
10050.965078753761,63470.81,0.2674877941608429,0,1
10050.965078753761,63752.93,0.2674877941608429,0,0
10050.965078753761,63702.01,0.28871017694473267,0,0
10050.965078753761,63766.01,0.24896904826164246,0,0
10050.965078753761,63465.51,0.26943185925483704,0,0
10050.965078753761,63229.1,0.27109619975090027,0,1
10050.965078753761,63999.99,0.29710686206817627,0,0
10050.965078753761,63593.02,0.3195112943649292,0,0
10050.965078753761,63982.48,0.26987144351005554,0,0
10050.965078753761,63865.44,0.2596266567707062,0,0
10050.965078753761,63694.0,0.2573603093624115,0,0
10050.965078753761,63589.27,0.26271307468414307,0,0
10050.965078753761,63449.0,0.2506278455257416,0,0
10050.965078753761,63472.0,0.23329704999923706,0,0
10050.965078753761,63502.0,0.24505823850631714,0,0
10050.965078753761,63580.01,0.22853000462055206,0,0
10050.965078753761,63600.01,0.20507629215717316,0,0
10050.965078753761,63837.89,0.24859923124313354,0,0
10050.965078753761,63646.01,0.25023356080055237,0,0
10050.965078753761,63532.0,0.25238507986068726,0,0
10050.965078753761,63512.01,0.21109212934970856,0,1
10050.965078753761,63584.03,0.18644386529922485,0,1
10050.965078753761,63735.74,0.2205597460269928,0,1
10050.965078753761,63846.0,0.23621322214603424,0,0
10050.965078753761,63806.0,0.19079998135566711,0,1
10050.965078753761,63743.12,0.18216992914676666,0,1
10050.965078753761,63843.01,0.1778964102268219,0,0
10050.965078753761,63971.28,0.18644143640995026,0,0
10050.965078753761,64133.12,0.24295853078365326,0,0
10050.965078753761,64102.69,0.23049134016036987,0,0
10050.965078753761,64220.97,0.19855962693691254,0,0
10050.965078753761,64296.15,0.22160378098487854,0,0
10050.965078753761,64029.17,0.25388285517692566,0,1
10050.965078753761,63971.19,0.21172797679901123,0,1
10050.965078753761,64161.46,0.23752088844776154,0,1
10050.965078753761,64296.59,0.22175845503807068,0,0
10050.965078753761,64278.31,0.2023564726114273,0,0
10050.965078753761,64471.04,0.2692318558692932,0,0
10050.965078753761,64456.47,0.22385399043560028,0,0
10050.965078753761,64458.01,0.22863537073135376,0,0
10050.965078753761,64565.0,0.22863537073135376,0,0
10050.965078753761,64563.0,0.22355452179908752,0,0
10050.965078753761,64490.01,0.22581878304481506,0,0
10050.965078753761,64545.3,0.19161128997802734,0,0
10050.965078753761,64339.07,0.21833764016628265,0,0
10050.965078753761,64338.0,0.18969585001468658,0,0
10050.965078753761,64286.1,0.2287096530199051,0,0
10050.965078753761,64429.39,0.2024504840373993,0,0
10050.965078753761,64456.33,0.19138014316558838,0,0
10050.965078753761,64616.0,0.24506625533103943,0,0
10050.965078753761,64521.13,0.21461112797260284,0,0
10050.965078753761,64546.0,0.21461112797260284,0,0
10050.965078753761,64327.53,0.21225778758525848,0,0
10050.965078753761,64317.99,0.1993097960948944,0,0
10050.965078753761,63983.55,0.2520068287849426,0,0
10050.965078753761,64025.07,0.21581153571605682,0,1
10050.965078753761,63942.63,0.2467012107372284,0,1
10050.965078753761,63732.64,0.26017293334007263,0,1
10050.965078753761,63813.3,0.19171559810638428,0,1
10050.965078753761,63802.0,0.18522591888904572,0,1
10050.965078753761,64008.64,0.22704795002937317,0,1
10050.965078753761,65311.59,0.3142288029193878,0,1
10050.965078753761,65426.78,0.31181710958480835,0,0
10050.965078753761,65746.45,0.3125886917114258,0,0
10050.965078753761,65625.99,0.30309823155403137,0,0
10050.965078753761,65525.0,0.2848547697067261,0,0
10050.965078753761,65472.01,0.2745697796344757,0,0
10050.965078753761,65927.1,0.30260422825813293,0,0
10050.965078753761,65644.01,0.26855188608169556,0,0
10050.965078753761,65858.01,0.26885437965393066,0,1
10050.965078753761,65812.01,0.2534143030643463,0,1
10050.965078753761,65674.76,0.27661994099617004,0,1
10050.965078753761,65662.01,0.258947491645813,0,1
10050.965078753761,65596.86,0.26579177379608154,0,1
10050.965078753761,65917.37,0.2641952335834503,0,1
10050.965078753761,66233.9,0.30141356587409973,0,1
10050.965078753761,66563.49,0.30638188123703003,0,0
10050.965078753761,66447.05,0.2897927463054657,0,0
10050.965078753761,66591.55,0.2862185537815094,0,0
10050.965078753761,67292.14,0.326065331697464,0,0
10050.965078753761,67157.99,0.31716203689575195,0,0
10050.965078753761,66851.79,0.277560293674469,0,0
10050.965078753761,66766.12,0.23767682909965515,0,0
10050.965078753761,66614.35,0.28591564297676086,0,0
10050.965078753761,66519.98,0.2064484804868698,0,0
10050.965078753761,66368.15,0.22460435330867767,0,0
10050.965078753761,66206.34,0.2734449803829193,0,0
10050.965078753761,66328.74,0.23649170994758606,0,0
10050.965078753761,66250.0,0.22804297506809235,0,0
10050.965078753761,66346.52,0.2205597460269928,0,0
10050.965078753761,65741.99,0.2940032184123993,0,1
10050.965078753761,66165.21,0.2898668348789215,0,1
10050.965078753761,65840.09,0.2886275351047516,0,1
10050.965078753761,66045.0,0.26627740263938904,0,1
10050.965078753761,66446.0,0.2685563564300537,0,0
10050.965078753761,66372.0,0.24827352166175842,0,0
10050.965078753761,66899.61,0.27400127053260803,0,0
10050.965078753761,66510.0,0.27434223890304565,0,0
10050.965078753761,66514.0,0.2604508101940155,0,0
10050.965078753761,66481.73,0.253089964389801,0,0
10050.965078753761,66429.83,0.27930620312690735,0,0
10050.965078753761,66052.0,0.33842670917510986,0,0
10050.965078753761,65654.9,0.37714749574661255,0,0
10050.965078753761,65859.76,0.32805439829826355,0,0
10050.965078753761,65758.07,0.2642018795013428,0,0
10050.965078753761,65978.79,0.2694472372531891,0,0
10050.965078753761,65847.99,0.29769372940063477,0,0
10050.965078753761,65675.88,0.275217741727829,0,0
10050.965078753761,65854.0,0.24601449072360992,0,0
10050.965078753761,65776.97,0.2617809474468231,0,0
10050.965078753761,65780.0,0.2228621244430542,0,0
10050.965078753761,65675.01,0.21550145745277405,0,0
10050.965078753761,65700.0,0.22511041164398193,0,0
10050.965078753761,65940.0,0.29529905319213867,0,0
10050.965078753761,65904.0,0.2748759686946869,0,0
10050.965078753761,65851.99,0.23384281992912292,0,0
10050.965078753761,65892.0,0.24281001091003418,0,0
10050.965078753761,65836.3,0.2398686558008194,0,0
10050.965078753761,65624.0,0.24821554124355316,0,0
10050.965078753761,65539.5,0.29447925090789795,0,0
10050.965078753761,64926.02,0.3442869484424591,0,0
10050.965078753761,64909.44,0.24551492929458618,0,1
10050.965078753761,64798.0,0.24551492929458618,0,1
10050.965078753761,64810.01,0.2670300304889679,0,1
10050.965078753761,65040.88,0.32116901874542236,0,1
10050.965078753761,65278.0,0.3111002445220947,0,0
10050.965078753761,65101.45,0.314424067735672,0,0
10050.965078753761,65752.0,0.30932188034057617,0,0
10050.965078753761,65864.12,0.3004361093044281,0,0
10050.965078753761,66104.08,0.257578581571579,0,0
10050.965078753761,65516.0,0.3375818431377411,0,0
10050.965078753761,64301.85,0.3829309046268463,0,0
10050.965078753761,64434.36,0.2903711795806885,0,0
10050.965078753761,64257.77,0.2941126227378845,0,0
10050.965078753761,64300.01,0.3516061305999756,0,0
10050.965078753761,64509.4,0.28788989782333374,0,0
10050.965078753761,64468.01,0.2663714289665222,0,0
10050.965078753761,64548.74,0.2891252338886261,0,0
10050.965078753761,64689.5,0.2852654755115509,0,0
10050.965078753761,64282.82,0.34166333079338074,0,0
10050.965078753761,63883.41,0.34487301111221313,0,0
10050.965078753761,63994.0,0.3006748557090759,0,0
10050.965078753761,64083.41,0.2990320324897766,0,0
10050.965078753761,64510.44,0.34017738699913025,0,0
10050.965078753761,64399.92,0.30470696091651917,0,0
10050.965078753761,64199.53,0.2879924476146698,0,0
10050.965078753761,64078.61,0.29571041464805603,0,0
10050.965078753761,63974.4,0.29571041464805603,0,0
10050.965078753761,64378.07,0.3115033507347107,0,0
10050.965078753761,63984.0,0.3316954970359802,0,0
10050.965078753761,63816.61,0.3356051445007324,0,0
10050.965078753761,62369.44,0.3514866232872009,0,1
10050.965078753761,62688.0,0.3438752293586731,0,0
10050.965078753761,62606.0,0.34978556632995605,0,1
10050.965078753761,62708.92,0.348776251077652,0,0
10050.965078753761,62950.79,0.348776251077652,0,0
10050.965078753761,63086.0,0.3194250464439392,0,0
10050.965078753761,62971.32,0.28926292061805725,0,0
10050.965078753761,62885.85,0.2782387435436249,0,0
10050.965078753761,62958.01,0.25695157051086426,0,0
10050.965078753761,63020.0,0.2803072929382324,0,0
10050.965078753761,63021.86,0.27708280086517334,0,0
10050.965078753761,63006.0,0.23707757890224457,0,0
10050.965078753761,62773.51,0.33407309651374817,0,0
10050.965078753761,62452.01,0.33138546347618103,0,0
10050.965078753761,62739.2,0.2923981547355652,0,0
10050.965078753761,62894.08,0.23294340074062347,0,0
10050.965078753761,62629.99,0.34723135828971863,0,1
10050.965078753761,62603.99,0.28798186779022217,0,1
10050.965078753761,62390.0,0.30815666913986206,0,1
10050.965078753761,62533.25,0.26973798871040344,0,1
10050.965078753761,62626.0,0.267276406288147,0,1
10050.965078753761,62830.01,0.30905041098594666,0,0
10050.965078753761,63210.0,0.32007458806037903,0,0
10050.965078753761,63203.53,0.298710435628891,0,0
10050.965078753761,63214.01,0.2551460266113281,0,0
10050.965078753761,62971.99,0.27584511041641235,0,1
10050.965078753761,63198.01,0.273624449968338,0,1
10050.965078753761,63110.01,0.22854751348495483,0,1
10050.965078753761,63021.6,0.21712462604045868,0,1
10050.965078753761,63250.01,0.23553496599197388,0,0
10050.965078753761,63075.98,0.20633716881275177,0,1
10050.965078753761,63315.28,0.2513698637485504,0,0
10050.965078753761,63543.91,0.2590412497520447,0,0
10050.965078753761,63530.01,0.25370052456855774,0,0
10050.965078753761,63586.28,0.22518959641456604,0,0
10050.965078753761,63340.57,0.24584029614925385,0,0
10050.965078753761,63476.79,0.21240234375,0,0
10050.965078753761,63583.53,0.21444478631019592,0,0
10050.965078753761,63678.07,0.24182730913162231,0,0
10050.965078753761,63744.61,0.18732008337974548,0,0
10050.965078753761,63655.21,0.23595213890075684,0,0
10050.965078753761,63417.97,0.251365602016449,0,1
10050.965078753761,63741.16,0.2563041150569916,0,1
10050.965078753761,63674.7,0.22716432809829712,0,1
10050.965078753761,63688.0,0.24031995236873627,0,0
10050.965078753761,63655.09,0.2370714396238327,0,0
10050.965078753761,63397.78,0.2584608495235443,0,1
10050.965078753761,63949.9,0.2832532227039337,0,0
10050.965078753761,64160.04,0.27647021412849426,0,0
10050.965078753761,64034.31,0.2484637051820755,0,0
10050.965078753761,63834.7,0.25370052456855774,0,1
10050.965078753761,63805.89,0.18571814894676208,0,1
10050.965078753761,63936.0,0.20436638593673706,0,0
10050.965078753761,63925.99,0.19714170694351196,0,0
10050.965078753761,64012.4,0.2156534045934677,0,1
10050.965078753761,64272.01,0.25641053915023804,0,0
10050.965078753761,64298.01,0.19030039012432098,0,0
10050.965078753761,64294.0,0.2130867838859558,0,0
10050.965078753761,64248.0,0.20987112820148468,0,0
10050.965078753761,64241.25,0.19138118624687195,0,0
10050.965078753761,64426.0,0.2434876710176468,0,0
10050.965078753761,64276.12,0.24349188804626465,0,0
10050.965078753761,64256.55,0.18999060988426208,0,0
10050.965078753761,64303.46,0.1944459229707718,0,0
10050.965078753761,64191.07,0.20022600889205933,0,0
10050.965078753761,64014.0,0.25370052456855774,0,0
10050.965078753761,64209.16,0.23330576717853546,0,0
10050.965078753761,64365.99,0.2252829223871231,0,0
10050.965078753761,64176.0,0.2442791908979416,0,0
10050.965078753761,64200.0,0.22430315613746643,0,0
10050.965078753761,64146.0,0.18364477157592773,0,0
10050.965078753761,64145.97,0.17087987065315247,0,0
10050.965078753761,64224.0,0.1829267293214798,0,0
10050.965078753761,64145.31,0.17517314851284027,0,0
10050.965078753761,64151.46,0.16275818645954132,0,0
10050.965078753761,64213.81,0.1859963834285736,0,0
10050.965078753761,64207.12,0.16275818645954132,0,1
10050.965078753761,63848.0,0.24381105601787567,0,1
10050.965078753761,63808.01,0.24090774357318878,0,0
10050.965078753761,63801.59,0.23090502619743347,0,0
10050.965078753761,63311.99,0.2962441146373749,0,1
10050.965078753761,63896.01,0.3012670576572418,0,0
10050.965078753761,64606.0,0.29554322361946106,0,0
10050.965078753761,64257.99,0.27765876054763794,0,0
10050.965078753761,63974.01,0.3109283745288849,0,0
10050.965078753761,64100.02,0.26153063774108887,0,0
10050.965078753761,64247.74,0.2662127614021301,0,1
10050.965078753761,63989.95,0.26170995831489563,0,1
10050.965078753761,64211.19,0.2709999978542328,0,1
10050.965078753761,64165.99,0.25638630986213684,0,1
10050.965078753761,64145.39,0.2129470556974411,0,1
10050.965078753761,64139.21,0.22313588857650757,0,1
10050.965078753761,64657.22,0.2818385660648346,0,0
10050.965078753761,65149.57,0.3049015998840332,0,0
10050.965078753761,65578.0,0.314044713973999,0,0
10050.965078753761,64980.39,0.3215373158454895,0,0
10050.965078753761,64836.95,0.28340598940849304,0,0
10050.965078753761,64719.77,0.2771902084350586,0,0
10050.965078753761,64602.0,0.27448248863220215,0,0
10050.965078753761,64334.01,0.27728864550590515,0,0
10050.965078753761,64472.0,0.2565562129020691,0,0
10050.965078753761,64433.8,0.2571585178375244,0,0
10050.965078753761,64320.57,0.2495366632938385,0,0
10050.965078753761,63971.12,0.28592708706855774,0,0
10050.965078753761,64020.01,0.24282307922840118,0,0
10050.965078753761,64154.99,0.2640179395675659,0,0
10050.965078753761,64156.0,0.2808845043182373,0,0
10050.965078753761,64204.01,0.2312738001346588,0,0
10050.965078753761,64065.35,0.22195762395858765,0,0
10050.965078753761,63623.02,0.3080448806285858,0,0
10050.965078753761,63400.0,0.3078900873661041,0,0
10050.965078753761,62936.01,0.3368268609046936,0,0
10050.965078753761,62886.03,0.2526245415210724,0,0
10050.965078753761,62385.99,0.34217652678489685,0,0
10050.965078753761,62386.0,0.24335448443889618,0,0
10050.965078753761,62328.01,0.2636941969394684,0,0
10050.965078753761,62507.06,0.2593401074409485,0,0
10050.965078753761,62256.6,0.30127838253974915,0,0
10050.965078753761,62475.99,0.32095077633857727,0,0
10050.965078753761,62493.63,0.31615185737609863,0,0
10050.965078753761,62487.79,0.2666548192501068,0,0
10050.965078753761,62558.0,0.3190942108631134,0,0
10050.965078753761,62358.02,0.2974379360675812,0,1
10050.965078753761,62241.99,0.2736947238445282,0,1
10050.965078753761,62388.49,0.2508699595928192,0,1
10050.965078753761,62470.7,0.21481700241565704,0,0
10050.965078753761,62599.77,0.2126998007297516,0,0
10050.965078753761,62590.0,0.2304348349571228,0,0
10050.965078753761,62734.57,0.23501725494861603,0,0
10050.965078753761,63014.0,0.26282182335853577,0,0
10050.965078753761,62932.19,0.2592124938964844,0,0
10050.965078753761,62630.0,0.298347532749176,0,0
10050.965078753761,62729.78,0.292798787355423,0,0
10050.965078753761,62744.42,0.24405944347381592,0,0
10050.965078753761,62890.0,0.2594382166862488,0,0
10050.965078753761,62780.0,0.20212297141551971,0,0
10050.965078753761,62657.99,0.23532870411872864,0,0
10050.965078753761,62800.0,0.227718785405159,0,0
10050.965078753761,62681.7,0.22301027178764343,0,0
10050.965078753761,62445.99,0.23532870411872864,0,0
10050.965078753761,62921.19,0.290993332862854,0,0
10050.965078753761,62618.31,0.27427539229393005,0,0
10050.965078753761,61338.01,0.35276708006858826,0,0
10050.965078753761,61113.1,0.3348652720451355,0,0
10050.965078753761,60250.0,0.35073021054267883,0,1
10050.965078753761,59850.0,0.36299410462379456,0,1
10050.965078753761,59404.0,0.36299410462379456,0,1
10050.965078753761,59599.99,0.3646782636642456,0,1
10050.965078753761,59958.3,0.3618285655975342,0,1
10050.965078753761,60956.0,0.37174928188323975,0,0
10050.965078753761,61110.0,0.365177720785141,0,0
10050.965078753761,60873.99,0.3559114634990692,0,1
10050.965078753761,61077.99,0.30361437797546387,0,1
10050.965078753761,60832.0,0.3566277027130127,0,1
10050.965078753761,60928.0,0.30818718671798706,0,1
10050.965078753761,60799.08,0.3057559132575989,0,1
10050.965078753761,60883.65,0.28883036971092224,0,1
10050.965078753761,61357.63,0.36562424898147583,0,0
10050.965078753761,61600.01,0.3811049163341522,0,0
10050.965078753761,61732.06,0.3069412410259247,0,0
10050.965078753761,61911.04,0.3159991204738617,0,0
10050.965078753761,61712.35,0.2778647243976593,0,0
10050.965078753761,61739.29,0.23629535734653473,0,0
10050.965078753761,61269.94,0.3636572062969208,0,0
10050.965078753761,61282.01,0.3290853202342987,0,0
10050.965078753761,61244.01,0.3640405535697937,0,0
10050.965078753761,58290.17,0.3903384506702423,0,1
10050.965078753761,59471.5,0.3992665708065033,0,0
10050.965078753761,59557.99,0.37266576290130615,0,1
10050.965078753761,59312.64,0.36513930559158325,0,1
10050.965078753761,59676.01,0.3423197865486145,0,0
10050.965078753761,59512.71,0.34604012966156006,0,0
10050.965078753761,59320.0,0.3589254319667816,0,0
10050.965078753761,59456.62,0.3564459979534149,0,0
10050.965078753761,60211.87,0.3592972755432129,0,0
10050.965078753761,59851.27,0.3545992076396942,0,0
10050.965078753761,59794.0,0.35581761598587036,0,0
10050.965078753761,59667.09,0.30745404958724976,0,1
10050.965078753761,59431.5,0.36283332109451294,0,1
10050.965078753761,58561.99,0.3739423155784607,0,1
10050.965078753761,60036.01,0.376298725605011,0,0
10050.965078753761,59920.47,0.36725661158561707,0,0
10050.965078753761,59953.3,0.29218369722366333,0,0
10050.965078753761,60324.0,0.3627597987651825,0,0
10050.965078753761,60532.0,0.3523033559322357,0,0
10050.965078753761,60245.67,0.35546982288360596,0,0
10050.965078753761,59736.01,0.36494168639183044,0,1
10050.965078753761,59313.26,0.3504107892513275,0,1
10050.965078753761,59413.24,0.31235939264297485,0,1
10050.965078753761,59185.02,0.35262396931648254,0,1
10050.965078753761,60175.43,0.3709721565246582,0,0
10050.965078753761,59590.73,0.35767796635627747,0,0
10050.965078753761,60328.32,0.32766199111938477,0,0
10050.965078753761,60041.75,0.34205546975135803,0,0
10050.965078753761,60023.97,0.2866721749305725,0,0
10050.965078753761,59668.01,0.3252323865890503,0,1
10050.965078753761,59751.97,0.33195823431015015,0,0
10050.965078753761,59718.0,0.3073030412197113,0,1
10050.965078753761,59918.7,0.2893247604370117,0,1
10050.965078753761,60048.0,0.265735000371933,0,0
10050.965078753761,60097.27,0.2374798208475113,0,0
10050.965078753761,60059.07,0.2753046154975891,0,1
10050.965078753761,59945.53,0.19782954454421997,0,1
10050.965078753761,60290.01,0.30562371015548706,0,0
10050.965078753761,60305.73,0.26430532336235046,0,0
10050.965078753761,60239.99,0.2741418480873108,0,0
10050.965078753761,60236.76,0.241524338722229,0,0
10050.965078753761,60370.62,0.2826014757156372,0,0
10050.965078753761,60548.07,0.2664249837398529,0,0
10050.965078753761,60456.0,0.23193895816802979,0,0
10050.965078753761,60414.62,0.24057359993457794,0,1
10050.965078753761,60420.28,0.17697341740131378,0,1
10050.965078753761,60363.65,0.23609574139118195,0,0
10050.965078753761,60430.0,0.22465941309928894,0,0
10050.965078753761,60588.35,0.23676595091819763,0,0
10050.965078753761,60611.5,0.2234502136707306,0,0
10050.965078753761,60840.06,0.26254111528396606,0,0
10050.965078753761,60807.99,0.20964282751083374,0,0
10050.965078753761,60524.88,0.2610988914966583,0,0
10050.965078753761,60570.86,0.19924412667751312,0,0
10050.965078753761,60175.95,0.28749048709869385,0,0
10050.965078753761,60300.0,0.2040383666753769,0,0
10050.965078753761,60203.82,0.2613673210144043,0,0
10050.965078753761,60228.95,0.2540149390697479,0,0
10050.965078753761,60029.0,0.26243728399276733,0,0
10050.965078753761,60146.0,0.23171736299991608,0,0
10050.965078753761,60222.22,0.2368600219488144,0,0
10050.965078753761,60150.45,0.2353813797235489,0,0
10050.965078753761,60197.04,0.20461851358413696,0,0
10050.965078753761,60133.0,0.2069719135761261,0,0
10050.965078753761,59989.17,0.2621503472328186,0,1
10050.965078753761,60002.82,0.23560546338558197,0,0
10050.965078753761,60219.99,0.2399848997592926,0,0
10050.965078753761,60370.0,0.2627996802330017,0,0
10050.965078753761,60258.84,0.22452770173549652,0,0
10050.965078753761,60166.71,0.23463135957717896,0,0
10050.965078753761,60342.0,0.2368600219488144,0,0
10050.965078753761,60293.51,0.20941904187202454,0,0
10050.965078753761,60071.88,0.22128266096115112,0,0
10050.965078753761,60033.0,0.19814209640026093,0,0
10050.965078753761,59890.0,0.20840197801589966,0,0
10050.965078753761,59690.62,0.27807143330574036,0,0
10050.965078753761,59586.01,0.2951579988002777,0,0
10050.965078753761,59614.46,0.2335015833377838,0,0
10050.965078753761,59481.79,0.2787638008594513,0,0
10050.965078753761,59660.0,0.24461592733860016,0,0
10050.965078753761,59445.95,0.29037076234817505,0,1
10050.965078753761,59067.01,0.32597026228904724,0,1
10050.965078753761,59577.01,0.3127872943878174,0,1
10050.965078753761,59667.01,0.3138679563999176,0,1
10050.965078753761,59440.95,0.3133317828178406,0,1
10050.965078753761,59757.46,0.33300668001174927,0,0
10050.965078753761,60049.46,0.2860678732395172,0,0
10050.965078753761,59830.0,0.2516331970691681,0,0
10050.965078753761,60102.8,0.2873910665512085,0,0
10050.965078753761,60075.49,0.2634742856025696,0,0
10050.965078753761,60026.0,0.2608261704444885,0,0
10050.965078753761,59840.0,0.2928573489189148,0,0
10050.965078753761,60057.0,0.2646331787109375,0,0
10050.965078753761,60088.0,0.2502436935901642,0,0
10050.965078753761,59956.05,0.2879115343093872,0,1
10050.965078753761,59948.78,0.3258971571922302,0,1
10050.965078753761,59580.0,0.3494096100330353,0,1
10050.965078753761,59469.67,0.3254478871822357,0,1
10050.965078753761,59824.01,0.30665430426597595,0,1
10050.965078753761,59892.86,0.2657310664653778,0,1
10050.965078753761,60413.99,0.30422088503837585,0,0
10050.965078753761,60295.0,0.2558293342590332,0,0
10050.965078753761,60433.49,0.2633289098739624,0,0
10050.965078753761,60296.0,0.24010483920574188,0,0
10050.965078753761,60479.72,0.24151697754859924,0,0
10050.965078753761,60352.31,0.21840012073516846,0,0
10050.965078753761,60260.21,0.21519872546195984,0,0
10050.965078753761,59838.01,0.29971766471862793,0,0
10050.965078753761,59939.94,0.24157099425792694,0,0
10050.965078753761,59948.24,0.24237944185733795,0,0
10050.965078753761,59627.48,0.2802715599536896,0,0
10050.965078753761,59492.01,0.2632858157157898,0,0
10050.965078753761,59652.13,0.2655375897884369,0,0
10050.965078753761,59592.0,0.23029616475105286,0,0
10050.965078753761,59524.01,0.23315180838108063,0,0
10050.965078753761,59311.92,0.2902662754058838,0,0
10050.965078753761,59374.96,0.23668356239795685,0,0
10050.965078753761,59334.01,0.1973630040884018,0,0
10050.965078753761,59192.7,0.2575293183326721,0,0
10050.965078753761,58412.0,0.3396299183368683,0,0
10050.965078753761,58737.18,0.31990185379981995,0,0
10050.965078753761,58482.81,0.3253464996814728,0,0
10050.965078753761,58381.99,0.31563401222229004,0,0
10050.965078753761,58497.65,0.3147217333316803,0,0
10050.965078753761,58417.99,0.259682834148407,0,0
10050.965078753761,58680.87,0.2901745140552521,0,0
10050.965078753761,58818.05,0.2661605179309845,0,0
10050.965078753761,58732.01,0.2422931045293808,0,1
10050.965078753761,58639.99,0.25026893615722656,0,1
10050.965078753761,58607.99,0.25056904554367065,0,1
10050.965078753761,58624.71,0.20588412880897522,0,1
10050.965078753761,58576.0,0.29629942774772644,0,0
10050.965078753761,58770.57,0.32128334045410156,0,0
10050.965078753761,59085.0,0.30319562554359436,0,0
10050.965078753761,59197.13,0.291241854429245,0,0
10050.965078753761,59339.99,0.2683071792125702,0,0
10050.965078753761,59154.33,0.24951018393039703,0,0
10050.965078753761,58755.8,0.3208322525024414,0,0
10050.965078753761,58768.65,0.2545274794101715,0,1
10050.965078753761,58973.99,0.2733478844165802,0,1
10050.965078753761,58944.55,0.2666548192501068,0,1
10050.965078753761,58659.98,0.2786402702331543,0,1
10050.965078753761,58622.03,0.24514952301979065,0,1
10050.965078753761,58538.01,0.2848303020000458,0,1
10050.965078753761,59498.03,0.3303963840007782,0,1
10050.965078753761,59542.0,0.3115478754043579,0,1
10050.965078753761,60147.15,0.31645989418029785,0,1
10050.965078753761,59920.0,0.27296900749206543,0,1
10050.965078753761,60190.6,0.2678619623184204,0,0
10050.965078753761,60171.16,0.25682640075683594,0,0
10050.965078753761,60028.67,0.25963094830513,0,0
10050.965078753761,60126.0,0.24947544932365417,0,0
10050.965078753761,60815.99,0.29687169194221497,0,0
10050.965078753761,60478.01,0.3196595311164856,0,1
10050.965078753761,60024.0,0.290657103061676,0,1
10050.965078753761,59761.73,0.32170212268829346,0,1
10050.965078753761,60175.92,0.31320980191230774,0,0
10050.965078753761,60423.1,0.28588905930519104,0,0
10050.965078753761,61058.0,0.3174137771129608,0,0
10050.965078753761,60787.98,0.28972816467285156,0,1
10050.965078753761,60504.54,0.3045216202735901,0,1
10050.965078753761,60274.01,0.30352720618247986,0,1
10050.965078753761,60149.99,0.2572881579399109,0,1
10050.965078753761,60511.99,0.3049905002117157,0,1
10050.965078753761,61184.0,0.32220932841300964,0,1
10050.965078753761,61263.68,0.2776474356651306,0,1
10050.965078753761,61358.01,0.28246134519577026,0,1
10050.965078753761,61542.53,0.29471349716186523,0,0
10050.965078753761,61939.04,0.3085377812385559,0,0
10050.965078753761,61696.61,0.31427985429763794,0,0
10050.965078753761,61612.93,0.29019832611083984,0,0
10050.965078753761,61682.34,0.3106471002101898,0,0
10050.965078753761,61667.39,0.26907357573509216,0,0
10050.965078753761,61761.36,0.2418171465396881,0,0
10050.965078753761,61479.6,0.26579713821411133,0,0
10050.965078753761,61584.78,0.2351473718881607,0,0
10050.965078753761,61592.26,0.18870925903320312,0,0
10050.965078753761,61465.26,0.21438166499137878,0,0
10050.965078753761,61560.0,0.2190534919500351,0,0
10050.965078753761,61308.75,0.2450469583272934,0,1
10050.965078753761,61588.0,0.2537718415260315,0,0
10050.965078753761,61440.01,0.2503243386745453,0,0
10050.965078753761,61434.0,0.23545938730239868,0,0
10050.965078753761,61448.0,0.22196173667907715,0,1
10050.965078753761,61700.49,0.23943857848644257,0,1
10050.965078753761,61710.01,0.20638853311538696,0,0
10050.965078753761,61750.47,0.20166335999965668,0,1
10050.965078753761,61584.0,0.21084986627101898,0,1
10050.965078753761,61718.68,0.18977615237236023,0,0
10050.965078753761,61916.46,0.22700022161006927,0,0
10050.965078753761,62024.02,0.23717960715293884,0,0
10050.965078753761,61983.99,0.24043814837932587,0,0
10050.965078753761,62116.01,0.2466646283864975,0,0
10050.965078753761,62167.48,0.2627109885215759,0,1
10050.965078753761,61922.72,0.27187156677246094,0,1
10050.965078753761,62104.81,0.22369736433029175,0,1
10050.965078753761,62194.0,0.2285216897726059,0,1
10050.965078753761,62204.01,0.21733781695365906,0,1
10050.965078753761,62210.0,0.22701649367809296,0,0
10050.965078753761,62776.92,0.29058390855789185,0,0
10050.965078753761,62732.0,0.2723926603794098,0,0
10050.965078753761,62578.0,0.23410038650035858,0,0
10050.965078753761,62583.26,0.2292991280555725,0,0
10050.965078753761,62756.29,0.26451900601387024,0,0
10050.965078753761,62468.44,0.27611681818962097,0,0
10050.965078753761,62538.96,0.22024574875831604,0,0
10050.965078753761,62627.29,0.2453741729259491,0,0
10050.965078753761,62700.0,0.23775523900985718,0,0
10050.965078753761,62471.52,0.23953911662101746,0,0
10050.965078753761,62500.01,0.24155110120773315,0,0
10050.965078753761,62576.0,0.23240427672863007,0,0
10050.965078753761,62553.78,0.23324191570281982,0,0
10050.965078753761,62494.0,0.21504651010036469,0,1
10050.965078753761,62513.0,0.17435969412326813,0,1
10050.965078753761,62482.01,0.1821245402097702,0,1
10050.965078753761,62664.01,0.20469629764556885,0,1
10050.965078753761,62588.84,0.20117615163326263,0,1
10050.965078753761,62693.99,0.19310149550437927,0,1
10050.965078753761,62943.29,0.25946733355522156,0,1
10050.965078753761,62927.29,0.21176914870738983,0,0
10050.965078753761,63280.38,0.2870939373970032,0,0
10050.965078753761,63172.78,0.2439810186624527,0,0
10050.965078753761,63294.72,0.2500098645687103,0,0
10050.965078753761,63233.78,0.24103444814682007,0,0
10050.965078753761,63297.84,0.24103444814682007,0,0
10050.965078753761,63184.99,0.23102013766765594,0,0
10050.965078753761,63144.01,0.2488313913345337,0,0
10050.965078753761,62991.29,0.23637782037258148,0,0
10050.965078753761,62887.94,0.23886902630329132,0,0
10050.965078753761,62693.56,0.23571588099002838,0,0
10050.965078753761,62769.04,0.1969464123249054,0,0
10050.965078753761,62815.99,0.23349466919898987,0,0
10050.965078753761,62740.5,0.22243189811706543,0,0
10050.965078753761,62782.18,0.2068200558423996,0,0
10050.965078753761,63020.21,0.24227897822856903,0,0
10050.965078753761,62915.0,0.22243189811706543,0,0
10050.965078753761,62622.18,0.26477739214897156,0,0
10050.965078753761,62756.12,0.21391375362873077,0,0
10050.965078753761,62658.92,0.21966993808746338,0,0
10050.965078753761,62745.01,0.21966993808746338,0,0
10050.965078753761,62792.0,0.22243189811706543,0,0
10050.965078753761,62812.25,0.21735796332359314,0,0
10050.965078753761,62740.01,0.23072974383831024,0,1
10050.965078753761,62637.48,0.21976040303707123,0,1
10050.965078753761,62624.93,0.20623044669628143,0,1
10050.965078753761,62820.33,0.19785267114639282,0,1
10050.965078753761,62768.88,0.19287604093551636,0,1
10050.965078753761,62730.61,0.17712931334972382,0,1
10050.965078753761,63092.01,0.2500971257686615,0,0
10050.965078753761,63736.0,0.2878080904483795,0,0
10050.965078753761,63650.0,0.27463626861572266,0,0
10050.965078753761,63761.99,0.2822268605232239,0,0
10050.965078753761,63576.0,0.26869189739227295,0,0
10050.965078753761,63460.01,0.258567214012146,0,0
10050.965078753761,63294.0,0.265272319316864,0,0
10050.965078753761,63267.99,0.23024919629096985,0,0
10050.965078753761,63114.0,0.2521804869174957,0,0
10050.965078753761,62976.0,0.23911942541599274,0,0
10050.965078753761,63089.42,0.24067988991737366,0,0
10050.965078753761,62904.01,0.26990893483161926,0,0
10050.965078753761,62664.77,0.2495959997177124,0,1
10050.965078753761,62822.06,0.265132337808609,0,1
10050.965078753761,62483.84,0.28495460748672485,0,1
10050.965078753761,61754.01,0.3364321291446686,0,1
10050.965078753761,61768.21,0.33401042222976685,0,1
10050.965078753761,62052.0,0.32466772198677063,0,1
10050.965078753761,63545.98,0.34384551644325256,0,1
10050.965078753761,63732.0,0.31542593240737915,0,1
10050.965078753761,63587.38,0.30400145053863525,0,1
10050.965078753761,63696.4,0.2639542520046234,0,1
10050.965078753761,63738.52,0.23832951486110687,0,0
10050.965078753761,63828.0,0.2563813626766205,0,0
10050.965078753761,64489.98,0.32300448417663574,0,0
10050.965078753761,64244.0,0.2654058337211609,0,0
10050.965078753761,64042.02,0.2583133280277252,0,0
10050.965078753761,64203.99,0.2656100392341614,0,0
10050.965078753761,63840.0,0.299267053604126,0,0
10050.965078753761,63322.01,0.32262301445007324,0,0
10050.965078753761,63191.01,0.26794707775115967,0,0
10050.965078753761,63100.01,0.24940302968025208,0,0
10050.965078753761,63128.01,0.30838143825531006,0,0
10050.965078753761,63340.0,0.3019710183143616,0,0
10050.965078753761,63083.18,0.3015628457069397,0,0
10050.965078753761,63104.0,0.226036936044693,0,1
10050.965078753761,63256.0,0.2628045976161957,0,1
10050.965078753761,63284.0,0.27094611525535583,0,1
10050.965078753761,63406.0,0.24742300808429718,0,1
10050.965078753761,63481.39,0.26882022619247437,0,0
10050.965078753761,63056.0,0.2956661880016327,0,1
10050.965078753761,63562.05,0.30850282311439514,0,0
10050.965078753761,63930.51,0.29507213830947876,0,0
10050.965078753761,63983.27,0.2704429030418396,0,0
10050.965078753761,64186.0,0.25336530804634094,0,0
10050.965078753761,63679.99,0.2823919951915741,0,0
10050.965078753761,63817.99,0.27097752690315247,0,0
10050.965078753761,63697.99,0.24917688965797424,0,0
10050.965078753761,63423.94,0.30595850944519043,0,0
10050.965078753761,63551.02,0.27783772349357605,0,0
10050.965078753761,63363.99,0.25941407680511475,0,0
10050.965078753761,63612.77,0.2855338156223297,0,0
10050.965078753761,63038.01,0.33419960737228394,0,0
10050.965078753761,62979.99,0.3056579530239105,0,0
10050.965078753761,62766.0,0.2768276333808899,0,0
10050.965078753761,62800.0,0.2340250164270401,0,0
10050.965078753761,62637.88,0.27185916900634766,0,0
10050.965078753761,62657.81,0.25855526328086853,0,0
10050.965078753761,62888.35,0.2639745771884918,0,0
10050.965078753761,62018.36,0.35469165444374084,0,0
10050.965078753761,62057.67,0.32660457491874695,0,0
10050.965078753761,62183.12,0.28375622630119324,0,0
10050.965078753761,62299.99,0.27258941531181335,0,0
10050.965078753761,61957.73,0.3266248106956482,0,0
10050.965078753761,61945.49,0.315712571144104,0,1
10050.965078753761,61889.83,0.320588618516922,0,0
10050.965078753761,61704.01,0.30942556262016296,0,1
10050.965078753761,62113.03,0.3193069398403168,0,0
10050.965078753761,62104.62,0.29904329776763916,0,0
10050.965078753761,62185.32,0.2703363299369812,0,0
10050.965078753761,62277.98,0.23505017161369324,0,0
10050.965078753761,62099.61,0.24894402921199799,0,0
10050.965078753761,62187.17,0.2698031961917877,0,0
10050.965078753761,62330.4,0.21965889632701874,0,0
10050.965078753761,62290.0,0.2236260324716568,0,0
10050.965078753761,62129.99,0.25516238808631897,0,1
10050.965078753761,61916.0,0.33519312739372253,0,1
10050.965078753761,61788.8,0.3156237006187439,0,1
10050.965078753761,61974.34,0.266121506690979,0,1
10050.965078753761,62453.74,0.2917400300502777,0,1
10050.965078753761,62589.61,0.279772013425827,0,0
10050.965078753761,62959.96,0.27492618560791016,0,0
10050.965078753761,63000.0,0.27247172594070435,0,0
10050.965078753761,62903.65,0.25832319259643555,0,0
10050.965078753761,62953.4,0.23988796770572662,0,0
10050.965078753761,62786.04,0.2557758390903473,0,0
10050.965078753761,62786.34,0.24051904678344727,0,1
10050.965078753761,62614.02,0.29367920756340027,0,1
10050.965078753761,63028.35,0.2727225720882416,0,0
10050.965078753761,63016.0,0.26003146171569824,0,0
10050.965078753761,62868.05,0.27371880412101746,0,1
10050.965078753761,62700.01,0.257447749376297,0,1
10050.965078753761,63142.79,0.2672829031944275,0,0
10050.965078753761,63219.03,0.26592323184013367,0,0
10050.965078753761,63248.1,0.23807652294635773,0,1
10050.965078753761,63313.38,0.20399145781993866,0,1
10050.965078753761,63274.59,0.2056925892829895,0,1
10050.965078753761,63218.78,0.20958077907562256,0,1
10050.965078753761,63230.0,0.23844777047634125,0,1
10050.965078753761,63113.93,0.2495959997177124,0,1
10050.965078753761,63749.86,0.3045511543750763,0,0
10050.965078753761,63961.99,0.27290257811546326,0,0
10050.965078753761,63947.2,0.2380535751581192,0,1
10050.965078753761,64047.88,0.2478962242603302,0,1
10050.965078753761,64115.99,0.25110626220703125,0,0
10050.965078753761,63854.71,0.24645839631557465,0,1
10050.965078753761,63963.0,0.2395182102918625,0,1
10050.965078753761,64246.01,0.2767044007778168,0,0
10050.965078753761,64385.09,0.2799924314022064,0,0
10050.965078753761,64407.8,0.2621917128562927,0,0
10050.965078753761,64425.18,0.23832428455352783,0,0
10050.965078753761,64286.64,0.28216102719306946,0,0
10050.965078753761,64484.0,0.27495381236076355,0,0
10050.965078753761,63914.87,0.31052595376968384,0,0
10050.965078753761,64040.0,0.25103670358657837,0,0
10050.965078753761,64140.01,0.26662319898605347,0,0
10050.965078753761,63823.99,0.24868586659431458,0,1
10050.965078753761,63810.0,0.241024449467659,0,0
10050.965078753761,63917.88,0.25685644149780273,0,0
10050.965078753761,63841.25,0.2545067071914673,0,0
10050.965078753761,64011.99,0.22470451891422272,0,0
10050.965078753761,64112.29,0.23621322214603424,0,0
10050.965078753761,64161.72,0.23240427672863007,0,0
10050.965078753761,64124.0,0.18963967263698578,0,0
10050.965078753761,64012.95,0.24409690499305725,0,0
10050.965078753761,64158.04,0.2072879821062088,0,0
10050.965078753761,64150.42,0.18494470417499542,0,0
10050.965078753761,64152.0,0.1885508894920349,0,0
10050.965078753761,64176.01,0.18113182485103607,0,0
10050.965078753761,64219.1,0.21183913946151733,0,0
10050.965078753761,64162.18,0.16697582602500916,0,0
10050.965078753761,64265.98,0.1791045218706131,0,0
10050.965078753761,64167.34,0.1813761591911316,0,0
10050.965078753761,64196.0,0.17836986482143402,0,0
10050.965078753761,64198.0,0.17836986482143402,0,0
10050.965078753761,64195.49,0.17306101322174072,0,0
10050.965078753761,64235.66,0.17375341057777405,0,0
10050.965078753761,64350.07,0.21319925785064697,0,0
10050.965078753761,64175.75,0.2544020712375641,0,0
10050.965078753761,64180.01,0.19649501144886017,0,0
10050.965078753761,64315.53,0.1991291344165802,0,0
10050.965078753761,64327.99,0.18466611206531525,0,0
10050.965078753761,64286.0,0.1706290990114212,0,0
10050.965078753761,64382.45,0.20107227563858032,0,0
10050.965078753761,64355.99,0.1787118762731552,0,0
10050.965078753761,64203.08,0.20306186378002167,0,0
10050.965078753761,63819.0,0.2633850574493408,0,0
10050.965078753761,63828.47,0.19923284649848938,0,0
10050.965078753761,64133.61,0.23270785808563232,0,0
10050.965078753761,64070.39,0.18075767159461975,0,0
10050.965078753761,64223.73,0.1981452852487564,0,0
10050.965078753761,63999.93,0.2056288868188858,0,0
10050.965078753761,63959.93,0.17538411915302277,0,0
10050.965078753761,63762.46,0.2427625060081482,0,0
10050.965078753761,63885.27,0.21650788187980652,0,0
10050.965078753761,63983.18,0.21650788187980652,0,0
10050.965078753761,63961.61,0.23797275125980377,0,0
10050.965078753761,63865.76,0.18118073046207428,0,0
10050.965078753761,64018.01,0.20392487943172455,0,0
10050.965078753761,64026.0,0.20897813141345978,0,0
10050.965078753761,64023.14,0.17797937989234924,0,0
10050.965078753761,64203.08,0.22173891961574554,0,0
10050.965078753761,64176.0,0.17874698340892792,0,0
10050.965078753761,64177.7,0.1835179477930069,0,0
10050.965078753761,64078.0,0.1709551215171814,0,0
10050.965078753761,64147.99,0.1660287231206894,0,0
10050.965078753761,64228.59,0.16601642966270447,0,0
10050.965078753761,64198.89,0.15050330758094788,0,0
10050.965078753761,63920.4,0.19906200468540192,0,0
10050.965078753761,63886.87,0.18995212018489838,0,0
10050.965078753761,63780.0,0.18587186932563782,0,0
10050.965078753761,64072.01,0.26005008816719055,0,0
10050.965078753761,63412.01,0.31148844957351685,0,0
10050.965078753761,63375.99,0.2628594934940338,0,0
10050.965078753761,62806.41,0.32913437485694885,0,0
10050.965078753761,62672.0,0.2673795223236084,0,0
10050.965078753761,62799.0,0.3169689178466797,0,0
10050.965078753761,62797.55,0.23911942541599274,0,0
10050.965078753761,62985.52,0.26314637064933777,0,0
10050.965078753761,63206.97,0.2905083894729614,0,0
10050.965078753761,63100.02,0.2365909367799759,0,0
10050.965078753761,62867.89,0.26075929403305054,0,0
10050.965078753761,62901.99,0.24746640026569366,0,0
10050.965078753761,62625.15,0.3104001581668854,0,0
10050.965078753761,62318.0,0.3259836435317993,0,0
10050.965078753761,62791.85,0.32064753770828247,0,0
10050.965078753761,62618.01,0.30533188581466675,0,0
10050.965078753761,62276.0,0.3112296760082245,0,0
10050.965078753761,61904.99,0.3307237923145294,0,1
10050.965078753761,62020.0,0.27557888627052307,0,1
10050.965078753761,62288.23,0.2613181471824646,0,0
10050.965078753761,62210.99,0.2511133551597595,0,1
10050.965078753761,62065.06,0.2407132089138031,0,1
10050.965078753761,61924.0,0.24470534920692444,0,1
10050.965078753761,62334.52,0.28233441710472107,0,1
10050.965078753761,62549.54,0.28637704253196716,0,0
10050.965078753761,62540.42,0.248878613114357,0,0
10050.965078753761,62544.0,0.25533053278923035,0,0
10050.965078753761,62572.89,0.24712593853473663,0,0
10050.965078753761,62745.23,0.2200777381658554,0,0
10050.965078753761,62737.0,0.24145562946796417,0,0
10050.965078753761,62624.05,0.24132367968559265,0,1
10050.965078753761,62560.92,0.19906021654605865,0,1
10050.965078753761,62713.85,0.25617069005966187,0,1
10050.965078753761,62629.55,0.23904427886009216,0,1
10050.965078753761,62800.0,0.2511695325374603,0,1
10050.965078753761,62844.99,0.2354000210762024,0,1
10050.965078753761,63960.0,0.31498420238494873,0,1
10050.965078753761,63840.01,0.29466187953948975,0,1
10050.965078753761,64305.02,0.32108074426651,0,0
10050.965078753761,64743.99,0.32108074426651,0,0
10050.965078753761,64730.0,0.2777568995952606,0,0
10050.965078753761,64621.43,0.30036047101020813,0,1
10050.965078753761,64571.98,0.26034659147262573,0,0
10050.965078753761,64569.59,0.2341514378786087,0,0
10050.965078753761,64572.02,0.234980970621109,0,0
10050.965078753761,64676.9,0.2750892639160156,0,0
10050.965078753761,64860.89,0.2958252429962158,0,0
10050.965078753761,65043.98,0.2607613503932953,0,0
10050.965078753761,64824.58,0.25085559487342834,0,0
10050.965078753761,64674.35,0.23536473512649536,0,0
10050.965078753761,64490.87,0.23198984563350677,0,0
10050.965078753761,64792.01,0.24749793112277985,0,0
10050.965078753761,64746.01,0.22200673818588257,0,0
10050.965078753761,64944.06,0.25681909918785095,0,0
10050.965078753761,64814.0,0.28087684512138367,0,1
10050.965078753761,64549.34,0.2699124217033386,0,1
10050.965078753761,64768.01,0.25302189588546753,0,1
10050.965078753761,64671.83,0.2268849015235901,0,1
10050.965078753761,64663.0,0.1793675720691681,0,1
10050.965078753761,64732.15,0.1888706535100937,0,1
10050.965078753761,65164.0,0.26698631048202515,0,0
10050.965078753761,65117.99,0.27539607882499695,0,0
10050.965078753761,65399.81,0.27471408247947693,0,0
10050.965078753761,65427.61,0.2612122595310211,0,0
10050.965078753761,65120.79,0.29307618737220764,0,0
10050.965078753761,65056.1,0.24051904678344727,0,0
10050.965078753761,64860.0,0.2545067071914673,0,0
10050.965078753761,64977.34,0.23050373792648315,0,0
10050.965078753761,64968.01,0.19895760715007782,0,0
10050.965078753761,64834.31,0.2057613730430603,0,0
10050.965078753761,64866.93,0.20436638593673706,0,0
10050.965078753761,64756.28,0.21860410273075104,0,0
10050.965078753761,64584.07,0.25321993231773376,0,0
10050.965078753761,64730.01,0.2576986253261566,0,0
10050.965078753761,64642.01,0.20526345074176788,0,0
10050.965078753761,64619.95,0.20781993865966797,0,0
10050.965078753761,64650.05,0.2204599529504776,0,0
10050.965078753761,64917.99,0.25599756836891174,0,0
10050.965078753761,64777.32,0.2384554147720337,0,0
10050.965078753761,64238.0,0.2999933362007141,0,0
10050.965078753761,64126.85,0.2993832230567932,0,1
10050.965078753761,64090.0,0.23911942541599274,0,1
10050.965078753761,64221.34,0.21749232709407806,0,0
10050.965078753761,64256.53,0.21749232709407806,0,0
10050.965078753761,63966.01,0.2913055121898651,0,0
10050.965078753761,64376.0,0.29062503576278687,0,0
10050.965078753761,64543.51,0.29675161838531494,0,0
10050.965078753761,64704.73,0.2841244637966156,0,0
10050.965078753761,64484.0,0.2771836817264557,0,0
10050.965078753761,64069.03,0.32213783264160156,0,0
10050.965078753761,64246.01,0.25252628326416016,0,0
10050.965078753761,64271.84,0.20555134117603302,0,0
10050.965078753761,64114.27,0.21109212934970856,0,0
10050.965078753761,64161.99,0.20555134117603302,0,0
10050.965078753761,63968.0,0.24607418477535248,0,0
10050.965078753761,63830.2,0.24571102857589722,0,0
10050.965078753761,63886.0,0.25304099917411804,0,0
10050.965078753761,63546.24,0.31713196635246277,0,0
10050.965078753761,63482.0,0.2586726248264313,0,0
10050.965078753761,63570.0,0.25054019689559937,0,0
10050.965078753761,63486.01,0.25054019689559937,0,0
10050.965078753761,62839.76,0.3218945562839508,0,1
10050.965078753761,62948.0,0.2655327320098877,0,0
10050.965078753761,62828.11,0.24440570175647736,0,1
10050.965078753761,62888.0,0.26126629114151,0,0
10050.965078753761,62989.46,0.24132367968559265,0,1
10050.965078753761,63179.92,0.24132367968559265,0,1
10050.965078753761,63298.01,0.26043665409088135,0,1
10050.965078753761,63099.75,0.26043665409088135,0,1
10050.965078753761,63153.99,0.30617716908454895,0,1
10050.965078753761,63174.0,0.30533188581466675,0,1
10050.965078753761,63452.0,0.30326372385025024,0,1
10050.965078753761,63594.0,0.30225837230682373,0,1
10050.965078753761,64049.86,0.2915395200252533,0,0
10050.965078753761,64259.73,0.27469342947006226,0,0
10050.965078753761,64160.8,0.2775077223777771,0,0
10050.965078753761,64120.0,0.23860539495944977,0,0
10050.965078753761,64110.0,0.21381807327270508,0,0
10050.965078753761,63986.0,0.22444848716259003,0,0
10050.965078753761,63931.67,0.19714170694351196,0,0
10050.965078753761,63910.04,0.17939843237400055,0,0
10050.965078753761,63952.98,0.16455967724323273,0,0
10050.965078753761,63967.61,0.17085905373096466,0,0
10050.965078753761,64017.84,0.1727563738822937,0,0
10050.965078753761,63967.99,0.16856993734836578,0,0
10050.965078753761,63967.95,0.17390504479408264,0,0
10050.965078753761,63979.67,0.17390504479408264,0,0
10050.965078753761,64002.75,0.17449644207954407,0,0
10050.965078753761,64006.01,0.1804116815328598,0,0
10050.965078753761,63987.76,0.18808434903621674,0,0
10050.965078753761,64016.43,0.170022651553154,0,0
10050.965078753761,64069.89,0.16449201107025146,0,1
10050.965078753761,64218.0,0.20066507160663605,0,0
10050.965078753761,64106.0,0.19424791634082794,0,1
10050.965078753761,64126.0,0.17823001742362976,0,1
10050.965078753761,64123.12,0.18349528312683105,0,1
10050.965078753761,64303.47,0.21692359447479248,0,1
10050.965078753761,64480.29,0.21297521889209747,0,1
10050.965078753761,64512.41,0.23972336947917938,0,0
10050.965078753761,64552.79,0.24309822916984558,0,0
10050.965078753761,64693.01,0.24873651564121246,0,0
10050.965078753761,64731.72,0.2503390908241272,0,0
10050.965078753761,64805.05,0.25196602940559387,0,0
10050.965078753761,64834.22,0.23446688055992126,0,0
10050.965078753761,64792.08,0.23735827207565308,0,0
10050.965078753761,64765.99,0.22886177897453308,0,0
10050.965078753761,64826.01,0.24187476933002472,0,0
10050.965078753761,64706.18,0.22810210287570953,0,0
10050.965078753761,64720.17,0.22529013454914093,0,0
10050.965078753761,64724.01,0.21467792987823486,0,0
10050.965078753761,64711.69,0.2112678438425064,0,0
10050.965078753761,64711.05,0.20902661979198456,0,0
10050.965078753761,64707.49,0.20902661979198456,0,0
10050.965078753761,64509.99,0.21232165396213531,0,0
10050.965078753761,64595.0,0.2083907127380371,0,0
10050.965078753761,64467.64,0.18317866325378418,0,0
10050.965078753761,64441.15,0.18503065407276154,0,0
10050.965078753761,64483.31,0.18249037861824036,0,0
10050.965078753761,64593.07,0.18803174793720245,0,0
10050.965078753761,64585.32,0.17749930918216705,0,0
10050.965078753761,64538.72,0.17757831513881683,0,0
10050.965078753761,64547.86,0.20243248343467712,0,0
10050.965078753761,64419.99,0.18721339106559753,0,0
10050.965078753761,64462.58,0.16672348976135254,0,0
10050.965078753761,64535.99,0.1655324101448059,0,0
10050.965078753761,64415.75,0.17827454209327698,0,1
10050.965078753761,64674.67,0.23966652154922485,0,0
10050.965078753761,64722.54,0.20336118340492249,0,0
10050.965078753761,64553.84,0.24408358335494995,0,0
10050.965078753761,64628.01,0.24297328293323517,0,0
10050.965078753761,64827.2,0.2417057305574417,0,0
10050.965078753761,64869.8,0.19909973442554474,0,0
10050.965078753761,64540.01,0.20139732956886292,0,0
10050.965078753761,64128.0,0.26739683747291565,0,1
10050.965078753761,63917.98,0.2851881682872772,0,1
10050.965078753761,64280.01,0.2853201925754547,0,0
10050.965078753761,64049.99,0.3091772198677063,0,1
10050.965078753761,64199.5,0.24821315705776215,0,1
10050.965078753761,64301.18,0.24355830252170563,0,1
10050.965078753761,65002.01,0.29142364859580994,0,1
10050.965078753761,64640.0,0.27862349152565,0,1
10050.965078753761,64344.01,0.28568562865257263,0,1
10050.965078753761,64416.01,0.2772628366947174,0,1
10050.965078753761,65598.75,0.34135371446609497,0,0
10050.965078753761,65508.5,0.2735169529914856,0,0
10050.965078753761,65587.98,0.26535502076148987,0,0
10050.965078753761,65240.01,0.30507031083106995,0,1
10050.965078753761,65142.0,0.25287380814552307,0,0
10050.965078753761,65367.58,0.2672439217567444,0,0
10050.965078753761,65286.02,0.2162400335073471,0,0
10050.965078753761,65141.99,0.2162400335073471,0,1
10050.965078753761,65255.51,0.1928977072238922,0,1
10050.965078753761,65568.01,0.2816981077194214,0,1
10050.965078753761,65235.55,0.2819533050060272,0,1
10050.965078753761,65414.01,0.2503899335861206,0,1
10050.965078753761,65566.78,0.23826585710048676,0,1
10050.965078753761,65522.01,0.26317816972732544,0,1
10050.965078753761,65751.56,0.28544604778289795,0,1
10050.965078753761,65913.0,0.27048352360725403,0,1
10050.965078753761,66186.86,0.2735200524330139,0,1
10050.965078753761,66226.44,0.2583879828453064,0,1
10050.965078753761,66291.99,0.24655964970588684,0,1
10050.965078753761,66180.0,0.2638704180717468,0,1
10050.965078753761,66345.59,0.24245218932628632,0,0
10050.965078753761,66558.82,0.2714025676250458,0,0
10050.965078753761,66786.0,0.2995062470436096,0,0
10050.965078753761,66842.3,0.24756628274917603,0,0
10050.965078753761,66676.54,0.24820692837238312,0,0
10050.965078753761,66542.01,0.2456497848033905,0,0
10050.965078753761,66207.95,0.278484970331192,0,1
10050.965078753761,66319.95,0.24769428372383118,0,0
10050.965078753761,66444.76,0.24416036903858185,0,0
10050.965078753761,66406.57,0.19235414266586304,0,0
10050.965078753761,66385.0,0.18929076194763184,0,0
10050.965078753761,66304.02,0.2155517339706421,0,0
10050.965078753761,66556.16,0.22957640886306763,0,0
10050.965078753761,66620.97,0.2307034134864807,0,0
10050.965078753761,66433.3,0.2572346031665802,0,0
10050.965078753761,66314.12,0.21782764792442322,0,0
10050.965078753761,66210.0,0.21735796332359314,0,0
10050.965078753761,66381.05,0.2149946093559265,0,0
10050.965078753761,65974.9,0.2744169235229492,0,0
10050.965078753761,65934.33,0.2266761064529419,0,0
10050.965078753761,65843.48,0.24687060713768005,0,0
10050.965078753761,65987.96,0.24810539186000824,0,0
10050.965078753761,65928.0,0.22391551733016968,0,0
10050.965078753761,66046.02,0.21966993808746338,0,0
10050.965078753761,66013.36,0.22243189811706543,0,0
10050.965078753761,65636.01,0.2984406054019928,0,0
10050.965078753761,65951.39,0.2977569103240967,0,0
10050.965078753761,65793.98,0.30979931354522705,0,0
10050.965078753761,66047.39,0.2550574839115143,0,0
10050.965078753761,66229.01,0.2576986253261566,0,0
10050.965078753761,66024.03,0.23800872266292572,0,0
10050.965078753761,65895.46,0.24254676699638367,0,0
10050.965078753761,65923.19,0.2368040680885315,0,0
10050.965078753761,65919.68,0.2153090089559555,0,0
10050.965078753761,66072.47,0.20808258652687073,0,0
10050.965078753761,66044.17,0.1776781529188156,0,0
10050.965078753761,66114.49,0.21359071135520935,0,0
10050.965078753761,66058.19,0.22029855847358704,0,0
10050.965078753761,65830.0,0.2680325210094452,0,0
10050.965078753761,65805.34,0.20738419890403748,0,0
10050.965078753761,65662.53,0.21312537789344788,0,0
10050.965078753761,65616.48,0.18471884727478027,0,0
10050.965078753761,65691.01,0.20708726346492767,0,0
10050.965078753761,65790.0,0.2009219378232956,0,0
10050.965078753761,65442.13,0.29413190484046936,0,0
10050.965078753761,65633.0,0.24580498039722443,0,0
10050.965078753761,65638.92,0.20166663825511932,0,0
10050.965078753761,65740.0,0.22612470388412476,0,0
10050.965078753761,65555.21,0.21735796332359314,0,0
10050.965078753761,65167.04,0.30103808641433716,0,0
10050.965078753761,64880.0,0.25854331254959106,0,0
10050.965078753761,64909.99,0.2899927496910095,0,0
10050.965078753761,64958.36,0.24768856167793274,0,0
10050.965078753761,64756.84,0.24272601306438446,0,1
10050.965078753761,64681.27,0.2402072548866272,0,1
10050.965078753761,64869.12,0.244196817278862,0,0
10050.965078753761,64846.94,0.23729194700717926,0,0
10050.965078753761,65147.5,0.2705950438976288,0,0
10050.965078753761,65169.81,0.22262750566005707,0,0
10050.965078753761,65195.43,0.2270522564649582,0,0
10050.965078753761,65098.97,0.21709461510181427,0,0
10050.965078753761,64973.99,0.25415197014808655,0,1
10050.965078753761,65086.0,0.2266761064529419,0,1
10050.965078753761,65116.99,0.2424842268228531,0,0
10050.965078753761,65456.7,0.2542300522327423,0,0
10050.965078753761,65318.0,0.22443696856498718,0,0
10050.965078753761,65325.0,0.1992771029472351,0,0
10050.965078753761,65472.0,0.2432917207479477,0,0
10050.965078753761,65499.95,0.263618528842926,0,0
10050.965078753761,65302.18,0.21735796332359314,0,0
10050.965078753761,65113.13,0.25100430846214294,0,0
10050.965078753761,64950.0,0.24272601306438446,0,0
10050.965078753761,65083.43,0.24272601306438446,0,0
10050.965078753761,64780.01,0.27467837929725647,0,0
10050.965078753761,64155.46,0.32094717025756836,0,0
10050.965078753761,64055.12,0.307940810918808,0,0
10050.965078753761,64093.85,0.307940810918808,0,0
10050.965078753761,63958.0,0.2532663643360138,0,0
10050.965078753761,64180.0,0.25071439146995544,0,0
10050.965078753761,64272.0,0.22804297506809235,0,0
10050.965078753761,64225.32,0.23325107991695404,0,0
10050.965078753761,64170.23,0.20813101530075073,0,0
10050.965078753761,64155.0,0.21264342963695526,0,0
10050.965078753761,64169.01,0.17084456980228424,0,0
10050.965078753761,64139.99,0.16659507155418396,0,0
10050.965078753761,64073.61,0.20082992315292358,0,0
10050.965078753761,64068.01,0.20942947268486023,0,0
10050.965078753761,64052.0,0.1706375926733017,0,0
10050.965078753761,64085.36,0.16587425768375397,0,0
10050.965078753761,64181.46,0.18081000447273254,0,0
10050.965078753761,64024.0,0.20682726800441742,0,0
10050.965078753761,64010.0,0.17027388513088226,0,0
10050.965078753761,64003.2,0.16891615092754364,0,0
10050.965078753761,63876.06,0.19039122760295868,0,1
10050.965078753761,63999.99,0.1859254240989685,0,0
10050.965078753761,64070.0,0.1578913927078247,0,0
10050.965078753761,64064.01,0.1641876995563507,0,0
10050.965078753761,64123.8,0.1578913927078247,0,0
10050.965078753761,64172.0,0.18385975062847137,0,0
10050.965078753761,64214.04,0.16404183208942413,0,0
10050.965078753761,64182.0,0.17239634692668915,0,0
10050.965078753761,64206.6,0.17600688338279724,0,0
10050.965078753761,64267.4,0.18729400634765625,0,0
10050.965078753761,64415.99,0.18936359882354736,0,0
10050.965078753761,64388.38,0.16718176007270813,0,0
10050.965078753761,64339.75,0.1642959862947464,0,0
10050.965078753761,64344.02,0.1873418241739273,0,0
10050.965078753761,64412.0,0.16839778423309326,0,0
10050.965078753761,64375.0,0.1682463139295578,0,0
10050.965078753761,64506.99,0.2144843488931656,0,0
10050.965078753761,64462.0,0.17472931742668152,0,0
10050.965078753761,64527.56,0.19110582768917084,0,0
10050.965078753761,64557.0,0.19174103438854218,0,0
10050.965078753761,64530.06,0.19485756754875183,0,0
10050.965078753761,64417.69,0.19334693253040314,0,0
10050.965078753761,64438.0,0.193457692861557,0,0
10050.965078753761,64370.0,0.19194746017456055,0,0
10050.965078753761,64480.01,0.17999368906021118,0,0
10050.965078753761,64538.0,0.1964065134525299,0,0
10050.965078753761,64515.4,0.18863745033740997,0,0
10050.965078753761,64507.35,0.17671436071395874,0,0
10050.965078753761,64466.67,0.19078031182289124,0,0
10050.965078753761,64518.0,0.1891731321811676,0,0
10050.965078753761,64712.99,0.20246246457099915,0,0
10050.965078753761,64768.0,0.22563579678535461,0,0
10050.965078753761,64734.17,0.20749861001968384,0,1
10050.965078753761,64697.2,0.19868265092372894,0,1
10050.965078753761,64734.38,0.1876792311668396,0,1
10050.965078753761,64695.52,0.19932924211025238,0,1
10050.965078753761,64649.04,0.1793794184923172,0,1
10050.965078753761,64858.02,0.20246246457099915,0,1
10050.965078753761,65412.68,0.2751922309398651,0,0
10050.965078753761,65399.99,0.24702440202236176,0,0
10050.965078753761,65131.95,0.24411813914775848,0,0
10050.965078753761,65206.21,0.24242348968982697,0,0
10050.965078753761,65172.0,0.23084498941898346,0,0
10050.965078753761,65284.0,0.23084498941898346,0,0
10050.965078753761,65282.8,0.23765848577022552,0,0
10050.965078753761,65468.38,0.2489040493965149,0,0
10050.965078753761,65416.76,0.24242348968982697,0,0
10050.965078753761,65221.99,0.23570841550827026,0,0
10050.965078753761,65162.98,0.19627229869365692,0,0
10050.965078753761,65262.17,0.24536648392677307,0,0
10050.965078753761,65333.35,0.2280091941356659,0,0
10050.965078753761,65100.79,0.22808188199996948,0,0
10050.965078753761,65086.0,0.26483452320098877,0,0
10050.965078753761,65217.37,0.27593836188316345,0,0
10050.965078753761,64687.45,0.29851698875427246,0,0
10050.965078753761,64554.01,0.26140350103378296,0,0
10050.965078753761,64898.52,0.2588869333267212,0,0
10050.965078753761,65019.81,0.24638231098651886,0,0
10050.965078753761,64878.0,0.24409690499305725,0,0
10050.965078753761,64984.0,0.23050373792648315,0,0
10050.965078753761,64960.65,0.18571814894676208,0,0
10050.965078753761,64821.25,0.20813101530075073,0,0
10050.965078753761,63792.0,0.329520046710968,0,0
10050.965078753761,63755.86,0.2751847505569458,0,0
10050.965078753761,63487.88,0.30949079990386963,0,0
10050.965078753761,63230.83,0.31919872760772705,0,0
10050.965078753761,63185.59,0.23903611302375793,0,0
10050.965078753761,63343.83,0.2481357455253601,0,0
10050.965078753761,63350.95,0.20607435703277588,0,0
10050.965078753761,63451.61,0.2656855583190918,0,0
10050.965078753761,63640.63,0.2598671317100525,0,0
10050.965078753761,63505.99,0.24870315194129944,0,0
10050.965078753761,63428.08,0.18690818548202515,0,0
10050.965078753761,63393.99,0.24620851874351501,0,1
10050.965078753761,63473.47,0.26811978220939636,0,1
10050.965078753761,63450.0,0.26484349370002747,0,0
10050.965078753761,63546.65,0.23569336533546448,0,0
10050.965078753761,63104.0,0.33465880155563354,0,1
10050.965078753761,63412.45,0.3110049068927765,0,1
10050.965078753761,63928.47,0.31745991110801697,0,0
10050.965078753761,64043.26,0.27633652091026306,0,0
10050.965078753761,63685.88,0.31478407979011536,0,0
10050.965078753761,63734.49,0.21671922504901886,0,0
10050.965078753761,63904.0,0.22412759065628052,0,0
10050.965078753761,63917.55,0.20600679516792297,0,0
10050.965078753761,63972.44,0.20927952229976654,0,0
10050.965078753761,63783.71,0.2457902878522873,0,0
10050.965078753761,63915.0,0.2701874077320099,0,0
10050.965078753761,63953.99,0.2568143904209137,0,1
10050.965078753761,63705.06,0.25419852137565613,0,1
10050.965078753761,63979.96,0.266701340675354,0,1
10050.965078753761,63753.03,0.24863164126873016,0,1
10050.965078753761,63968.34,0.26512467861175537,0,1
10050.965078753761,64067.32,0.23911942541599274,0,1
10050.965078753761,64435.62,0.26873156428337097,0,0
10050.965078753761,64561.0,0.24741396307945251,0,0
10050.965078753761,64417.31,0.2500064969062805,0,0
10050.965078753761,64698.0,0.27005237340927124,0,0
10050.965078753761,64469.83,0.24409690499305725,0,0
10050.965078753761,64507.54,0.23592816293239594,0,0
10050.965078753761,64276.81,0.2495959997177124,0,0
10050.965078753761,64664.7,0.2741504907608032,0,0
10050.965078753761,64108.01,0.2852270007133484,0,0
10050.965078753761,63964.01,0.2521804869174957,0,0
10050.965078753761,63808.33,0.27707377076148987,0,0
10050.965078753761,64269.83,0.263933390378952,0,0
10050.965078753761,64501.52,0.3062286674976349,0,0
10050.965078753761,63589.46,0.31477150321006775,0,1
10050.965078753761,63522.01,0.2929375469684601,0,1
10050.965078753761,63860.0,0.2882626950740814,0,0
10050.965078753761,63942.5,0.2596527338027954,0,0
10050.965078753761,63984.28,0.2207605540752411,0,0
10050.965078753761,63696.72,0.2776615619659424,0,0
10050.965078753761,64266.0,0.28709664940834045,0,0
10050.965078753761,64189.99,0.2580720782279968,0,0
10050.965078753761,64161.98,0.2346312552690506,0,1
10050.965078753761,64023.99,0.23862364888191223,0,1
10050.965078753761,64033.89,0.2671557664871216,0,1
10050.965078753761,64002.0,0.20557573437690735,0,1
10050.965078753761,64026.0,0.2432314157485962,0,1
10050.965078753761,64308.01,0.2693699598312378,0,1
10050.965078753761,64567.56,0.26814600825309753,0,0
10050.965078753761,64570.72,0.19837893545627594,0,0
10050.965078753761,64788.0,0.25803709030151367,0,0
10050.965078753761,64925.0,0.2617643177509308,0,0
10050.965078753761,65022.01,0.27328118681907654,0,0
10050.965078753761,64683.97,0.2781921327114105,0,0
10050.965078753761,64730.3,0.2531624138355255,0,0
10050.965078753761,64818.01,0.24108046293258667,0,0
10050.965078753761,64872.0,0.23368403315544128,0,0
10050.965078753761,64702.8,0.2072879821062088,0,0
10050.965078753761,64800.0,0.21240234375,0,0
10050.965078753761,64777.37,0.2165563702583313,0,0
10050.965078753761,64735.53,0.16883504390716553,0,0
10050.965078753761,64851.16,0.245947003364563,0,0
10050.965078753761,64780.02,0.2350442260503769,0,0
10050.965078753761,64724.91,0.2289346605539322,0,0
10050.965078753761,64564.01,0.2814297378063202,0,0
10050.965078753761,64297.79,0.25716453790664673,0,0
10050.965078753761,64370.0,0.23349466919898987,0,0
10050.965078753761,64300.0,0.22291362285614014,0,0
10050.965078753761,64363.06,0.22566142678260803,0,0
10050.965078753761,64231.97,0.23571588099002838,0,0
10050.965078753761,63950.01,0.265497624874115,0,0
10050.965078753761,63834.01,0.2315863072872162,0,0
10050.965078753761,63715.9,0.22874410450458527,0,0
10050.965078753761,63918.67,0.24627016484737396,0,0
10050.965078753761,63805.51,0.21525603532791138,0,0
10050.965078753761,63754.01,0.22601884603500366,0,0
10050.965078753761,63270.73,0.302582710981369,0,0
10050.965078753761,62682.06,0.3218945562839508,0,0
10050.965078753761,62716.57,0.2628594934940338,0,0
10050.965078753761,62870.88,0.24067988991737366,0,0
10050.965078753761,63245.44,0.3005792498588562,0,0
10050.965078753761,63097.57,0.25747910141944885,0,0
10050.965078753761,62972.0,0.20954494178295135,0,0
10050.965078753761,62953.7,0.16892759501934052,0,0
10050.965078753761,62947.78,0.21012850105762482,0,0
10050.965078753761,62950.0,0.21688233315944672,0,0
10050.965078753761,62887.88,0.20840029418468475,0,0
10050.965078753761,62938.01,0.19668570160865784,0,0
10050.965078753761,62975.01,0.16345329582691193,0,0
10050.965078753761,63075.07,0.1815846562385559,0,0
10050.965078753761,63004.48,0.17435181140899658,0,0
10050.965078753761,63115.01,0.18594008684158325,0,0
10050.965078753761,63020.0,0.19395069777965546,0,0
10050.965078753761,63080.64,0.16587425768375397,0,0
10050.965078753761,63050.46,0.161874920129776,0,0
10050.965078753761,63126.25,0.15936994552612305,0,0
10050.965078753761,63053.17,0.1566021889448166,0,0
10050.965078753761,63056.0,0.18506081402301788,0,0
10050.965078753761,63076.0,0.1673298329114914,0,0
10050.965078753761,63103.68,0.1714918464422226,0,0
10050.965078753761,63069.32,0.1673298329114914,0,0
10050.965078753761,63126.52,0.17134083807468414,0,0
10050.965078753761,63007.06,0.18286870419979095,0,0
10050.965078753761,62932.32,0.19022418558597565,0,0
10050.965078753761,62708.07,0.21518269181251526,0,0
10050.965078753761,62580.56,0.2596956789493561,0,0
10050.965078753761,62529.82,0.20716002583503723,0,1
10050.965078753761,62662.13,0.20407938957214355,0,1
10050.965078753761,62812.75,0.20628736913204193,0,1
10050.965078753761,62831.28,0.20124928653240204,0,1
10050.965078753761,62823.64,0.18688197433948517,0,1
10050.965078753761,62833.99,0.20892611145973206,0,1
10050.965078753761,62981.87,0.21950680017471313,0,1
10050.965078753761,63451.58,0.26663732528686523,0,0
10050.965078753761,63461.95,0.24491657316684723,0,0
10050.965078753761,63590.0,0.24300408363342285,0,0
10050.965078753761,63453.27,0.2280091941356659,0,0
10050.965078753761,63482.49,0.1853543370962143,0,0
10050.965078753761,63506.24,0.19174103438854218,0,0
10050.965078753761,63193.99,0.26060590147972107,0,0
10050.965078753761,63273.94,0.2184055596590042,0,0
10050.965078753761,63205.03,0.20904743671417236,0,0
10050.965078753761,63031.99,0.22115612030029297,0,0
10050.965078753761,63125.49,0.2146570086479187,0,0
10050.965078753761,63126.92,0.20358610153198242,0,1
10050.965078753761,63069.37,0.2061992585659027,0,1
10050.965078753761,63109.14,0.20139968395233154,0,1
10050.965078753761,63180.36,0.21379928290843964,0,0
10050.965078753761,63300.28,0.21650788187980652,0,0
10050.965078753761,63382.01,0.238145649433136,0,0
10050.965078753761,63456.01,0.22825998067855835,0,0
10050.965078753761,63494.52,0.19727779924869537,0,0
10050.965078753761,63578.0,0.24242348968982697,0,0
10050.965078753761,63424.58,0.24847938120365143,0,0
10050.965078753761,63570.0,0.23485933244228363,0,0
10050.965078753761,63317.6,0.24466781318187714,0,0
10050.965078753761,63212.16,0.22586947679519653,0,0
10050.965078753761,63141.4,0.20728331804275513,0,0
10050.965078753761,62870.49,0.27885201573371887,0,0
10050.965078753761,62790.0,0.23442457616329193,0,0
10050.965078753761,62827.17,0.19643458724021912,0,0
10050.965078753761,62623.6,0.2402072548866272,0,0
10050.965078753761,62621.1,0.208293154835701,0,1
10050.965078753761,62541.5,0.2566467225551605,0,1
10050.965078753761,62837.4,0.2490636706352234,0,1
10050.965078753761,62742.01,0.2402072548866272,0,1
10050.965078753761,62560.01,0.23485031723976135,0,1
10050.965078753761,62700.0,0.2636509835720062,0,1
10050.965078753761,63351.09,0.2864973247051239,0,1
10050.965078753761,63967.19,0.2974086403846741,0,0
10050.965078753761,63694.91,0.26509931683540344,0,0
10050.965078753761,63776.46,0.2756600081920624,0,0
10050.965078753761,63906.0,0.25919756293296814,0,0
10050.965078753761,63870.87,0.24052274227142334,0,0
10050.965078753761,63869.38,0.24108046293258667,0,0
10050.965078753761,63775.43,0.2471279501914978,0,0
10050.965078753761,63590.15,0.24355830252170563,0,0
10050.965078753761,63618.0,0.2458445131778717,0,1
10050.965078753761,63520.0,0.21876952052116394,0,0
10050.965078753761,63361.99,0.24835914373397827,0,0
10050.965078753761,63847.93,0.279398649930954,0,0
10050.965078753761,63822.44,0.2517823278903961,0,0
10050.965078753761,63800.01,0.22802139818668365,0,0
10050.965078753761,64029.0,0.2750190794467926,0,0
10050.965078753761,63818.48,0.2344180792570114,0,0
10050.965078753761,63670.0,0.21876539289951324,0,0
10050.965078753761,63685.74,0.24904924631118774,0,0
10050.965078753761,63588.94,0.22047124803066254,0,1
10050.965078753761,63603.73,0.16545478999614716,0,1
10050.965078753761,63764.0,0.23848338425159454,0,0
10050.965078753761,63926.0,0.21149347722530365,0,0
10050.965078753761,63906.41,0.23259426653385162,0,1
10050.965078753761,63683.94,0.2562873065471649,0,1
10050.965078753761,64128.72,0.2818307876586914,0,0
10050.965078753761,64125.14,0.28364109992980957,0,0
10050.965078753761,63950.93,0.24067988991737366,0,0
10050.965078753761,63972.09,0.2577093839645386,0,0
10050.965078753761,64305.99,0.28032660484313965,0,0
10050.965078753761,64233.36,0.2455439418554306,0,0
10050.965078753761,64341.0,0.27153944969177246,0,0
10050.965078753761,64194.0,0.21686053276062012,0,0
10050.965078753761,64270.61,0.20413199067115784,0,0
10050.965078753761,64106.56,0.26249316334724426,0,0
10050.965078753761,63988.0,0.23595213890075684,0,0
10050.965078753761,64333.84,0.26030048727989197,0,0
10050.965078753761,64368.26,0.24245218932628632,0,0
10050.965078753761,64183.27,0.2650159001350403,0,0
10050.965078753761,64176.7,0.18226560950279236,0,0
10050.965078753761,64330.87,0.2652381956577301,0,0
10050.965078753761,64253.58,0.19998624920845032,0,0
10050.965078753761,64163.99,0.24072252213954926,0,0
10050.965078753761,64120.81,0.20842348039150238,0,1
10050.965078753761,64155.05,0.15574193000793457,0,0
10050.965078753761,64062.23,0.19779105484485626,0,1
10050.965078753761,64075.28,0.16325654089450836,0,1
10050.965078753761,64332.43,0.25321826338768005,0,1
10050.965078753761,64407.99,0.2604859471321106,0,1
10050.965078753761,64476.39,0.21499456465244293,0,1
10050.965078753761,64388.01,0.22084271907806396,0,1
10050.965078753761,64661.99,0.24569439888000488,0,0
10050.965078753761,64770.0,0.2439810186624527,0,0
10050.965078753761,64799.1,0.2619398534297943,0,0
10050.965078753761,64840.28,0.23102013766765594,0,0
10050.965078753761,64822.89,0.2370426058769226,0,0
10050.965078753761,64733.13,0.23424851894378662,0,0
10050.965078753761,64636.0,0.2180398553609848,0,0
10050.965078753761,64665.23,0.23424851894378662,0,0
10050.965078753761,64644.99,0.22078709304332733,0,0
10050.965078753761,64580.07,0.2170223593711853,0,0
10050.965078753761,64579.36,0.2170223593711853,0,1
10050.965078753761,64531.03,0.17232133448123932,0,0
10050.965078753761,64734.65,0.23820796608924866,0,0
10050.965078753761,64908.09,0.24113094806671143,0,0
10050.965078753761,64860.0,0.22172479331493378,0,0
10050.965078753761,64809.7,0.21760767698287964,0,0
10050.965078753761,64941.99,0.20548130571842194,0,0
10050.965078753761,64683.62,0.205867737531662,0,0
10050.965078753761,64615.95,0.1706290990114212,0,0
10050.965078753761,64622.09,0.19220799207687378,0,0
10050.965078753761,64424.0,0.19623763859272003,0,0
10050.965078753761,64434.01,0.21946516633033752,0,0
10050.965078753761,64778.0,0.2405795007944107,0,0
10050.965078753761,64631.87,0.23825089633464813,0,0
10050.965078753761,64757.99,0.18531103432178497,0,0
10050.965078753761,64621.69,0.189530611038208,0,0
10050.965078753761,64418.47,0.18991926312446594,0,0
10050.965078753761,64446.0,0.1730155199766159,0,0
10050.965078753761,64439.7,0.17434810101985931,0,0
10050.965078753761,64440.74,0.17593365907669067,0,0
10050.965078753761,64351.49,0.18469329178333282,0,0
10050.965078753761,64323.61,0.21650788187980652,0,0
10050.965078753761,64317.99,0.21153230965137482,0,0
10050.965078753761,64422.55,0.21650788187980652,0,0
10050.965078753761,64399.87,0.2323416769504547,0,0
10050.965078753761,64289.99,0.19973033666610718,0,1
10050.965078753761,64255.13,0.1995936632156372,0,1
10050.965078753761,64336.43,0.19671258330345154,0,1
10050.965078753761,64304.12,0.19671258330345154,0,1
10050.965078753761,64319.84,0.19654463231563568,0,1
10050.965078753761,64600.0,0.2342899739742279,0,1
10050.965078753761,64839.32,0.2550535500049591,0,0
10050.965078753761,64893.98,0.20930249989032745,0,0
10050.965078753761,65029.98,0.24242348968982697,0,0
10050.965078753761,65292.32,0.2832430899143219,0,0
10050.965078753761,65009.24,0.25259721279144287,0,0
10050.965078753761,64957.98,0.267830491065979,0,0
10050.965078753761,64912.72,0.23968437314033508,0,0
10050.965078753761,64814.0,0.23637782037258148,0,0
10050.965078753761,64764.33,0.2386178821325302,0,0
10050.965078753761,64735.51,0.20736254751682281,0,0
10050.965078753761,64960.47,0.2390160858631134,0,0
10050.965078753761,64972.0,0.19289375841617584,0,0
10050.965078753761,64928.01,0.2040918618440628,0,0
10050.965078753761,64888.0,0.18036101758480072,0,0
10050.965078753761,64923.19,0.17363877594470978,0,0
10050.965078753761,64929.01,0.20656125247478485,0,0
10050.965078753761,64911.79,0.1795312613248825,0,0
10050.965078753761,64923.97,0.1795312613248825,0,0
10050.965078753761,65033.0,0.1972956508398056,0,0
10050.965078753761,65013.58,0.18021804094314575,0,0
10050.965078753761,64995.39,0.16685239970684052,0,0
10050.965078753761,65006.61,0.18904271721839905,0,0
10050.965078753761,64960.0,0.16563625633716583,0,0
10050.965078753761,64993.87,0.16563625633716583,0,0
10050.965078753761,64994.31,0.17643529176712036,0,0
10050.965078753761,65005.87,0.17675383388996124,0,0
10050.965078753761,64967.35,0.21208524703979492,0,0
10050.965078753761,65008.34,0.21134543418884277,0,0
10050.965078753761,65015.27,0.21435995399951935,0,0
10050.965078753761,65129.02,0.2123529613018036,0,0
10050.965078753761,65080.82,0.2230142503976822,0,0
10050.965078753761,65086.45,0.20394808053970337,0,0
10050.965078753761,65119.75,0.2067115157842636,0,0
10050.965078753761,65044.07,0.1934961974620819,0,0
10050.965078753761,65075.41,0.20711585879325867,0,0
10050.965078753761,65082.41,0.18383000791072845,0,0
10050.965078753761,65012.96,0.17519797384738922,0,0
10050.965078753761,64950.61,0.18552929162979126,0,0
10050.965078753761,64962.6,0.17559699714183807,0,0
10050.965078753761,64973.65,0.18223866820335388,0,0
10050.965078753761,64861.46,0.2041272222995758,0,0
10050.965078753761,64820.01,0.19008658826351166,0,0
10050.965078753761,64788.8,0.1879584938287735,0,0
10050.965078753761,64785.0,0.16957534849643707,0,0
10050.965078753761,64801.58,0.16957534849643707,0,0
10050.965078753761,64849.99,0.17789222300052643,0,0
10050.965078753761,64826.14,0.17547856271266937,0,1
10050.965078753761,64824.16,0.19270551204681396,0,1
10050.965078753761,64877.85,0.1535206288099289,0,1
10050.965078753761,64959.86,0.16544856131076813,0,0
10050.965078753761,64950.0,0.16187992691993713,0,0
10050.965078753761,64960.11,0.1535206288099289,0,0
10050.965078753761,65219.78,0.20351068675518036,0,0
10050.965078753761,65260.01,0.2032220959663391,0,0
10050.965078753761,65228.68,0.16650007665157318,0,0
10050.965078753761,65232.14,0.16513074934482574,0,0
10050.965078753761,65198.68,0.16791227459907532,0,0
10050.965078753761,65199.68,0.16256658732891083,0,0
10050.965078753761,65180.66,0.1679602861404419,0,0
10050.965078753761,65137.96,0.16925117373466492,0,0
10050.965078753761,65192.99,0.17589758336544037,0,0
10050.965078753761,65077.13,0.25359031558036804,0,0
10050.965078753761,64901.59,0.21936194598674774,0,0
10050.965078753761,64968.01,0.22991223633289337,0,1
10050.965078753761,65189.99,0.22539973258972168,0,0
10050.965078753761,65099.99,0.19650891423225403,0,0
10050.965078753761,64982.01,0.18721339106559753,0,0
10050.965078753761,65006.73,0.17939727008342743,0,0
10050.965078753761,65134.0,0.17939727008342743,0,0
10050.965078753761,65299.4,0.2008935660123825,0,0
10050.965078753761,65202.73,0.18503065407276154,0,0
10050.965078753761,65245.58,0.17524778842926025,0,0
10050.965078753761,64967.24,0.1937994509935379,0,0
10050.965078753761,65013.06,0.17878447473049164,0,0
10050.965078753761,65125.98,0.1683553010225296,0,0
10050.965078753761,64870.75,0.22797204554080963,0,0
10050.965078753761,64561.98,0.27381762862205505,0,0
10050.965078753761,64625.77,0.2536099851131439,0,0
10050.965078753761,64299.99,0.2982906997203827,0,0
10050.965078753761,63904.65,0.3212188482284546,0,0
10050.965078753761,63953.04,0.2266761064529419,0,0
10050.965078753761,63889.39,0.2266761064529419,0,0
10050.965078753761,64045.7,0.22975631058216095,0,0
10050.965078753761,64158.5,0.21593263745307922,0,0
10050.965078753761,63987.0,0.20256023108959198,0,0
10050.965078753761,64016.0,0.16660258173942566,0,0
10050.965078753761,63970.01,0.17262007296085358,0,0
10050.965078753761,64040.0,0.22356709837913513,0,0
10050.965078753761,64060.8,0.1929764747619629,0,0
10050.965078753761,64044.59,0.16794073581695557,0,0
10050.965078753761,64155.01,0.20416079461574554,0,0
10050.965078753761,64023.51,0.1982717365026474,0,0
10050.965078753761,64000.0,0.17016465961933136,0,1
10050.965078753761,63969.28,0.21552209556102753,0,1
10050.965078753761,64065.99,0.21056309342384338,0,0
10050.965078753761,64136.41,0.17544777691364288,0,0
10050.965078753761,64300.0,0.20647528767585754,0,0
10050.965078753761,64233.23,0.1726001650094986,0,0
10050.965078753761,64389.57,0.1963433176279068,0,0
10050.965078753761,64330.01,0.19458313286304474,0,0
10050.965078753761,64200.28,0.20392832159996033,0,0
10050.965078753761,63770.03,0.27237385511398315,0,0
10050.965078753761,63609.87,0.28155359625816345,0,0
10050.965078753761,63512.59,0.21935169398784637,0,0
10050.965078753761,63607.88,0.2134871780872345,0,0
10050.965078753761,63373.07,0.2719031572341919,0,1
10050.965078753761,63536.0,0.24217894673347473,0,0
10050.965078753761,63740.0,0.21735796332359314,0,0
10050.965078753761,63672.73,0.21932321786880493,0,0
10050.965078753761,63668.49,0.18525190651416779,0,0
10050.965078753761,63600.0,0.18407003581523895,0,0
10050.965078753761,63742.07,0.20897813141345978,0,0
10050.965078753761,63813.8,0.21650788187980652,0,0
10050.965078753761,63749.76,0.21650788187980652,0,0
10050.965078753761,63835.59,0.1985037922859192,0,0
10050.965078753761,63769.58,0.2108629196882248,0,1
10050.965078753761,63849.94,0.20316429436206818,0,1
10050.965078753761,63711.97,0.23019233345985413,0,1
10050.965078753761,63837.99,0.21379928290843964,0,0
10050.965078753761,63794.94,0.16944389045238495,0,0
10050.965078753761,64108.81,0.24371559917926788,0,0
10050.965078753761,64143.36,0.22584466636180878,0,0
10050.965078753761,64240.04,0.22835788130760193,0,0
10050.965078753761,64119.71,0.25205910205841064,0,0
10050.965078753761,63840.0,0.23928149044513702,0,0
10050.965078753761,63363.39,0.29599499702453613,0,0
10050.965078753761,63441.47,0.24511809647083282,0,0
10050.965078753761,63492.12,0.22567152976989746,0,0
10050.965078753761,63471.0,0.19118046760559082,0,0
10050.965078753761,63386.59,0.2127240151166916,0,0
10050.965078753761,63421.11,0.21875451505184174,0,0
10050.965078753761,63599.99,0.21255892515182495,0,0
10050.965078753761,63469.83,0.22725814580917358,0,0
10050.965078753761,63432.28,0.20448289811611176,0,0
10050.965078753761,63479.99,0.17727753520011902,0,1
10050.965078753761,63556.92,0.2299707978963852,0,1
10050.965078753761,63456.11,0.2299707978963852,0,1
10050.965078753761,63550.01,0.21052949130535126,0,0
10050.965078753761,63646.99,0.2169482558965683,0,0
10050.965078753761,63693.74,0.20492415130138397,0,0
10050.965078753761,63878.0,0.23414568603038788,0,0
10050.965078753761,63942.35,0.22825998067855835,0,0
10050.965078753761,63865.84,0.16665306687355042,0,0
10050.965078753761,63766.8,0.21400313079357147,0,0
10050.965078753761,63782.64,0.2112707495689392,0,0
10050.965078753761,63651.19,0.20884095132350922,0,0
10050.965078753761,63484.3,0.23379787802696228,0,0
10050.965078753761,63697.76,0.22007283568382263,0,0
10050.965078753761,63724.0,0.22991709411144257,0,0
10050.965078753761,63859.45,0.22991709411144257,0,0
10050.965078753761,63420.01,0.2666563391685486,0,0
10050.965078753761,63160.13,0.2832443118095398,0,1
10050.965078753761,63144.38,0.23044879734516144,0,1
10050.965078753761,63310.0,0.23108027875423431,0,0
10050.965078753761,63407.99,0.22850273549556732,0,0
10050.965078753761,63415.55,0.18017064034938812,0,0
10050.965078753761,63474.0,0.1679195761680603,0,0
10050.965078753761,63530.01,0.21735796332359314,0,0
10050.965078753761,63490.86,0.20166663825511932,0,0
10050.965078753761,63541.45,0.19232653081417084,0,0
10050.965078753761,63575.86,0.18758486211299896,0,0
10050.965078753761,63465.39,0.20661716163158417,0,0
10050.965078753761,63310.0,0.224992573261261,0,0
10050.965078753761,63372.56,0.2121790200471878,0,0
10050.965078753761,63379.83,0.18238823115825653,0,0
10050.965078753761,62974.14,0.30056917667388916,0,0
10050.965078753761,62920.78,0.22658059000968933,0,0
10050.965078753761,62940.01,0.257131963968277,0,0
10050.965078753761,62792.75,0.22567152976989746,0,0
10050.965078753761,62814.14,0.2194531261920929,0,1
10050.965078753761,62868.83,0.19615615904331207,0,0
10050.965078753761,62741.69,0.20892611145973206,0,0
10050.965078753761,62668.0,0.21034400165081024,0,0
10050.965078753761,62620.01,0.22834987938404083,0,0
10050.965078753761,62990.95,0.27516716718673706,0,0
10050.965078753761,63133.48,0.24125485122203827,0,0
10050.965078753761,63013.69,0.23833082616329193,0,0
10050.965078753761,62930.01,0.21735796332359314,0,0
10050.965078753761,62968.05,0.21735796332359314,0,0
10050.965078753761,62907.59,0.18758486211299896,0,0
10050.965078753761,62928.49,0.1584293097257614,0,0
10050.965078753761,62886.88,0.20348522067070007,0,0
10050.965078753761,63043.56,0.2072766125202179,0,0
10050.965078753761,63019.88,0.15694276988506317,0,0
10050.965078753761,63045.13,0.16362833976745605,0,0
10050.965078753761,63134.41,0.16544325649738312,0,0
10050.965078753761,63051.25,0.16997967660427094,0,0
10050.965078753761,63122.0,0.1591079831123352,0,0
10050.965078753761,63089.0,0.17474675178527832,0,0
10050.965078753761,63114.68,0.16650158166885376,0,0
10050.965078753761,63075.43,0.1606486588716507,0,0
10050.965078753761,62935.72,0.17194926738739014,0,0
10050.965078753761,63030.38,0.1716061234474182,0,0
10050.965078753761,63046.1,0.14772039651870728,0,0
10050.965078753761,63022.01,0.16354785859584808,0,0
10050.965078753761,63050.13,0.18398579955101013,0,0
10050.965078753761,63060.35,0.18456076085567474,0,0
10050.965078753761,63040.0,0.17959220707416534,0,0
10050.965078753761,63100.55,0.19986198842525482,0,0
10050.965078753761,63096.63,0.22774183750152588,0,0
10050.965078753761,63070.5,0.19033679366111755,0,0
10050.965078753761,63057.58,0.1941046118736267,0,0
10050.965078753761,63126.08,0.16374684870243073,0,0
10050.965078753761,63103.29,0.1507495641708374,0,0
10050.965078753761,63159.04,0.15029345452785492,0,0
10050.965078753761,63135.52,0.14857260882854462,0,0
10050.965078753761,63086.01,0.16989271342754364,0,0
10050.965078753761,63085.82,0.16624292731285095,0,0
10050.965078753761,63084.78,0.1812397688627243,0,0
10050.965078753761,63121.91,0.17385469377040863,0,0
10050.965078753761,63130.0,0.15770073235034943,0,0
10050.965078753761,63090.01,0.1696864664554596,0,0
10050.965078753761,63069.43,0.17879056930541992,0,0
10050.965078753761,63069.31,0.17879056930541992,0,0
10050.965078753761,63061.02,0.1696864664554596,0,0
10050.965078753761,63072.42,0.14874888956546783,0,0
10050.965078753761,62992.69,0.18772754073143005,0,0
10050.965078753761,63008.57,0.1812397688627243,0,0
10050.965078753761,63013.66,0.18129074573516846,0,0
10050.965078753761,63021.98,0.19257666170597076,0,0
10050.965078753761,63060.01,0.1812397688627243,0,0
10050.965078753761,63102.85,0.16860367357730865,0,0
10050.965078753761,63146.39,0.18930593132972717,0,0
10050.965078753761,63260.01,0.211818665266037,0,0
10050.965078753761,63159.3,0.19270551204681396,0,0
10050.965078753761,63140.06,0.1525220423936844,0,0
10050.965078753761,63108.81,0.1573670208454132,0,0
10050.965078753761,63067.79,0.17014673352241516,0,1
10050.965078753761,62929.61,0.19777609407901764,0,1
10050.965078753761,62913.7,0.21170957386493683,0,1
10050.965078753761,62900.0,0.204559326171875,0,1
10050.965078753761,62917.54,0.21715043485164642,0,1
10050.965078753761,63116.12,0.23773616552352905,0,1
10050.965078753761,63403.34,0.26941803097724915,0,0
10050.965078753761,63429.21,0.23615294694900513,0,0
10050.965078753761,63532.44,0.2681906223297119,0,0
10050.965078753761,63520.18,0.2286757081747055,0,0
10050.965078753761,63667.99,0.23936206102371216,0,0
10050.965078753761,63514.45,0.22810210287570953,0,0
10050.965078753761,63380.84,0.21089397370815277,0,1
10050.965078753761,63323.96,0.19822247326374054,0,1
10050.965078753761,63692.21,0.2565704584121704,0,1
10050.965078753761,63631.1,0.23998893797397614,0,1
10050.965078753761,63554.69,0.22493354976177216,0,1
10050.965078753761,63672.36,0.2473967969417572,0,1
10050.965078753761,63902.63,0.24242348968982697,0,1
10050.965078753761,64200.0,0.2815357744693756,0,0
10050.965078753761,64115.76,0.23589971661567688,0,0
10050.965078753761,64325.99,0.2936006784439087,0,0
10050.965078753761,64428.87,0.2535132169723511,0,0
10050.965078753761,64309.96,0.2231435775756836,0,0
10050.965078753761,64392.73,0.23544353246688843,0,0
10050.965078753761,64382.02,0.20116503536701202,0,0
10050.965078753761,64291.25,0.20267589390277863,0,0
10050.965078753761,64532.1,0.2415248155593872,0,0
10050.965078753761,64383.71,0.2280091941356659,0,0
10050.965078753761,64200.06,0.21846239268779755,0,0
10050.965078753761,64103.22,0.21536566317081451,0,0
10050.965078753761,64185.01,0.21098549664020538,0,0
10050.965078753761,64210.32,0.2165643721818924,0,0
10050.965078753761,64242.76,0.2212599515914917,0,0
10050.965078753761,64318.03,0.23765848577022552,0,0
10050.965078753761,64198.97,0.21153230965137482,0,0
10050.965078753761,64296.02,0.23476456105709076,0,1
10050.965078753761,64171.95,0.17760035395622253,0,1
10050.965078753761,64202.8,0.162621408700943,0,1
10050.965078753761,64351.19,0.2007748931646347,0,0
10050.965078753761,64230.02,0.1781751960515976,0,1
10050.965078753761,64219.99,0.19238947331905365,0,1
10050.965078753761,64714.16,0.26754602789878845,0,0
10050.965078753761,64855.06,0.24376440048217773,0,0
10050.965078753761,64840.0,0.23925849795341492,0,0
10050.965078753761,64670.02,0.2341538816690445,0,0
10050.965078753761,64772.0,0.21622835099697113,0,0
10050.965078753761,64643.26,0.2105887234210968,0,0
10050.965078753761,64582.39,0.17290255427360535,0,0
10050.965078753761,64604.58,0.17966744303703308,0,0
10050.965078753761,64634.0,0.19211162626743317,0,0
10050.965078753761,64725.42,0.2142639011144638,0,0
10050.965078753761,64488.0,0.2218870371580124,0,0
10050.965078753761,64400.48,0.21080619096755981,0,0
10050.965078753761,64351.9,0.2016458958387375,0,0
10050.965078753761,64330.71,0.19853636622428894,0,0
10050.965078753761,64316.22,0.1928979456424713,0,0
10050.965078753761,64236.01,0.20856255292892456,0,0
10050.965078753761,64339.8,0.2134871780872345,0,1
10050.965078753761,64296.0,0.200168177485466,0,1
10050.965078753761,64413.95,0.2270359992980957,0,1
10050.965078753761,64427.06,0.18833452463150024,0,1
10050.965078753761,64456.71,0.1887267529964447,0,1
10050.965078753761,64515.63,0.18769454956054688,0,1
10050.965078753761,64882.15,0.25805148482322693,0,1
10050.965078753761,65012.12,0.26280778646469116,0,1
10050.965078753761,65923.21,0.3161492347717285,0,1
10050.965078753761,68554.0,0.3411882221698761,0,1
10050.965078753761,68465.27,0.3229174315929413,0,1
10050.965078753761,68197.29,0.3223920464515686,0,1
10050.965078753761,68395.99,0.2945699989795685,0,1
10050.965078753761,68429.44,0.2858890891075134,0,1
10050.965078753761,69048.06,0.314339280128479,0,0
10050.965078753761,69709.46,0.3100048899650574,0,0
10050.965078753761,69258.9,0.3246840536594391,0,0
10050.965078753761,69334.79,0.2867988348007202,0,0
10050.965078753761,69420.0,0.30604287981987,0,1
10050.965078753761,69721.92,0.2932558059692383,0,0
10050.965078753761,69301.27,0.31222546100616455,0,1
10050.965078753761,69195.64,0.3030763864517212,0,1
10050.965078753761,69492.01,0.28284895420074463,0,1
10050.965078753761,69406.54,0.268243670463562,0,1
10050.965078753761,69851.99,0.2932558059692383,0,1
10050.965078753761,69816.45,0.30339664220809937,0,1
10050.965078753761,71592.1,0.33412933349609375,0,0
10050.965078753761,71789.97,0.3022463321685791,0,1
10050.965078753761,71995.99,0.30356618762016296,0,1
10050.965078753761,71927.07,0.30375373363494873,0,1
10050.965078753761,71952.04,0.3010368347167969,0,1
10050.965078753761,71691.99,0.3124140799045563,0,1
10050.965078753761,71826.85,0.2985832095146179,0,1
10050.965078753761,72470.83,0.30404919385910034,0,0
10050.965078753761,72837.15,0.29919129610061646,0,0
10050.965078753761,72737.5,0.3102756440639496,0,0
10050.965078753761,72431.36,0.307400107383728,0,1
10050.965078753761,72690.76,0.31174930930137634,0,1
10050.965078753761,72671.75,0.30164775252342224,0,1
10050.965078753761,72741.81,0.28526321053504944,0,1
10050.965078753761,72676.22,0.2729237973690033,0,1
10050.965078753761,73025.15,0.29919129610061646,0,1
10050.965078753761,73708.02,0.3038691580295563,0,1
10050.965078753761,75129.23,0.3401358425617218,0,1
10050.965078753761,74439.74,0.3180069029331207,0,1
10050.965078753761,74510.77,0.2953045070171356,0,1
10050.965078753761,75026.0,0.3061879277229309,0,1
10050.965078753761,75472.73,0.3026275634765625,0,1
10050.965078753761,75646.21,0.3089962601661682,0,1
10050.965078753761,76308.65,0.329512357711792,0,1
10050.965078753761,79258.03,0.3361751139163971,0,0
10050.965078753761,77910.71,0.35193148255348206,0,0
10050.965078753761,77810.02,0.3068581223487854,0,0
10050.965078753761,76722.32,0.3323173522949219,0,1
10050.965078753761,77223.66,0.2884065508842468,0,0
10050.965078753761,77266.87,0.325314998626709,0,0
10050.965078753761,77384.68,0.3089919686317444,0,0
10050.965078753761,77221.98,0.3117486834526062,0,1
10050.965078753761,77486.01,0.2864755094051361,0,1
10050.965078753761,77392.68,0.2849091589450836,0,1
10050.965078753761,77146.0,0.29439884424209595,0,1
10050.965078753761,77028.94,0.28015679121017456,0,1
10050.965078753761,77520.19,0.277578204870224,0,1
10050.965078753761,78505.15,0.296074777841568,0,0
10050.965078753761,78460.14,0.29205766320228577,0,0
10050.965078753761,78338.03,0.28286615014076233,0,0
10050.965078753761,77953.3,0.2915480136871338,0,0
10050.965078753761,77830.01,0.2613787055015564,0,0
10050.965078753761,78470.0,0.27598798274993896,0,0
10050.965078753761,78410.98,0.2718146741390228,0,0
10050.965078753761,78470.0,0.27883023023605347,0,0
10050.965078753761,77380.75,0.34124910831451416,0,0
10050.965078753761,77486.09,0.298460990190506,0,0
10050.965078753761,77289.18,0.2736158072948456,0,0
10050.965078753761,77210.55,0.2716057002544403,0,0
10050.965078753761,77061.99,0.2973301410675049,0,0
10050.965078753761,76976.0,0.3043029010295868,0,0
10050.965078753761,77130.02,0.257587730884552,0,0
10050.965078753761,77300.27,0.25300589203834534,0,0
10050.965078753761,77288.62,0.22097569704055786,0,0
10050.965078753761,77003.62,0.2557894289493561,0,0
10050.965078753761,76978.83,0.23089778423309326,0,0
10050.965078753761,77288.01,0.26855066418647766,0,0
10050.965078753761,77278.01,0.24535037577152252,0,0
10050.965078753761,77257.86,0.21959805488586426,0,0
10050.965078753761,77418.25,0.21205821633338928,0,0
10050.965078753761,77311.69,0.22309790551662445,0,0
10050.965078753761,76856.01,0.2936262786388397,0,0
10050.965078753761,76997.76,0.2770959734916687,0,0
10050.965078753761,77074.93,0.23474079370498657,0,0
10050.965078753761,77302.65,0.23982937633991241,0,0
10050.965078753761,77190.29,0.23294661939144135,0,0
10050.965078753761,77079.46,0.23015129566192627,0,0
10050.965078753761,76927.87,0.2416498064994812,0,0
10050.965078753761,76602.0,0.2852143943309784,0,0
10050.965078753761,76053.37,0.3277463912963867,0,1
10050.965078753761,76096.95,0.3081768751144409,0,1
10050.965078753761,76007.13,0.30248600244522095,0,1
10050.965078753761,76486.49,0.3028259575366974,0,1
10050.965078753761,76549.98,0.22099067270755768,0,1
10050.965078753761,76790.35,0.2649197578430176,0,1
10050.965078753761,77311.02,0.2718891203403473,0,0
10050.965078753761,77206.0,0.25928792357444763,0,0
10050.965078753761,77487.62,0.2701192796230316,0,0
10050.965078753761,77186.0,0.29104968905448914,0,0
10050.965078753761,77156.13,0.2601673901081085,0,1
10050.965078753761,77429.88,0.2322542369365692,0,0
10050.965078753761,77176.41,0.24646683037281036,0,1
10050.965078753761,77341.98,0.2571403682231903,0,0
10050.965078753761,77346.01,0.21910274028778076,0,0
10050.965078753761,77401.6,0.211733877658844,0,0
10050.965078753761,77833.23,0.2740158140659332,0,0
10050.965078753761,77598.88,0.2641638517379761,0,0
10050.965078753761,77734.0,0.2802113890647888,0,0
10050.965078753761,77679.5,0.279124915599823,0,0
10050.965078753761,76922.1,0.31405341625213623,0,1
10050.965078753761,77478.69,0.27779707312583923,0,0
10050.965078753761,76933.02,0.28696244955062866,0,1
10050.965078753761,76897.44,0.28617990016937256,0,1
10050.965078753761,77149.4,0.26215076446533203,0,1
10050.965078753761,77464.33,0.26621922850608826,0,1
10050.965078753761,77307.15,0.2777278423309326,0,1
10050.965078753761,77041.47,0.2836642861366272,0,1
10050.965078753761,77554.08,0.2544298470020294,0,1
10050.965078753761,77617.22,0.2949145436286926,0,1
10050.965078753761,78443.65,0.29789575934410095,0,0
10050.965078753761,79159.99,0.3148374855518341,0,0
10050.965078753761,78597.99,0.3189692199230194,0,0
10050.965078753761,79510.92,0.3160572052001953,0,0
10050.965078753761,79100.01,0.3187604248523712,0,0
10050.965078753761,79047.6,0.29001644253730774,0,0
10050.965078753761,78761.14,0.2953959107398987,0,0
10050.965078753761,78928.35,0.26434943079948425,0,1
10050.965078753761,78758.0,0.2783660888671875,0,1
10050.965078753761,78932.33,0.26269298791885376,0,1
10050.965078753761,78984.23,0.22338002920150757,0,1
10050.965078753761,78740.0,0.23954373598098755,0,1
10050.965078753761,78992.75,0.24286416172981262,0,1
10050.965078753761,79739.99,0.3021520972251892,0,1
10050.965078753761,79828.0,0.2783087193965912,0,0
10050.965078753761,80649.63,0.33284488320350647,0,0
10050.965078753761,80488.01,0.2948382496833801,0,0
10050.965078753761,80363.73,0.28079548478126526,0,0
10050.965078753761,80731.9,0.28079548478126526,0,0
10050.965078753761,80574.09,0.2749771773815155,0,0
10050.965078753761,79705.79,0.31027600169181824,0,0
10050.965078753761,79930.77,0.2858709394931793,0,0
10050.965078753761,79187.2,0.30841460824012756,0,0
10050.965078753761,79309.63,0.2602992057800293,0,0
10050.965078753761,79117.99,0.2581685185432434,0,0
10050.965078753761,78980.0,0.27990981936454773,0,0
10050.965078753761,78647.99,0.3031347393989563,0,0
10050.965078753761,79235.99,0.3035300076007843,0,0
10050.965078753761,79502.01,0.2748483419418335,0,0
10050.965078753761,79156.02,0.2783435881137848,0,0
10050.965078753761,79240.01,0.2747396230697632,0,0
10050.965078753761,79128.0,0.23954373598098755,0,0
10050.965078753761,78925.95,0.272529661655426,0,0
10050.965078753761,78206.13,0.3197232484817505,0,1
10050.965078753761,78570.0,0.29753008484840393,0,1
10050.965078753761,78889.51,0.26125311851501465,0,0
10050.965078753761,78539.14,0.2826603055000305,0,1
10050.965078753761,78631.79,0.27439674735069275,0,0
10050.965078753761,78815.13,0.2657552659511566,0,0
10050.965078753761,79108.0,0.2955625653266907,0,0
10050.965078753761,79088.62,0.23607030510902405,0,0
10050.965078753761,78826.0,0.2637287378311157,0,0
10050.965078753761,79085.98,0.28821495175361633,0,0
10050.965078753761,78947.92,0.2661722004413605,0,0
10050.965078753761,78925.56,0.23831841349601746,0,0
10050.965078753761,78707.59,0.30942532420158386,0,0
10050.965078753761,78444.49,0.2993907034397125,0,0
10050.965078753761,78727.45,0.2859620153903961,0,0
10050.965078753761,78487.26,0.2830040454864502,0,0
10050.965078753761,78319.59,0.3046550452709198,0,0
10050.965078753761,78448.66,0.29121002554893494,0,0
10050.965078753761,77790.48,0.3362780809402466,0,1
10050.965078753761,78011.65,0.3102441430091858,0,1
10050.965078753761,77991.3,0.2690441906452179,0,1
10050.965078753761,78442.83,0.29903319478034973,0,1
10050.965078753761,78472.41,0.2575293183326721,0,0
10050.965078753761,78475.49,0.24448610842227936,0,1
10050.965078753761,78452.04,0.23324397206306458,0,0
10050.965078753761,78724.01,0.25834861397743225,0,0
10050.965078753761,78700.0,0.26847660541534424,0,0
10050.965078753761,79023.75,0.26592323184013367,0,0
10050.965078753761,78690.01,0.24858124554157257,0,0
10050.965078753761,78898.67,0.2588411569595337,0,0
10050.965078753761,78717.76,0.2283073216676712,0,1
10050.965078753761,78830.68,0.25079217553138733,0,1
10050.965078753761,78783.99,0.20436638593673706,0,1
10050.965078753761,78912.55,0.24182172119617462,0,1
10050.965078753761,78817.49,0.24182172119617462,0,1
10050.965078753761,79082.17,0.2458445131778717,0,1
10050.965078753761,79755.99,0.2955862879753113,0,1
10050.965078753761,79986.0,0.3099290430545807,0,0
10050.965078753761,79626.0,0.28367695212364197,0,1
10050.965078753761,79477.67,0.27189430594444275,0,1
10050.965078753761,79282.31,0.24628213047981262,0,1
10050.965078753761,79533.15,0.2994535267353058,0,0
10050.965078753761,80204.05,0.30234935879707336,0,0
10050.965078753761,80302.32,0.2904602587223053,0,0
10050.965078753761,80374.0,0.2598120868206024,0,0
10050.965078753761,80442.46,0.2724250555038452,0,0
10050.965078753761,80150.69,0.2646515667438507,0,1
10050.965078753761,79910.19,0.24560140073299408,0,1
10050.965078753761,80096.0,0.2056925892829895,0,0
10050.965078753761,80184.0,0.2056925892829895,0,0
10050.965078753761,80303.21,0.2268996238708496,0,0
10050.965078753761,80249.58,0.21077808737754822,0,0
10050.965078753761,80576.0,0.257447749376297,0,0
10050.965078753761,80500.38,0.3026110827922821,0,0
10050.965078753761,79926.11,0.2856239974498749,0,0
10050.965078753761,79810.49,0.23322135210037231,0,0
10050.965078753761,79643.81,0.24560140073299408,0,0
10050.965078753761,79686.0,0.2341827005147934,0,0
10050.965078753761,79904.21,0.2294493019580841,0,0
10050.965078753761,79660.0,0.2512965798377991,0,0
10050.965078753761,79516.78,0.25079217553138733,0,0
10050.965078753761,79285.19,0.23621322214603424,0,0
10050.965078753761,79565.89,0.26180073618888855,0,0
10050.965078753761,79604.13,0.22716432809829712,0,0
10050.965078753761,79421.05,0.24268244206905365,0,0
10050.965078753761,79330.75,0.2796328067779541,0,0
10050.965078753761,79542.44,0.3097754418849945,0,0
10050.965078753761,78331.13,0.3361450731754303,0,0
10050.965078753761,77788.46,0.3492695391178131,0,0
10050.965078753761,77904.0,0.31178075075149536,0,0
10050.965078753761,77554.0,0.3257741332054138,0,0
10050.965078753761,77580.03,0.2799226641654968,0,0
10050.965078753761,77407.34,0.24792805314064026,0,0
10050.965078753761,77364.0,0.22463467717170715,0,0
10050.965078753761,77758.69,0.2748420238494873,0,0
10050.965078753761,77845.87,0.23887334764003754,0,0
10050.965078753761,77733.63,0.23414628207683563,0,0
10050.965078753761,77794.11,0.2363189458847046,0,0
10050.965078753761,77671.18,0.23588061332702637,0,0
10050.965078753761,77507.17,0.23446869850158691,0,0
10050.965078753761,77648.91,0.198978990316391,0,0
10050.965078753761,77632.53,0.18089443445205688,0,0
10050.965078753761,77466.82,0.21706943213939667,0,0
10050.965078753761,77626.01,0.2395535558462143,0,0
10050.965078753761,77633.99,0.1851550191640854,0,0
10050.965078753761,77650.03,0.21190260350704193,0,0
10050.965078753761,77635.17,0.20650283992290497,0,1
10050.965078753761,77584.67,0.17351655662059784,0,1
10050.965078753761,77583.74,0.1690739095211029,0,1
10050.965078753761,77704.32,0.16697122156620026,0,1
10050.965078753761,78014.37,0.25015145540237427,0,0
10050.965078753761,77865.36,0.18324807286262512,0,0
10050.965078753761,78027.17,0.19097477197647095,0,0
10050.965078753761,78100.0,0.18121178448200226,0,0
10050.965078753761,78158.01,0.19405986368656158,0,0
10050.965078753761,78182.0,0.2094871997833252,0,0
10050.965078753761,78129.92,0.20654718577861786,0,0
10050.965078753761,78161.63,0.18679405748844147,0,0
10050.965078753761,78228.34,0.1963745355606079,0,0
10050.965078753761,78230.0,0.18448637425899506,0,0
10050.965078753761,78179.86,0.2067868709564209,0,0
10050.965078753761,78081.5,0.21469950675964355,0,0
10050.965078753761,78106.01,0.1889948844909668,0,0
10050.965078753761,78144.68,0.200318843126297,0,0
10050.965078753761,78109.75,0.21469950675964355,0,0
10050.965078753761,78127.71,0.17950239777565002,0,0
10050.965078753761,78280.34,0.21428179740905762,0,1
10050.965078753761,78118.0,0.1881222128868103,0,1
10050.965078753761,78074.01,0.17379958927631378,0,1
10050.965078753761,78000.01,0.17664079368114471,0,1
10050.965078753761,78145.29,0.19403401017189026,0,1
10050.965078753761,78166.0,0.192264586687088,0,1
10050.965078753761,78785.06,0.25654324889183044,0,0
10050.965078753761,78860.0,0.24287046492099762,0,0
10050.965078753761,78783.71,0.23528437316417694,0,0
10050.965078753761,78823.63,0.22308345139026642,0,0
10050.965078753761,79337.93,0.2786901891231537,0,0
10050.965078753761,79021.02,0.27734458446502686,0,0
10050.965078753761,79036.69,0.251566082239151,0,0
10050.965078753761,78856.39,0.24586638808250427,0,0
10050.965078753761,78597.33,0.2627260386943817,0,0
10050.965078753761,78653.0,0.26539844274520874,0,0
10050.965078753761,78422.01,0.27018579840660095,0,0
10050.965078753761,77682.0,0.31382885575294495,0,0
10050.965078753761,77937.04,0.28650641441345215,0,0
10050.965078753761,77640.94,0.2651318609714508,0,1
10050.965078753761,77473.99,0.302311509847641,0,1
10050.965078753761,77756.71,0.2700886130332947,0,1
10050.965078753761,77622.28,0.25190210342407227,0,1
10050.965078753761,78016.0,0.2773304283618927,0,0
10050.965078753761,78093.87,0.2576955556869507,0,0
10050.965078753761,78196.01,0.25203561782836914,0,0
10050.965078753761,78480.8,0.27914106845855713,0,0
10050.965078753761,78511.03,0.25191572308540344,0,0
10050.965078753761,78710.01,0.2548843026161194,0,0
10050.965078753761,78315.43,0.2542123794555664,0,1
10050.965078753761,77930.39,0.3218275010585785,0,1
10050.965078753761,77867.39,0.31105300784111023,0,1
10050.965078753761,78600.14,0.2872231602668762,0,0
10050.965078753761,78580.42,0.2802015542984009,0,0
10050.965078753761,78639.57,0.26052361726760864,0,0
10050.965078753761,78897.36,0.2638946771621704,0,0
10050.965078753761,79016.0,0.2575494945049286,0,0
10050.965078753761,78898.06,0.2485034018754959,0,0
10050.965078753761,78864.72,0.2485034018754959,0,0
10050.965078753761,78964.32,0.23604567348957062,0,0
10050.965078753761,78593.15,0.26417940855026245,0,0
10050.965078753761,78581.29,0.22932185232639313,0,1
10050.965078753761,78652.0,0.2472044974565506,0,0
10050.965078753761,78410.62,0.25073421001434326,0,0
10050.965078753761,78449.99,0.23903946578502655,0,0
10050.965078753761,78679.01,0.2622608244419098,0,0
10050.965078753761,78727.11,0.23903946578502655,0,0
10050.965078753761,79179.99,0.26580342650413513,0,0
10050.965078753761,78745.39,0.2580316662788391,0,0
10050.965078753761,78632.37,0.2446936070919037,0,0
10050.965078753761,77883.28,0.31498605012893677,0,0
10050.965078753761,77915.0,0.24067988991737366,0,0
10050.965078753761,78029.67,0.2906753122806549,0,0
10050.965078753761,78098.97,0.24780459702014923,0,0
10050.965078753761,78004.0,0.2546052038669586,0,0
10050.965078753761,78071.99,0.27371710538864136,0,0
10050.965078753761,78167.99,0.25354138016700745,0,0
10050.965078753761,77919.06,0.2836369574069977,0,0
10050.965078753761,77596.01,0.3200734555721283,0,0
10050.965078753761,77265.79,0.3064914047718048,0,0
10050.965078753761,77153.9,0.331727534532547,0,0
10050.965078753761,77312.0,0.26052361726760864,0,0
10050.965078753761,77448.45,0.21675613522529602,0,0
10050.965078753761,77211.32,0.29949572682380676,0,0
10050.965078753761,77274.02,0.25302326679229736,0,0
10050.965078753761,77439.0,0.26931601762771606,0,0
10050.965078753761,77213.25,0.2599380910396576,0,1
10050.965078753761,77020.68,0.3137764632701874,0,1
10050.965078753761,77329.2,0.26474446058273315,0,0
10050.965078753761,77563.5,0.298781156539917,0,0
10050.965078753761,77561.82,0.2417176514863968,0,0
10050.965078753761,77651.07,0.2376653552055359,0,0
10050.965078753761,77611.54,0.2315080761909485,0,0
10050.965078753761,77473.85,0.23244507610797882,0,0
10050.965078753761,76854.11,0.32261526584625244,0,0
10050.965078753761,76752.26,0.3211309313774109,0,1
10050.965078753761,76680.88,0.3179711699485779,0,1
10050.965078753761,76828.76,0.31423482298851013,0,1
10050.965078753761,76613.88,0.3075309693813324,0,1
10050.965078753761,77146.0,0.3105717599391937,0,0
10050.965078753761,77066.42,0.3049078583717346,0,0
10050.965078753761,77288.98,0.30257320404052734,0,0
10050.965078753761,77171.5,0.26700934767723083,0,0
10050.965078753761,77381.66,0.26606103777885437,0,0
10050.965078753761,77377.76,0.2413252890110016,0,0
10050.965078753761,77341.47,0.24166394770145416,0,0
10050.965078753761,77406.01,0.25503504276275635,0,1
10050.965078753761,77284.0,0.21875090897083282,0,1
10050.965078753761,77034.03,0.21406222879886627,0,1
10050.965078753761,77340.01,0.2293098121881485,0,1
10050.965078753761,77068.01,0.25569024682044983,0,1
10050.965078753761,77356.7,0.2686883509159088,0,0
10050.965078753761,77816.01,0.2765277922153473,0,0
10050.965078753761,77708.0,0.24090707302093506,0,0
10050.965078753761,77776.0,0.2467082291841507,0,0
10050.965078753761,77809.91,0.2745506465435028,0,0
10050.965078753761,77835.19,0.21728312969207764,0,1
10050.965078753761,77663.15,0.267110675573349,0,1
10050.965078753761,77843.34,0.2495136857032776,0,1
10050.965078753761,77615.24,0.24372169375419617,0,1
10050.965078753761,77735.88,0.2415294051170349,0,1
10050.965078753761,77948.39,0.2448849380016327,0,1
10050.965078753761,78652.38,0.28485196828842163,0,1
10050.965078753761,78840.52,0.2791597247123718,0,1
10050.965078753761,80549.97,0.35289913415908813,0,1
10050.965078753761,81348.0,0.33111366629600525,0,0
10050.965078753761,80969.37,0.3323677182197571,0,0
10050.965078753761,81042.0,0.284733384847641,0,0
10050.965078753761,81254.32,0.28763294219970703,0,0
10050.965078753761,81755.41,0.3128054141998291,0,0
10050.965078753761,81473.0,0.2856505513191223,0,0
10050.965078753761,81590.0,0.3214440941810608,0,0
10050.965078753761,81140.0,0.30377432703971863,0,0
10050.965078753761,81270.37,0.26814213395118713,0,0
10050.965078753761,80972.12,0.2891494929790497,0,0
10050.965078753761,80968.01,0.2772190272808075,0,0
10050.965078753761,80831.99,0.26478374004364014,0,0
10050.965078753761,80850.0,0.2451511025428772,0,0
10050.965078753761,81070.54,0.2804711163043976,0,0
10050.965078753761,80996.15,0.23928417265415192,0,0
10050.965078753761,80797.39,0.2788645029067993,0,0
10050.965078753761,80656.87,0.2594159245491028,0,0
10050.965078753761,81147.16,0.2917705774307251,0,0
10050.965078753761,81056.63,0.28055694699287415,0,0
10050.965078753761,81179.63,0.25512567162513733,0,0
10050.965078753761,81224.86,0.25365573167800903,0,0
10050.965078753761,79453.96,0.33652713894844055,0,0
10050.965078753761,79378.67,0.31300681829452515,0,1
10050.965078753761,78915.71,0.3419603109359741,0,1
10050.965078753761,79429.33,0.3314334452152252,0,0
10050.965078753761,79745.73,0.3229750990867615,0,0
10050.965078753761,79472.22,0.28961440920829773,0,0
10050.965078753761,79618.15,0.2178344577550888,0,0
10050.965078753761,79793.34,0.2270842343568802,0,0
10050.965078753761,79697.04,0.22180518507957458,0,0
10050.965078753761,79624.0,0.26357975602149963,0,0
10050.965078753761,79636.09,0.17857472598552704,0,0
10050.965078753761,79660.77,0.1880890280008316,0,0
10050.965078753761,79573.36,0.1880890280008316,0,0
10050.965078753761,79533.34,0.18460240960121155,0,0
10050.965078753761,79569.09,0.18170662224292755,0,0
10050.965078753761,79582.0,0.1619996279478073,0,0
10050.965078753761,79500.01,0.16524913907051086,0,0
10050.965078753761,79577.53,0.19450217485427856,0,0
10050.965078753761,79644.01,0.16877999901771545,0,0
10050.965078753761,79709.96,0.1591113954782486,0,0
10050.965078753761,79650.0,0.18046565353870392,0,0
10050.965078753761,79631.28,0.16647017002105713,0,0
10050.965078753761,79618.01,0.1606181263923645,0,1
10050.965078753761,79609.28,0.15880116820335388,0,1
10050.965078753761,79704.14,0.18049167096614838,0,0
10050.965078753761,79613.67,0.19915452599525452,0,0
10050.965078753761,79719.76,0.17496684193611145,0,0
10050.965078753761,79806.01,0.1709456592798233,0,0
10050.965078753761,80042.0,0.23390869796276093,0,0
10050.965078753761,80058.6,0.21397344768047333,0,0
10050.965078753761,79999.98,0.17556613683700562,0,0
10050.965078753761,79754.0,0.18925967812538147,0,0
10050.965078753761,79737.83,0.17556613683700562,0,0
10050.965078753761,79906.02,0.18203657865524292,0,0
10050.965078753761,79783.99,0.1938401609659195,0,0
10050.965078753761,79831.75,0.18667352199554443,0,0
10050.965078753761,79868.0,0.1427818387746811,0,0
10050.965078753761,79951.39,0.1887660175561905,0,0
10050.965078753761,79907.28,0.15988056361675262,0,0
10050.965078753761,80028.01,0.18414345383644104,0,0
10050.965078753761,79866.01,0.17743055522441864,0,0
10050.965078753761,79989.13,0.1934732049703598,0,0
10050.965078753761,79784.65,0.19098250567913055,0,0
10050.965078753761,79805.0,0.1887660175561905,0,0
10050.965078753761,79837.17,0.17026588320732117,0,0
10050.965078753761,79885.77,0.19390815496444702,0,0
10050.965078753761,80003.93,0.16325654089450836,0,0
10050.965078753761,79919.17,0.16733388602733612,0,0
10050.965078753761,79922.04,0.18136276304721832,0,0
10050.965078753761,79829.98,0.19649501144886017,0,0
10050.965078753761,79543.06,0.2398451715707779,0,0
10050.965078753761,79716.5,0.2056700438261032,0,0
10050.965078753761,79682.0,0.17802704870700836,0,0
10050.965078753761,79745.34,0.18690225481987,0,1
10050.965078753761,79955.34,0.1865234225988388,0,0
10050.965078753761,79829.99,0.17242445051670074,0,0
10050.965078753761,79912.0,0.18337731063365936,0,0
10050.965078753761,79944.38,0.17974285781383514,0,0
10050.965078753761,80055.17,0.2230963408946991,0,0
10050.965078753761,80341.83,0.2507966458797455,0,0
10050.965078753761,80160.01,0.2055642008781433,0,0
10050.965078753761,79926.14,0.20276141166687012,0,0
10050.965078753761,79874.24,0.2412346750497818,0,0
10050.965078753761,79596.39,0.20127706229686737,0,0
10050.965078753761,79724.0,0.18860161304473877,0,0
10050.965078753761,79759.47,0.1911344677209854,0,0
10050.965078753761,79659.27,0.1718427985906601,0,0
10050.965078753761,79397.83,0.26786571741104126,0,0
10050.965078753761,79437.38,0.17647691071033478,0,0
10050.965078753761,79313.85,0.21935169398784637,0,0
10050.965078753761,79360.0,0.19081582129001617,0,0
10050.965078753761,79420.16,0.21399645507335663,0,0
10050.965078753761,79606.84,0.21172797679901123,0,0
10050.965078753761,79352.01,0.23563015460968018,0,0
10050.965078753761,79191.95,0.24617867171764374,0,0
10050.965078753761,78821.99,0.2881309688091278,0,0
10050.965078753761,79028.87,0.21661731600761414,0,0
10050.965078753761,79185.73,0.21432864665985107,0,0
10050.965078753761,79196.16,0.21191510558128357,0,0
10050.965078753761,79365.82,0.22300803661346436,0,0
10050.965078753761,79238.0,0.20246446132659912,0,0
10050.965078753761,79164.0,0.1596110612154007,0,0
10050.965078753761,78952.19,0.24844487011432648,0,0
10050.965078753761,79112.01,0.21432864665985107,0,0
10050.965078753761,79313.08,0.2369559109210968,0,0
10050.965078753761,79441.99,0.2117435336112976,0,0
10050.965078753761,78930.01,0.26627010107040405,0,0
10050.965078753761,78906.28,0.21110613644123077,0,0
10050.965078753761,78678.71,0.22255927324295044,0,0
10050.965078753761,78578.0,0.2463987171649933,0,0
10050.965078753761,78323.59,0.255521297454834,0,0
10050.965078753761,78482.0,0.2627437710762024,0,0
10050.965078753761,78418.0,0.2463987171649933,0,0
10050.965078753761,78761.99,0.26897817850112915,0,0
10050.965078753761,78568.0,0.25415197014808655,0,0
10050.965078753761,78430.01,0.24211612343788147,0,0
10050.965078753761,78449.99,0.21935169398784637,0,0
10050.965078753761,77961.66,0.32531920075416565,0,1
10050.965078753761,78567.52,0.2966981828212738,0,0
10050.965078753761,78904.0,0.25680556893348694,0,0
10050.965078753761,78735.89,0.2395400106906891,0,0
10050.965078753761,78504.38,0.24607418477535248,0,0
10050.965078753761,78436.0,0.28353065252304077,0,0
10050.965078753761,78446.0,0.23024919629096985,0,1
10050.965078753761,78487.99,0.21834412217140198,0,0
10050.965078753761,78492.18,0.2105194628238678,0,0
10050.965078753761,78562.44,0.2078418731689453,0,1
10050.965078753761,78455.8,0.17397747933864594,0,1
10050.965078753761,78774.65,0.20647934079170227,0,0
10050.965078753761,78891.5,0.22015631198883057,0,0
10050.965078753761,78726.01,0.20395886898040771,0,1
10050.965078753761,78638.01,0.18375813961029053,0,0
10050.965078753761,79171.5,0.27041757106781006,0,0
10050.965078753761,78923.43,0.2668358385562897,0,1
10050.965078753761,79159.03,0.24781470000743866,0,1
10050.965078753761,79277.43,0.23680375516414642,0,0
10050.965078753761,79698.02,0.2714025676250458,0,0
10050.965078753761,78952.01,0.2793444097042084,0,0
10050.965078753761,78920.01,0.24728630483150482,0,0
10050.965078753761,79324.75,0.27408167719841003,0,0
10050.965078753761,79606.14,0.25799068808555603,0,0
10050.965078753761,79140.69,0.27249225974082947,0,0
10050.965078753761,78958.01,0.26822495460510254,0,0
10050.965078753761,78596.7,0.30813276767730713,0,0
10050.965078753761,78804.9,0.2613583505153656,0,0
10050.965078753761,78776.01,0.23169447481632233,0,0
10050.965078753761,78414.42,0.24652433395385742,0,0
10050.965078753761,78234.94,0.2568680942058563,0,0
10050.965078753761,78324.07,0.26085224747657776,0,0
10050.965078753761,78145.02,0.2388889342546463,0,0
10050.965078753761,77924.06,0.2599277198314667,0,1
10050.965078753761,78306.43,0.24305100739002228,0,0
10050.965078753761,78180.7,0.2612018287181854,0,0
10050.965078753761,78094.0,0.27978602051734924,0,0
10050.965078753761,78357.86,0.23800872266292572,0,0
10050.965078753761,78328.08,0.231769397854805,0,0
10050.965078753761,78400.0,0.16892759501934052,0,0
10050.965078753761,78536.71,0.251365602016449,0,0
10050.965078753761,78416.01,0.2581171989440918,0,0
10050.965078753761,78112.0,0.2942230999469757,0,0
10050.965078753761,78110.0,0.1836523562669754,0,0
10050.965078753761,77992.01,0.24385415017604828,0,0
10050.965078753761,77863.21,0.2284165322780609,0,0
10050.965078753761,77840.8,0.2443685084581375,0,0
10050.965078753761,76896.01,0.32803505659103394,0,0
10050.965078753761,77174.44,0.299556702375412,0,0
10050.965078753761,77412.01,0.2923010587692261,0,0
10050.965078753761,77250.0,0.25123435258865356,0,0
10050.965078753761,77200.01,0.2849990725517273,0,0
10050.965078753761,77328.72,0.2631768584251404,0,0
10050.965078753761,77252.0,0.2475333958864212,0,0
10050.965078753761,77160.83,0.2205597460269928,0,0
10050.965078753761,77268.08,0.21109212934970856,0,0
10050.965078753761,77144.0,0.21311038732528687,0,0
10050.965078753761,76836.45,0.24832160770893097,0,0
10050.965078753761,76568.72,0.2749551236629486,0,1
10050.965078753761,76908.59,0.2579133212566376,0,1
10050.965078753761,76971.43,0.24795624613761902,0,0
10050.965078753761,76838.68,0.21143433451652527,0,1
10050.965078753761,76891.8,0.24132367968559265,0,0
10050.965078753761,77114.01,0.25204285979270935,0,0
10050.965078753761,77252.86,0.20709623396396637,0,0
10050.965078753761,77298.01,0.23346026241779327,0,1
10050.965078753761,77230.7,0.2219666987657547,0,1
10050.965078753761,77364.93,0.2354680895805359,0,1
10050.965078753761,77042.0,0.277677446603775,0,1
10050.965078753761,76993.25,0.20888039469718933,0,1
10050.965078753761,77036.12,0.22540321946144104,0,1
10050.965078753761,78032.99,0.3190311789512634,0,0
10050.965078753761,79242.56,0.3378899395465851,0,0
10050.965078753761,78798.51,0.3286571800708771,0,0
10050.965078753761,77732.25,0.3389309048652649,0,0
10050.965078753761,77916.0,0.3080485165119171,0,0
10050.965078753761,77534.0,0.29950907826423645,0,0
10050.965078753761,77054.0,0.3394080400466919,0,0
10050.965078753761,77286.01,0.27312949299812317,0,0
10050.965078753761,77339.33,0.2567341923713684,0,0
10050.965078753761,77108.01,0.2813146114349365,0,0
10050.965078753761,77150.0,0.2651861906051636,0,0
10050.965078753761,77225.7,0.1865469366312027,0,0
10050.965078753761,77287.43,0.1683882772922516,0,0
10050.965078753761,77272.37,0.1683882772922516,0,0
10050.965078753761,77288.0,0.1683882772922516,0,0
10050.965078753761,77268.09,0.17145173251628876,0,0
10050.965078753761,77222.75,0.16654612123966217,0,0
10050.965078753761,77218.0,0.1782572865486145,0,0
10050.965078753761,77289.73,0.18494470417499542,0,0
10050.965078753761,77269.55,0.16545934975147247,0,0
10050.965078753761,77360.01,0.16074679791927338,0,0
10050.965078753761,77349.44,0.16365331411361694,0,0
10050.965078753761,77332.94,0.14766016602516174,0,0
10050.965078753761,77356.04,0.14193207025527954,0,0
10050.965078753761,77340.0,0.15733171999454498,0,0
10050.965078753761,77366.52,0.17889122664928436,0,0
10050.965078753761,77461.24,0.17458750307559967,0,0
10050.965078753761,77380.37,0.15331166982650757,0,0
10050.965078753761,77358.01,0.14462442696094513,0,0
10050.965078753761,77210.58,0.1856469362974167,0,0
10050.965078753761,77131.0,0.15730950236320496,0,0
10050.965078753761,77114.99,0.16526538133621216,0,0
10050.965078753761,77170.0,0.16495463252067566,0,0
10050.965078753761,77264.01,0.17093250155448914,0,0
10050.965078753761,77232.17,0.1587943285703659,0,0
10050.965078753761,77278.73,0.1526670902967453,0,0
10050.965078753761,77276.02,0.1582840532064438,0,0
10050.965078753761,77319.97,0.16800406575202942,0,0
10050.965078753761,77289.96,0.16061124205589294,0,0
10050.965078753761,77192.01,0.18541257083415985,0,0
10050.965078753761,77210.01,0.16571569442749023,0,0
10050.965078753761,77322.01,0.16571569442749023,0,0
10050.965078753761,77122.35,0.19016048312187195,0,0
10050.965078753761,77127.99,0.16577385365962982,0,0
10050.965078753761,76813.71,0.2146272510290146,0,1
10050.965078753761,76808.01,0.2021063268184662,0,0
10050.965078753761,76677.29,0.19268737733364105,0,1
10050.965078753761,76792.32,0.22794198989868164,0,1
10050.965078753761,76763.33,0.20365099608898163,0,1
10050.965078753761,76853.02,0.2328873574733734,0,1
10050.965078753761,77216.01,0.23160292208194733,0,0
10050.965078753761,77134.83,0.21295635402202606,0,0
10050.965078753761,77276.14,0.21694359183311462,0,0
10050.965078753761,77328.94,0.1920722872018814,0,0
10050.965078753761,77338.87,0.18498440086841583,0,0
10050.965078753761,77284.0,0.20655155181884766,0,0
10050.965078753761,77348.01,0.18114009499549866,0,0
10050.965078753761,77316.0,0.21420782804489136,0,0
10050.965078753761,76714.0,0.2699674963951111,0,1
10050.965078753761,76842.01,0.21640266478061676,0,1
10050.965078753761,76808.0,0.28178033232688904,0,1
10050.965078753761,77118.97,0.26524820923805237,0,1
10050.965078753761,77600.0,0.2818307876586914,0,0
10050.965078753761,77596.33,0.25799068808555603,0,1
10050.965078753761,77681.78,0.23811200261116028,0,0
10050.965078753761,77611.79,0.2343224585056305,0,0
10050.965078753761,77593.15,0.2686765193939209,0,0
10050.965078753761,77892.24,0.25302618741989136,0,0
10050.965078753761,77728.8,0.2556341290473938,0,1
10050.965078753761,78141.57,0.27852922677993774,0,1
10050.965078753761,77906.6,0.23984630405902863,0,1
10050.965078753761,77776.0,0.2269299477338791,0,1
10050.965078753761,77698.01,0.2627260386943817,0,1
10050.965078753761,78168.01,0.2941136658191681,0,1
10050.965078753761,78521.06,0.2876521348953247,0,1
10050.965078753761,78578.02,0.2556341290473938,0,0
10050.965078753761,78769.42,0.2782997786998749,0,0
10050.965078753761,78937.98,0.2601291835308075,0,0
10050.965078753761,79226.01,0.2981351912021637,0,0
10050.965078753761,78982.0,0.24108046293258667,0,0
10050.965078753761,79100.0,0.27293699979782104,0,0
10050.965078753761,78757.83,0.25302618741989136,0,0
10050.965078753761,78557.98,0.24409690499305725,0,0
10050.965078753761,78189.21,0.2591148912906647,0,0
10050.965078753761,77952.93,0.24606136977672577,0,0
10050.965078753761,77917.86,0.24606136977672577,0,0
10050.965078753761,77913.72,0.21742676198482513,0,0
10050.965078753761,77676.99,0.23024919629096985,0,0
10050.965078753761,77567.12,0.23911942541599274,0,0
10050.965078753761,77630.0,0.24836337566375732,0,0
10050.965078753761,77286.7,0.26356446743011475,0,0
10050.965078753761,76930.01,0.27728065848350525,0,0
10050.965078753761,77000.01,0.2579803168773651,0,0
10050.965078753761,76984.05,0.23621322214603424,0,0
10050.965078753761,77053.8,0.24716947972774506,0,0
10050.965078753761,76940.01,0.24917955696582794,0,0
10050.965078753761,76957.65,0.23993787169456482,0,0
10050.965078753761,76618.77,0.3034936785697937,0,0
10050.965078753761,75942.01,0.3382582366466522,0,0
10050.965078753761,76512.0,0.33020228147506714,0,0
10050.965078753761,76388.0,0.2524357736110687,0,0
10050.965078753761,76962.0,0.3273092806339264,0,0
10050.965078753761,76000.0,0.34787437319755554,0,0
10050.965078753761,76186.48,0.3157946765422821,0,0
10050.965078753761,75935.24,0.31652677059173584,0,0
10050.965078753761,75453.85,0.3189307153224945,0,0
10050.965078753761,75668.0,0.3228704035282135,0,0
10050.965078753761,75644.48,0.2734780013561249,0,0
10050.965078753761,75772.1,0.2734780013561249,0,0
10050.965078753761,75489.14,0.29766809940338135,0,0
10050.965078753761,75886.35,0.3012106716632843,0,0
10050.965078753761,75824.01,0.25534895062446594,0,0
10050.965078753761,75864.02,0.23385998606681824,0,0
10050.965078753761,75962.01,0.25243884325027466,0,0
10050.965078753761,76030.01,0.23385998606681824,0,0
10050.965078753761,75766.63,0.27931684255599976,0,0
10050.965078753761,75736.01,0.2915806174278259,0,0
10050.965078753761,75993.0,0.2619733214378357,0,0
10050.965078753761,75990.2,0.19050489366054535,0,0
10050.965078753761,76250.0,0.2923771142959595,0,0
10050.965078753761,75967.99,0.30490773916244507,0,0
10050.965078753761,75646.01,0.2615026831626892,0,1
10050.965078753761,75697.82,0.25671443343162537,0,1
10050.965078753761,75788.41,0.2362259328365326,0,0
10050.965078753761,75768.0,0.21715186536312103,0,0
10050.965078753761,75768.01,0.26958081126213074,0,1
10050.965078753761,75632.0,0.28036847710609436,0,1
10050.965078753761,76080.0,0.2797206938266754,0,0
10050.965078753761,76178.34,0.2145402729511261,0,0
10050.965078753761,75976.0,0.19950725138187408,0,1
10050.965078753761,75675.88,0.1986238807439804,0,1
10050.965078753761,76206.01,0.24621303379535675,0,0
10050.965078753761,76342.77,0.24367275834083557,0,0
10050.965078753761,76374.21,0.27211692929267883,0,0
10050.965078753761,76370.01,0.2557758390903473,0,0
10050.965078753761,76441.99,0.1908932775259018,0,0
10050.965078753761,76539.81,0.23304340243339539,0,0
10050.965078753761,76333.88,0.22750183939933777,0,0
10050.965078753761,76477.45,0.22292573750019073,0,0
10050.965078753761,76462.76,0.22804297506809235,0,0
10050.965078753761,76574.63,0.22302483022212982,0,0
10050.965078753761,76468.05,0.23293882608413696,0,0
10050.965078753761,76402.01,0.22304119169712067,0,0
10050.965078753761,76482.0,0.23293882608413696,0,0
10050.965078753761,76736.59,0.27403923869132996,0,0
10050.965078753761,76694.07,0.27673304080963135,0,0
10050.965078753761,76502.46,0.287890762090683,0,0
10050.965078753761,76780.01,0.2562294006347656,0,0
10050.965078753761,76753.46,0.23301243782043457,0,0
10050.965078753761,76667.86,0.2392599731683731,0,0
10050.965078753761,76575.96,0.18133385479450226,0,0
10050.965078753761,76594.01,0.16902360320091248,0,0
10050.965078753761,76556.01,0.17079958319664001,0,1
10050.965078753761,76415.85,0.17750214040279388,0,1
10050.965078753761,76420.0,0.17980735003948212,0,1
10050.965078753761,76417.01,0.1647784411907196,0,1
10050.965078753761,76590.0,0.1791573017835617,0,1
10050.965078753761,76744.01,0.1899968534708023,0,1
10050.965078753761,76988.3,0.20327582955360413,0,1
10050.965078753761,77383.47,0.27470359206199646,0,1
10050.965078753761,77575.97,0.2535132169723511,0,1
10050.965078753761,77493.8,0.25247228145599365,0,1
10050.965078753761,77604.0,0.26194244623184204,0,1
10050.965078753761,77798.01,0.26194244623184204,0,1
10050.965078753761,78272.15,0.2877652049064636,0,1
10050.965078753761,78212.01,0.28638941049575806,0,1
10050.965078753761,78285.34,0.26237407326698303,0,1
10050.965078753761,78062.0,0.2500098645687103,0,1
10050.965078753761,78043.11,0.23908360302448273,0,1
10050.965078753761,80073.09,0.3528452515602112,0,1
10050.965078753761,80937.83,0.3409803509712219,0,0
10050.965078753761,80725.6,0.3163476288318634,0,1
10050.965078753761,80846.74,0.32320162653923035,0,0
10050.965078753761,81019.0,0.31023746728897095,0,0
10050.965078753761,80938.43,0.2765023410320282,0,1
10050.965078753761,81204.76,0.3073621392250061,0,0
10050.965078753761,81110.01,0.32839739322662354,0,0
10050.965078753761,81238.2,0.3154905438423157,0,0
10050.965078753761,81139.02,0.3219239115715027,0,0
10050.965078753761,80883.87,0.2766719460487366,0,0
10050.965078753761,81668.98,0.3126959800720215,0,0
10050.965078753761,81280.99,0.33118414878845215,0,0
10050.965078753761,81304.72,0.2405778169631958,0,0
10050.965078753761,81136.01,0.24259716272354126,0,0
10050.965078753761,81024.0,0.23962046205997467,0,0
10050.965078753761,81040.01,0.2182263284921646,0,0
10050.965078753761,81052.01,0.21452634036540985,0,0
10050.965078753761,81100.16,0.2253899872303009,0,0
10050.965078753761,81312.01,0.24103806912899017,0,0
10050.965078753761,81325.77,0.2396128922700882,0,0
10050.965078753761,81216.7,0.2137158364057541,0,1
10050.965078753761,81302.63,0.18543829023838043,0,0
10050.965078753761,81330.0,0.18543829023838043,0,0
10050.965078753761,81364.01,0.19237734377384186,0,0
10050.965078753761,81586.01,0.20844967663288116,0,0
10050.965078753761,81636.01,0.23263846337795258,0,0
10050.965078753761,81839.49,0.26997724175453186,0,0
10050.965078753761,81464.01,0.2553669512271881,0,0
10050.965078753761,81428.07,0.22842682898044586,0,0
10050.965078753761,81354.01,0.1912921518087387,0,0
10050.965078753761,81155.33,0.22548644244670868,0,0
10050.965078753761,81100.41,0.22244228422641754,0,0
10050.965078753761,81261.35,0.22002361714839935,0,0
10050.965078753761,81249.99,0.194992795586586,0,0
10050.965078753761,81293.37,0.18312494456768036,0,0
10050.965078753761,81097.99,0.19323790073394775,0,0
10050.965078753761,80331.52,0.3093549311161041,0,0
10050.965078753761,80486.38,0.2655327320098877,0,0
10050.965078753761,80432.4,0.2215329110622406,0,0
10050.965078753761,80494.31,0.2266761064529419,0,0
10050.965078753761,80309.44,0.24997323751449585,0,0
10050.965078753761,80311.61,0.1762063056230545,0,0
10050.965078753761,80264.85,0.2230122685432434,0,1
10050.965078753761,80470.01,0.23510068655014038,0,1
10050.965078753761,80319.58,0.20993614196777344,0,1
10050.965078753761,80493.2,0.22962768375873566,0,1
10050.965078753761,80493.76,0.2215329110622406,0,1
10050.965078753761,80564.57,0.22054465115070343,0,1
10050.965078753761,80682.01,0.2504148781299591,0,1
10050.965078753761,80912.0,0.24648001790046692,0,0
10050.965078753761,81334.01,0.28796154260635376,0,0
10050.965078753761,81147.94,0.2556341290473938,0,0
10050.965078753761,81036.0,0.21738502383232117,0,1
10050.965078753761,81177.32,0.22094425559043884,0,0
10050.965078753761,81091.85,0.18149739503860474,0,0
10050.965078753761,80932.01,0.25680556893348694,0,1
10050.965078753761,81222.85,0.25958117842674255,0,0
10050.965078753761,81178.0,0.2116968333721161,0,0
10050.965078753761,81607.72,0.27079302072525024,0,0
10050.965078753761,80996.97,0.2939850986003876,0,1
10050.965078753761,81310.61,0.271494060754776,0,1
10050.965078753761,81425.23,0.24728630483150482,0,1
10050.965078753761,81400.01,0.23911942541599274,0,1
10050.965078753761,81550.0,0.26869189739227295,0,1
10050.965078753761,81639.9,0.26812270283699036,0,1
10050.965078753761,81720.01,0.24245218932628632,0,1
10050.965078753761,83760.0,0.3577609360218048,0,1
10050.965078753761,84653.71,0.35830408334732056,0,1
10050.965078753761,84441.77,0.32450810074806213,0,1
10050.965078753761,84887.19,0.30893710255622864,0,1
10050.965078753761,85323.0,0.3224951922893524,0,1
10050.965078753761,85466.34,0.32356271147727966,0,1
10050.965078753761,85844.14,0.318401575088501,0,1
10050.965078753761,85927.71,0.3151322603225708,0,1
10050.965078753761,85961.91,0.3157588541507721,0,1
10050.965078753761,85897.21,0.2738100588321686,0,1
10050.965078753761,86051.75,0.3289501667022705,0,0
10050.965078753761,86490.11,0.3117317855358124,0,0
10050.965078753761,87001.68,0.31222736835479736,0,0
10050.965078753761,86588.29,0.2910410165786743,0,0
10050.965078753761,86453.74,0.28824061155319214,0,0
10050.965078753761,86620.0,0.26698538661003113,0,0
10050.965078753761,85890.71,0.3077627420425415,0,0
10050.965078753761,85616.23,0.30268242955207825,0,0
10050.965078753761,85714.9,0.29723161458969116,0,1
10050.965078753761,85692.83,0.2597595751285553,0,1
10050.965078753761,85452.0,0.2251160591840744,0,1
10050.965078753761,85397.37,0.2581332325935364,0,1
10050.965078753761,85384.01,0.23324397206306458,0,1
10050.965078753761,85344.0,0.24871812760829926,0,1
10050.965078753761,86223.77,0.2815050482749939,0,0
10050.965078753761,86253.99,0.27456939220428467,0,0
10050.965078753761,85904.0,0.26157307624816895,0,1
10050.965078753761,85986.62,0.241024449467659,0,1
10050.965078753761,86024.01,0.25597554445266724,0,1
10050.965078753761,86346.01,0.2764133810997009,0,0
10050.965078753761,86258.01,0.2851937413215637,0,0
10050.965078753761,86413.12,0.2698979377746582,0,0
10050.965078753761,86421.13,0.27371880412101746,0,0
10050.965078753761,86570.24,0.26458483934402466,0,0
10050.965078753761,86461.44,0.26277193427085876,0,0
10050.965078753761,86192.44,0.2709040939807892,0,0
10050.965078753761,86264.01,0.23474079370498657,0,0
10050.965078753761,86184.01,0.19357286393642426,0,1
10050.965078753761,86124.01,0.23831874132156372,0,1
10050.965078753761,86208.56,0.25742045044898987,0,0
10050.965078753761,86457.3,0.2621927261352539,0,0
10050.965078753761,86370.0,0.2741546928882599,0,0
10050.965078753761,86552.26,0.255623996257782,0,0
10050.965078753761,86704.27,0.26040884852409363,0,0
10050.965078753761,87166.95,0.26421302556991577,0,0
10050.965078753761,86496.01,0.28185197710990906,0,0
10050.965078753761,86469.66,0.25489383935928345,0,0
10050.965078753761,86124.77,0.2661476731300354,0,0
10050.965078753761,85899.99,0.28256407380104065,0,0
10050.965078753761,85854.33,0.2488604485988617,0,0
10050.965078753761,85923.07,0.2610837519168854,0,0
10050.965078753761,85649.95,0.27832475304603577,0,0
10050.965078753761,85510.91,0.28208452463150024,0,0
10050.965078753761,85792.01,0.29713937640190125,0,0
10050.965078753761,84533.99,0.3455357849597931,0,0
10050.965078753761,83996.01,0.3421022891998291,0,1
10050.965078753761,84038.0,0.337126761674881,0,1
10050.965078753761,84326.56,0.3273356258869171,0,0
10050.965078753761,84330.0,0.2390822172164917,0,0
10050.965078753761,84518.0,0.25673961639404297,0,0
10050.965078753761,84232.86,0.24601449072360992,0,0
10050.965078753761,84419.48,0.22760777175426483,0,0
10050.965078753761,84563.01,0.24601449072360992,0,0
10050.965078753761,84397.6,0.22610680758953094,0,0
10050.965078753761,84318.0,0.2562471926212311,0,0
10050.965078753761,84104.35,0.27548372745513916,0,0
10050.965078753761,84365.54,0.3060826063156128,0,0
10050.965078753761,83934.01,0.2948390245437622,0,0
10050.965078753761,84046.0,0.24205981194972992,0,0
10050.965078753761,83978.02,0.2665647566318512,0,0
10050.965078753761,84113.99,0.23574291169643402,0,0
10050.965078753761,84524.02,0.3123859167098999,0,0
10050.965078753761,83660.0,0.34772300720214844,0,0
10050.965078753761,83263.95,0.3429403603076935,0,1
10050.965078753761,83512.2,0.2793269753456116,0,1
10050.965078753761,83494.58,0.24723808467388153,0,1
10050.965078753761,83604.26,0.2614443302154541,0,1
10050.965078753761,84258.43,0.3172904849052429,0,0
10050.965078753761,83673.77,0.3352842926979065,0,1
10050.965078753761,84418.0,0.29763859510421753,0,0
10050.965078753761,84500.33,0.2888635993003845,0,0
10050.965078753761,84110.0,0.28344812989234924,0,0
10050.965078753761,84476.01,0.27782803773880005,0,0
10050.965078753761,84412.65,0.29033640027046204,0,0
10050.965078753761,84371.63,0.26325854659080505,0,0
10050.965078753761,84350.0,0.25446921586990356,0,0
10050.965078753761,84277.32,0.27634596824645996,0,0
10050.965078753761,84410.24,0.22063903510570526,0,0
10050.965078753761,84590.01,0.25818249583244324,0,0
10050.965078753761,84610.73,0.2708990275859833,0,0
10050.965078753761,84226.16,0.2724219560623169,0,0
10050.965078753761,84231.19,0.2548026442527771,0,0
10050.965078753761,84208.01,0.22196173667907715,0,1
10050.965078753761,84194.01,0.20813101530075073,0,0
10050.965078753761,84036.0,0.24355830252170563,0,1
10050.965078753761,84043.96,0.25715094804763794,0,0
10050.965078753761,84417.06,0.25197193026542664,0,0
10050.965078753761,84570.01,0.24579155445098877,0,0
10050.965078753761,84713.66,0.237249955534935,0,0
10050.965078753761,84582.64,0.25334224104881287,0,0
10050.965078753761,84471.8,0.26977184414863586,0,0
10050.965078753761,83923.71,0.271237313747406,0,0
10050.965078753761,84016.01,0.2821454107761383,0,0
10050.965078753761,83796.01,0.30318132042884827,0,0
10050.965078753761,83742.22,0.251762717962265,0,0
10050.965078753761,83785.11,0.23977826535701752,0,0
10050.965078753761,83968.0,0.21420755982398987,0,0
10050.965078753761,84020.01,0.17539913952350616,0,0
10050.965078753761,83886.0,0.23720203340053558,0,0
10050.965078753761,83792.0,0.20810088515281677,0,0
10050.965078753761,84083.05,0.2185467630624771,0,0
10050.965078753761,84099.99,0.16725820302963257,0,0
10050.965078753761,83910.01,0.23209747672080994,0,0
10050.965078753761,84076.66,0.1883494257926941,0,0
10050.965078753761,84010.0,0.17137102782726288,0,0
10050.965078753761,83939.0,0.16703510284423828,0,0
10050.965078753761,83976.0,0.20460785925388336,0,0
10050.965078753761,83919.69,0.16202649474143982,0,0
10050.965078753761,83891.22,0.15472127497196198,0,0
10050.965078753761,84116.8,0.1860925555229187,0,0
10050.965078753761,84220.01,0.18744544684886932,0,0
10050.965078753761,84021.95,0.1809116154909134,0,0
10050.965078753761,84179.92,0.16756394505500793,0,0
10050.965078753761,84176.0,0.14912785589694977,0,0
10050.965078753761,84051.9,0.1694609522819519,0,0
10050.965078753761,83939.1,0.18503065407276154,0,0
10050.965078753761,84020.0,0.153544083237648,0,0
10050.965078753761,84155.99,0.174000084400177,0,0
10050.965078753761,84120.0,0.15532024204730988,0,0
10050.965078753761,84132.4,0.157436341047287,0,0
10050.965078753761,83998.68,0.17668627202510834,0,0
10050.965078753761,84016.63,0.157436341047287,0,1
10050.965078753761,84030.34,0.19119174778461456,0,0
10050.965078753761,84158.75,0.2003399133682251,0,0
10050.965078753761,84276.01,0.19368451833724976,0,0
10050.965078753761,84433.1,0.20953282713890076,0,0
10050.965078753761,84306.01,0.16978968679904938,0,0
10050.965078753761,84495.01,0.20066507160663605,0,0
10050.965078753761,84450.0,0.17473873496055603,0,0
10050.965078753761,84402.15,0.16037265956401825,0,1
10050.965078753761,84329.6,0.1781875640153885,0,1
10050.965078753761,84478.06,0.19644618034362793,0,0
10050.965078753761,84511.69,0.18891851603984833,0,0
10050.965078753761,84791.0,0.22436094284057617,0,0
10050.965078753761,84800.0,0.21541082859039307,0,0
10050.965078753761,84944.01,0.2488313913345337,0,0
10050.965078753761,84883.0,0.24365627765655518,0,0
10050.965078753761,84898.0,0.2080334722995758,0,0
10050.965078753761,84802.01,0.22832001745700836,0,0
10050.965078753761,85030.41,0.2653302252292633,0,0
10050.965078753761,84538.02,0.2608586549758911,0,0
10050.965078753761,84463.37,0.21670687198638916,0,0
10050.965078753761,84426.0,0.21315975487232208,0,0
10050.965078753761,84574.0,0.19627691805362701,0,0
10050.965078753761,84818.87,0.2074853926897049,0,0
10050.965078753761,84736.01,0.18276816606521606,0,0
10050.965078753761,84552.0,0.19313758611679077,0,0
10050.965078753761,84688.07,0.19313758611679077,0,0
10050.965078753761,84195.27,0.2464032620191574,0,0
10050.965078753761,84472.0,0.23100386559963226,0,0
10050.965078753761,84140.0,0.2878584563732147,0,0
