equity,close,probability_up,in_position,target
10000.0,91665.0,0.2857697904109955,0,0
10000.0,92123.52,0.29171910881996155,0,0
10000.0,91522.83,0.30554550886154175,0,0
10000.0,91691.8,0.27014926075935364,0,0
10000.0,91861.27,0.23661741614341736,0,0
10000.0,91484.86,0.26899170875549316,0,0
10000.0,91055.17,0.27943822741508484,0,0
10000.0,91244.99,0.2399584949016571,0,0
10000.0,91296.2,0.2251162827014923,0,1
10000.0,91482.74,0.22449010610580444,0,1
10000.0,91185.35,0.24574057757854462,0,1
10000.0,91118.3,0.19539566338062286,0,1
10000.0,91408.91,0.21070809662342072,0,1
10000.0,91515.16,0.22047865390777588,0,1
10000.0,91920.99,0.28766411542892456,0,0
10000.0,92184.36,0.25428736209869385,0,0
10000.0,91942.0,0.2406315952539444,0,0
10000.0,92165.9,0.2395104467868805,0,0
10000.0,92269.42,0.28386273980140686,0,1
10000.0,92128.62,0.2263394296169281,0,1
10000.0,92000.74,0.2256973683834076,0,1
10000.0,92109.35,0.2234870046377182,0,1
10000.0,92076.12,0.2467077672481537,0,1
10000.0,92462.03,0.2802969813346863,0,1
10000.0,93449.99,0.31127679347991943,0,1
10000.0,93389.63,0.3041834533214569,0,1
10000.0,93241.99,0.2613990902900696,0,1
10000.0,93633.71,0.2994711399078369,0,1
10000.0,94226.84,0.3216831088066101,0,1
10000.0,94408.7,0.27273231744766235,0,1
10000.0,94087.23,0.2700139284133911,0,1
10000.0,95757.21,0.3292510211467743,0,0
10000.0,95414.0,0.32116463780403137,0,0
10000.0,95236.84,0.28812408447265625,0,0
10000.0,95245.6,0.27705180644989014,0,0
10000.0,95347.46,0.27888888120651245,0,0
10000.0,95720.99,0.27284368872642517,0,0
10000.0,95245.16,0.25694751739501953,0,0
10000.0,95005.0,0.24150237441062927,0,0
10000.0,95028.87,0.27055901288986206,0,0
10000.0,95205.1,0.2673960328102112,0,0
10000.0,94900.01,0.24706034362316132,0,1
10000.0,95088.24,0.2170022875070572,0,1
10000.0,95091.75,0.2636300027370453,0,1
10000.0,94792.99,0.23449519276618958,0,1
10000.0,95077.56,0.24318288266658783,0,1
10000.0,94998.19,0.26237455010414124,0,1
10000.0,96493.15,0.32757601141929626,0,1
10000.0,96764.57,0.3435679078102112,0,1
10000.0,97293.24,0.34778955578804016,0,0
10000.0,96956.07,0.33269909024238586,0,0
10000.0,96806.55,0.2889798581600189,0,0
10000.0,97267.42,0.3132384717464447,0,0
10000.0,97655.28,0.31926989555358887,0,0
10000.0,97564.0,0.27520737051963806,0,0
10000.0,96878.34,0.280360609292984,0,0
10000.0,96951.78,0.24571000039577484,0,0
10000.0,96658.03,0.2579149901866913,0,0
10000.0,96445.31,0.266064316034317,0,0
10000.0,96339.91,0.2577318847179413,0,0
10000.0,95985.1,0.2738039791584015,0,1
10000.0,96316.27,0.23900660872459412,0,1
10000.0,96429.71,0.2106485664844513,0,0
10000.0,96243.78,0.23300647735595703,0,1
10000.0,96630.48,0.2564796209335327,0,0
10000.0,96643.0,0.2559526264667511,0,0
10000.0,97040.75,0.26774466037750244,0,0
10000.0,96818.68,0.19987432658672333,0,0
10000.0,96581.08,0.24607332050800323,0,0
10000.0,96981.65,0.22502756118774414,0,0
10000.0,96846.75,0.24206578731536865,0,0
10000.0,96063.43,0.29535943269729614,0,0
10000.0,96737.04,0.28623780608177185,0,0
10000.0,96738.51,0.2872263491153717,0,0
10000.0,96636.35,0.2815578579902649,0,0
10000.0,95835.0,0.319579154253006,0,0
10000.0,95516.01,0.33281654119491577,0,0
10000.0,95260.67,0.27358439564704895,0,0
10000.0,95584.35,0.24011577665805817,0,0
10000.0,95583.87,0.23619641363620758,0,0
10000.0,95604.8,0.21107222139835358,0,0
10000.0,95633.5,0.20514580607414246,0,0
10000.0,95664.18,0.2352672964334488,0,0
10000.0,95504.4,0.20514580607414246,0,0
10000.0,95354.69,0.2019914835691452,0,0
10000.0,95261.29,0.2578636109828949,0,0
10000.0,95660.37,0.24955850839614868,0,0
10000.0,95741.21,0.22377236187458038,0,0
10000.0,95653.16,0.1949252486228943,0,0
10000.0,95676.0,0.22517269849777222,0,0
10000.0,95613.53,0.16666774451732635,0,0
10000.0,95307.35,0.2456931322813034,0,0
10000.0,95429.09,0.16185367107391357,0,0
10000.0,95458.55,0.15708060562610626,0,0
10000.0,95448.87,0.16480788588523865,0,0
10000.0,95192.36,0.22384735941886902,0,0
10000.0,94585.98,0.28809529542922974,0,1
10000.0,94872.55,0.2414076328277588,0,1
10000.0,95076.08,0.26353174448013306,0,0
10000.0,95001.19,0.2193874716758728,0,0
10000.0,95002.09,0.16526183485984802,0,0
10000.0,95553.6,0.25013941526412964,0,0
10000.0,95523.52,0.2242090106010437,0,0
10000.0,95514.0,0.22144734859466553,0,0
10000.0,95550.94,0.1388552486896515,0,0
10000.0,95465.97,0.14716090261936188,0,0
10000.0,95399.93,0.14683640003204346,0,0
10000.0,95371.35,0.16728760302066803,0,0
10000.0,95372.95,0.14356356859207153,0,0
10000.0,95303.64,0.13909892737865448,0,0
10000.0,95323.67,0.13635337352752686,0,0
10000.0,95240.07,0.15139509737491608,0,0
10000.0,95101.67,0.16824114322662354,0,0
10000.0,95247.51,0.18993735313415527,0,0
10000.0,95260.65,0.13635337352752686,0,0
10000.0,95116.48,0.14496825635433197,0,0
10000.0,95323.86,0.1837935745716095,0,0
10000.0,95251.15,0.18938905000686646,0,0
10000.0,95438.32,0.20832397043704987,0,0
10000.0,95471.18,0.16269421577453613,0,0
10000.0,95573.64,0.17498661577701569,0,0
10000.0,95315.23,0.19201074540615082,0,0
10000.0,95357.24,0.19057536125183105,0,0
10000.0,95428.25,0.18427981436252594,0,0
10000.0,95291.38,0.1804509162902832,0,0
10000.0,95378.18,0.24354346096515656,0,0
10000.0,95302.94,0.25001025199890137,0,0
10000.0,95170.97,0.21704509854316711,0,0
10000.0,95147.77,0.22852201759815216,0,0
10000.0,95112.47,0.23415185511112213,0,0
10000.0,94966.9,0.23754286766052246,0,0
10000.0,95022.01,0.22873100638389587,0,0
10000.0,95200.29,0.2385091930627823,0,0
10000.0,95095.68,0.22724489867687225,0,0
10000.0,95188.55,0.2393476814031601,0,0
10000.0,95171.43,0.25538262724876404,0,0
10000.0,95028.27,0.24986930191516876,0,0
10000.0,95183.93,0.24383559823036194,0,0
10000.0,95275.73,0.27917546033859253,0,0
10000.0,95180.66,0.263973206281662,0,0
10000.0,95168.06,0.26920294761657715,0,0
10000.0,95113.25,0.25375375151634216,0,0
10000.0,95146.82,0.22914519906044006,0,0
10000.0,94955.79,0.221744105219841,0,0
10000.0,95119.28,0.24041852355003357,0,0
10000.0,95169.35,0.25672298669815063,0,0
10000.0,95274.36,0.26430022716522217,0,0
10000.0,95439.6,0.25304412841796875,0,0
10000.0,95380.99,0.20031669735908508,0,0
10000.0,95304.01,0.23232795298099518,0,0
10000.0,95430.44,0.1987568438053131,0,0
10000.0,95498.61,0.19336961209774017,0,0
10000.0,93673.14,0.3325046896934509,0,0
10000.0,92711.02,0.33453211188316345,0,0
10000.0,92586.65,0.32460835576057434,0,0
10000.0,92566.8,0.2807700037956238,0,1
10000.0,92690.09,0.27817481756210327,0,0
10000.0,92665.0,0.2516454756259918,0,0
10000.0,92511.77,0.2417829930782318,0,1
10000.0,92583.27,0.24370016157627106,0,1
10000.0,92841.62,0.24910971522331238,0,0
10000.0,93259.09,0.3170669674873352,0,0
10000.0,93060.06,0.2661135196685791,0,0
10000.0,93064.88,0.1682683229446411,0,0
10000.0,93191.96,0.24505576491355896,0,0
10000.0,93070.6,0.2694551348686218,0,0
10000.0,93031.86,0.24505576491355896,0,0
10000.0,92812.43,0.26354944705963135,0,0
10000.0,93068.62,0.26084524393081665,0,0
10000.0,93301.86,0.29900968074798584,0,0
10000.0,93242.99,0.24801477789878845,0,0
10000.0,93065.84,0.21640338003635406,0,0
10000.0,93105.85,0.15142786502838135,0,0
10000.0,93141.94,0.1413465440273285,0,0
10000.0,93003.42,0.18589267134666443,0,0
10000.0,92565.78,0.22859987616539001,0,0
10000.0,92631.0,0.2643069922924042,0,0
10000.0,92717.9,0.22114503383636475,0,0
10000.0,92716.48,0.19109103083610535,0,0
10000.0,92552.16,0.1945742815732956,0,0
10000.0,92434.92,0.2263897806406021,0,0
10000.0,92062.61,0.21996043622493744,0,0
10000.0,91624.18,0.28200167417526245,0,0
10000.0,90929.98,0.32452255487442017,0,0
10000.0,91177.98,0.26222842931747437,0,0
10000.0,91116.0,0.312296062707901,0,0
10000.0,91036.25,0.21971115469932556,0,0
10000.0,91269.58,0.24484765529632568,0,0
10000.0,91218.99,0.23379962146282196,0,0
10000.0,91280.31,0.23672553896903992,0,0
10000.0,90958.88,0.2740958333015442,0,0
10000.0,90531.15,0.32376107573509216,0,0
10000.0,90684.95,0.3262203633785248,0,0
10000.0,90165.51,0.3394083082675934,0,0
10000.0,89775.46,0.3344678282737732,0,0
10000.0,89501.0,0.3369092643260956,0,0
10000.0,89725.76,0.2869702875614166,0,0
10000.0,89733.99,0.2696915566921234,0,0
10000.0,89476.01,0.2639242708683014,0,0
10000.0,88509.18,0.34507256746292114,0,1
10000.0,88427.66,0.33526188135147095,0,1
10000.0,88936.01,0.3256295621395111,0,1
10000.0,89020.91,0.24811477959156036,0,0
10000.0,89048.57,0.2705027163028717,0,0
10000.0,89432.33,0.2953931987285614,0,0
10000.0,89448.89,0.2205003798007965,0,0
10000.0,89950.04,0.2915997803211212,0,0
10000.0,89649.62,0.23893289268016815,0,0
10000.0,89213.95,0.31071919202804565,0,0
10000.0,89197.35,0.2717357873916626,0,1
10000.0,89112.3,0.24861177802085876,0,1
10000.0,89248.99,0.21446657180786133,0,0
10000.0,88789.99,0.3196620047092438,0,0
10000.0,88736.31,0.3175327479839325,0,0
10000.0,88672.64,0.27092090249061584,0,1
10000.0,89805.43,0.32466673851013184,0,0
10000.0,90288.04,0.3011952340602875,0,0
10000.0,87602.4,0.40832972526550293,0,1
10000.0,87932.38,0.3935510218143463,0,1
10000.0,88485.43,0.38974010944366455,0,1
10000.0,90355.56,0.36204585433006287,0,0
10000.0,90214.01,0.34745997190475464,0,0
10000.0,90249.18,0.3285329341888428,0,0
10000.0,89763.51,0.35900893807411194,0,0
10000.0,89454.73,0.33635297417640686,0,1
10000.0,89908.49,0.33283036947250366,0,0
10000.0,90113.19,0.31459686160087585,0,0
10000.0,89938.3,0.3324347138404846,0,0
10000.0,89899.51,0.31440427899360657,0,0
10000.0,89998.91,0.2884815037250519,0,0
10000.0,90026.3,0.21467219293117523,0,0
10000.0,90172.11,0.2621295154094696,0,0
10000.0,89818.79,0.29777416586875916,0,0
10000.0,89920.16,0.21243315935134888,0,0
10000.0,90033.02,0.2422015517950058,0,0
10000.0,90078.77,0.2078666388988495,0,0
10000.0,89941.26,0.2681714594364166,0,0
10000.0,90021.09,0.2231849879026413,0,0
10000.0,89619.81,0.31070223450660706,0,0
10000.0,89088.59,0.3328120708465576,0,0
10000.0,89000.01,0.3302236497402191,0,0
10000.0,89054.06,0.28924039006233215,0,0
10000.0,89550.01,0.27868345379829407,0,0
10000.0,89333.94,0.25846436619758606,0,0
10000.0,89777.9,0.29097360372543335,0,0
10000.0,89409.72,0.284339964389801,0,0
10000.0,89268.66,0.260596364736557,0,1
10000.0,89346.99,0.24878275394439697,0,1
10000.0,89559.67,0.23447926342487335,0,0
10000.0,89520.01,0.19416148960590363,0,0
10000.0,89939.38,0.24445316195487976,0,0
10000.0,89663.48,0.23412753641605377,0,0
10000.0,89924.78,0.22263185679912567,0,0
10000.0,89965.42,0.22078143060207367,0,0
10000.0,89616.03,0.24813644587993622,0,0
10000.0,89509.59,0.25832876563072205,0,0
10000.0,89549.45,0.23679251968860626,0,0
10000.0,89221.46,0.2683016061782837,0,0
10000.0,88977.72,0.2691664695739746,0,1
10000.0,89046.49,0.23212990164756775,0,1
10000.0,89202.48,0.2561085820198059,0,1
10000.0,89267.83,0.2151241898536682,0,1
10000.0,89350.81,0.20483744144439697,0,1
10000.0,89017.85,0.2817811071872711,0,1
10000.0,89761.61,0.28917211294174194,0,0
10000.0,90124.85,0.2935824692249298,0,0
10000.0,90600.0,0.29674914479255676,0,0
10000.0,90530.45,0.2866613268852234,0,0
10000.0,89982.79,0.29571565985679626,0,0
10000.0,89503.68,0.30024778842926025,0,0
10000.0,89349.99,0.25105196237564087,0,0
10000.0,89624.61,0.24256214499473572,0,0
10000.0,89600.26,0.18361443281173706,0,0
10000.0,89452.83,0.18732978403568268,0,0
10000.0,89550.24,0.17969968914985657,0,0
10000.0,89702.85,0.17931778728961945,0,0
10000.0,89770.02,0.22458624839782715,0,0
10000.0,89829.35,0.1707843393087387,0,0
10000.0,89775.2,0.17167676985263824,0,0
10000.0,89649.32,0.22472286224365234,0,0
10000.0,89620.1,0.1662215143442154,0,0
10000.0,89660.88,0.16319698095321655,0,0
10000.0,89600.0,0.1611984670162201,0,0
10000.0,89626.8,0.1611984670162201,0,0
10000.0,89595.4,0.15694032609462738,0,0
10000.0,89537.82,0.169200137257576,0,0
10000.0,89368.22,0.17404337227344513,0,0
10000.0,89450.03,0.19560204446315765,0,0
10000.0,89275.77,0.19814135134220123,0,0
10000.0,89290.01,0.1869908571243286,0,0
10000.0,89406.5,0.20592555403709412,0,0
10000.0,89395.23,0.207305446267128,0,0
10000.0,89331.36,0.21171289682388306,0,0
10000.0,89380.01,0.19248023629188538,0,0
10000.0,89386.61,0.2011997103691101,0,0
10000.0,89430.0,0.20243358612060547,0,0
10000.0,89225.34,0.1999417543411255,0,0
10000.0,89315.18,0.20640231668949127,0,0
10000.0,89176.31,0.18370965123176575,0,0
10000.0,89139.04,0.2225661724805832,0,0
10000.0,88960.35,0.21443350613117218,0,0
10000.0,89006.96,0.21782201528549194,0,0
10000.0,88990.9,0.21190312504768372,0,0
10000.0,88831.36,0.21784275770187378,0,0
10000.0,88659.99,0.22696056962013245,0,0
10000.0,88300.01,0.2996184527873993,0,0
10000.0,88398.38,0.22254854440689087,0,0
10000.0,88659.51,0.2156985104084015,0,0
10000.0,88570.17,0.21596385538578033,0,0
10000.0,88791.99,0.23790331184864044,0,0
10000.0,88921.0,0.21686917543411255,0,0
10000.0,88710.1,0.218072772026062,0,0
10000.0,88446.5,0.23858146369457245,0,0
10000.0,88077.26,0.29187121987342834,0,0
10000.0,87892.17,0.2592424750328064,0,0
10000.0,87420.01,0.32508742809295654,0,0
10000.0,86495.16,0.33267953991889954,0,1
10000.0,86654.61,0.33628129959106445,0,1
10000.0,86568.5,0.325337678194046,0,1
10000.0,86521.39,0.2710956335067749,0,1
10000.0,86670.36,0.3162488341331482,0,1
10000.0,86854.86,0.30791276693344116,0,1
10000.0,87698.73,0.3140544891357422,0,0
10000.0,87563.38,0.31677284836769104,0,0
10000.0,87282.05,0.31677284836769104,0,0
10000.0,87737.06,0.3160325288772583,0,0
10000.0,87826.01,0.2500201463699341,0,0
10000.0,87937.44,0.25031542778015137,0,0
10000.0,88000.64,0.255085289478302,0,0
10000.0,87975.39,0.2640192210674286,0,0
10000.0,87663.12,0.24827539920806885,0,0
10000.0,87897.55,0.19859863817691803,0,0
10000.0,87855.0,0.19103777408599854,0,0
10000.0,87799.45,0.19859863817691803,0,1
10000.0,87960.01,0.2516796886920929,0,0
10000.0,88178.1,0.29601195454597473,0,0
10000.0,87641.41,0.32061731815338135,0,0
10000.0,87606.99,0.28087300062179565,0,1
10000.0,87700.62,0.27486804127693176,0,1
10000.0,88403.72,0.2602980136871338,0,0
10000.0,88013.19,0.25692129135131836,0,1
10000.0,87629.22,0.2487587332725525,0,1
10000.0,88064.69,0.2530422806739807,0,1
10000.0,88140.01,0.1998041868209839,0,0
10000.0,88347.08,0.24593587219715118,0,0
10000.0,88353.97,0.1998041868209839,0,0
10000.0,88550.61,0.25496548414230347,0,0
10000.0,88831.6,0.2598268389701843,0,0
10000.0,88788.0,0.25671863555908203,0,0
10000.0,88579.58,0.26358944177627563,0,0
10000.0,88456.3,0.20147705078125,0,0
10000.0,88332.67,0.21341760456562042,0,0
10000.0,88320.41,0.2219560295343399,0,0
10000.0,88170.82,0.2219560295343399,0,0
10000.0,87886.82,0.2366623878479004,0,0
10000.0,87786.53,0.22293251752853394,0,1
10000.0,87992.74,0.2472027838230133,0,0
10000.0,87986.96,0.21720577776432037,0,0
10000.0,87982.15,0.2315499484539032,0,0
10000.0,87745.02,0.25611773133277893,0,1
10000.0,88047.46,0.24587039649486542,0,1
10000.0,88641.44,0.26687300205230713,0,1
10000.0,87546.58,0.29870566725730896,0,1
10000.0,88285.05,0.28644171357154846,0,1
10000.0,88408.77,0.26364535093307495,0,1
10000.0,89396.16,0.28715255856513977,0,0
10000.0,89081.46,0.27979615330696106,0,0
10000.0,89243.63,0.25451555848121643,0,0
10000.0,89250.0,0.26420047879219055,0,0
10000.0,89467.72,0.2277299165725708,0,0
10000.0,89404.57,0.22123266756534576,0,0
10000.0,89285.77,0.2339065670967102,0,0
10000.0,89126.67,0.24234674870967865,0,0
10000.0,88975.04,0.24864748120307922,0,0
10000.0,89084.1,0.23928676545619965,0,1
10000.0,89317.47,0.23680830001831055,0,1
10000.0,89134.35,0.2419741302728653,0,1
10000.0,88925.47,0.2660503387451172,0,1
10000.0,89567.25,0.2689913809299469,0,0
10000.0,89403.77,0.2688180208206177,0,0
10000.0,90080.0,0.2853725850582123,0,0
10000.0,89998.69,0.2735055088996887,0,0
10000.0,90257.91,0.2772155702114105,0,0
10000.0,89617.27,0.2861732840538025,0,0
10000.0,89479.66,0.2888038754463196,0,0
10000.0,89629.66,0.2788594961166382,0,0
10000.0,90169.88,0.2853712737560272,0,0
10000.0,89546.24,0.28162044286727905,0,0
10000.0,89402.58,0.2849130630493164,0,0
10000.0,89130.63,0.2850308418273926,0,0
10000.0,89412.17,0.2565556466579437,0,0
10000.0,89396.15,0.2239801436662674,0,0
10000.0,89299.99,0.20306235551834106,0,0
10000.0,89143.91,0.24636265635490417,0,0
10000.0,88603.56,0.3156854808330536,0,0
10000.0,87907.06,0.3458232879638672,0,0
10000.0,88053.71,0.31116974353790283,0,0
10000.0,88315.2,0.2474687397480011,0,0
10000.0,88186.54,0.22705163061618805,0,0
10000.0,88319.35,0.18597412109375,0,0
10000.0,88352.97,0.20955176651477814,0,0
10000.0,88064.16,0.29578283429145813,0,0
10000.0,87892.01,0.2403002828359604,0,0
10000.0,87946.46,0.23247390985488892,0,0
10000.0,87846.5,0.2432713657617569,0,0
10000.0,88121.21,0.2384272813796997,0,0
10000.0,88052.88,0.23126651346683502,0,0
10000.0,87014.4,0.3408280909061432,0,0
10000.0,84934.02,0.37584567070007324,0,0
10000.0,85270.0,0.36557984352111816,0,0
10000.0,84261.66,0.39907145500183105,0,0
10000.0,83477.02,0.4077828824520111,0,1
10000.0,84012.11,0.3819199204444885,0,0
10000.0,84216.91,0.37867820262908936,0,0
10000.0,84526.57,0.3801595866680145,0,0
10000.0,84570.05,0.28972765803337097,0,0
10000.0,84650.16,0.29098477959632874,0,0
10000.0,84192.0,0.3913338780403137,0,0
10000.0,82468.02,0.38719695806503296,0,0
10000.0,82164.88,0.3856799304485321,0,1
10000.0,82676.43,0.3902207016944885,0,0
10000.0,82938.92,0.391771137714386,0,0
10000.0,82914.19,0.3362638056278229,0,0
10000.0,82602.81,0.3845996558666229,0,0
10000.0,82816.98,0.3873750865459442,0,0
10000.0,82671.7,0.36342841386795044,0,1
10000.0,82363.72,0.3802337646484375,0,1
10000.0,82833.92,0.35539713501930237,0,0
10000.0,83151.36,0.36558058857917786,0,0
10000.0,82800.5,0.36314842104911804,0,1
10000.0,82740.92,0.3816855251789093,0,1
10000.0,83098.0,0.3713976740837097,0,1
10000.0,82883.94,0.37257519364356995,0,1
10000.0,83149.0,0.36676880717277527,0,1
10000.0,82943.23,0.36676880717277527,0,1
10000.0,83931.13,0.36583760380744934,0,0
10000.0,84242.99,0.3606242537498474,0,0
10000.0,83906.34,0.35282784700393677,0,0
10000.0,84273.7,0.30371078848838806,0,0
10000.0,84219.99,0.2576414942741394,0,0
10000.0,84260.49,0.2593535780906677,0,0
10000.0,84067.83,0.23990635573863983,0,0
10000.0,83999.99,0.2519330680370331,0,0
10000.0,84130.01,0.24891793727874756,0,0
10000.0,84022.69,0.21915149688720703,0,0
10000.0,83992.45,0.21490491926670074,0,0
10000.0,84000.01,0.19472186267375946,0,0
10000.0,83786.09,0.23827451467514038,0,0
10000.0,83546.81,0.25497615337371826,0,0
10000.0,83074.07,0.29544490575790405,0,0
10000.0,83109.1,0.2548953890800476,0,0
10000.0,83160.0,0.23526468873023987,0,0
10000.0,83020.0,0.23062396049499512,0,0
10000.0,82762.0,0.25518709421157837,0,0
10000.0,82767.99,0.25315555930137634,0,0
10000.0,81479.99,0.3658125400543213,0,0
10000.0,81302.15,0.3559320271015167,0,0
10000.0,80365.04,0.37856757640838623,0,0
10000.0,78893.92,0.38948380947113037,0,0
10000.0,78038.38,0.4092225432395935,0,1
10000.0,77750.01,0.4079780876636505,0,1
10000.0,77999.03,0.40189477801322937,0,1
10000.0,78292.0,0.3862846791744232,0,1
10000.0,78155.17,0.41252022981643677,0,1
10000.0,78741.09,0.46086493134498596,0,0
10010.462961971132,78902.31,0.46086493134498596,1,0
9963.502704904591,78532.17,0.44290891289711,1,0
10010.171157272225,78900.01,0.4332016110420227,1,0
10006.145521143406,78868.28,0.34178560972213745,1,0
10019.272926445929,78971.75,0.349606454372406,1,0
9974.761291418032,78620.91,0.3784339725971222,1,0
9964.786530126614,78300.0,0.38723766803741455,0,0
9964.786530126614,78343.0,0.37564486265182495,0,0
9964.786530126614,78604.02,0.38181090354919434,0,0
9964.786530126614,79034.45,0.38181090354919434,0,0
9964.786530126614,78279.73,0.39809805154800415,0,0
9964.786530126614,78743.56,0.3835143446922302,0,0
9964.786530126614,78459.67,0.37643808126449585,0,0
9964.786530126614,78317.51,0.3407677710056305,0,0
9964.786530126614,78211.12,0.3710271716117859,0,0
9964.786530126614,77593.4,0.3733838200569153,0,0
9964.786530126614,77494.77,0.367601603269577,0,0
9964.786530126614,77745.32,0.3491918444633484,0,0
9964.786530126614,78029.28,0.2981332242488861,0,0
9964.786530126614,77174.78,0.33313554525375366,0,0
9964.786530126614,77103.04,0.36635610461235046,0,0
9964.786530126614,76526.03,0.3765809237957001,0,0
9964.786530126614,77249.31,0.37979018688201904,0,0
9964.786530126614,76968.21,0.40815258026123047,0,0
9964.786530126614,77672.61,0.40815258026123047,0,0
9964.786530126614,77518.87,0.40222105383872986,0,0
9964.786530126614,76491.17,0.4407567083835602,0,1
9929.03725202759,76292.98,0.4333382546901703,1,1
9877.132110463763,75894.15,0.4512403607368469,1,1
9826.109341990736,75502.1,0.43927958607673645,1,1
9962.398242897063,76549.32,0.43484199047088623,1,1
9976.905341485732,76660.79,0.43484199047088623,1,1
10005.60068702997,76881.28,0.436591774225235,1,1
9995.59508634294,77725.33,0.433858186006546,0,1
9995.59508634294,77504.54,0.37846073508262634,0,1
9995.59508634294,77759.99,0.4380970001220703,0,1
9995.59508634294,77988.51,0.38788580894470215,0,1
9995.59508634294,78224.79,0.35343438386917114,0,0
9995.59508634294,77844.79,0.4342215359210968,0,0
9995.59508634294,78850.06,0.32013505697250366,0,0
9995.59508634294,78634.76,0.29723790287971497,0,0
9995.59508634294,78988.64,0.3064219653606415,0,0
9995.59508634294,78569.84,0.32893502712249756,0,1
9995.59508634294,78341.5,0.3181663751602173,0,1
9995.59508634294,78008.59,0.3437427282333374,0,0
9995.59508634294,78532.06,0.31946802139282227,0,0
9995.59508634294,78795.2,0.30475956201553345,0,0
9995.59508634294,78738.61,0.29978060722351074,0,0
9995.59508634294,79065.24,0.28648295998573303,0,0
9995.59508634294,79017.63,0.28531143069267273,0,0
9995.59508634294,77808.01,0.3542308211326599,0,1
9995.59508634294,78753.32,0.3431693911552429,0,0
9995.59508634294,78798.39,0.31714165210723877,0,0
9995.59508634294,78240.45,0.329164981842041,0,0
9995.59508634294,78594.17,0.32495957612991333,0,0
9995.59508634294,78794.67,0.3185046911239624,0,0
9995.59508634294,78747.96,0.32075417041778564,0,0
9995.59508634294,78400.01,0.3226037919521332,0,0
9995.59508634294,78120.36,0.3207695782184601,0,0
9995.59508634294,78079.5,0.31340089440345764,0,0
9995.59508634294,78330.26,0.30552807450294495,0,0
9995.59508634294,78307.65,0.27579382061958313,0,0
9995.59508634294,77201.22,0.37083491683006287,0,0
9995.59508634294,78132.33,0.35327064990997314,0,0
9995.59508634294,76488.08,0.39303261041641235,0,0
9995.59508634294,74915.79,0.38696712255477905,0,1
9995.59508634294,73139.13,0.4416669011116028,0,1
10230.799142086471,74935.0,0.39675092697143555,1,1
10441.12476688619,76475.52,0.40548014640808105,1,0
10408.891639916746,76239.43,0.42638370394706726,1,1
10336.44936294616,75708.83,0.42010045051574707,1,1
10344.829511759683,75770.21,0.39474621415138245,1,1
10364.035043424688,75910.88,0.4117322564125061,1,1
10353.671008381263,76423.73,0.4188973009586334,0,0
10353.671008381263,75963.35,0.4293448328971863,0,1
10353.671008381263,76698.17,0.4188973009586334,0,0
10353.671008381263,76479.75,0.35846343636512756,0,0
10353.671008381263,76279.99,0.3759109079837799,0,0
10353.671008381263,76652.68,0.3930231034755707,0,0
10353.671008381263,76514.3,0.3451867997646332,0,0
10353.671008381263,76587.26,0.3824348747730255,0,0
10353.671008381263,76119.0,0.37862157821655273,0,0
10353.671008381263,76302.1,0.3027886152267456,0,0
10353.671008381263,76017.25,0.3808538615703583,0,0
10353.671008381263,76180.85,0.31048598885536194,0,0
10353.671008381263,74867.0,0.3994540572166443,0,0
10353.671008381263,74359.53,0.4038979709148407,0,0
10353.671008381263,74136.36,0.39650893211364746,0,0
10353.671008381263,73636.01,0.39676058292388916,0,0
10353.671008381263,72576.08,0.4322012662887573,0,1
10353.671008381263,73425.96,0.4048924148082733,0,0
10353.671008381263,73923.29,0.4175319969654083,0,0
10353.671008381263,73516.3,0.4407968819141388,0,0
10242.54691438122,72799.99,0.41742268204689026,1,0
10206.443338492001,72543.38,0.4185027480125427,1,0
10294.018533582777,73165.83,0.4233032763004303,1,0
10252.118350676546,72868.02,0.4217278063297272,1,0
10189.261745071668,72421.26,0.42717769742012024,1,0
10053.235638368054,71454.44,0.4393768310546875,1,0
10043.182402729686,71223.25,0.437253475189209,0,0
10043.182402729686,70888.08,0.4590633511543274,0,0
10011.158952996784,70732.72,0.4392010271549225,1,0
10042.125406249623,70951.51,0.45971888303756714,1,0
10014.574193716155,70756.85,0.46522799134254456,1,0
10056.771453064395,71054.99,0.4363371431827545,1,0
10126.832717403202,71550.0,0.43179604411125183,1,0
10028.90886342431,70858.13,0.44232040643692017,1,0
10018.879954560887,70318.35,0.47227057814598083,0,0
9901.438305029294,69563.57,0.47116202116012573,1,0
9919.283037844207,69688.94,0.4613230526447296,1,0
9878.8338381047,69404.76,0.466220885515213,1,0
9606.161139642538,67489.07,0.4878901243209839,1,0
9720.895782918004,68295.15,0.47801756858825684,1,0
9420.073185685758,66181.69,0.5146296620368958,1,0
9410.653112500073,66347.0,0.4772595465183258,0,0
9248.025095604793,65265.65,0.5208810567855835,1,1
9036.897612281648,63775.67,0.4948246479034424,1,1
8957.216463744684,63213.34,0.490633487701416,1,1
9055.628697276403,63907.86,0.4881417751312256,1,1
8914.21389415388,62909.86,0.490633487701416,1,1
8999.166215713045,63509.39,0.4762641489505768,1,1
8990.167049497331,65714.96,0.4777106046676636,0,0
8882.120104708887,64990.1,0.48377421498298645,1,0
8769.809770697299,64168.33,0.48377421498298645,1,1
8870.604390161245,64905.84,0.4621461033821106,1,1
9075.917854361192,66408.11,0.47310033440589905,1,0
8881.868634085013,64988.26,0.4886941909790039,1,1
8863.792816305862,64856.0,0.46819356083869934,1,1
8854.929023489556,64895.05,0.4621461033821106,0,1
8969.380044311574,65799.55,0.46605199575424194,1,1
8992.275293173345,65967.51,0.4694513976573944,1,1
9082.761689618526,66631.32,0.44386306405067444,1,1
9072.757627258645,66557.93,0.43306413292884827,1,1
9176.204730192141,67316.82,0.4487299621105194,1,1
9295.897699756653,68194.89,0.3833451271057129,1,1
9286.601802056897,68626.0,0.3409288823604584,0,1
9286.601802056897,69954.01,0.33731570839881897,0,1
9286.601802056897,70753.53,0.3471643030643463,0,0
9286.601802056897,69776.68,0.321880966424942,0,0
9286.601802056897,70731.46,0.31701916456222534,0,0
9286.601802056897,70000.13,0.34765610098838806,0,1
9286.601802056897,70358.43,0.3038596212863922,0,1
9286.601802056897,71354.46,0.31701916456222534,0,0
9286.601802056897,70580.26,0.3423255681991577,0,0
9286.601802056897,69958.0,0.36718323826789856,0,0
9286.601802056897,70471.49,0.33740365505218506,0,0
9286.601802056897,70361.37,0.31441909074783325,0,0
9286.601802056897,70918.99,0.324196457862854,0,0
9286.601802056897,70768.13,0.336892694234848,0,0
9286.601802056897,70161.5,0.41360166668891907,0,0
9286.601802056897,68769.65,0.4055509567260742,0,0
9286.601802056897,68087.14,0.38297972083091736,0,1
9286.601802056897,68495.01,0.3533363342285156,0,0
9286.601802056897,68138.2,0.36256498098373413,0,1
9286.601802056897,67987.0,0.3514092266559601,0,1
9286.601802056897,67972.65,0.33089733123779297,0,1
9286.601802056897,69024.98,0.37287330627441406,0,1
9286.601802056897,69093.98,0.352273166179657,0,0
9286.601802056897,68645.99,0.3628072142601013,0,1
9286.601802056897,69151.5,0.36585891246795654,0,1
9286.601802056897,68957.16,0.41852012276649475,0,1
9286.601802056897,69188.81,0.40347933769226074,0,0
9286.601802056897,69514.11,0.364970862865448,0,0
9286.601802056897,69373.61,0.3255407512187958,0,0
9286.601802056897,69631.18,0.3591017425060272,0,0
9286.601802056897,69497.99,0.31708982586860657,0,0
9286.601802056897,69399.34,0.37500330805778503,0,0
9286.601802056897,69289.38,0.3969952166080475,0,0
9286.601802056897,69133.79,0.38232988119125366,0,0
9286.601802056897,69379.57,0.3703087866306305,0,0
9286.601802056897,69370.7,0.35086432099342346,0,1
9286.601802056897,69099.99,0.31848886609077454,0,1
9286.601802056897,69340.16,0.3349316418170929,0,1
9286.601802056897,69220.52,0.30572330951690674,0,1
9286.601802056897,69361.18,0.2834487855434418,0,1
9286.601802056897,69710.69,0.2899404764175415,0,1
9286.601802056897,70665.59,0.3321138024330139,0,1
9286.601802056897,70107.19,0.29727908968925476,0,1
9286.601802056897,70266.41,0.289657860994339,0,0
9286.601802056897,70999.98,0.3076651394367218,0,0
9286.601802056897,71249.95,0.2837298810482025,0,0
9286.601802056897,71514.77,0.2851322889328003,0,0
9286.601802056897,71262.19,0.28676891326904297,0,0
9286.601802056897,71188.99,0.2903740704059601,0,0
9286.601802056897,70416.0,0.31637707352638245,0,1
9286.601802056897,70785.99,0.29231977462768555,0,0
9286.601802056897,71147.25,0.2833026647567749,0,0
9286.601802056897,71422.97,0.2958213686943054,0,0
9286.601802056897,70835.17,0.30811870098114014,0,0
9286.601802056897,70700.0,0.30783259868621826,0,1
9286.601802056897,71066.09,0.2828710973262787,0,0
9286.601802056897,70330.38,0.36747127771377563,0,1
9286.601802056897,70502.38,0.31644055247306824,0,0
9286.601802056897,70369.53,0.32547783851623535,0,0
9286.601802056897,70629.99,0.3130469024181366,0,0
9286.601802056897,71307.56,0.2884422242641449,0,0
9286.601802056897,71005.01,0.3059712052345276,0,0
9286.601802056897,71044.51,0.280318945646286,0,0
9286.601802056897,70667.95,0.2997967302799225,0,0
9286.601802056897,70422.59,0.2910012900829315,0,0
9286.601802056897,69873.99,0.3660214841365814,0,0
9286.601802056897,69630.35,0.3164372742176056,0,0
9286.601802056897,68727.88,0.37263599038124084,0,1
9286.601802056897,68928.72,0.34807512164115906,0,1
9286.601802056897,69147.01,0.35261762142181396,0,1
9286.601802056897,68594.57,0.39366620779037476,0,1
9286.601802056897,69272.0,0.36698752641677856,0,1
9286.601802056897,69563.37,0.371336966753006,0,1
9286.601802056897,70093.01,0.3452211022377014,0,0
9286.601802056897,70612.29,0.36043012142181396,0,0
9286.601802056897,70418.68,0.39491063356399536,0,0
9286.601802056897,70957.01,0.32662078738212585,0,0
9286.601802056897,70738.71,0.33416175842285156,0,0
9286.601802056897,70400.0,0.3667945861816406,0,0
9286.601802056897,70372.96,0.34686389565467834,0,0
9286.601802056897,70138.0,0.3111208975315094,0,0
9286.601802056897,69827.33,0.32276207208633423,0,0
9286.601802056897,70486.82,0.3303494155406952,0,0
9286.601802056897,70102.89,0.3490302860736847,0,0
9286.601802056897,69511.83,0.3879668414592743,0,0
9286.601802056897,69831.62,0.3573843240737915,0,0
9286.601802056897,69447.64,0.38596418499946594,0,0
9286.601802056897,68921.35,0.3860996663570404,0,0
9286.601802056897,68919.66,0.3178377151489258,0,0
9286.601802056897,69142.0,0.3573346436023712,0,0
9286.601802056897,69151.5,0.3015039265155792,0,0
9286.601802056897,68921.68,0.2930327355861664,0,1
9286.601802056897,68535.01,0.3430335819721222,0,1
9286.601802056897,68610.12,0.3354487419128418,0,0
9286.601802056897,69027.95,0.30312788486480713,0,0
9286.601802056897,68460.4,0.36175569891929626,0,0
9286.601802056897,69293.37,0.3320317566394806,0,0
9286.601802056897,69517.71,0.3532434105873108,0,0
9286.601802056897,69925.31,0.34937620162963867,0,0
9286.601802056897,68894.36,0.39714568853378296,0,0
9286.601802056897,69062.01,0.38462477922439575,0,0
9286.601802056897,68753.7,0.3713166415691376,0,0
9286.601802056897,68656.21,0.36337175965309143,0,0
9286.601802056897,68707.18,0.3254205882549286,0,0
9286.601802056897,68841.29,0.31190669536590576,0,0
9286.601802056897,69201.14,0.34660840034484863,0,0
9286.601802056897,68982.0,0.3190205991268158,0,0
9286.601802056897,68677.33,0.3437868654727936,0,0
9286.601802056897,68187.99,0.380024254322052,0,0
9286.601802056897,67584.46,0.3986857533454895,0,0
9286.601802056897,67404.28,0.38873860239982605,0,0
9286.601802056897,66820.32,0.37856170535087585,0,0
9286.601802056897,67032.72,0.3790578544139862,0,1
9286.601802056897,66981.07,0.33611130714416504,0,0
9286.601802056897,66872.03,0.38366633653640747,0,0
9286.601802056897,66531.99,0.3863937258720398,0,0
9286.601802056897,67053.03,0.37572360038757324,0,0
9286.601802056897,67133.5,0.3747376799583435,0,0
9286.601802056897,67454.49,0.3668113946914673,0,0
9286.601802056897,66584.6,0.3933711349964142,0,1
9286.601802056897,66519.73,0.38445132970809937,0,1
9286.601802056897,66039.09,0.41325703263282776,0,1
9286.601802056897,66518.26,0.3949880003929138,0,1
9286.601802056897,67275.34,0.42531076073646545,0,0
9286.601802056897,67586.67,0.42531076073646545,0,0
9286.601802056897,67555.98,0.3959430158138275,0,0
9286.601802056897,67811.17,0.4125281572341919,0,0
9286.601802056897,67433.14,0.4056587815284729,0,0
9286.601802056897,67082.52,0.4130169153213501,0,0
9286.601802056897,67460.75,0.39155513048171997,0,0
9286.601802056897,67699.01,0.3810792565345764,0,0
9286.601802056897,67439.14,0.3473975360393524,0,0
9286.601802056897,67580.99,0.33058854937553406,0,0
9286.601802056897,67018.4,0.40063974261283875,0,1
9286.601802056897,67141.93,0.3398577570915222,0,1
9286.601802056897,67125.57,0.32248610258102417,0,1
9286.601802056897,67217.72,0.31409692764282227,0,1
9286.601802056897,67141.15,0.318560928106308,0,1
9286.601802056897,67550.47,0.31141340732574463,0,0
9286.601802056897,68014.01,0.29273977875709534,0,0
9286.601802056897,68076.01,0.30804285407066345,0,0
9286.601802056897,67865.31,0.29239562153816223,0,0
9286.601802056897,68376.58,0.28916868567466736,0,0
9286.601802056897,67577.02,0.32334834337234497,0,0
9286.601802056897,67134.74,0.3270627558231354,0,0
9286.601802056897,65863.37,0.36064350605010986,0,1
9286.601802056897,65413.99,0.3940533995628357,0,1
9286.601802056897,65590.95,0.36002251505851746,0,0
9286.601802056897,65788.36,0.35910364985466003,0,1
9286.601802056897,65428.56,0.3876864016056061,0,1
9286.601802056897,65849.87,0.36435019969940186,0,1
9286.601802056897,66288.0,0.36630329489707947,0,0
9286.601802056897,66272.17,0.32796934247016907,0,0
9286.601802056897,65918.6,0.4085359573364258,0,1
9286.601802056897,66454.95,0.3821868896484375,0,0
9286.601802056897,66663.08,0.34433501958847046,0,0
9286.601802056897,66553.08,0.32053306698799133,0,1
9286.601802056897,66329.22,0.3114328980445862,0,1
9286.601802056897,66175.79,0.30778253078460693,0,1
9286.601802056897,66359.28,0.3613840937614441,0,1
9286.601802056897,66208.96,0.37123024463653564,0,1
9286.601802056897,66699.96,0.3514028787612915,0,1
9286.601802056897,66959.71,0.3655358552932739,0,1
9286.601802056897,66977.66,0.34498924016952515,0,1
9286.601802056897,67171.42,0.3800388276576996,0,1
9286.601802056897,67084.0,0.31998202204704285,0,1
9286.601802056897,67274.15,0.3482837677001953,0,1
9286.601802056897,67733.51,0.3113127052783966,0,1
9286.601802056897,68692.12,0.31662487983703613,0,0
9286.601802056897,68954.69,0.305675208568573,0,0
9286.601802056897,69047.99,0.2887861132621765,0,0
9286.601802056897,69129.99,0.3031395375728607,0,0
9286.601802056897,68938.91,0.2590278089046478,0,0
9286.601802056897,68777.12,0.25802841782569885,0,0
9286.601802056897,68902.48,0.2513390779495239,0,0
9286.601802056897,68995.28,0.25342461466789246,0,0
9286.601802056897,68853.96,0.24637559056282043,0,0
9286.601802056897,69090.24,0.25152868032455444,0,0
9286.601802056897,68964.51,0.22999067604541779,0,0
9286.601802056897,68884.21,0.2002018541097641,0,1
9286.601802056897,68981.99,0.2022184431552887,0,1
9286.601802056897,68790.0,0.22983390092849731,0,1
9286.601802056897,68773.42,0.19493426382541656,0,1
9286.601802056897,68936.98,0.22983390092849731,0,1
9286.601802056897,69219.26,0.27819910645484924,0,0
9286.601802056897,69746.2,0.3057035803794861,0,0
9286.601802056897,69714.93,0.2557527720928192,0,0
9286.601802056897,69671.86,0.19893525540828705,0,0
9286.601802056897,70505.74,0.3187277317047119,0,0
9286.601802056897,69640.2,0.29319480061531067,0,0
9286.601802056897,69460.0,0.2888461649417877,0,1
9286.601802056897,69701.66,0.2849145829677582,0,0
9286.601802056897,69778.28,0.27270588278770447,0,0
9286.601802056897,69755.1,0.2827237844467163,0,0
9286.601802056897,69739.38,0.25760459899902344,0,0
9286.601802056897,69772.31,0.20411613583564758,0,0
9286.601802056897,69873.99,0.22300313413143158,0,0
9286.601802056897,70023.09,0.2579885721206665,0,0
9286.601802056897,69935.86,0.2664986848831177,0,0
9286.601802056897,69959.75,0.22519409656524658,0,0
9286.601802056897,69822.95,0.21885788440704346,0,1
9286.601802056897,69777.07,0.22144734859466553,0,1
9286.601802056897,69717.65,0.24065838754177094,0,1
9286.601802056897,69480.01,0.2449406534433365,0,1
9286.601802056897,69954.5,0.26435792446136475,0,1
9286.601802056897,70183.99,0.2846442759037018,0,0
9286.601802056897,70267.61,0.256966233253479,0,0
9286.601802056897,70405.12,0.256966233253479,0,0
9286.601802056897,70828.42,0.3065686523914337,0,0
9286.601802056897,70446.52,0.28457626700401306,0,0
9286.601802056897,70419.11,0.21629419922828674,0,0
9286.601802056897,70427.02,0.24492789804935455,0,0
9286.601802056897,70295.22,0.2470928281545639,0,0
9286.601802056897,69314.21,0.3089567720890045,0,0
9286.601802056897,68930.0,0.33916783332824707,0,0
9286.601802056897,69170.51,0.2898975908756256,0,0
9286.601802056897,69099.99,0.2794717252254486,0,0
9286.601802056897,69017.75,0.31111282110214233,0,0
9286.601802056897,68641.21,0.3568430542945862,0,0
9286.601802056897,68451.44,0.3446562588214874,0,1
9286.601802056897,68286.63,0.3540153503417969,0,1
9286.601802056897,68450.0,0.29560160636901855,0,0
9286.601802056897,68852.01,0.2874535620212555,0,0
9286.601802056897,68999.96,0.2350068986415863,0,0
9286.601802056897,68832.58,0.3118833601474762,0,0
9286.601802056897,68845.81,0.2433386594057083,0,0
9286.601802056897,68630.81,0.2962214946746826,0,0
9286.601802056897,68320.48,0.33125489950180054,0,1
9286.601802056897,68424.82,0.2648996114730835,0,1
9286.601802056897,68870.07,0.29713159799575806,0,0
9286.601802056897,68385.29,0.2888121008872986,0,1
9286.601802056897,68450.8,0.24594789743423462,0,1
9286.601802056897,68587.9,0.24467143416404724,0,0
9286.601802056897,68762.85,0.22589732706546783,0,0
9286.601802056897,68992.71,0.25684621930122375,0,0
9286.601802056897,68798.22,0.2475174516439438,0,0
9286.601802056897,68812.83,0.28746291995048523,0,0
9286.601802056897,69763.24,0.2916446030139923,0,0
9286.601802056897,68395.1,0.39084574580192566,0,0
9286.601802056897,68427.64,0.36777958273887634,0,0
9286.601802056897,67539.52,0.3924981355667114,0,1
9286.601802056897,67888.7,0.37175437808036804,0,1
9286.601802056897,67951.86,0.35063621401786804,0,1
9286.601802056897,67860.13,0.3562508225440979,0,1
9286.601802056897,67913.43,0.298971951007843,0,1
9286.601802056897,68530.0,0.3390061557292938,0,0
9286.601802056897,68862.88,0.34273776412010193,0,0
9286.601802056897,68591.02,0.32706892490386963,0,0
9286.601802056897,68892.43,0.33819031715393066,0,0
9286.601802056897,68878.27,0.3158116042613983,0,0
9286.601802056897,68618.11,0.3294387459754944,0,0
9286.601802056897,68838.48,0.32958856225013733,0,0
9286.601802056897,68474.9,0.35892048478126526,0,0
9286.601802056897,68481.67,0.32084921002388,0,0
9286.601802056897,68245.71,0.335009902715683,0,0
9286.601802056897,68400.0,0.26851528882980347,0,0
9286.601802056897,68388.12,0.26798829436302185,0,0
9286.601802056897,68177.53,0.2733535170555115,0,0
9286.601802056897,68126.28,0.2686310410499573,0,0
9286.601802056897,67845.3,0.31878066062927246,0,0
9286.601802056897,67854.6,0.24632032215595245,0,0
9286.601802056897,67919.49,0.3150905668735504,0,0
9286.601802056897,68136.34,0.2853388488292694,0,0
9286.601802056897,66875.06,0.3754660189151764,0,1
9286.601802056897,67392.05,0.31279948353767395,0,0
9286.601802056897,67517.36,0.32180264592170715,0,0
9286.601802056897,67244.22,0.33421048521995544,0,0
9286.601802056897,68098.62,0.3301956355571747,0,0
9286.601802056897,67793.32,0.309442937374115,0,0
9286.601802056897,67753.3,0.32465308904647827,0,0
9286.601802056897,67680.54,0.3241780400276184,0,0
9286.601802056897,67527.72,0.28307175636291504,0,0
9286.601802056897,67503.52,0.2515701353549957,0,0
9286.601802056897,67302.65,0.2950406074523926,0,1
9286.601802056897,67165.2,0.350961834192276,0,1
9286.601802056897,67335.04,0.2709079682826996,0,1
9286.601802056897,67629.11,0.3017737865447998,0,1
9286.601802056897,67823.54,0.30617010593414307,0,0
9286.601802056897,67654.8,0.2826351523399353,0,0
9286.601802056897,67850.52,0.29108527302742004,0,0
9286.601802056897,68106.44,0.29589584469795227,0,0
9286.601802056897,68132.82,0.301741361618042,0,0
9286.601802056897,68157.79,0.2949613332748413,0,0
9286.601802056897,67801.26,0.27121496200561523,0,0
9286.601802056897,67369.75,0.2995891273021698,0,0
9286.601802056897,67458.06,0.26564082503318787,0,0
9286.601802056897,67236.88,0.3174227476119995,0,0
9286.601802056897,67223.76,0.2897866368293762,0,0
9286.601802056897,67694.01,0.3123828172683716,0,0
9286.601802056897,67145.34,0.30613794922828674,0,0
9286.601802056897,67187.39,0.27832719683647156,0,0
9286.601802056897,66359.99,0.36696118116378784,0,0
9286.601802056897,66177.14,0.35579174757003784,0,1
9286.601802056897,66268.39,0.33565688133239746,0,1
9286.601802056897,66342.76,0.32843679189682007,0,1
9286.601802056897,66408.82,0.28361180424690247,0,1
9286.601802056897,66461.0,0.22086143493652344,0,1
9286.601802056897,66446.49,0.23766838014125824,0,1
9286.601802056897,66866.62,0.2646012604236603,0,1
9286.601802056897,66835.2,0.2728319764137268,0,0
9286.601802056897,66980.91,0.2474573701620102,0,0
9286.601802056897,66802.75,0.2787915766239166,0,0
9286.601802056897,66871.35,0.22323107719421387,0,0
9286.601802056897,67150.12,0.3078001141548157,0,0
9286.601802056897,67206.45,0.30324122309684753,0,0
9286.601802056897,66966.12,0.30464789271354675,0,0
9286.601802056897,66836.0,0.30328550934791565,0,0
9286.601802056897,66843.08,0.26142773032188416,0,0
9286.601802056897,66496.02,0.32262396812438965,0,0
9286.601802056897,66516.67,0.2723473012447357,0,1
9286.601802056897,65913.37,0.3313065469264984,0,1
9286.601802056897,66421.2,0.3189642131328583,0,1
9286.601802056897,66398.0,0.3283722996711731,0,1
9286.601802056897,66293.53,0.32072576880455017,0,1
9286.601802056897,66369.42,0.3334779441356659,0,1
9286.601802056897,67030.49,0.2901037037372589,0,0
9286.601802056897,67050.0,0.27554792165756226,0,0
9286.601802056897,67149.11,0.25410938262939453,0,0
9286.601802056897,66916.51,0.22810636460781097,0,1
9286.601802056897,66915.14,0.2580770254135132,0,1
9286.601802056897,67003.73,0.2083890289068222,0,1
9286.601802056897,67228.91,0.27222952246665955,0,1
9286.601802056897,67279.9,0.2085801213979721,0,1
9286.601802056897,67242.03,0.19567546248435974,0,1
9286.601802056897,67366.25,0.2445986270904541,0,1
9286.601802056897,67264.83,0.2445986270904541,0,1
9286.601802056897,67790.1,0.3008352220058441,0,0
9286.601802056897,67847.47,0.2572420537471771,0,0
9286.601802056897,67825.91,0.23872169852256775,0,0
9286.601802056897,67879.99,0.2084069848060608,0,0
9286.601802056897,68218.85,0.27693891525268555,0,0
9286.601802056897,67948.99,0.28084906935691833,0,0
9286.601802056897,67318.41,0.30240610241889954,0,0
9286.601802056897,67541.77,0.2519306242465973,0,1
9286.601802056897,66801.62,0.3122720718383789,0,1
9286.601802056897,67069.65,0.3031582236289978,0,1
9286.601802056897,67582.95,0.3063534200191498,0,0
9286.601802056897,67795.47,0.2878730297088623,0,0
9286.601802056897,67613.37,0.29383790493011475,0,1
9286.601802056897,67924.21,0.2725992798805237,0,0
9286.601802056897,67646.03,0.2641388177871704,0,0
9286.601802056897,67750.4,0.2562592029571533,0,0
9286.601802056897,67825.87,0.23415446281433105,0,0
9286.601802056897,68078.13,0.25407958030700684,0,0
9286.601802056897,68020.01,0.2440502941608429,0,0
9286.601802056897,67841.0,0.24029268324375153,0,0
9286.601802056897,67951.24,0.20500949025154114,0,0
9286.601802056897,68001.05,0.2069695144891739,0,0
9286.601802056897,67667.77,0.2508714497089386,0,1
9286.601802056897,67816.97,0.230747789144516,0,1
9286.601802056897,67851.93,0.17949742078781128,0,0
9286.601802056897,67793.38,0.2085476666688919,0,1
9286.601802056897,67856.01,0.18017776310443878,0,1
9286.601802056897,68055.03,0.2181735783815384,0,1
9286.601802056897,68147.53,0.2396683245897293,0,1
9286.601802056897,68215.54,0.19790177047252655,0,0
9286.601802056897,68092.45,0.17875632643699646,0,1
9286.601802056897,68203.42,0.20247697830200195,0,1
9286.601802056897,68259.99,0.18095943331718445,0,0
9286.601802056897,68450.01,0.24395312368869781,0,0
9286.601802056897,68615.0,0.2409481257200241,0,0
9286.601802056897,68322.6,0.24476958811283112,0,0
9286.601802056897,68437.45,0.2323192059993744,0,0
9286.601802056897,68574.0,0.23618920147418976,0,0
9286.601802056897,68543.51,0.19419272243976593,0,0
9286.601802056897,68211.19,0.23980200290679932,0,0
9286.601802056897,68379.95,0.21386468410491943,0,0
9286.601802056897,67972.0,0.27260684967041016,0,0
9286.601802056897,67975.93,0.21087975800037384,0,0
9286.601802056897,67946.0,0.2359662503004074,0,0
9286.601802056897,68159.31,0.22043476998806,0,0
9286.601802056897,67909.68,0.2408299446105957,0,0
9286.601802056897,68041.43,0.225068137049675,0,0
9286.601802056897,67983.5,0.17391003668308258,0,0
9286.601802056897,67977.52,0.1729469746351242,0,0
9286.601802056897,68038.13,0.21545715630054474,0,0
9286.601802056897,68005.3,0.18530502915382385,0,0
9286.601802056897,67950.1,0.17070715129375458,0,0
9286.601802056897,68053.32,0.184998020529747,0,0
9286.601802056897,68129.56,0.19923372566699982,0,0
9286.601802056897,68219.97,0.21421679854393005,0,0
9286.601802056897,67928.22,0.2429370880126953,0,0
9286.601802056897,67652.38,0.28118523955345154,0,0
9286.601802056897,67443.89,0.24941402673721313,0,0
9286.601802056897,67684.14,0.30196526646614075,0,0
9286.601802056897,67632.76,0.21739870309829712,0,0
9286.601802056897,67384.49,0.28386586904525757,0,0
9286.601802056897,67422.62,0.202912837266922,0,0
9286.601802056897,67428.32,0.1669783592224121,0,0
9286.601802056897,67401.74,0.19304819405078888,0,0
9286.601802056897,67612.66,0.22341419756412506,0,0
9286.601802056897,67666.16,0.23541152477264404,0,0
9286.601802056897,67643.4,0.23541152477264404,0,0
9286.601802056897,66740.47,0.32806381583213806,0,0
9286.601802056897,64427.65,0.3490574359893799,0,1
9286.601802056897,64783.56,0.3421301245689392,0,1
9286.601802056897,64934.17,0.33892369270324707,0,1
9286.601802056897,64808.31,0.3205319046974182,0,1
9286.601802056897,65070.9,0.359895795583725,0,1
9286.601802056897,65757.32,0.36467066407203674,0,1
9286.601802056897,65958.94,0.35681387782096863,0,0
9286.601802056897,65676.44,0.3552246689796448,0,0
9286.601802056897,66404.91,0.3602668046951294,0,0
9286.601802056897,66319.69,0.35505300760269165,0,0
9286.601802056897,66207.23,0.3510020673274994,0,0
9286.601802056897,66280.4,0.3602668046951294,0,0
9286.601802056897,66132.66,0.3225550651550293,0,0
9286.601802056897,65923.53,0.3672706186771393,0,0
9286.601802056897,65660.1,0.36833134293556213,0,0
9286.601802056897,65364.65,0.36921969056129456,0,0
9286.601802056897,64813.26,0.3870198130607605,0,0
9286.601802056897,64635.49,0.38860389590263367,0,0
9286.601802056897,64295.1,0.396438330411911,0,0
9286.601802056897,64473.14,0.3839349150657654,0,0
9286.601802056897,64580.66,0.3276812434196472,0,0
9286.601802056897,64725.56,0.347811222076416,0,0
9286.601802056897,64656.02,0.29636549949645996,0,0
9286.601802056897,64941.43,0.3165578246116638,0,0
9286.601802056897,64160.27,0.34953412413597107,0,0
9286.601802056897,64109.81,0.35022035241127014,0,0
9286.601802056897,63595.51,0.3752477169036865,0,0
9286.601802056897,63378.84,0.3752489686012268,0,0
9286.601802056897,63104.79,0.3646211326122284,0,0
9286.601802056897,63082.79,0.3453482985496521,0,0
9286.601802056897,63192.96,0.33058053255081177,0,0
9286.601802056897,63392.15,0.32266318798065186,0,0
9286.601802056897,63249.99,0.3251343071460724,0,1
9286.601802056897,63284.5,0.266438364982605,0,1
9286.601802056897,63227.1,0.266438364982605,0,1
9286.601802056897,62969.05,0.3283608853816986,0,1
9286.601802056897,62900.0,0.35191288590431213,0,1
9286.601802056897,63453.99,0.3489236831665039,0,1
9286.601802056897,63973.97,0.3457857370376587,0,0
9286.601802056897,64265.52,0.35958847403526306,0,0
9286.601802056897,64219.71,0.3332515060901642,0,0
9286.601802056897,64435.06,0.3058095872402191,0,0
9286.601802056897,64435.03,0.30305150151252747,0,1
9286.601802056897,64472.9,0.2768825888633728,0,1
9286.601802056897,64042.66,0.31553927063941956,0,1
9286.601802056897,64120.95,0.26528817415237427,0,1
9286.601802056897,64058.15,0.28914013504981995,0,1
9286.601802056897,64224.3,0.28738853335380554,0,1
9286.601802056897,65896.75,0.3327259123325348,0,0
9286.601802056897,65884.83,0.31260791420936584,0,0
9286.601802056897,65391.73,0.3094519376754761,0,0
9286.601802056897,65457.99,0.3013456463813782,0,0
9286.601802056897,64882.76,0.3403848707675934,0,1
9286.601802056897,64898.22,0.28636178374290466,0,1
9286.601802056897,65028.3,0.3141694664955139,0,1
9286.601802056897,65530.49,0.290559321641922,0,1
9286.601802056897,65558.71,0.28798991441726685,0,1
9286.601802056897,65400.87,0.2784005105495453,0,1
9286.601802056897,65430.04,0.28588950634002686,0,1
9286.601802056897,66068.94,0.3050697445869446,0,1
9286.601802056897,66248.62,0.2982207238674164,0,1
9286.601802056897,66973.2,0.3194507360458374,0,1
9286.601802056897,67412.33,0.3194507360458374,0,1
9286.601802056897,68297.35,0.325033575296402,0,0
9286.601802056897,68674.2,0.3194507360458374,0,0
9286.601802056897,69328.07,0.32979828119277954,0,0
9286.601802056897,69038.26,0.3163539469242096,0,0
9286.601802056897,69148.69,0.30999717116355896,0,0
9286.601802056897,68919.72,0.32338908314704895,0,0
9286.601802056897,68432.13,0.3276732861995697,0,0
9286.601802056897,67988.04,0.337722510099411,0,1
9286.601802056897,68335.99,0.30478155612945557,0,0
9286.601802056897,68248.3,0.2830050587654114,0,0
9286.601802056897,68257.45,0.2766781747341156,0,0
9286.601802056897,68216.86,0.2764877378940582,0,1
9286.601802056897,68571.36,0.2728809118270874,0,0
9286.601802056897,68443.81,0.27500683069229126,0,0
9286.601802056897,68176.75,0.27500683069229126,0,0
9286.601802056897,67825.04,0.2972777187824249,0,0
9286.601802056897,67954.01,0.279631108045578,0,0
9286.601802056897,68589.41,0.2830756902694702,0,0
9286.601802056897,68301.62,0.2762446403503418,0,0
9286.601802056897,68051.31,0.2775636613368988,0,0
9286.601802056897,68171.56,0.2659757435321808,0,0
9286.601802056897,67905.35,0.26218581199645996,0,0
9286.601802056897,67697.74,0.2935466170310974,0,0
9286.601802056897,67382.0,0.30239078402519226,0,0
9286.601802056897,66643.55,0.37278759479522705,0,1
9286.601802056897,66826.8,0.351958692073822,0,1
9286.601802056897,67310.53,0.35851263999938965,0,0
9286.601802056897,67589.22,0.36143365502357483,0,0
9286.601802056897,67414.07,0.33640938997268677,0,0
9286.601802056897,67463.65,0.3030410706996918,0,0
9286.601802056897,67572.3,0.26703667640686035,0,0
9286.601802056897,67485.18,0.266383558511734,0,0
9286.601802056897,67226.5,0.3157232701778412,0,1
9286.601802056897,67352.26,0.32000023126602173,0,1
9286.601802056897,67266.58,0.2902364134788513,0,1
9286.601802056897,67600.84,0.30018481612205505,0,0
9286.601802056897,67747.49,0.3569461703300476,0,0
9286.601802056897,67724.99,0.23588639497756958,0,0
9286.601802056897,67658.14,0.24963708221912384,0,0
9286.601802056897,67690.6,0.24984687566757202,0,0
9286.601802056897,67926.24,0.26928606629371643,0,0
9286.601802056897,67355.73,0.3691878020763397,0,0
9286.601802056897,66604.91,0.35920414328575134,0,0
9286.601802056897,66126.99,0.36298757791519165,0,0
9286.601802056897,65928.01,0.3488275110721588,0,0
9286.601802056897,66270.55,0.3393828570842743,0,0
9286.601802056897,65887.59,0.347072035074234,0,0
9286.601802056897,66095.4,0.3345324397087097,0,0
9286.601802056897,65475.21,0.3747115731239319,0,0
9286.601802056897,65703.19,0.3411039412021637,0,0
9286.601802056897,65314.76,0.370533287525177,0,1
9286.601802056897,65392.18,0.3133283257484436,0,1
9286.601802056897,65594.67,0.2815697193145752,0,1
9286.601802056897,65527.59,0.29898756742477417,0,0
9286.601802056897,65637.99,0.3347107172012329,0,0
9286.601802056897,65872.1,0.3169430196285248,0,0
9286.601802056897,65942.0,0.27409297227859497,0,0
9286.601802056897,65770.36,0.23683230578899384,0,0
9286.601802056897,65961.13,0.2597658634185791,0,0
9286.601802056897,65797.42,0.23115837574005127,0,0
9286.601802056897,65663.2,0.2569907605648041,0,0
9286.601802056897,65591.03,0.22864410281181335,0,0
9286.601802056897,63216.01,0.37468811869621277,0,1
9286.601802056897,63826.0,0.3798701763153076,0,1
9286.601802056897,63473.28,0.39460375905036926,0,1
9286.601802056897,63658.54,0.3834415078163147,0,1
9286.601802056897,64010.39,0.386851966381073,0,1
9286.601802056897,63844.2,0.39403846859931946,0,1
9286.601802056897,64017.19,0.35450679063796997,0,1
9286.601802056897,65106.44,0.394307404756546,0,1
9286.601802056897,64435.61,0.4097447693347931,0,1
9286.601802056897,64841.18,0.3894776701927185,0,1
9286.601802056897,65094.3,0.3650200366973877,0,1
9286.601802056897,65442.62,0.35857412219047546,0,1
9286.601802056897,65911.84,0.3176310360431671,0,1
9286.601802056897,66362.01,0.3206433355808258,0,1
9286.601802056897,66959.62,0.3071362376213074,0,1
9286.601802056897,66723.22,0.2983004152774811,0,1
9286.601802056897,67103.64,0.31689170002937317,0,0
9286.601802056897,66973.26,0.3025214374065399,0,0
9286.601802056897,66791.29,0.3085559606552124,0,0
9286.601802056897,67339.36,0.3138083219528198,0,0
9286.601802056897,67620.65,0.29740455746650696,0,0
9286.601802056897,67502.16,0.27596282958984375,0,0
9286.601802056897,67346.5,0.2765014171600342,0,0
9286.601802056897,67292.09,0.27405112981796265,0,0
9286.601802056897,66926.68,0.30194348096847534,0,0
9286.601802056897,67141.39,0.28696635365486145,0,0
9286.601802056897,66560.14,0.35272377729415894,0,0
9286.601802056897,66410.08,0.291838139295578,0,1
9286.601802056897,66467.06,0.2799360454082489,0,0
9286.601802056897,66468.03,0.25411102175712585,0,0
9286.601802056897,66296.48,0.24907255172729492,0,0
9286.601802056897,66934.79,0.30273255705833435,0,0
9286.601802056897,66847.8,0.2882300913333893,0,0
9286.601802056897,66842.42,0.27597835659980774,0,0
9286.601802056897,66135.45,0.32155176997184753,0,0
9286.601802056897,65979.61,0.298849493265152,0,0
9286.601802056897,66316.83,0.30299821496009827,0,0
9286.601802056897,65962.17,0.31178274750709534,0,1
9286.601802056897,65300.0,0.36180949211120605,0,1
9286.601802056897,65666.2,0.35452213883399963,0,1
9286.601802056897,65268.71,0.36363929510116577,0,1
9286.601802056897,65776.47,0.3408032953739166,0,1
9286.601802056897,66501.52,0.34595975279808044,0,0
9286.601802056897,66532.02,0.37130114436149597,0,0
9286.601802056897,66276.77,0.3565874397754669,0,0
9286.601802056897,66820.03,0.37925535440444946,0,0
9286.601802056897,66862.12,0.3134416937828064,0,0
9286.601802056897,66730.78,0.3397056460380554,0,0
9286.601802056897,66204.9,0.37264835834503174,0,0
9286.601802056897,66007.52,0.3661651313304901,0,0
9286.601802056897,66282.0,0.3355807363986969,0,1
9286.601802056897,66168.62,0.323149174451828,0,1
9286.601802056897,66316.4,0.2931216359138489,0,1
9286.601802056897,66359.68,0.30525022745132446,0,1
9286.601802056897,65963.43,0.3218529224395752,0,1
9286.601802056897,65440.01,0.37253063917160034,0,1
9286.601802056897,67177.06,0.31312716007232666,0,1
9286.601802056897,69130.2,0.31947702169418335,0,0
9286.601802056897,69428.62,0.31960630416870117,0,0
9286.601802056897,69198.0,0.2808776795864105,0,0
9286.601802056897,68877.67,0.290609747171402,0,0
9286.601802056897,68966.53,0.29179060459136963,0,0
9286.601802056897,69106.58,0.2869868874549866,0,0
9286.601802056897,69413.82,0.2760215699672699,0,0
9286.601802056897,69440.49,0.2834398150444031,0,0
9286.601802056897,68830.06,0.3103554844856262,0,0
9286.601802056897,69092.88,0.29002729058265686,0,0
9286.601802056897,68760.01,0.3173809349536896,0,0
9286.601802056897,68512.17,0.31697943806648254,0,0
9286.601802056897,68377.94,0.27295684814453125,0,0
9286.601802056897,68123.2,0.29613447189331055,0,0
9286.601802056897,67947.75,0.31582313776016235,0,0
9286.601802056897,68106.73,0.29927462339401245,0,0
9286.601802056897,68172.8,0.27804091572761536,0,0
9286.601802056897,67003.3,0.3380044996738434,0,0
9286.601802056897,66647.98,0.33582964539527893,0,1
9286.601802056897,66860.3,0.31363674998283386,0,1
9286.601802056897,67026.61,0.28271836042404175,0,1
9286.601802056897,67399.85,0.3022109866142273,0,1
9286.601802056897,66931.31,0.29942089319229126,0,1
9286.601802056897,66568.95,0.37377437949180603,0,1
9286.601802056897,67725.81,0.3829897344112396,0,0
9286.601802056897,68175.9,0.39679062366485596,0,0
9286.601802056897,68318.66,0.39154672622680664,0,0
9286.601802056897,68628.49,0.32957473397254944,0,0
9286.601802056897,68435.0,0.3724879026412964,0,0
9286.601802056897,68266.0,0.36357125639915466,0,0
9286.601802056897,68024.62,0.3476933240890503,0,0
9286.601802056897,68327.2,0.36685848236083984,0,0
9286.601802056897,68338.0,0.3501308858394623,0,0
9286.601802056897,68093.19,0.36429107189178467,0,1
9286.601802056897,68405.0,0.35373279452323914,0,1
9286.601802056897,68323.33,0.32756662368774414,0,1
9286.601802056897,67732.2,0.36841610074043274,0,1
9286.601802056897,67786.0,0.3187195360660553,0,1
9286.601802056897,68206.59,0.30635109543800354,0,1
9286.601802056897,68508.02,0.3099400997161865,0,1
9286.601802056897,69493.13,0.30224353075027466,0,1
9286.601802056897,71011.4,0.34968793392181396,0,1
9286.601802056897,71520.76,0.32840704917907715,0,1
9286.601802056897,71348.92,0.309113472700119,0,1
9286.601802056897,71111.4,0.29191064834594727,0,1
9286.601802056897,71339.71,0.3000803291797638,0,1
9286.601802056897,71477.17,0.30885806679725647,0,1
9286.601802056897,71621.04,0.3223952054977417,0,1
9286.601802056897,73396.88,0.3330807089805603,0,0
9286.601802056897,73294.84,0.3251503109931946,0,0
9286.601802056897,73218.92,0.31956639885902405,0,0
9286.601802056897,73693.5,0.31157469749450684,0,0
9286.601802056897,73611.1,0.31091272830963135,0,0
9286.601802056897,73019.68,0.32355058193206787,0,0
9286.601802056897,73309.72,0.3063489496707916,0,0
9286.601802056897,72705.86,0.3403600752353668,0,0
9286.601802056897,72666.77,0.29626545310020447,0,0
9286.601802056897,72760.0,0.2897118031978607,0,0
9286.601802056897,72538.72,0.2919394075870514,0,0
9286.601802056897,72506.19,0.2861611843109131,0,0
9286.601802056897,72497.89,0.2723475396633148,0,0
9286.601802056897,72815.7,0.28708842396736145,0,1
9286.601802056897,72412.15,0.2993522584438324,0,1
9286.601802056897,72553.62,0.2879502475261688,0,0
9286.601802056897,72055.5,0.3176341950893402,0,1
9286.601802056897,72333.7,0.30511829257011414,0,0
9286.601802056897,72591.59,0.2840222716331482,0,0
9286.601802056897,73388.92,0.28983819484710693,0,0
9286.601802056897,72915.79,0.2850387692451477,0,0
9286.601802056897,72890.73,0.2642451524734497,0,0
9286.601802056897,72467.79,0.28983789682388306,0,0
9286.601802056897,72609.29,0.28688907623291016,0,0
9286.601802056897,71652.77,0.369208425283432,0,0
9286.601802056897,71305.92,0.3731299042701721,0,0
9286.601802056897,70704.41,0.39813101291656494,0,0
9286.601802056897,70990.65,0.346508264541626,0,0
9286.601802056897,70918.07,0.34688010811805725,0,0
9286.601802056897,71236.51,0.31682950258255005,0,0
9286.601802056897,71141.93,0.3164680600166321,0,0
9286.601802056897,71208.54,0.2985590994358063,0,0
9286.601802056897,70890.72,0.33493876457214355,0,0
9286.601802056897,70988.19,0.293082594871521,0,0
9286.601802056897,71257.2,0.33027246594429016,0,0
9286.601802056897,71252.43,0.29423412680625916,0,0
9286.601802056897,71080.38,0.2970326542854309,0,0
9286.601802056897,70613.61,0.3489021360874176,0,0
9286.601802056897,70436.19,0.33872705698013306,0,0
9286.601802056897,70597.23,0.3339439928531647,0,0
9286.601802056897,71056.44,0.3179180920124054,0,0
9286.601802056897,70789.49,0.30748364329338074,0,0
9286.601802056897,70565.56,0.3192032277584076,0,0
9286.601802056897,70527.93,0.3177680969238281,0,0
9286.601802056897,70212.95,0.33370864391326904,0,0
9286.601802056897,69907.0,0.33714935183525085,0,0
9286.601802056897,69208.0,0.36810770630836487,0,0
9286.601802056897,68409.89,0.3575202524662018,0,0
9286.601802056897,68504.71,0.3625178635120392,0,0
9286.601802056897,68446.52,0.34478241205215454,0,0
9286.601802056897,67955.1,0.36934083700180054,0,0
9286.601802056897,68181.2,0.3540033996105194,0,0
9286.601802056897,68131.79,0.3432537913322449,0,0
9286.601802056897,68111.03,0.3331332802772522,0,0
9286.601802056897,68289.1,0.327467143535614,0,0
9286.601802056897,68319.89,0.25378477573394775,0,0
9286.601802056897,68114.02,0.30906733870506287,0,0
9286.601802056897,68290.45,0.30906733870506287,0,0
9286.601802056897,68262.01,0.243483766913414,0,0
9286.601802056897,68350.04,0.26317664980888367,0,0
9286.601802056897,68095.5,0.2936530113220215,0,0
9286.601802056897,68063.43,0.27465999126434326,0,0
9286.601802056897,68018.26,0.2446928173303604,0,0
9286.601802056897,67690.86,0.3154104948043823,0,0
9286.601802056897,67842.67,0.2948167622089386,0,0
9286.601802056897,67795.4,0.2711406946182251,0,0
9286.601802056897,68000.0,0.2457779496908188,0,0
9286.601802056897,67880.31,0.26569950580596924,0,0
9286.601802056897,68010.01,0.2938683032989502,0,0
9286.601802056897,67992.54,0.26063743233680725,0,0
9286.601802056897,67931.06,0.25505557656288147,0,0
9286.601802056897,68016.7,0.24990113079547882,0,0
9286.601802056897,67877.45,0.2655407786369324,0,0
9286.601802056897,67783.63,0.24502533674240112,0,0
9286.601802056897,67788.41,0.2183162420988083,0,0
9286.601802056897,67568.13,0.254219651222229,0,0
9286.601802056897,67080.34,0.31803905963897705,0,0
9286.601802056897,67402.98,0.27248018980026245,0,0
9286.601802056897,67452.98,0.2349284291267395,0,0
9286.601802056897,67258.65,0.2629670202732086,0,0
9286.601802056897,67262.91,0.2270142287015915,0,0
9286.601802056897,67194.77,0.2509358525276184,0,0
9286.601802056897,67297.27,0.2541658878326416,0,0
9286.601802056897,66925.44,0.31731492280960083,0,1
9286.601802056897,67000.26,0.24160152673721313,0,1
9286.601802056897,66637.36,0.3307970464229584,0,1
9286.601802056897,67149.93,0.290206640958786,0,1
9286.601802056897,67161.52,0.2028782218694687,0,0
9286.601802056897,67319.91,0.2589467763900757,0,0
9286.601802056897,67539.33,0.2787124216556549,0,0
9286.601802056897,67681.0,0.27564889192581177,0,0
9286.601802056897,67904.14,0.26302996277809143,0,0
9286.601802056897,67515.0,0.28922948241233826,0,0
9286.601802056897,67324.72,0.31158876419067383,0,0
9286.601802056897,67234.86,0.3223513066768646,0,0
9286.601802056897,67339.76,0.2661566138267517,0,0
9286.601802056897,67218.23,0.25969648361206055,0,0
9286.601802056897,66872.15,0.3012576401233673,0,0
9286.601802056897,67065.0,0.2984778583049774,0,0
9286.601802056897,66804.0,0.255001962184906,0,0
9286.601802056897,67337.42,0.26839640736579895,0,0
9286.601802056897,67238.8,0.29062288999557495,0,0
9286.601802056897,67020.01,0.2806766629219055,0,0
9286.601802056897,66236.8,0.3584224581718445,0,1
9286.601802056897,65971.2,0.3500490188598633,0,1
9286.601802056897,66370.01,0.3451400399208069,0,1
9286.601802056897,66196.01,0.34657493233680725,0,1
9286.601802056897,66537.32,0.29239118099212646,0,1
9286.601802056897,67205.05,0.32014819979667664,0,1
9286.601802056897,67130.14,0.2928279936313629,0,1
9286.601802056897,67911.16,0.3148651123046875,0,0
9286.601802056897,67267.18,0.3331366777420044,0,1
9286.601802056897,67555.13,0.3254702389240265,0,1
9286.601802056897,67814.69,0.31461194157600403,0,1
9286.601802056897,67981.02,0.31789857149124146,0,1
9286.601802056897,67608.13,0.3614521324634552,0,1
9286.601802056897,67764.98,0.3346680700778961,0,1
9286.601802056897,68151.93,0.33132368326187134,0,0
9286.601802056897,68976.0,0.3356986343860626,0,0
9286.601802056897,69151.5,0.32061338424682617,0,0
9286.601802056897,68863.66,0.318075954914093,0,0
9286.601802056897,68960.12,0.3157101571559906,0,0
9286.601802056897,68600.71,0.33691731095314026,0,0
9286.601802056897,68356.37,0.3059893548488617,0,1
9286.601802056897,68991.93,0.3099742531776428,0,0
9286.601802056897,68961.71,0.27359798550605774,0,1
9286.601802056897,68919.72,0.28615203499794006,0,1
9286.601802056897,68635.88,0.2964327931404114,0,1
9286.601802056897,68432.16,0.27896833419799805,0,1
9286.601802056897,69157.37,0.2940738797187805,0,1
9286.601802056897,69260.01,0.28267472982406616,0,1
9286.601802056897,70272.01,0.3132857382297516,0,1
9286.601802056897,69429.85,0.3101378381252289,0,1
9286.601802056897,70072.94,0.290559321641922,0,1
9286.601802056897,69971.34,0.2908635139465332,0,1
9286.601802056897,69910.91,0.29281729459762573,0,1
9286.601802056897,70406.01,0.29668888449668884,0,0
9286.601802056897,70709.37,0.29668888449668884,0,1
9286.601802056897,71078.92,0.300094336271286,0,0
9286.601802056897,70774.04,0.29455918073654175,0,1
9286.601802056897,70580.94,0.28770631551742554,0,0
9286.601802056897,70519.86,0.2867048680782318,0,0
9286.601802056897,69921.12,0.3723193407058716,0,0
9286.601802056897,71467.81,0.3058587312698364,0,0
9286.601802056897,71346.16,0.2929637134075165,0,0
9286.601802056897,71268.59,0.2851582169532776,0,0
9286.601802056897,70868.61,0.3221342861652374,0,0
9286.601802056897,70013.87,0.3451646864414215,0,0
9286.601802056897,70043.63,0.3016375005245209,0,0
9286.601802056897,70235.6,0.27134963870048523,0,0
9286.601802056897,69763.01,0.33153119683265686,0,0
9286.601802056897,69721.58,0.30209678411483765,0,1
9286.601802056897,69948.63,0.27599599957466125,0,0
9286.601802056897,70044.87,0.29955095052719116,0,0
9286.601802056897,70071.26,0.2792983949184418,0,0
9286.601802056897,69810.72,0.334725946187973,0,0
9286.601802056897,69551.91,0.317799836397171,0,0
9286.601802056897,70130.99,0.31713780760765076,0,0
9286.601802056897,69510.36,0.3572836220264435,0,0
9286.601802056897,69950.01,0.3050178587436676,0,0
9286.601802056897,69648.29,0.3464881479740143,0,1
9286.601802056897,69662.24,0.30098485946655273,0,1
9286.601802056897,69466.75,0.3166810870170593,0,1
9286.601802056897,69604.9,0.3021221160888672,0,1
9286.601802056897,69173.0,0.3664079010486603,0,1
9286.601802056897,69361.13,0.3416818082332611,0,1
9286.601802056897,70186.09,0.3154517412185669,0,1
9286.601802056897,70578.7,0.348257839679718,0,0
9286.601802056897,70227.91,0.368721067905426,0,1
9286.601802056897,70570.71,0.3449288606643677,0,0
9286.601802056897,70785.99,0.2986361086368561,0,0
9286.601802056897,70617.64,0.26646316051483154,0,0
9286.601802056897,70641.82,0.2651572525501251,0,0
9286.601802056897,70634.96,0.25506657361984253,0,0
9286.601802056897,70741.26,0.2606421411037445,0,0
9286.601802056897,70373.01,0.3075141906738281,0,0
9286.601802056897,70191.86,0.2923832833766937,0,0
9286.601802056897,70225.34,0.26191389560699463,0,0
9286.601802056897,69841.31,0.29080930352211,0,0
9286.601802056897,69286.56,0.3505573868751526,0,1
9286.601802056897,69446.61,0.25949013233184814,0,1
9286.601802056897,69372.0,0.272105872631073,0,1
9286.601802056897,69480.54,0.26146721839904785,0,1
9286.601802056897,69501.44,0.25192978978157043,0,1
9286.601802056897,69826.19,0.26820483803749084,0,0
9286.601802056897,69917.37,0.28310224413871765,0,0
9286.601802056897,69952.51,0.28500238060951233,0,1
9286.601802056897,70412.11,0.2835844159126282,0,0
9286.601802056897,70427.91,0.28722459077835083,0,0
9286.601802056897,70381.8,0.2552853226661682,0,0
9286.601802056897,69972.15,0.3020797669887543,0,1
9286.601802056897,69590.09,0.36388635635375977,0,1
9286.601802056897,70334.88,0.31827518343925476,0,0
9286.601802056897,70381.16,0.3087557554244995,0,0
9286.601802056897,70212.06,0.320258229970932,0,0
9286.601802056897,69819.64,0.36062997579574585,0,1
9286.601802056897,70432.32,0.29444801807403564,0,1
9286.601802056897,70164.49,0.3001652657985687,0,1
9286.601802056897,70268.55,0.26755577325820923,0,1
9286.601802056897,70175.64,0.26289793848991394,0,1
9286.601802056897,70541.34,0.28667864203453064,0,1
9286.601802056897,71475.61,0.30061250925064087,0,0
9286.601802056897,71672.39,0.26646316051483154,0,0
9286.601802056897,71143.8,0.2908537685871124,0,1
9286.601802056897,71405.75,0.2872103452682495,0,1
9286.601802056897,71393.94,0.27496954798698425,0,1
9286.601802056897,71546.29,0.28155094385147095,0,1
9286.601802056897,71342.0,0.28594037890434265,0,1
9286.601802056897,71612.22,0.29533547163009644,0,1
9286.601802056897,71821.02,0.3024349510669708,0,1
9286.601802056897,72006.57,0.26646316051483154,0,0
9286.601802056897,72458.12,0.2936522662639618,0,0
9286.601802056897,72228.82,0.2619108557701111,0,0
9286.601802056897,72784.73,0.294465571641922,0,0
9286.601802056897,73379.18,0.31496167182922363,0,0
9286.601802056897,72382.72,0.33925557136535645,0,0
9286.601802056897,71831.46,0.35870280861854553,0,0
9286.601802056897,71885.57,0.3121589124202728,0,0
9286.601802056897,71037.93,0.36646127700805664,0,0
9286.601802056897,71055.45,0.30223703384399414,0,0
9286.601802056897,71189.95,0.2731558084487915,0,0
9286.601802056897,71346.84,0.2625465393066406,0,0
9286.601802056897,71104.65,0.27725493907928467,0,0
9286.601802056897,70814.0,0.2969529628753662,0,0
9286.601802056897,70930.0,0.28234466910362244,0,0
9286.601802056897,70631.97,0.3130020499229431,0,0
9286.601802056897,70831.7,0.31877008080482483,0,0
9286.601802056897,70783.27,0.2707250714302063,0,0
9286.601802056897,71081.3,0.288941890001297,0,0
9286.601802056897,71039.58,0.2769072353839874,0,0
9286.601802056897,71013.75,0.2545677721500397,0,0
9286.601802056897,70622.08,0.3310409486293793,0,0
9286.601802056897,70596.68,0.26100102066993713,0,0
9286.601802056897,70585.63,0.19931642711162567,0,0
9286.601802056897,70501.16,0.26868709921836853,0,0
9286.601802056897,70570.44,0.22941343486309052,0,0
9286.601802056897,70751.42,0.22941343486309052,0,0
9286.601802056897,70780.59,0.22380051016807556,0,0
9286.601802056897,70847.35,0.2251669019460678,0,0
9286.601802056897,70599.22,0.21719053387641907,0,0
9286.601802056897,70580.09,0.2199365496635437,0,0
9286.601802056897,70672.53,0.20355089008808136,0,0
9286.601802056897,70617.01,0.14244398474693298,0,1
9286.601802056897,70668.23,0.13886894285678864,0,0
9286.601802056897,70700.0,0.13886894285678864,0,0
9286.601802056897,70805.71,0.16425974667072296,0,1
9286.601802056897,70799.99,0.12817910313606262,0,1
9286.601802056897,70710.91,0.11977746337652206,0,1
9286.601802056897,71211.95,0.22223514318466187,0,0
9286.601802056897,70985.28,0.19655314087867737,0,1
9286.601802056897,70985.83,0.19651369750499725,0,1
9286.601802056897,71450.53,0.26471978425979614,0,0
9286.601802056897,71363.14,0.24619734287261963,0,1
9286.601802056897,71606.32,0.2519252300262451,0,0
9286.601802056897,71489.68,0.24732735753059387,0,0
9286.601802056897,71458.41,0.2251666784286499,0,0
9286.601802056897,71453.59,0.2079744189977646,0,0
9286.601802056897,71717.5,0.25013765692710876,0,0
9286.601802056897,71791.1,0.23678840696811676,0,0
9286.601802056897,71783.09,0.232920303940773,0,0
9286.601802056897,71839.42,0.22190192341804504,0,0
9286.601802056897,71610.33,0.2491760104894638,0,0
9286.601802056897,71607.54,0.2729696035385132,0,0
9286.601802056897,71622.03,0.24637043476104736,0,0
9286.601802056897,71481.24,0.18325352668762207,0,1
9286.601802056897,71437.35,0.23650726675987244,0,1
9286.601802056897,71819.95,0.259608656167984,0,1
9286.601802056897,71390.53,0.24329586327075958,0,1
9286.601802056897,71549.94,0.21706439554691315,0,1
9286.601802056897,71730.81,0.23325522243976593,0,1
9286.601802056897,72109.58,0.261349081993103,0,1
9286.601802056897,72749.44,0.3170936107635498,0,1
9286.601802056897,72815.24,0.3139653205871582,0,1
9286.601802056897,72531.26,0.2819901406764984,0,1
9286.601802056897,72752.9,0.2819901406764984,0,1
9286.601802056897,72514.69,0.26271703839302063,0,1
9286.601802056897,73573.32,0.33140328526496887,0,0
9286.601802056897,73835.62,0.31257012486457825,0,0
9286.601802056897,74207.49,0.310257226228714,0,0
9286.601802056897,73714.36,0.2819051742553711,0,0
9286.601802056897,73456.68,0.28433459997177124,0,1
9286.601802056897,73135.0,0.2923985421657562,0,1
9286.601802056897,73260.92,0.2667309641838074,0,0
9286.601802056897,73783.42,0.29533547163009644,0,0
9286.601802056897,73552.77,0.28631433844566345,0,1
9286.601802056897,73864.8,0.295889288187027,0,0
9286.601802056897,74109.55,0.3023192882537842,0,0
9286.601802056897,73565.54,0.3410015404224396,0,1
9286.601802056897,73274.76,0.29780301451683044,0,1
9286.601802056897,73760.63,0.2828972637653351,0,1
9286.601802056897,73943.18,0.29100289940834045,0,1
9286.601802056897,73913.6,0.28807738423347473,0,1
9286.601802056897,73963.0,0.2950204610824585,0,1
9286.601802056897,74236.9,0.25150635838508606,0,1
9286.601802056897,74401.36,0.2768382728099823,0,0
9286.601802056897,74772.66,0.2651066780090332,0,0
9286.601802056897,74884.67,0.2708491384983063,0,0
9286.601802056897,75318.48,0.3157389163970947,0,0
9286.601802056897,75623.91,0.3157389163970947,0,0
9286.601802056897,75198.02,0.26984021067619324,0,0
9286.601802056897,74463.98,0.31326860189437866,0,0
9286.601802056897,74252.01,0.3001815974712372,0,0
9286.601802056897,74036.74,0.29783543944358826,0,0
9286.601802056897,74085.45,0.26251617074012756,0,0
9286.601802056897,74249.32,0.2530323565006256,0,0
9286.601802056897,74188.38,0.23980195820331573,0,0
9286.601802056897,73937.16,0.26870495080947876,0,0
9286.601802056897,73729.45,0.2577243447303772,0,1
9286.601802056897,74033.11,0.2695816159248352,0,1
9286.601802056897,73739.74,0.2732066512107849,0,1
9286.601802056897,73615.48,0.29567399621009827,0,1
9286.601802056897,74381.7,0.2960573434829712,0,0
9286.601802056897,73914.39,0.3112589418888092,0,1
9286.601802056897,74155.69,0.26815885305404663,0,0
9286.601802056897,74523.75,0.2657358944416046,0,0
9286.601802056897,74683.04,0.25462159514427185,0,0
9286.601802056897,74512.17,0.25644561648368835,0,0
9286.601802056897,74506.75,0.2501852512359619,0,0
9286.601802056897,74685.42,0.26182588934898376,0,0
9286.601802056897,74307.08,0.30125749111175537,0,0
9286.601802056897,73909.36,0.32795000076293945,0,0
9286.601802056897,73867.88,0.3241788148880005,0,0
9286.601802056897,74072.3,0.2733590304851532,0,0
9286.601802056897,74338.93,0.30181819200515747,0,0
9286.601802056897,74446.14,0.25390732288360596,0,0
9286.601802056897,74175.49,0.24740193784236908,0,0
9286.601802056897,73950.0,0.2652585804462433,0,0
9286.601802056897,73954.03,0.25493770837783813,0,0
9286.601802056897,73883.8,0.25211501121520996,0,0
9286.601802056897,74044.89,0.2362963706254959,0,0
9286.601802056897,74181.08,0.22888800501823425,0,0
9286.601802056897,73946.35,0.25709185004234314,0,0
9286.601802056897,72952.85,0.33166220784187317,0,0
9286.601802056897,72361.24,0.36378511786460876,0,0
9286.601802056897,72133.49,0.33745747804641724,0,0
9286.601802056897,71193.23,0.3766733705997467,0,0
9286.601802056897,71467.82,0.35122397541999817,0,0
9286.601802056897,71314.08,0.3583507239818573,0,0
9286.601802056897,71595.21,0.3571705222129822,0,0
9286.601802056897,71096.74,0.38281485438346863,0,0
9286.601802056897,71072.38,0.3521583676338196,0,0
9286.601802056897,71214.67,0.3593771159648895,0,0
9286.601802056897,71263.67,0.2911234200000763,0,0
9286.601802056897,71153.66,0.31963032484054565,0,0
9286.601802056897,71246.54,0.31627562642097473,0,0
9286.601802056897,71002.17,0.30314794182777405,0,0
9286.601802056897,71115.23,0.23839756846427917,0,0
9286.601802056897,71055.44,0.30407363176345825,0,0
9286.601802056897,71215.39,0.3225613534450531,0,0
9286.601802056897,70822.07,0.32513418793678284,0,0
9286.601802056897,70826.54,0.22267664968967438,0,0
9286.601802056897,70583.22,0.33407899737358093,0,0
9286.601802056897,70191.17,0.359503835439682,0,0
9286.601802056897,69985.19,0.3341998755931854,0,0
9286.601802056897,70513.0,0.33470290899276733,0,0
9286.601802056897,70133.72,0.3147779107093811,0,0
9286.601802056897,69952.75,0.27173975110054016,0,0
9286.601802056897,69290.27,0.3530654013156891,0,1
9286.601802056897,69905.65,0.33716461062431335,0,1
9286.601802056897,69482.25,0.37125974893569946,0,1
9286.601802056897,69412.51,0.3422766625881195,0,1
9286.601802056897,69455.86,0.34555405378341675,0,1
9286.601802056897,69854.16,0.3277184069156647,0,0
9286.601802056897,69821.21,0.27540019154548645,0,1
9286.601802056897,70271.99,0.33993127942085266,0,0
9286.601802056897,70483.03,0.33136919140815735,0,0
9286.601802056897,70413.47,0.28904983401298523,0,0
9286.601802056897,70183.99,0.3381410241127014,0,1
9286.601802056897,69930.0,0.3529244065284729,0,1
9286.601802056897,70181.0,0.3300800919532776,0,0
9286.601802056897,70403.79,0.33127304911613464,0,1
9286.601802056897,70415.47,0.3211599886417389,0,1
9286.601802056897,70729.92,0.3108835518360138,0,0
9286.601802056897,70783.69,0.29155996441841125,0,0
9286.601802056897,70606.24,0.2648666799068451,0,0
9286.601802056897,70502.9,0.2862735688686371,0,0
9286.601802056897,70854.66,0.2988665997982025,0,0
9286.601802056897,71042.23,0.2870069146156311,0,0
9286.601802056897,70583.8,0.282515287399292,0,0
9286.601802056897,70611.68,0.2680991291999817,0,0
9286.601802056897,70478.71,0.27567794919013977,0,0
9286.601802056897,70342.63,0.2762156128883362,0,0
9286.601802056897,69863.84,0.3061661720275879,0,0
9286.601802056897,69731.21,0.2937803566455841,0,0
9286.601802056897,69860.09,0.28969240188598633,0,1
9286.601802056897,69829.26,0.28208431601524353,0,1
9286.601802056897,70000.0,0.28841856122016907,0,1
9286.601802056897,69770.0,0.27682891488075256,0,1
9286.601802056897,70177.86,0.2728501558303833,0,0
9286.601802056897,70057.66,0.27933022379875183,0,1
9286.601802056897,70540.73,0.28709614276885986,0,0
9286.601802056897,70767.85,0.2596684694290161,0,0
9286.601802056897,70510.73,0.23397305607795715,0,0
9286.601802056897,70682.19,0.23213817179203033,0,0
9286.601802056897,70464.59,0.2386394739151001,0,0
9286.601802056897,70737.6,0.22448889911174774,0,0
9286.601802056897,70657.35,0.17437708377838135,0,0
9286.601802056897,70642.13,0.23515987396240234,0,0
9286.601802056897,70697.94,0.24419322609901428,0,0
9286.601802056897,70774.65,0.23548096418380737,0,0
9286.601802056897,70727.33,0.22850856184959412,0,0
9286.601802056897,70594.43,0.26838418841362,0,0
9286.601802056897,70661.59,0.18267317116260529,0,0
9286.601802056897,70605.64,0.20866867899894714,0,0
9286.601802056897,70652.72,0.19937174022197723,0,0
9286.601802056897,70722.61,0.16824106872081757,0,0
9286.601802056897,70740.18,0.1566750854253769,0,0
9286.601802056897,70629.1,0.2663481831550598,0,0
9286.601802056897,70630.02,0.1978657841682434,0,0
9286.601802056897,70301.66,0.2303914725780487,0,0
9286.601802056897,70304.08,0.19702957570552826,0,0
9286.601802056897,70389.19,0.1714094579219818,0,0
9286.601802056897,70396.0,0.14796800911426544,0,0
9286.601802056897,70462.28,0.15425899624824524,0,0
9286.601802056897,70345.57,0.2004614621400833,0,0
9286.601802056897,70277.22,0.172243133187294,0,0
9286.601802056897,68918.12,0.3368721902370453,0,0
9286.601802056897,68954.71,0.34320831298828125,0,0
9286.601802056897,68962.4,0.2793656289577484,0,0
9286.601802056897,69278.12,0.304269403219223,0,0
9286.601802056897,69339.99,0.3080334961414337,0,0
9286.601802056897,69358.0,0.2762220501899719,0,0
9286.601802056897,69153.41,0.23990128934383392,0,0
9286.601802056897,69164.06,0.2448451668024063,0,0
9286.601802056897,68919.38,0.2681424617767334,0,0
9286.601802056897,68804.77,0.32052168250083923,0,0
9286.601802056897,68826.2,0.2644420266151428,0,0
9286.601802056897,68648.17,0.26941820979118347,0,0
9286.601802056897,68217.95,0.35247090458869934,0,1
9286.601802056897,68654.83,0.3235018253326416,0,0
9286.601802056897,68700.02,0.31522396206855774,0,0
9286.601802056897,68711.66,0.3023354411125183,0,0
9286.601802056897,68847.96,0.2972608804702759,0,0
9286.601802056897,68805.58,0.220815047621727,0,0
9286.601802056897,68673.02,0.220815047621727,0,0
9286.601802056897,68618.58,0.3102963864803314,0,0
9286.601802056897,68199.93,0.31850874423980713,0,0
9286.601802056897,68176.46,0.31920692324638367,0,0
9286.601802056897,67899.97,0.33509427309036255,0,0
9286.601802056897,68339.37,0.3209694027900696,0,0
9286.601802056897,67859.0,0.33723729848861694,0,1
9286.601802056897,67669.99,0.32370316982269287,0,0
9286.601802056897,67905.0,0.33119770884513855,0,1
9286.601802056897,68320.72,0.3196276128292084,0,0
9286.601802056897,68074.6,0.3030468821525574,0,0
9286.601802056897,68541.0,0.3137420117855072,0,0
9286.601802056897,68899.92,0.29102376103401184,0,1
9286.601802056897,67874.19,0.3759782314300537,0,1
9286.601802056897,68333.16,0.3640156686306,0,1
9286.601802056897,68434.26,0.3463793992996216,0,1
9286.601802056897,68334.01,0.336882621049881,0,1
9286.601802056897,68551.02,0.3270677328109741,0,1
9286.601802056897,70122.15,0.3439456522464752,0,1
9286.601802056897,70752.15,0.3403594493865967,0,0
9286.601802056897,71481.13,0.316769003868103,0,0
9286.601802056897,71446.46,0.30412688851356506,0,0
9286.601802056897,70131.48,0.35417473316192627,0,1
9286.601802056897,70561.54,0.289760947227478,0,0
9286.601802056897,71085.16,0.2876967191696167,0,0
9286.601802056897,71076.22,0.2822427749633789,0,0
9286.601802056897,70679.05,0.3152697682380676,0,0
9286.601802056897,70915.59,0.29027703404426575,0,0
9286.601802056897,70851.35,0.24587570130825043,0,0
9286.601802056897,70780.22,0.2801677882671356,0,0
9286.601802056897,70906.45,0.29435673356056213,0,0
9286.601802056897,70679.2,0.3002985119819641,0,0
9286.601802056897,70516.57,0.31246936321258545,0,1
9286.601802056897,70453.37,0.27971771359443665,0,1
9286.601802056897,70542.9,0.23860608041286469,0,1
9286.601802056897,70372.44,0.30158838629722595,0,1
9286.601802056897,70283.85,0.2568204402923584,0,1
9286.601802056897,70541.38,0.2812982499599457,0,1
9286.601802056897,71291.7,0.2908555865287781,0,0
9286.601802056897,70964.15,0.29719066619873047,0,0
9286.601802056897,71316.97,0.28307536244392395,0,0
9286.601802056897,71272.87,0.2692699134349823,0,0
9286.601802056897,71157.77,0.252981573343277,0,0
9286.601802056897,70956.48,0.2539723515510559,0,0
9286.601802056897,70100.46,0.37112942337989807,0,0
9286.601802056897,69869.93,0.35904616117477417,0,0
9286.601802056897,69873.04,0.30407074093818665,0,1
9286.601802056897,69476.87,0.35842809081077576,0,1
9286.601802056897,69238.43,0.3511868715286255,0,1
9286.601802056897,69430.24,0.3461311459541321,0,1
9286.601802056897,69377.33,0.31952589750289917,0,1
9286.601802056897,70093.19,0.34132784605026245,0,1
9286.601802056897,70332.93,0.31275805830955505,0,1
9286.601802056897,70316.96,0.29639387130737305,0,1
9286.601802056897,70556.74,0.30821898579597473,0,1
9286.601802056897,70840.75,0.2856493294239044,0,0
9286.601802056897,70677.18,0.2821204662322998,0,0
9286.601802056897,70531.09,0.27912744879722595,0,1
9286.601802056897,70716.7,0.2722809910774231,0,1
9286.601802056897,70968.64,0.2634170353412628,0,1
9286.601802056897,71117.66,0.27585604786872864,0,1
9286.601802056897,70991.83,0.2667318880558014,0,1
9286.601802056897,70926.88,0.2640298306941986,0,1
9286.601802056897,71248.39,0.2910758852958679,0,0
9286.601802056897,71345.91,0.24908189475536346,0,0
9286.601802056897,71501.39,0.24908189475536346,0,0
9286.601802056897,71678.97,0.28939738869667053,0,0
9286.601802056897,71715.24,0.29324251413345337,0,0
9286.601802056897,71581.42,0.2819240689277649,0,0
9286.601802056897,71234.28,0.28691908717155457,0,0
9286.601802056897,70832.99,0.2959093153476715,0,0
9286.601802056897,71324.01,0.2976352870464325,0,0
9286.601802056897,70779.0,0.27680161595344543,0,1
9286.601802056897,70810.34,0.25667205452919006,0,1
9286.601802056897,70883.31,0.24467745423316956,0,1
9286.601802056897,71009.5,0.26129287481307983,0,0
9286.601802056897,71035.24,0.22086188197135925,0,0
9286.601802056897,71369.08,0.266253799200058,0,0
9286.601802056897,71336.53,0.24827361106872559,0,0
9286.601802056897,71299.27,0.24859972298145294,0,0
9286.601802056897,71252.11,0.2304878681898117,0,0
9286.601802056897,70893.01,0.2798764407634735,0,0
9286.601802056897,70921.47,0.25245457887649536,0,0
9286.601802056897,70772.01,0.23102596402168274,0,0
9286.601802056897,70016.98,0.3349725604057312,0,0
9286.601802056897,70097.18,0.2718980610370636,0,0
9286.601802056897,70087.44,0.26296889781951904,0,0
9286.601802056897,70024.77,0.25395649671554565,0,0
9286.601802056897,69562.41,0.34047919511795044,0,0
9286.601802056897,69517.68,0.26511678099632263,0,0
9286.601802056897,69276.01,0.3216993510723114,0,0
9286.601802056897,69436.42,0.2417268455028534,0,0
9286.601802056897,69646.59,0.31459760665893555,0,0
9286.601802056897,69479.92,0.3189891576766968,0,0
9286.601802056897,69082.64,0.32952240109443665,0,0
9286.601802056897,68932.52,0.2677215337753296,0,0
9286.601802056897,68486.86,0.35137733817100525,0,0
9286.601802056897,68497.25,0.3303270936012268,0,0
9286.601802056897,68534.36,0.2628827393054962,0,1
9286.601802056897,69005.21,0.32364457845687866,0,0
9286.601802056897,68921.1,0.27353420853614807,0,0
9286.601802056897,68892.67,0.29297319054603577,0,0
9286.601802056897,68820.31,0.23150546848773956,0,0
9286.601802056897,68785.01,0.28931283950805664,0,0
9286.601802056897,69051.27,0.25879642367362976,0,0
9286.601802056897,68903.59,0.2602853775024414,0,0
9286.601802056897,68767.51,0.26092228293418884,0,0
9286.601802056897,68578.0,0.3138209581375122,0,0
9286.601802056897,68630.77,0.2621673047542572,0,0
9286.601802056897,68656.15,0.2614611089229584,0,0
9286.601802056897,68540.48,0.308521568775177,0,0
9286.601802056897,67920.5,0.3378240466117859,0,0
9286.601802056897,67695.81,0.3278055191040039,0,0
9286.601802056897,66502.41,0.36486804485321045,0,0
9286.601802056897,66702.78,0.3673737049102783,0,0
9286.601802056897,66619.76,0.32777607440948486,0,0
9286.601802056897,66188.32,0.3585723638534546,0,0
9286.601802056897,66205.06,0.3673737049102783,0,0
9286.601802056897,66112.82,0.36946818232536316,0,0
9286.601802056897,65979.29,0.31154751777648926,0,0
9286.601802056897,65632.92,0.36990684270858765,0,1
9286.601802056897,65836.69,0.3379476070404053,0,1
9286.601802056897,66040.66,0.3344231843948364,0,0
9286.601802056897,66020.76,0.2910463213920593,0,0
9286.601802056897,66098.0,0.2728458642959595,0,0
9286.601802056897,66020.79,0.27290666103363037,0,0
9286.601802056897,66407.28,0.3022087514400482,0,0
9286.601802056897,66431.55,0.2415463775396347,0,0
9286.601802056897,66178.85,0.30515149235725403,0,1
9286.601802056897,66053.2,0.27315059304237366,0,1
9286.601802056897,66240.0,0.2759690284729004,0,0
9286.601802056897,66285.01,0.23068659007549286,0,0
9286.601802056897,66341.9,0.2853085994720459,0,0
9286.601802056897,66382.0,0.23572833836078644,0,0
9286.601802056897,66561.48,0.25662961602211,0,0
9286.601802056897,66409.33,0.2420332133769989,0,1
9286.601802056897,66311.32,0.22413426637649536,0,1
9286.601802056897,66221.38,0.24088062345981598,0,1
9286.601802056897,66319.47,0.17822526395320892,0,1
9286.601802056897,66455.09,0.23347054421901703,0,1
9286.601802056897,66835.1,0.2676055133342743,0,0
9286.601802056897,66742.1,0.25325775146484375,0,0
9286.601802056897,67014.91,0.2653852105140686,0,0
9286.601802056897,66926.95,0.22509446740150452,0,0
9286.601802056897,66846.21,0.2294873744249344,0,0
9286.601802056897,66908.03,0.16640836000442505,0,0
9286.601802056897,66916.52,0.1719159185886383,0,0
9286.601802056897,66906.0,0.16539327800273895,0,0
9286.601802056897,66685.53,0.24606607854366302,0,0
9286.601802056897,66755.88,0.19473828375339508,0,0
9286.601802056897,66377.03,0.2511599659919739,0,1
9286.601802056897,66487.93,0.21609675884246826,0,0
9286.601802056897,66569.22,0.21637730300426483,0,0
9286.601802056897,66818.0,0.2366611510515213,0,0
9286.601802056897,66912.0,0.24819785356521606,0,0
9286.601802056897,66735.14,0.19473828375339508,0,0
9286.601802056897,66771.94,0.21781884133815765,0,0
9286.601802056897,66738.5,0.21397143602371216,0,0
9286.601802056897,66671.0,0.19376377761363983,0,0
9286.601802056897,66724.0,0.17430849373340607,0,0
9286.601802056897,66634.01,0.1813616305589676,0,0
9286.601802056897,66502.79,0.19829197227954865,0,0
9286.601802056897,66816.28,0.23539447784423828,0,0
9286.601802056897,66849.88,0.19210396707057953,0,0
9286.601802056897,66580.36,0.22201097011566162,0,0
9286.601802056897,66589.64,0.22672632336616516,0,0
9286.601802056897,66523.0,0.2733285427093506,0,0
9286.601802056897,66499.35,0.1946049928665161,0,0
9286.601802056897,66385.84,0.25315314531326294,0,0
9286.601802056897,66427.26,0.19276469945907593,0,0
9286.601802056897,66348.62,0.1831028014421463,0,0
9286.601802056897,66614.05,0.2335641086101532,0,1
9286.601802056897,66710.12,0.19924694299697876,0,1
9286.601802056897,65860.31,0.32952868938446045,0,1
9286.601802056897,66010.93,0.2924245595932007,0,1
9286.601802056897,66280.25,0.29559439420700073,0,1
9286.601802056897,66653.74,0.2935759425163269,0,1
9286.601802056897,67121.01,0.30433401465415955,0,1
9286.601802056897,67173.8,0.26403170824050903,0,0
9286.601802056897,67616.29,0.2837817668914795,0,0
9286.601802056897,67492.46,0.2665778696537018,0,0
9286.601802056897,67305.14,0.2636382579803467,0,1
9286.601802056897,67624.39,0.28054431080818176,0,0
9286.601802056897,67666.44,0.2696542739868164,0,0
9286.601802056897,67495.46,0.2461244910955429,0,0
9286.601802056897,67488.53,0.19650256633758545,0,0
9286.601802056897,67680.45,0.2837834060192108,0,0
9286.601802056897,67899.59,0.26267117261886597,0,0
9286.601802056897,67529.52,0.2905903160572052,0,0
9286.601802056897,67799.54,0.2828041613101959,0,0
9286.601802056897,67629.4,0.2769506275653839,0,0
9286.601802056897,67368.1,0.269802987575531,0,0
9286.601802056897,66828.02,0.2916300296783447,0,0
9286.601802056897,66653.46,0.28423169255256653,0,1
9286.601802056897,66550.05,0.28480011224746704,0,1
9286.601802056897,66651.4,0.20411793887615204,0,1
9286.601802056897,66809.3,0.2692495584487915,0,1
9286.601802056897,66784.98,0.23098188638687134,0,1
9286.601802056897,66797.37,0.2687031924724579,0,1
9286.601802056897,67208.75,0.2765684723854065,0,0
9286.601802056897,67938.54,0.3014450967311859,0,0
9286.601802056897,67943.43,0.25848454236984253,0,0
9286.601802056897,67704.74,0.25567567348480225,0,0
9286.601802056897,67544.01,0.29571500420570374,0,0
9286.601802056897,67681.68,0.27097567915916443,0,0
9286.601802056897,67492.85,0.26542019844055176,0,0
9286.601802056897,67367.69,0.2825123071670532,0,0
9286.601802056897,66778.33,0.36779409646987915,0,0
9286.601802056897,66124.99,0.3718249797821045,0,1
9286.601802056897,66363.38,0.3128148317337036,0,1
9286.601802056897,66685.69,0.3528072237968445,0,1
9286.601802056897,66653.26,0.32580336928367615,0,1
9286.601802056897,67302.29,0.3054037094116211,0,1
9286.601802056897,66587.45,0.36849385499954224,0,1
9286.601802056897,66736.8,0.3453596532344818,0,1
9286.601802056897,67665.83,0.3506268858909607,0,1
9286.601802056897,67526.75,0.3394869863986969,0,1
9286.601802056897,67854.05,0.3099137842655182,0,1
9286.601802056897,67838.8,0.28172606229782104,0,0
9286.601802056897,68265.53,0.3160289525985718,0,0
9286.601802056897,68277.99,0.28615203499794006,0,0
9286.601802056897,68172.87,0.283092737197876,0,0
9286.601802056897,68284.48,0.2785702049732208,0,0
9286.601802056897,68330.75,0.28615203499794006,0,1
9286.601802056897,67782.73,0.3572580814361572,0,1
9286.601802056897,67668.89,0.3040997385978699,0,1
9286.601802056897,68170.67,0.33663249015808105,0,1
9286.601802056897,68303.83,0.2879698574542999,0,0
9286.601802056897,68456.02,0.28860974311828613,0,0
9286.601802056897,69102.85,0.29978057742118835,0,0
9286.601802056897,68692.0,0.30880483984947205,0,0
9286.601802056897,68670.16,0.29310616850852966,0,0
9286.601802056897,68644.0,0.27704381942749023,0,0
9286.601802056897,68585.55,0.27385857701301575,0,0
9286.601802056897,68712.52,0.2558882236480713,0,0
9286.601802056897,68393.6,0.2853964567184448,0,0
9286.601802056897,68116.07,0.29288366436958313,0,0
9286.601802056897,68593.55,0.28475576639175415,0,0
9286.601802056897,68918.52,0.2678995430469513,0,0
9286.601802056897,68816.34,0.26200634241104126,0,0
9286.601802056897,68266.62,0.3019446134567261,0,0
9286.601802056897,68084.76,0.2730126976966858,0,1
9286.601802056897,68176.84,0.2381502389907837,0,0
9286.601802056897,68191.09,0.22597616910934448,0,0
9286.601802056897,68362.53,0.23182053864002228,0,0
9286.601802056897,68122.99,0.22717520594596863,0,0
9286.601802056897,68113.92,0.2532149851322174,0,0
9286.601802056897,68600.29,0.26873159408569336,0,0
9286.601802056897,67359.27,0.3404960632324219,0,0
9286.601802056897,66852.99,0.3551403284072876,0,0
9286.601802056897,66576.25,0.3512623608112335,0,0
9286.601802056897,66330.27,0.3554089367389679,0,0
9286.601802056897,66591.54,0.3095402717590332,0,0
9286.601802056897,66681.49,0.2868013083934784,0,0
9286.601802056897,66930.79,0.3165378272533417,0,0
9286.601802056897,66439.12,0.3460264205932617,0,1
9286.601802056897,66469.6,0.259735643863678,0,1
9286.601802056897,66457.28,0.28890275955200195,0,1
9286.601802056897,66220.28,0.2930319309234619,0,1
9286.601802056897,66052.71,0.30666232109069824,0,1
9286.601802056897,66270.87,0.3344390094280243,0,1
9286.601802056897,66868.18,0.3509426712989807,0,0
9286.601802056897,66852.91,0.330409437417984,0,0
9286.601802056897,67095.85,0.35333845019340515,0,0
9286.601802056897,66679.16,0.3605453372001648,0,0
9286.601802056897,66981.99,0.34385955333709717,0,0
9286.601802056897,66975.99,0.24194280803203583,0,0
9286.601802056897,66939.25,0.285214900970459,0,0
9286.601802056897,66935.93,0.23851202428340912,0,0
9286.601802056897,66982.48,0.2074006050825119,0,0
9286.601802056897,66901.99,0.23926827311515808,0,0
9286.601802056897,66785.86,0.25642988085746765,0,0
9286.601802056897,66630.0,0.2941208481788635,0,1
9286.601802056897,66533.81,0.2746249735355377,0,1
9286.601802056897,66579.97,0.24285410344600677,0,0
9286.601802056897,66602.66,0.24182885885238647,0,0
9286.601802056897,66600.35,0.26829591393470764,0,1
9286.601802056897,66796.79,0.23119568824768066,0,0
9286.601802056897,67042.08,0.2776154577732086,0,0
9286.601802056897,66965.39,0.2663607597351074,0,0
9286.601802056897,66859.58,0.18860994279384613,0,0
9286.601802056897,66883.08,0.17517048120498657,0,0
9286.601802056897,67017.44,0.18511119484901428,0,0
9286.601802056897,66722.16,0.22788360714912415,0,0
9286.601802056897,66672.0,0.19059967994689941,0,0
9286.601802056897,66929.81,0.1970694661140442,0,0
9286.601802056897,66827.15,0.18463245034217834,0,0
9286.601802056897,67010.46,0.18394054472446442,0,0
9286.601802056897,66855.01,0.19004344940185547,0,0
9286.601802056897,66812.03,0.14745911955833435,0,0
9286.601802056897,66885.74,0.15857283771038055,0,0
9286.601802056897,66831.98,0.1267455518245697,0,0
9286.601802056897,66964.21,0.15507885813713074,0,0
9286.601802056897,66888.76,0.13937443494796753,0,0
9286.601802056897,66964.3,0.14219649136066437,0,0
9286.601802056897,66893.39,0.12251202017068863,0,0
9286.601802056897,66852.0,0.13497629761695862,0,0
9286.601802056897,66844.83,0.12265924364328384,0,0
9286.601802056897,66832.18,0.11919697374105453,0,0
9286.601802056897,66860.73,0.12439438700675964,0,0
9286.601802056897,66916.29,0.1359974443912506,0,0
9286.601802056897,67013.24,0.13948921859264374,0,0
9286.601802056897,67014.96,0.1474580317735672,0,0
9286.601802056897,66940.0,0.1526145339012146,0,0
9286.601802056897,66988.05,0.1366979032754898,0,1
9286.601802056897,67167.0,0.18132242560386658,0,0
9286.601802056897,67156.93,0.1590799242258072,0,0
9286.601802056897,67097.87,0.14015033841133118,0,0
9286.601802056897,67193.44,0.17460931837558746,0,0
9286.601802056897,67215.24,0.17614144086837769,0,0
9286.601802056897,67383.66,0.22331105172634125,0,0
9286.601802056897,67366.68,0.19170084595680237,0,0
9286.601802056897,67329.4,0.19350197911262512,0,0
9286.601802056897,67295.47,0.16321904957294464,0,0
9286.601802056897,67288.42,0.2009306699037552,0,0
9286.601802056897,67268.4,0.17431657016277313,0,0
9286.601802056897,67359.2,0.20697052776813507,0,0
9286.601802056897,67399.92,0.17400462925434113,0,0
9286.601802056897,67300.42,0.17236560583114624,0,0
9286.601802056897,67225.0,0.17887988686561584,0,0
9286.601802056897,67085.0,0.16522596776485443,0,0
9286.601802056897,67170.16,0.17383518815040588,0,0
9286.601802056897,67145.98,0.16153225302696228,0,0
9286.601802056897,67101.65,0.1455482840538025,0,0
9286.601802056897,66931.65,0.19564606249332428,0,0
9286.601802056897,66802.24,0.2086808681488037,0,0
9286.601802056897,66820.64,0.2100786417722702,0,0
9286.601802056897,66933.18,0.1682702600955963,0,0
9286.601802056897,67035.15,0.17595329880714417,0,0
9286.601802056897,67046.01,0.21500562131404877,0,0
9286.601802056897,66999.0,0.16951853036880493,0,1
9286.601802056897,66783.58,0.21385927498340607,0,1
9286.601802056897,66890.7,0.20071996748447418,0,1
9286.601802056897,66918.03,0.17414455115795135,0,1
9286.601802056897,67306.64,0.2434052675962448,0,0
9286.601802056897,67212.62,0.1978898048400879,0,1
9286.601802056897,67373.64,0.2094668596982956,0,1
9286.601802056897,67413.78,0.22784186899662018,0,1
9286.601802056897,67361.01,0.2396824061870575,0,1
9286.601802056897,67658.35,0.2500137686729431,0,1
9286.601802056897,67553.43,0.25398558378219604,0,1
9286.601802056897,68338.43,0.3207644820213318,0,1
9286.601802056897,69034.18,0.3231982886791229,0,0
9286.601802056897,69083.78,0.3234272599220276,0,0
9286.601802056897,68810.18,0.2722693979740143,0,0
9286.601802056897,69207.99,0.3325328230857849,0,0
9286.601802056897,69123.69,0.30321386456489563,0,1
9286.601802056897,69141.8,0.29121702909469604,0,1
9286.601802056897,69199.31,0.2936278283596039,0,1
9286.601802056897,68976.67,0.2784595787525177,0,1
9286.601802056897,69115.91,0.2931511402130127,0,0
9286.601802056897,69224.63,0.26150715351104736,0,1
9286.601802056897,69728.0,0.3302668333053589,0,0
9286.601802056897,69770.88,0.30576595664024353,0,0
9286.601802056897,69614.91,0.2757710814476013,0,0
9286.601802056897,69366.75,0.25574374198913574,0,1
9286.601802056897,69428.23,0.257438063621521,0,0
9286.601802056897,69654.38,0.28816187381744385,0,0
9286.601802056897,69968.87,0.28890588879585266,0,0
9286.601802056897,69799.14,0.2783089876174927,0,0
9286.601802056897,69574.61,0.26747381687164307,0,0
9286.601802056897,69888.97,0.2537074387073517,0,0
9286.601802056897,69739.53,0.2355688363313675,0,0
9286.601802056897,69826.01,0.21859455108642578,0,0
9286.601802056897,69504.99,0.2386292964220047,0,0
9286.601802056897,68811.0,0.29397711157798767,0,0
9286.601802056897,68853.66,0.29085949063301086,0,0
9286.601802056897,68775.7,0.27252304553985596,0,0
9286.601802056897,68400.01,0.2794894576072693,0,0
9286.601802056897,68674.0,0.28237903118133545,0,0
9286.601802056897,68779.21,0.23332689702510834,0,1
9286.601802056897,68854.65,0.26295205950737,0,0
9286.601802056897,68669.0,0.26230964064598083,0,0
9286.601802056897,68568.35,0.23382675647735596,0,0
9286.601802056897,68624.61,0.20090341567993164,0,0
9286.601802056897,68936.71,0.2485000193119049,0,0
9286.601802056897,69150.05,0.25562429428100586,0,0
9286.601802056897,68237.93,0.3392532467842102,0,0
9286.601802056897,68345.75,0.3131851851940155,0,1
9286.601802056897,68392.18,0.3281014859676361,0,0
9286.601802056897,68231.99,0.31429511308670044,0,1
9286.601802056897,67860.48,0.33686792850494385,0,1
9286.601802056897,68168.1,0.3198417127132416,0,1
9286.601802056897,68229.99,0.2750462591648102,0,1
9286.601802056897,68705.81,0.3233531415462494,0,1
9286.601802056897,68442.53,0.29597482085227966,0,1
9286.601802056897,69011.29,0.3253779113292694,0,1
9286.601802056897,69319.39,0.3045000433921814,0,1
9286.601802056897,69927.64,0.29359933733940125,0,1
9286.601802056897,71514.09,0.3668729066848755,0,0
9286.601802056897,71924.22,0.3421451449394226,0,0
9286.601802056897,71710.19,0.33211225271224976,0,0
9286.601802056897,71476.97,0.2876468598842621,0,0
9286.601802056897,71364.94,0.31548693776130676,0,1
9286.601802056897,71287.39,0.2542761266231537,0,1
9286.601802056897,71566.18,0.2875150144100189,0,0
9286.601802056897,71731.1,0.2896420955657959,0,0
9286.601802056897,71732.69,0.29319608211517334,0,0
9286.601802056897,71627.59,0.29746031761169434,0,0
9286.601802056897,71800.0,0.24350307881832123,0,0
9286.601802056897,71678.87,0.26708900928497314,0,0
9286.601802056897,71476.98,0.2477893829345703,0,0
9286.601802056897,71675.12,0.27076953649520874,0,0
9286.601802056897,72071.95,0.299247145652771,0,0
9286.601802056897,71600.01,0.3681621849536896,0,0
9286.601802056897,70912.88,0.34335950016975403,0,1
9286.601802056897,71310.0,0.3050105571746826,0,0
9286.601802056897,71602.1,0.30053892731666565,0,0
9286.601802056897,71888.19,0.3031983971595764,0,0
9286.601802056897,71099.63,0.2839559018611908,0,0
9286.601802056897,71318.48,0.2543890178203583,0,0
9286.601802056897,71372.93,0.2223624587059021,0,0
9286.601802056897,71551.39,0.2524854838848114,0,0
9286.601802056897,71064.84,0.2733182907104492,0,0
9286.601802056897,71069.93,0.28373274207115173,0,0
9286.601802056897,70815.5,0.3212563991546631,0,0
9286.601802056897,70928.89,0.2979773283004761,0,0
9286.601802056897,71060.64,0.2739047110080719,0,0
9286.601802056897,70992.39,0.27785149216651917,0,1
9286.601802056897,70782.0,0.2351570725440979,0,1
9286.601802056897,70984.0,0.28636056184768677,0,0
9286.601802056897,71031.84,0.2813723087310791,0,0
9286.601802056897,70982.01,0.22342438995838165,0,0
9286.601802056897,71249.51,0.2939792275428772,0,0
9286.601802056897,71534.68,0.25729694962501526,0,1
9286.601802056897,71276.45,0.22892113029956818,0,1
9286.601802056897,71150.17,0.2601764500141144,0,1
9286.601802056897,71279.63,0.26370769739151,0,1
9286.601802056897,70801.98,0.3306703567504883,0,1
9286.601802056897,71123.71,0.28605201840400696,0,1
9286.601802056897,72141.99,0.3084787130355835,0,0
9286.601802056897,72080.87,0.28891056776046753,0,0
9286.601802056897,72347.49,0.28607359528541565,0,0
9286.601802056897,71888.69,0.26917779445648193,0,0
9286.601802056897,72096.32,0.26602253317832947,0,0
9286.601802056897,72413.97,0.2634354829788208,0,0
9286.601802056897,72264.95,0.27620163559913635,0,0
9286.601802056897,71946.01,0.29981541633605957,0,0
9286.601802056897,71787.97,0.2860851287841797,0,0
9286.601802056897,71963.03,0.28447225689888,0,0
9286.601802056897,72157.93,0.2673104405403137,0,0
9286.601802056897,71965.36,0.2543890178203583,0,0
9286.601802056897,71868.67,0.24810409545898438,0,0
9286.601802056897,72117.29,0.2652200758457184,0,0
9286.601802056897,72127.84,0.2414376139640808,0,0
9286.601802056897,71805.38,0.2586177885532379,0,1
9286.601802056897,71481.85,0.2728557884693146,0,1
9286.601802056897,71606.07,0.26498332619667053,0,1
9286.601802056897,71787.41,0.22575916349887848,0,1
9286.601802056897,71910.09,0.2100704312324524,0,1
9286.601802056897,72127.59,0.24151816964149475,0,1
9286.601802056897,72258.68,0.27368679642677307,0,1
9286.601802056897,72321.4,0.2707730233669281,0,1
9286.601802056897,72909.0,0.2865317761898041,0,1
9286.601802056897,72460.51,0.2974444031715393,0,1
9286.601802056897,72992.33,0.2750101387500763,0,0
9286.601802056897,73121.66,0.24566572904586792,0,0
9286.601802056897,73107.07,0.250672310590744,0,0
9286.601802056897,73236.11,0.2565164864063263,0,0
9286.601802056897,73361.68,0.2591652274131775,0,0
9286.601802056897,73190.67,0.2718820571899414,0,0
9286.601802056897,72877.0,0.2758047580718994,0,0
9286.601802056897,72962.7,0.23228567838668823,0,0
9286.601802056897,72828.42,0.23228567838668823,0,0
9286.601802056897,72954.39,0.21859455108642578,0,0
9286.601802056897,72966.57,0.19164510071277618,0,0
9286.601802056897,72866.63,0.19409207999706268,0,0
9286.601802056897,72806.08,0.2123361974954605,0,0
9286.601802056897,72722.28,0.1756807267665863,0,0
9286.601802056897,72762.0,0.20880509912967682,0,0
9286.601802056897,72745.38,0.18482758104801178,0,0
9286.601802056897,72664.17,0.16579079627990723,0,0
9286.601802056897,72907.11,0.20876972377300262,0,0
9286.601802056897,72843.71,0.16264460980892181,0,0
9286.601802056897,72907.05,0.1529218703508377,0,0
9286.601802056897,72940.49,0.15240100026130676,0,1
9286.601802056897,72658.07,0.20714044570922852,0,1
9286.601802056897,72704.67,0.1568179428577423,0,1
9286.601802056897,72858.17,0.1688067764043808,0,1
9286.601802056897,73034.33,0.19177481532096863,0,0
9286.601802056897,73095.97,0.2181372344493866,0,0
9286.601802056897,73547.89,0.240946963429451,0,0
9286.601802056897,73687.15,0.25685620307922363,0,0
9286.601802056897,73290.43,0.2657914459705353,0,0
9286.601802056897,73427.04,0.2519964277744293,0,0
9286.601802056897,73376.01,0.2519964277744293,0,0
9286.601802056897,73043.16,0.2655434012413025,0,0
9286.601802056897,73079.96,0.2333250790834427,0,0
9286.601802056897,71643.69,0.34693384170532227,0,0
9286.601802056897,71761.35,0.3339148759841919,0,0
9286.601802056897,71593.19,0.2913984954357147,0,0
9286.601802056897,71466.53,0.25962695479393005,0,0
9286.601802056897,71710.2,0.28438490629196167,0,0
9286.601802056897,71668.01,0.2136853039264679,0,0
9286.601802056897,71665.0,0.20869594812393188,0,0
9286.601802056897,71629.21,0.2516512870788574,0,0
9286.601802056897,71531.94,0.20869594812393188,0,0
9286.601802056897,71452.89,0.23997092247009277,0,0
9286.601802056897,71468.55,0.17209655046463013,0,0
9286.601802056897,71084.01,0.3186541497707367,0,0
9286.601802056897,70889.42,0.29191285371780396,0,0
9286.601802056897,70748.34,0.27111753821372986,0,1
9286.601802056897,70892.03,0.2728270888328552,0,1
9286.601802056897,70936.27,0.1752970665693283,0,0
9286.601802056897,71140.51,0.27800992131233215,0,0
9286.601802056897,71137.64,0.1701357364654541,0,0
9286.601802056897,71084.18,0.17115625739097595,0,0
9286.601802056897,71335.43,0.3081279695034027,0,0
9286.601802056897,71364.02,0.2268337607383728,0,0
9286.601802056897,70912.73,0.29308587312698364,0,0
9286.601802056897,70740.98,0.25293317437171936,0,0
9286.601802056897,71172.62,0.30628812313079834,0,0
9286.601802056897,71197.64,0.26834389567375183,0,0
9286.601802056897,71073.14,0.24859872460365295,0,0
9286.601802056897,70976.0,0.23390212655067444,0,0
9286.601802056897,70890.3,0.2539873719215393,0,0
9286.601802056897,70878.82,0.23224423825740814,0,0
9286.601802056897,71017.66,0.2177238166332245,0,0
9286.601802056897,70813.88,0.2234107255935669,0,1
9286.601802056897,70680.7,0.2367403358221054,0,1
9286.601802056897,70792.88,0.21135146915912628,0,1
9286.601802056897,70755.88,0.1486104428768158,0,1
9286.601802056897,70929.68,0.20904624462127686,0,1
9286.601802056897,71074.91,0.24878646433353424,0,1
9286.601802056897,71662.65,0.27699577808380127,0,1
9286.601802056897,72400.15,0.31567323207855225,0,1
9286.601802056897,71866.59,0.28675007820129395,0,1
9286.601802056897,72202.36,0.2923564910888672,0,1
9286.601802056897,72148.87,0.2885182201862335,0,1
9286.601802056897,72424.86,0.2893567681312561,0,1
9286.601802056897,73322.82,0.3089655935764313,0,1
9286.601802056897,73149.36,0.27230241894721985,0,1
9286.601802056897,73179.71,0.2274540215730667,0,1
9286.601802056897,74627.04,0.33409833908081055,0,0
9286.601802056897,74417.99,0.3437175750732422,0,0
9286.601802056897,74163.82,0.2968662977218628,0,0
9286.601802056897,74386.02,0.3569038212299347,0,0
9286.601802056897,74330.98,0.3082100450992584,0,1
9286.601802056897,74444.43,0.3147190809249878,0,0
9286.601802056897,74387.85,0.20195114612579346,0,0
9286.601802056897,74210.11,0.3046328127384186,0,0
9286.601802056897,74522.73,0.3133121430873871,0,0
9286.601802056897,74546.0,0.37025099992752075,0,1
9286.601802056897,74750.0,0.3727359473705292,0,0
9286.601802056897,74500.0,0.25290000438690186,0,1
9286.601802056897,74350.01,0.23951512575149536,0,0
9286.601802056897,74376.52,0.20829030871391296,0,1
9286.601802056897,74452.0,0.22211667895317078,0,0
9286.601802056897,75525.94,0.35943669080734253,0,0
9286.601802056897,75013.62,0.3460260331630707,0,0
9286.601802056897,75317.07,0.29528358578681946,0,0
9286.601802056897,74652.2,0.36316150426864624,0,0
9286.601802056897,74748.9,0.3128569722175598,0,0
9286.601802056897,74093.19,0.3085371255874634,0,1
9286.601802056897,74223.18,0.2797397971153259,0,1
9286.601802056897,74102.29,0.2675689458847046,0,0
9286.601802056897,74277.15,0.2506764829158783,0,0
9286.601802056897,74023.15,0.3224169611930847,0,0
9286.601802056897,74131.55,0.2537359297275543,0,0
9286.601802056897,74568.36,0.2751510739326477,0,0
9286.601802056897,74613.28,0.24117489159107208,0,0
9286.601802056897,74322.0,0.2552107870578766,0,0
9286.601802056897,74345.97,0.20180745422840118,0,0
9286.601802056897,74340.38,0.2245003879070282,0,0
9286.601802056897,74021.5,0.27816787362098694,0,0
9286.601802056897,73891.62,0.21293161809444427,0,1
9286.601802056897,73730.43,0.3312472105026245,0,0
9286.601802056897,74110.51,0.29113927483558655,0,0
9286.601802056897,74011.69,0.19764509797096252,0,0
9286.601802056897,73864.75,0.2683039903640747,0,0
9286.601802056897,74201.78,0.2394370436668396,0,0
9286.601802056897,74273.77,0.25793877243995667,0,0
9286.601802056897,74063.92,0.309744268655777,0,1
9286.601802056897,74151.81,0.31025031208992004,0,1
9286.601802056897,73844.08,0.3268347680568695,0,1
9286.601802056897,73941.09,0.2655445337295532,0,1
9286.601802056897,74134.95,0.25939783453941345,0,1
9286.601802056897,74390.29,0.238264262676239,0,1
9286.601802056897,75002.6,0.29095521569252014,0,0
9286.601802056897,74841.68,0.2724735140800476,0,0
9286.601802056897,74743.1,0.243340864777565,0,0
9286.601802056897,74964.0,0.2805649936199188,0,0
9286.601802056897,74809.99,0.2394370436668396,0,0
9286.601802056897,74815.1,0.2766065001487732,0,0
9286.601802056897,74657.66,0.21556170284748077,0,0
9286.601802056897,74887.24,0.27265724539756775,0,0
9286.601802056897,74888.21,0.2547508180141449,0,0
9286.601802056897,74944.15,0.2715834379196167,0,0
9286.601802056897,75043.48,0.22682368755340576,0,0
9286.601802056897,75045.01,0.2386741042137146,0,0
9286.601802056897,74707.03,0.2836698591709137,0,0
9286.601802056897,74677.91,0.23778414726257324,0,0
9286.601802056897,74594.02,0.24578803777694702,0,0
9286.601802056897,74313.0,0.24917583167552948,0,0
9286.601802056897,74574.79,0.2576881945133209,0,0
9286.601802056897,74624.0,0.24264481663703918,0,1
9286.601802056897,73788.03,0.30429449677467346,0,1
9286.601802056897,73973.33,0.2865278124809265,0,1
9286.601802056897,74697.19,0.29172924160957336,0,0
9286.601802056897,74175.57,0.2925938665866852,0,1
9286.601802056897,74343.25,0.282667338848114,0,1
9286.601802056897,75026.71,0.2802446186542511,0,0
9286.601802056897,75342.99,0.28589993715286255,0,0
9286.601802056897,75223.47,0.26685306429862976,0,0
9286.601802056897,74934.24,0.27421653270721436,0,0
9286.601802056897,74867.92,0.2381502389907837,0,0
9286.601802056897,75154.29,0.24857394397258759,0,0
9286.601802056897,74944.98,0.2558825612068176,0,0
9286.601802056897,74750.0,0.2714182138442993,0,0
9286.601802056897,74700.0,0.21401244401931763,0,1
9286.601802056897,74615.82,0.2636362314224243,0,1
9286.601802056897,74791.39,0.2302302122116089,0,1
9286.601802056897,74637.77,0.21221265196800232,0,1
9286.601802056897,74938.52,0.23963066935539246,0,1
9286.601802056897,75074.77,0.23421047627925873,0,1
9286.601802056897,75780.38,0.29105144739151,0,1
9286.601802056897,75779.99,0.2852247357368469,0,1
9286.601802056897,75278.77,0.300512433052063,0,1
9286.601802056897,75589.7,0.25347843766212463,0,1
9286.601802056897,76233.05,0.2923564910888672,0,1
9286.601802056897,77340.12,0.36165133118629456,0,0
9286.601802056897,77886.77,0.33044591546058655,0,0
9286.601802056897,77785.02,0.3129059374332428,0,0
9286.601802056897,77857.14,0.3185209631919861,0,0
9286.601802056897,77520.59,0.28846094012260437,0,0
9286.601802056897,77159.89,0.267357736825943,0,0
9286.601802056897,77393.58,0.2687762677669525,0,0
9286.601802056897,77337.64,0.26252496242523193,0,0
9286.601802056897,77445.73,0.236875519156456,0,0
9286.601802056897,77301.25,0.2189313769340515,0,0
9286.601802056897,77072.0,0.2644096612930298,0,0
9286.601802056897,77168.0,0.2139752358198166,0,0
9286.601802056897,77218.07,0.20269399881362915,0,0
9286.601802056897,77292.52,0.2287549376487732,0,0
9286.601802056897,77005.47,0.22610484063625336,0,0
9286.601802056897,77100.74,0.20408037304878235,0,0
9286.601802056897,77134.66,0.17980562150478363,0,0
9286.601802056897,77136.01,0.1835990697145462,0,0
9286.601802056897,76997.8,0.1976926028728485,0,0
9286.601802056897,76738.63,0.272035151720047,0,0
9286.601802056897,76599.89,0.24683481454849243,0,0
9286.601802056897,76189.56,0.24022123217582703,0,0
9286.601802056897,76039.05,0.2313716858625412,0,0
9286.601802056897,76206.97,0.237806037068367,0,0
9286.601802056897,76122.87,0.24745605885982513,0,0
9286.601802056897,76249.99,0.24024203419685364,0,0
9286.601802056897,76167.34,0.23442751169204712,0,0
9286.601802056897,75943.35,0.26642030477523804,0,0
9286.601802056897,75828.51,0.2132064551115036,0,0
9286.601802056897,75651.78,0.24861080944538116,0,0
9286.601802056897,75649.85,0.20470604300498962,0,0
9286.601802056897,75754.78,0.2291209101676941,0,0
9286.601802056897,75821.34,0.21162238717079163,0,0
9286.601802056897,75813.53,0.20312246680259705,0,0
9286.601802056897,75691.76,0.19886673986911774,0,0
9286.601802056897,75693.01,0.24346517026424408,0,0
9286.601802056897,75621.95,0.23870208859443665,0,0
9286.601802056897,75496.0,0.23112352192401886,0,0
9286.601802056897,75515.77,0.2175646722316742,0,0
9286.601802056897,75664.62,0.21497860550880432,0,0
9286.601802056897,75545.6,0.16343705356121063,0,0
9286.601802056897,75400.09,0.2141973376274109,0,0
9286.601802056897,75252.34,0.2654435932636261,0,1
9286.601802056897,75257.6,0.21345451474189758,0,1
9286.601802056897,75015.0,0.2312452346086502,0,1
9286.601802056897,75222.45,0.22574421763420105,0,0
9286.601802056897,75604.11,0.23258469998836517,0,0
9286.601802056897,75571.6,0.20135274529457092,0,0
9286.601802056897,75921.75,0.24248702824115753,0,0
9286.601802056897,76024.01,0.2385057508945465,0,0
9286.601802056897,75846.63,0.24666613340377808,0,0
9286.601802056897,75382.86,0.2898404598236084,0,0
9286.601802056897,74791.26,0.3275061845779419,0,0
9286.601802056897,74770.11,0.2710290253162384,0,0
9286.601802056897,74965.47,0.2521102726459503,0,0
9286.601802056897,74630.0,0.29803377389907837,0,0
9286.601802056897,74425.15,0.29338544607162476,0,0
9286.601802056897,74047.34,0.33235663175582886,0,1
9286.601802056897,73801.79,0.2498253583908081,0,1
9286.601802056897,74280.01,0.3162209987640381,0,1
9286.601802056897,74595.13,0.3036227524280548,0,0
9286.601802056897,74410.01,0.2657012641429901,0,0
9286.601802056897,74634.0,0.2613433301448822,0,1
9286.601802056897,74567.64,0.23249079287052155,0,1
9286.601802056897,74264.15,0.29803377389907837,0,1
9286.601802056897,74786.59,0.29158836603164673,0,1
9286.601802056897,74837.17,0.28728610277175903,0,1
9286.601802056897,74728.91,0.2527832090854645,0,0
9286.601802056897,75062.77,0.263557493686676,0,1
9286.601802056897,75027.26,0.248052179813385,0,0
9286.601802056897,75192.71,0.2520604133605957,0,1
9286.601802056897,75289.9,0.27998054027557373,0,1
9286.601802056897,75269.38,0.30285894870758057,0,1
9286.601802056897,75034.79,0.31816408038139343,0,1
9286.601802056897,75716.77,0.2965351939201355,0,0
9286.601802056897,75338.74,0.26303955912590027,0,1
9286.601802056897,75898.14,0.2827834188938141,0,0
9286.601802056897,76423.69,0.293378084897995,0,0
9286.601802056897,76296.96,0.2675136625766754,0,0
9286.601802056897,76276.17,0.28718534111976624,0,0
9286.601802056897,75954.71,0.2640099823474884,0,0
9286.601802056897,75974.24,0.19530421495437622,0,0
9286.601802056897,75840.97,0.2206638753414154,0,0
9286.601802056897,76092.45,0.24270187318325043,0,0
9286.601802056897,75927.59,0.24270187318325043,0,0
9286.601802056897,75581.33,0.24370723962783813,0,1
9286.601802056897,75710.3,0.19469612836837769,0,1
9286.601802056897,75813.81,0.1940712332725525,0,1
9286.601802056897,75802.0,0.2175695300102234,0,1
9286.601802056897,75974.11,0.2579387426376343,0,0
9286.601802056897,76084.34,0.28209078311920166,0,0
9286.601802056897,76507.21,0.28451305627822876,0,0
9286.601802056897,76362.77,0.2661930322647095,0,0
9286.601802056897,76746.41,0.26428574323654175,0,0
9286.601802056897,76452.94,0.25225403904914856,0,0
9286.601802056897,76009.46,0.2890995442867279,0,0
9286.601802056897,75899.98,0.2730461657047272,0,0
9286.601802056897,75675.05,0.29085949063301086,0,0
9286.601802056897,75834.65,0.28561094403266907,0,0
9286.601802056897,75781.18,0.2598269283771515,0,0
9286.601802056897,75545.62,0.28453463315963745,0,1
9286.601802056897,75610.21,0.2649456262588501,0,1
9286.601802056897,75023.43,0.34552979469299316,0,1
9286.601802056897,75698.51,0.31911659240722656,0,1
9286.601802056897,75549.99,0.23787784576416016,0,1
9286.601802056897,75650.04,0.2515985667705536,0,1
9286.601802056897,76336.15,0.2692684531211853,0,1
9286.601802056897,76370.45,0.25448891520500183,0,1
9286.601802056897,76297.99,0.25753551721572876,0,1
9286.601802056897,77604.71,0.32703253626823425,0,1
9286.601802056897,77521.48,0.29582658410072327,0,1
9286.601802056897,77523.0,0.29414471983909607,0,1
9286.601802056897,77994.93,0.3290438950061798,0,0
9286.601802056897,78010.72,0.2502206563949585,0,0
9286.601802056897,78012.79,0.31665435433387756,0,1
9286.601802056897,78010.92,0.28361618518829346,0,1
9286.601802056897,78001.95,0.26170554757118225,0,1
9286.601802056897,78157.41,0.233948215842247,0,1
9286.601802056897,78300.0,0.2841744124889374,0,1
9286.601802056897,78236.05,0.29546377062797546,0,1
9286.601802056897,78840.94,0.32509273290634155,0,0
9286.601802056897,79045.75,0.32532235980033875,0,0
9286.601802056897,79272.9,0.3232732117176056,0,0
9286.601802056897,78743.59,0.29080161452293396,0,0
9286.601802056897,78900.0,0.258942186832428,0,0
9286.601802056897,79022.39,0.2256552129983902,0,0
9286.601802056897,78846.62,0.2507055699825287,0,0
9286.601802056897,78436.68,0.2579256594181061,0,0
9286.601802056897,78762.69,0.2282303422689438,0,0
9286.601802056897,78607.95,0.21859455108642578,0,0
9286.601802056897,78178.23,0.2597426176071167,0,0
9286.601802056897,78424.29,0.2889746129512787,0,0
9286.601802056897,78359.23,0.24504230916500092,0,0
9286.601802056897,77939.92,0.26672622561454773,0,0
9286.601802056897,77746.46,0.27928245067596436,0,0
9286.601802056897,77920.09,0.20030219852924347,0,0
9286.601802056897,78033.87,0.24668920040130615,0,0
9286.601802056897,78211.43,0.24882826209068298,0,0
9286.601802056897,78048.62,0.19464275240898132,0,0
9286.601802056897,77858.35,0.2787746787071228,0,0
9286.601802056897,77655.34,0.25484588742256165,0,1
9286.601802056897,77403.63,0.3154548108577728,0,1
9286.601802056897,77704.62,0.2546977698802948,0,0
9286.601802056897,77870.53,0.2527175545692444,0,0
9286.601802056897,77532.23,0.30377843976020813,0,0
9286.601802056897,78180.77,0.3141717314720154,0,0
9286.601802056897,78376.76,0.3203797936439514,0,0
9286.601802056897,78103.72,0.3002067804336548,0,0
9286.601802056897,77769.21,0.3292143940925598,0,1
9286.601802056897,77678.65,0.3154187500476837,0,1
9286.601802056897,77727.26,0.2703244090080261,0,1
9286.601802056897,77886.97,0.2364061176776886,0,0
9286.601802056897,77864.83,0.19449132680892944,0,0
9286.601802056897,78235.3,0.2314070612192154,0,0
9286.601802056897,78257.48,0.1914646178483963,0,0
9286.601802056897,78417.22,0.243340864777565,0,0
9286.601802056897,78429.73,0.2631916105747223,0,0
9286.601802056897,78125.65,0.2536731958389282,0,0
9286.601802056897,77737.85,0.2813054025173187,0,0
9286.601802056897,77670.0,0.2547469139099121,0,0
9286.601802056897,77953.48,0.25656768679618835,0,0
9286.601802056897,77789.75,0.19485625624656677,0,1
9286.601802056897,77644.6,0.25170281529426575,0,1
9286.601802056897,77785.71,0.2755400240421295,0,0
9286.601802056897,77527.69,0.250294029712677,0,1
9286.601802056897,77752.36,0.24348032474517822,0,0
9286.601802056897,78240.26,0.2815735936164856,0,0
9286.601802056897,78275.66,0.2513216435909271,0,0
9286.601802056897,78093.79,0.27389222383499146,0,0
9286.601802056897,78037.64,0.25708162784576416,0,0
9286.601802056897,78038.62,0.28138455748558044,0,0
9286.601802056897,77777.28,0.2733288109302521,0,0
9286.601802056897,77681.71,0.25058209896087646,0,0
9286.601802056897,77618.24,0.24164266884326935,0,0
9286.601802056897,77628.85,0.1922871619462967,0,0
9286.601802056897,77718.31,0.2301943004131317,0,0
9286.601802056897,77536.48,0.21026179194450378,0,0
9286.601802056897,77328.91,0.2350877970457077,0,0
9286.601802056897,77437.13,0.1685675084590912,0,0
9286.601802056897,77456.88,0.2182096242904663,0,0
9286.601802056897,77541.63,0.17181400954723358,0,0
9286.601802056897,77607.8,0.16360819339752197,0,0
9286.601802056897,77679.07,0.1680966317653656,0,0
9286.601802056897,77619.05,0.15835362672805786,0,0
9286.601802056897,77510.28,0.15960082411766052,0,0
9286.601802056897,77503.63,0.15835362672805786,0,0
9286.601802056897,77501.19,0.14817936718463898,0,0
9286.601802056897,77643.37,0.1545562595129013,0,0
9286.601802056897,77714.55,0.17519687116146088,0,0
9286.601802056897,77787.77,0.16403573751449585,0,0
9286.601802056897,77682.3,0.18028567731380463,0,0
9286.601802056897,77557.14,0.17218078672885895,0,0
9286.601802056897,77691.69,0.2021610140800476,0,0
9286.601802056897,77656.75,0.20220114290714264,0,0
9286.601802056897,77330.26,0.20238521695137024,0,0
9286.601802056897,77397.27,0.19843733310699463,0,0
9286.601802056897,77245.77,0.18848814070224762,0,0
9286.601802056897,77313.0,0.2101888805627823,0,0
9286.601802056897,77330.01,0.20671111345291138,0,0
9286.601802056897,77479.13,0.19380444288253784,0,0
9286.601802056897,77525.84,0.2089041769504547,0,0
9286.601802056897,77557.01,0.1666901558637619,0,0
9286.601802056897,77625.0,0.2052098959684372,0,0
9286.601802056897,77502.4,0.20084916055202484,0,1
9286.601802056897,77461.16,0.21521595120429993,0,1
9286.601802056897,77512.67,0.1959894299507141,0,1
9286.601802056897,77400.21,0.19524504244327545,0,1
9286.601802056897,77774.29,0.20888659358024597,0,0
9286.601802056897,77983.31,0.23074349761009216,0,0
9286.601802056897,77999.04,0.21503323316574097,0,0
9286.601802056897,78102.53,0.23625412583351135,0,0
9286.601802056897,78032.59,0.2426033318042755,0,0
9286.601802056897,77999.99,0.1919723004102707,0,0
9286.601802056897,78002.43,0.19575856626033783,0,0
9286.601802056897,78101.44,0.1976282298564911,0,0
9286.601802056897,77833.08,0.2230648696422577,0,1
9286.601802056897,77977.79,0.21534763276576996,0,0
9286.601802056897,78095.66,0.2431667149066925,0,0
9286.601802056897,78049.0,0.1960195004940033,0,0
9286.601802056897,77919.43,0.19249701499938965,0,1
9286.601802056897,78018.57,0.21291396021842957,0,1
9286.601802056897,78283.96,0.2384076565504074,0,1
9286.601802056897,78221.16,0.25176820158958435,0,1
9286.601802056897,78194.22,0.20394641160964966,0,1
9286.601802056897,78417.41,0.2587624192237854,0,1
9286.601802056897,78313.52,0.2371746152639389,0,1
9286.601802056897,78657.55,0.25596919655799866,0,0
9286.601802056897,79308.6,0.31489992141723633,0,0
9286.601802056897,79283.66,0.3007925748825073,0,0
9286.601802056897,79130.01,0.27278459072113037,0,0
9286.601802056897,79105.49,0.24601304531097412,0,0
9286.601802056897,78924.22,0.24201802909374237,0,0
9286.601802056897,77785.54,0.3050907254219055,0,0
9286.601802056897,77700.12,0.27098849415779114,0,0
9286.601802056897,77606.6,0.22071538865566254,0,0
9286.601802056897,77804.34,0.2353445440530777,0,0
9286.601802056897,77900.01,0.23873621225357056,0,0
9286.601802056897,77850.01,0.20743708312511444,0,0
9286.601802056897,77844.26,0.1712396889925003,0,0
9286.601802056897,77667.36,0.2312745451927185,0,0
9286.601802056897,77746.74,0.2554543912410736,0,0
9286.601802056897,77815.25,0.26522189378738403,0,0
9286.601802056897,76793.09,0.3350081145763397,0,0
9286.601802056897,76618.59,0.279808908700943,0,1
9286.601802056897,76743.24,0.2844574749469757,0,1
9286.601802056897,76834.06,0.23032799363136292,0,1
9286.601802056897,76878.07,0.28906911611557007,0,0
9286.601802056897,76960.43,0.19880466163158417,0,0
9286.601802056897,76786.81,0.19803473353385925,0,0
9286.601802056897,77066.42,0.2591802179813385,0,0
9286.601802056897,77371.32,0.2691214680671692,0,0
9286.601802056897,77379.62,0.24909396469593048,0,0
9286.601802056897,77084.68,0.24413935840129852,0,0
9286.601802056897,76890.93,0.2966066300868988,0,0
9286.601802056897,76815.18,0.22695286571979523,0,0
9286.601802056897,76888.08,0.22484157979488373,0,0
9286.601802056897,76885.98,0.24858157336711884,0,0
9286.601802056897,76720.0,0.27830711007118225,0,0
9286.601802056897,76879.28,0.28916212916374207,0,0
9286.601802056897,76858.59,0.23931579291820526,0,0
9286.601802056897,76598.0,0.2451043725013733,0,0
9286.601802056897,76618.35,0.2211531698703766,0,0
9286.601802056897,76229.0,0.2881266474723816,0,0
9286.601802056897,76372.05,0.23115956783294678,0,0
9286.601802056897,76189.84,0.27774253487586975,0,0
9286.601802056897,75949.99,0.27142637968063354,0,1
9286.601802056897,76066.38,0.23115956783294678,0,0
9286.601802056897,76125.04,0.23596009612083435,0,0
9286.601802056897,76187.3,0.24572479724884033,0,0
9286.601802056897,76242.18,0.1967647522687912,0,0
9286.601802056897,76330.97,0.2148120403289795,0,0
9286.601802056897,76463.95,0.1873975545167923,0,0
9286.601802056897,76357.15,0.1969909816980362,0,1
9286.601802056897,76242.17,0.18464204668998718,0,1
9286.601802056897,76342.77,0.16393522918224335,0,1
9286.601802056897,76512.0,0.23714669048786163,0,1
9286.601802056897,76571.0,0.22824226319789886,0,1
9286.601802056897,76531.29,0.2038600891828537,0,1
9286.601802056897,76994.78,0.2497527301311493,0,1
9286.601802056897,77269.76,0.2641799747943878,0,0
9286.601802056897,77288.38,0.2401573807001114,0,0
9286.601802056897,77031.06,0.2431407868862152,0,0
9286.601802056897,77053.64,0.21018153429031372,0,0
9286.601802056897,77046.32,0.21580247581005096,0,0
9286.601802056897,77642.0,0.29924628138542175,0,0
9286.601802056897,77619.61,0.25970661640167236,0,0
9286.601802056897,77590.03,0.2656976878643036,0,0
9286.601802056897,77143.68,0.284259557723999,0,0
9286.601802056897,76783.43,0.2839265763759613,0,0
9286.601802056897,76570.0,0.2791990339756012,0,0
9286.601802056897,75924.25,0.29345986247062683,0,0
9286.601802056897,75803.54,0.2793070375919342,0,0
9286.601802056897,76184.01,0.2528664469718933,0,0
9286.601802056897,75513.91,0.3174379765987396,0,1
9286.601802056897,75563.86,0.26216864585876465,0,1
9286.601802056897,75676.79,0.2634807825088501,0,0
9286.601802056897,75933.93,0.24434830248355865,0,0
9286.601802056897,75927.38,0.20626144111156464,0,0
9286.601802056897,75780.0,0.22741709649562836,0,0
9286.601802056897,76248.74,0.2736973166465759,0,0
9286.601802056897,76232.8,0.22822915017604828,0,0
9286.601802056897,75704.74,0.3066539466381073,0,0
9286.601802056897,75928.1,0.23465414345264435,0,0
9286.601802056897,75497.0,0.32577377557754517,0,1
9286.601802056897,75600.09,0.28726932406425476,0,1
9286.601802056897,75753.53,0.2721688151359558,0,1
9286.601802056897,76161.67,0.29729074239730835,0,0
9286.601802056897,76058.17,0.26303499937057495,0,0
9286.601802056897,76097.19,0.28510403633117676,0,0
9286.601802056897,76028.66,0.24523457884788513,0,0
9286.601802056897,76059.43,0.2501872479915619,0,0
9286.601802056897,76308.48,0.2966087758541107,0,0
9286.601802056897,76420.44,0.2802600860595703,0,0
9286.601802056897,76301.24,0.28437116742134094,0,0
9286.601802056897,76473.6,0.26073023676872253,0,0
9286.601802056897,76261.03,0.19295191764831543,0,0
9286.601802056897,76250.01,0.2219560295343399,0,0
9286.601802056897,76350.0,0.1966598778963089,0,0
9286.601802056897,76412.8,0.2219560295343399,0,0
9286.601802056897,76492.46,0.2219560295343399,0,0
9286.601802056897,76241.78,0.21508091688156128,0,1
9286.601802056897,76237.06,0.1958938091993332,0,1
9286.601802056897,76346.57,0.16837242245674133,0,1
9286.601802056897,76458.05,0.20393791794776917,0,1
9286.601802056897,76686.13,0.2222367823123932,0,1
9286.601802056897,76592.54,0.18020087480545044,0,1
9286.601802056897,77131.08,0.2550995945930481,0,0
9286.601802056897,77042.44,0.24982845783233643,0,0
9286.601802056897,77165.98,0.254843145608902,0,0
9286.601802056897,76993.48,0.24094057083129883,0,1
9286.601802056897,77130.54,0.21945074200630188,0,1
9286.601802056897,77377.47,0.24898703396320343,0,1
9286.601802056897,77268.55,0.22977018356323242,0,1
9286.601802056897,77304.34,0.2378169298171997,0,1
9286.601802056897,77463.98,0.24346686899662018,0,1
9286.601802056897,77896.01,0.2799731194972992,0,1
9286.601802056897,78737.25,0.3243437707424164,0,0
9286.601802056897,78358.75,0.3143050968647003,0,0
9286.601802056897,78445.89,0.31041860580444336,0,0
9286.601802056897,78214.36,0.2802097797393799,0,0
9286.601802056897,78552.94,0.2612413763999939,0,0
9286.601802056897,78423.9,0.22850856184959412,0,0
9286.601802056897,78360.0,0.22505301237106323,0,0
9286.601802056897,77880.18,0.28386983275413513,0,1
9286.601802056897,78199.99,0.24280861020088196,0,0
9286.601802056897,78153.38,0.19167032837867737,0,0
9286.601802056897,78231.13,0.19571416079998016,0,0
9286.601802056897,78341.75,0.19167032837867737,0,0
9286.601802056897,78355.0,0.20159927010536194,0,0
9286.601802056897,78353.93,0.19167032837867737,0,0
9286.601802056897,78400.0,0.19535960257053375,0,0
9286.601802056897,78175.5,0.24400809407234192,0,0
9286.601802056897,78174.0,0.2585897743701935,0,0
9286.601802056897,78327.8,0.22442759573459625,0,0
9286.601802056897,78220.0,0.14990152418613434,0,0
9286.601802056897,78315.37,0.17389626801013947,0,0
9286.601802056897,78293.57,0.16476751863956451,0,0
9286.601802056897,78249.3,0.14617592096328735,0,0
9286.601802056897,78143.08,0.1584143042564392,0,0
9286.601802056897,78211.24,0.15835057199001312,0,0
9286.601802056897,78367.06,0.1883818656206131,0,0
9286.601802056897,78423.98,0.16243408620357513,0,0
9286.601802056897,78487.67,0.15623065829277039,0,0
9286.601802056897,78455.02,0.16162654757499695,0,0
9286.601802056897,78398.02,0.19152753055095673,0,0
9286.601802056897,78466.62,0.18033672869205475,0,0
9286.601802056897,78486.0,0.1705726683139801,0,0
9286.601802056897,78451.38,0.15889540314674377,0,0
9286.601802056897,78719.78,0.23037675023078918,0,0
9286.601802056897,78832.98,0.20657962560653687,0,0
9286.601802056897,78686.85,0.18559134006500244,0,0
9286.601802056897,78542.32,0.1852632462978363,0,0
9286.601802056897,78240.83,0.19545073807239532,0,0
9286.601802056897,78171.85,0.2130928784608841,0,0
9286.601802056897,78203.08,0.2048177272081375,0,0
9286.601802056897,78163.19,0.18450649082660675,0,0
9286.601802056897,78249.42,0.16012345254421234,0,1
9286.601802056897,78288.3,0.19116269052028656,0,1
9286.601802056897,78363.25,0.1905401647090912,0,0
9286.601802056897,78387.86,0.17595405876636505,0,0
9286.601802056897,78529.57,0.18976274132728577,0,0
9286.601802056897,78408.01,0.15780530869960785,0,0
9286.601802056897,78656.01,0.2226310521364212,0,0
9286.601802056897,78747.09,0.21152500808238983,0,0
9286.601802056897,78670.01,0.1766737401485443,0,0
9286.601802056897,78741.0,0.19573526084423065,0,0
9286.601802056897,78668.36,0.19181978702545166,0,0
9286.601802056897,78654.0,0.1782042235136032,0,1
9286.601802056897,78725.76,0.21164365112781525,0,0
9286.601802056897,78739.67,0.1681358963251114,0,0
9286.601802056897,78760.32,0.18971385061740875,0,1
9286.601802056897,78915.99,0.25176820158958435,0,1
9286.601802056897,78831.59,0.24480801820755005,0,1
9286.601802056897,79177.29,0.26352161169052124,0,1
9286.601802056897,78568.57,0.25515490770339966,0,1
9286.601802056897,78547.14,0.2337949573993683,0,1
9286.601802056897,79769.43,0.30452847480773926,0,0
9286.601802056897,80173.3,0.32330241799354553,0,0
9286.601802056897,80316.31,0.32589641213417053,0,0
9286.601802056897,80332.06,0.2842522859573364,0,0
9286.601802056897,80027.26,0.2684561014175415,0,0
9286.601802056897,79877.9,0.28722167015075684,0,0
9286.601802056897,79696.75,0.2439480423927307,0,0
9286.601802056897,79708.3,0.23544538021087646,0,1
9286.601802056897,79838.48,0.23857401311397552,0,0
9286.601802056897,78940.26,0.3093429505825043,0,1
9286.601802056897,78793.67,0.275778204202652,0,1
9286.601802056897,78857.18,0.2332424819469452,0,1
9286.601802056897,78790.0,0.2754404544830322,0,1
9286.601802056897,80216.16,0.33576980233192444,0,0
9286.601802056897,80028.85,0.34691452980041504,0,0
9286.601802056897,80025.03,0.3379431664943695,0,0
9286.601802056897,80390.81,0.327549546957016,0,0
9286.601802056897,80114.91,0.29698166251182556,0,0
9286.601802056897,80053.31,0.242656409740448,0,0
9286.601802056897,79936.7,0.2339532971382141,0,1
9286.601802056897,80259.17,0.26406916975975037,0,1
9286.601802056897,80067.23,0.24706034362316132,0,1
9286.601802056897,79861.01,0.26549553871154785,0,1
9286.601802056897,80170.66,0.2546623647212982,0,1
9286.601802056897,80352.0,0.2787330746650696,0,1
9286.601802056897,80554.68,0.29116201400756836,0,0
9286.601802056897,80893.08,0.2893322706222534,0,0
9286.601802056897,80902.44,0.26557454466819763,0,0
9286.601802056897,80970.0,0.29546087980270386,0,0
9286.601802056897,80976.0,0.20472638309001923,0,0
9286.601802056897,80855.59,0.2626365125179291,0,1
9286.601802056897,80815.24,0.20463652908802032,0,1
9286.601802056897,80586.02,0.24146243929862976,0,1
9286.601802056897,80823.61,0.23584328591823578,0,1
9286.601802056897,81014.05,0.2410193234682083,0,0
9286.601802056897,81279.41,0.2505008280277252,0,0
9286.601802056897,81330.0,0.25757065415382385,0,0
9286.601802056897,81336.59,0.24355410039424896,0,0
9286.601802056897,81525.19,0.2409408986568451,0,0
9286.601802056897,81285.75,0.24707472324371338,0,0
9286.601802056897,81270.6,0.19532664120197296,0,0
9286.601802056897,81515.0,0.2308807075023651,0,0
9286.601802056897,81606.35,0.2173076719045639,0,0
9286.601802056897,81646.38,0.22406035661697388,0,0
9286.601802056897,81407.11,0.2363189458847046,0,0
9286.601802056897,81111.27,0.24620921909809113,0,0
9286.601802056897,80905.52,0.222336083650589,0,1
9286.601802056897,81030.01,0.2395344078540802,0,1
9286.601802056897,81439.34,0.24282361567020416,0,0
9286.601802056897,81363.54,0.22829557955265045,0,1
9286.601802056897,81581.69,0.2357308268547058,0,1
9286.601802056897,81331.1,0.2311442345380783,0,1
9286.601802056897,81333.0,0.21904151141643524,0,1
9286.601802056897,81476.71,0.1970212161540985,0,1
9286.601802056897,81359.82,0.19355948269367218,0,0
9286.601802056897,81945.66,0.2753618657588959,0,0
9286.601802056897,81997.0,0.2524566054344177,0,0
9286.601802056897,82290.04,0.2555374503135681,0,0
9286.601802056897,82522.89,0.30440813302993774,0,0
9286.601802056897,82220.47,0.24761368334293365,0,0
9286.601802056897,81670.89,0.28090521693229675,0,0
9286.601802056897,81526.73,0.2836013436317444,0,0
9286.601802056897,81704.25,0.27184805274009705,0,0
9286.601802056897,81630.94,0.2695167362689972,0,0
9286.601802056897,81452.63,0.21193136274814606,0,0
9286.601802056897,81353.14,0.22269554436206818,0,0
9286.601802056897,81464.87,0.2440895438194275,0,0
9286.601802056897,81427.52,0.24752381443977356,0,0
9286.601802056897,81539.16,0.22138208150863647,0,0
9286.601802056897,81342.39,0.22138208150863647,0,0
9286.601802056897,81447.01,0.25011661648750305,0,0
9286.601802056897,81016.96,0.2738003134727478,0,1
9286.601802056897,81167.8,0.2568969130516052,0,0
9286.601802056897,81113.34,0.24117465317249298,0,0
9286.601802056897,80834.91,0.20289182662963867,0,0
9286.601802056897,80979.19,0.2340528517961502,0,0
9286.601802056897,81088.0,0.2227257490158081,0,0
9286.601802056897,81438.61,0.2695097327232361,0,0
9286.601802056897,81518.58,0.2546595335006714,0,0
9286.601802056897,81231.24,0.2525976002216339,0,0
9286.601802056897,80929.0,0.2429898977279663,0,0
9286.601802056897,80850.75,0.23817217350006104,0,0
9286.601802056897,80866.65,0.21559777855873108,0,0
9286.601802056897,81162.01,0.23799116909503937,0,0
9286.601802056897,80503.68,0.3134031891822815,0,0
9286.601802056897,80171.38,0.3148491084575653,0,0
9286.601802056897,79890.63,0.31813639402389526,0,0
9286.601802056897,79801.08,0.26274263858795166,0,0
9286.601802056897,80094.52,0.30429384112358093,0,0
9286.601802056897,80200.59,0.22775746881961823,0,0
9286.601802056897,80146.11,0.23378698527812958,0,0
9286.601802056897,79879.99,0.2893126308917999,0,0
9286.601802056897,79735.01,0.2316138744354248,0,0
9286.601802056897,79919.01,0.2487616240978241,0,0
9286.601802056897,80006.0,0.1903277337551117,0,0
9286.601802056897,79831.99,0.2591170370578766,0,0
9286.601802056897,79740.01,0.23549684882164001,0,0
9286.601802056897,79488.46,0.27814775705337524,0,1
9286.601802056897,79578.85,0.28568220138549805,0,0
9286.601802056897,79655.23,0.18962182104587555,0,1
9286.601802056897,79600.01,0.17605358362197876,0,1
9286.601802056897,79525.76,0.23540537059307098,0,1
9286.601802056897,79682.4,0.298491507768631,0,0
9286.601802056897,79886.01,0.2501453757286072,0,0
9286.601802056897,79872.72,0.2049088180065155,0,0
9286.601802056897,80212.56,0.2602762281894684,0,0
9286.601802056897,80231.22,0.2528402507305145,0,0
9286.601802056897,80025.82,0.26831182837486267,0,0
9286.601802056897,79647.8,0.2750539779663086,0,1
9286.601802056897,80150.97,0.2794278860092163,0,0
9286.601802056897,80142.14,0.27432355284690857,0,0
9286.601802056897,79802.34,0.24434664845466614,0,1
9286.601802056897,80060.0,0.28029322624206543,0,0
9286.601802056897,80078.4,0.2158844918012619,0,0
9286.601802056897,80179.94,0.22851909697055817,0,0
9286.601802056897,80133.09,0.18757449090480804,0,0
9286.601802056897,80263.99,0.1568663865327835,0,0
9286.601802056897,80262.0,0.17954027652740479,0,0
9286.601802056897,80193.17,0.18958212435245514,0,0
9286.601802056897,80238.76,0.1493598073720932,0,0
9286.601802056897,80327.75,0.18988445401191711,0,0
9286.601802056897,80417.87,0.1568421870470047,0,0
9286.601802056897,80383.95,0.18953175842761993,0,0
9286.601802056897,80379.9,0.18976834416389465,0,0
9286.601802056897,80379.49,0.15522968769073486,0,0
9286.601802056897,80263.92,0.1873278021812439,0,0
9286.601802056897,80228.89,0.1631520390510559,0,0
9286.601802056897,80407.12,0.1873278021812439,0,0
9286.601802056897,80242.53,0.16815485060214996,0,0
9286.601802056897,80264.02,0.149367555975914,0,0
9286.601802056897,80345.46,0.15077976882457733,0,1
9286.601802056897,80397.97,0.14896227419376373,0,1
9286.601802056897,80391.18,0.1387644112110138,0,1
9286.601802056897,80332.22,0.15449893474578857,0,1
9286.601802056897,80527.92,0.1885625571012497,0,0
9286.601802056897,80625.01,0.18071192502975464,0,0
9286.601802056897,80812.7,0.1914643794298172,0,0
9286.601802056897,80907.65,0.20064277946949005,0,0
9286.601802056897,80938.53,0.1979723572731018,0,0
9286.601802056897,80805.5,0.1871226280927658,0,0
9286.601802056897,80780.83,0.1685994565486908,0,0
9286.601802056897,80782.38,0.17821334302425385,0,0
9286.601802056897,80678.4,0.2122095376253128,0,0
9286.601802056897,80680.04,0.18757450580596924,0,0
9286.601802056897,80685.56,0.19821588695049286,0,0
9286.601802056897,80777.42,0.1822032779455185,0,0
9286.601802056897,80775.0,0.1818629950284958,0,0
9286.601802056897,80759.93,0.1897127628326416,0,0
9286.601802056897,80700.77,0.15750037133693695,0,0
9286.601802056897,80733.75,0.1561380922794342,0,0
9286.601802056897,80736.03,0.16468557715415955,0,0
9286.601802056897,80830.33,0.17293180525302887,0,0
9286.601802056897,80807.96,0.16135761141777039,0,1
9286.601802056897,80873.79,0.1647631675004959,0,1
9286.601802056897,80821.21,0.16718679666519165,0,1
9286.601802056897,80927.72,0.15518143773078918,0,0
9286.601802056897,80971.67,0.15401804447174072,0,1
9286.601802056897,80990.11,0.1549973338842392,0,0
9286.601802056897,81418.01,0.24250099062919617,0,0
9286.601802056897,81378.25,0.2033279985189438,0,1
9286.601802056897,81476.18,0.24073609709739685,0,1
9286.601802056897,81271.96,0.21323427557945251,0,0
9286.601802056897,81437.83,0.23829226195812225,0,0
9286.601802056897,80734.88,0.2602499723434448,0,1
9286.601802056897,80720.47,0.23659595847129822,0,0
9286.601802056897,82044.49,0.2909694015979767,0,0
9286.601802056897,82210.07,0.27998819947242737,0,0
9286.601802056897,81471.13,0.30344974994659424,0,0
9286.601802056897,81501.72,0.26812878251075745,0,0
9286.601802056897,81169.08,0.27095940709114075,0,0
9286.601802056897,80736.01,0.29337194561958313,0,0
9286.601802056897,80824.61,0.24355106055736542,0,0
9286.601802056897,80832.33,0.24281667172908783,0,0
9286.601802056897,80822.86,0.20750148594379425,0,0
9286.601802056897,80740.4,0.21995383501052856,0,0
9286.601802056897,80767.97,0.24281667172908783,0,0
9286.601802056897,80966.57,0.2330029159784317,0,1
9286.601802056897,80940.0,0.24196217954158783,0,1
9286.601802056897,81196.94,0.26408541202545166,0,1
9286.601802056897,81054.65,0.27170172333717346,0,1
9286.601802056897,81072.0,0.2834685444831848,0,1
9286.601802056897,80953.38,0.28739193081855774,0,1
9286.601802056897,81445.9,0.2765957713127136,0,0
9286.601802056897,81575.85,0.27683350443840027,0,0
9286.601802056897,81941.09,0.2601296007633209,0,0
9286.601802056897,81858.96,0.25030240416526794,0,0
9286.601802056897,81961.99,0.25030240416526794,0,0
9286.601802056897,81821.02,0.23730319738388062,0,0
9286.601802056897,81821.18,0.23730319738388062,0,0
9286.601802056897,81833.92,0.22493459284305573,0,0
9286.601802056897,81745.65,0.2240871638059616,0,0
9286.601802056897,81545.2,0.23302103579044342,0,0
9286.601802056897,81199.18,0.25277596712112427,0,0
9286.601802056897,81249.93,0.21699422597885132,0,0
9286.601802056897,81058.8,0.19657881557941437,0,0
9286.601802056897,81240.01,0.2306240350008011,0,0
9286.601802056897,81224.03,0.18802617490291595,0,0
9286.601802056897,81022.44,0.2192259281873703,0,0
9286.601802056897,80865.4,0.23480884730815887,0,0
9286.601802056897,80843.31,0.22163790464401245,0,0
9286.601802056897,80837.15,0.22095027565956116,0,0
9286.601802056897,80666.37,0.22134312987327576,0,0
9286.601802056897,80784.87,0.2127641886472702,0,0
9286.601802056897,80881.26,0.2230372130870819,0,0
9286.601802056897,80466.91,0.2654101252555847,0,0
9286.601802056897,80540.0,0.24218589067459106,0,0
9286.601802056897,80336.01,0.27638837695121765,0,0
9286.601802056897,80000.01,0.2858859598636627,0,1
9286.601802056897,80527.69,0.2698088586330414,0,0
9286.601802056897,80679.12,0.2511737644672394,0,0
9286.601802056897,80834.64,0.2535095810890198,0,0
9286.601802056897,80696.87,0.22604982554912567,0,0
9286.601802056897,80587.44,0.1916358768939972,0,1
9286.601802056897,80656.43,0.19255542755126953,0,1
9286.601802056897,80504.47,0.1934957653284073,0,1
9286.601802056897,80718.0,0.218842551112175,0,0
9286.601802056897,81006.0,0.27244845032691956,0,0
9286.601802056897,81050.0,0.23319308459758759,0,0
9286.601802056897,81249.99,0.24865016341209412,0,0
9286.601802056897,81231.96,0.19037237763404846,0,0
9286.601802056897,81019.99,0.22168326377868652,0,0
9286.601802056897,80980.05,0.21199660003185272,0,0
9286.601802056897,81026.92,0.20404966175556183,0,0
9286.601802056897,81196.57,0.2300388514995575,0,0
9286.601802056897,81291.38,0.23072656989097595,0,0
9286.601802056897,80809.01,0.2612867057323456,0,0
9286.601802056897,80501.22,0.26224473118782043,0,0
9286.601802056897,80202.78,0.3076910972595215,0,0
9286.601802056897,79656.01,0.3128927946090698,0,0
9286.601802056897,79756.01,0.26049327850341797,0,0
9286.601802056897,78827.21,0.32948723435401917,0,1
9286.601802056897,79108.39,0.3084584176540375,0,0
9286.601802056897,79514.97,0.28510650992393494,0,0
9286.601802056897,79598.15,0.2426775097846985,0,0
9286.601802056897,79642.41,0.23387181758880615,0,0
9286.601802056897,79698.95,0.17039279639720917,0,0
9286.601802056897,79398.54,0.24744020402431488,0,0
9286.601802056897,79428.46,0.2282220423221588,0,0
9286.601802056897,79313.61,0.23439502716064453,0,1
9286.601802056897,79580.0,0.24744020402431488,0,0
9286.601802056897,79604.6,0.22305409610271454,0,0
9286.601802056897,79370.24,0.2868480682373047,0,1
9286.601802056897,79044.85,0.30789992213249207,0,1
9286.601802056897,79451.63,0.27530819177627563,0,0
9286.601802056897,79809.16,0.3157365024089813,0,0
9286.601802056897,79804.71,0.2203884869813919,0,0
9286.601802056897,79745.98,0.22601313889026642,0,0
9286.601802056897,79821.56,0.25011685490608215,0,1
9286.601802056897,79635.52,0.24512644112110138,0,1
9286.601802056897,79570.01,0.24038545787334442,0,1
9286.601802056897,79258.27,0.2387610524892807,0,1
9286.601802056897,79767.11,0.26284438371658325,0,1
9286.601802056897,79701.73,0.23612263798713684,0,1
9286.601802056897,80964.85,0.3006952702999115,0,1
9286.601802056897,81301.23,0.2864387631416321,0,0
9286.601802056897,81888.4,0.30794352293014526,0,0
9286.601802056897,81668.48,0.29259076714515686,0,0
9286.601802056897,81581.99,0.28213101625442505,0,0
9286.601802056897,81419.74,0.2560274302959442,0,0
9286.601802056897,81412.04,0.2552680969238281,0,0
9286.601802056897,81396.61,0.20649543404579163,0,0
9286.601802056897,81456.0,0.20786519348621368,0,0
9286.601802056897,81089.99,0.25081467628479004,0,0
9286.601802056897,81518.67,0.2593691647052765,0,0
9286.601802056897,81131.01,0.25898098945617676,0,0
9286.601802056897,81299.14,0.27530038356781006,0,0
9286.601802056897,81059.15,0.26248717308044434,0,0
9286.601802056897,80724.71,0.24039793014526367,0,0
9286.601802056897,80360.01,0.289323091506958,0,0
9286.601802056897,80580.0,0.27346765995025635,0,0
9286.601802056897,80814.88,0.272335946559906,0,0
9286.601802056897,80638.0,0.2590271234512329,0,0
9286.601802056897,80489.8,0.26330646872520447,0,0
9286.601802056897,80716.23,0.24134570360183716,0,0
9286.601802056897,80628.53,0.18432997167110443,0,0
9286.601802056897,80385.11,0.23123647272586823,0,0
9286.601802056897,78758.59,0.33870282769203186,0,0
9286.601802056897,79150.37,0.33871519565582275,0,0
9286.601802056897,79150.27,0.279710054397583,0,0
9286.601802056897,79294.31,0.25498461723327637,0,0
9286.601802056897,79460.0,0.25741562247276306,0,0
9286.601802056897,79284.0,0.2856382131576538,0,0
9286.601802056897,79146.5,0.2549399733543396,0,0
9286.601802056897,79123.12,0.20341651141643524,0,0
9286.601802056897,78973.5,0.25451144576072693,0,0
9286.601802056897,79107.38,0.17642289400100708,0,0
9286.601802056897,79113.21,0.2012316733598709,0,0
9286.601802056897,79111.92,0.1702120155096054,0,0
9286.601802056897,79168.0,0.19940915703773499,0,0
9286.601802056897,79155.54,0.16171182692050934,0,0
9286.601802056897,79083.18,0.1800779551267624,0,0
9286.601802056897,79035.26,0.2510074973106384,0,0
9286.601802056897,79027.37,0.14966149628162384,0,0
9286.601802056897,78648.0,0.32109734416007996,0,0
9286.601802056897,78369.77,0.3442109525203705,0,0
9286.601802056897,78426.56,0.2666851878166199,0,0
9286.601802056897,78083.48,0.28924310207366943,0,0
9286.601802056897,77960.0,0.2586151659488678,0,0
9286.601802056897,78081.71,0.23762302100658417,0,0
9286.601802056897,78007.23,0.2083033174276352,0,0
9286.601802056897,78014.6,0.18489937484264374,0,0
9286.601802056897,78130.55,0.24954773485660553,0,0
9286.601802056897,78238.67,0.20617474615573883,0,0
9286.601802056897,78205.96,0.20241756737232208,0,0
9286.601802056897,78201.5,0.15535283088684082,0,0
9286.601802056897,78229.81,0.188681960105896,0,0
9286.601802056897,78259.66,0.1410887986421585,0,0
9286.601802056897,78261.0,0.138445645570755,0,0
9286.601802056897,78265.73,0.138445645570755,0,0
9286.601802056897,78186.25,0.13465583324432373,0,0
9286.601802056897,78148.05,0.15530607104301453,0,0
9286.601802056897,77945.85,0.2259201556444168,0,0
9286.601802056897,77725.71,0.1982199102640152,0,1
9286.601802056897,77895.51,0.17578475177288055,0,0
9286.601802056897,78028.88,0.15331485867500305,0,0
9286.601802056897,78158.09,0.17973674833774567,0,0
9286.601802056897,78121.41,0.16042828559875488,0,0
9286.601802056897,78104.8,0.13982050120830536,0,0
9286.601802056897,78180.01,0.1338403820991516,0,0
9286.601802056897,78089.8,0.13063694536685944,0,0
9286.601802056897,78249.33,0.18069764971733093,0,0
9286.601802056897,78465.99,0.17192552983760834,0,0
9286.601802056897,78415.99,0.17995885014533997,0,0
9286.601802056897,78364.83,0.1844952553510666,0,0
9286.601802056897,78202.91,0.1830637902021408,0,0
9286.601802056897,78051.51,0.19382460415363312,0,0
9286.601802056897,78051.41,0.19954054057598114,0,0
9286.601802056897,78034.36,0.1808684915304184,0,0
9286.601802056897,78089.98,0.19725976884365082,0,0
9286.601802056897,78268.05,0.18839602172374725,0,0
9286.601802056897,78415.3,0.20602279901504517,0,0
9286.601802056897,78277.36,0.17853839695453644,0,0
9286.601802056897,78405.72,0.22007480263710022,0,0
9286.601802056897,77997.24,0.22847053408622742,0,0
9286.601802056897,77457.67,0.2949525713920593,0,0
9286.601802056897,77209.95,0.3020941913127899,0,0
9286.601802056897,77109.22,0.3020941913127899,0,0
9286.601802056897,76835.41,0.3039713203907013,0,0
9286.601802056897,76924.65,0.2344447672367096,0,0
9286.601802056897,77038.49,0.24884852766990662,0,0
9286.601802056897,76931.4,0.2308279275894165,0,0
9286.601802056897,76912.52,0.2661854028701782,0,1
9286.601802056897,77073.69,0.25679051876068115,0,0
9286.601802056897,77040.42,0.25608542561531067,0,0
9286.601802056897,76933.16,0.20504793524742126,0,0
9286.601802056897,76764.74,0.231820747256279,0,0
9286.601802056897,77285.83,0.30803635716438293,0,0
9286.601802056897,77639.98,0.29840394854545593,0,0
9286.601802056897,76937.7,0.31175699830055237,0,0
9286.601802056897,76393.65,0.3368964195251465,0,1
9286.601802056897,76409.46,0.32297223806381226,0,1
9286.601802056897,76410.01,0.32712239027023315,0,1
9286.601802056897,76706.39,0.24506144225597382,0,0
9286.601802056897,76252.5,0.3134895861148834,0,1
9286.601802056897,76928.0,0.31993281841278076,0,0
9286.601802056897,76909.92,0.28048762679100037,0,0
9286.601802056897,77103.05,0.28710198402404785,0,0
9286.601802056897,77078.22,0.22744829952716827,0,0
9286.601802056897,77001.87,0.20109297335147858,0,0
9286.601802056897,77140.87,0.2612155079841614,0,0
9286.601802056897,76667.01,0.2825976014137268,0,1
9286.601802056897,76617.47,0.2676275372505188,0,1
9286.601802056897,76787.11,0.2359618991613388,0,0
9286.601802056897,76927.25,0.21286284923553467,0,0
9286.601802056897,76911.24,0.26466965675354004,0,0
9286.601802056897,77029.4,0.24295318126678467,0,0
9286.601802056897,77233.69,0.2442857027053833,0,0
9286.601802056897,77048.71,0.23759815096855164,0,0
9286.601802056897,76818.8,0.24027253687381744,0,0
9286.601802056897,77041.87,0.2475147694349289,0,0
9286.601802056897,76714.62,0.2692302465438843,0,0
9286.601802056897,76940.21,0.22947923839092255,0,0
9286.601802056897,76872.75,0.27355054020881653,0,0
9286.601802056897,76392.43,0.28177523612976074,0,1
9286.601802056897,76521.23,0.248849555850029,0,1
9286.601802056897,76894.59,0.2665707468986511,0,0
9286.601802056897,76856.76,0.2268524467945099,0,0
9286.601802056897,76803.28,0.20876777172088623,0,0
9286.601802056897,76818.74,0.22057035565376282,0,0
9286.601802056897,77022.23,0.2137805074453354,0,0
9286.601802056897,76982.34,0.13378602266311646,0,0
9286.601802056897,76712.21,0.20841892063617706,0,0
9286.601802056897,76834.36,0.18399158120155334,0,0
9286.601802056897,76788.83,0.20358113944530487,0,1
9286.601802056897,76820.98,0.20869679749011993,0,1
9286.601802056897,76690.42,0.2020479440689087,0,1
9286.601802056897,76723.54,0.21161943674087524,0,1
9286.601802056897,76780.37,0.15760187804698944,0,1
9286.601802056897,77196.99,0.2638133466243744,0,0
9286.601802056897,77414.11,0.26405686140060425,0,0
9286.601802056897,77282.64,0.24013490974903107,0,0
9286.601802056897,77458.04,0.23850716650485992,0,0
9286.601802056897,77485.13,0.20067724585533142,0,0
9286.601802056897,77517.45,0.19451576471328735,0,0
9286.601802056897,77382.49,0.220902219414711,0,0
9286.601802056897,77617.26,0.22034618258476257,0,0
9286.601802056897,77204.61,0.25344520807266235,0,1
9286.601802056897,77446.08,0.24826651811599731,0,0
9286.601802056897,77455.46,0.24261432886123657,0,0
9286.601802056897,77338.6,0.25077906250953674,0,0
9286.601802056897,77568.95,0.2463555634021759,0,0
9286.601802056897,77415.09,0.2352869063615799,0,1
9286.601802056897,77667.49,0.2361167073249817,0,0
9286.601802056897,77720.01,0.21729542315006256,0,0
9286.601802056897,77500.01,0.20134256780147552,0,1
9286.601802056897,77504.69,0.22721388936042786,0,1
9286.601802056897,77552.23,0.17091672122478485,0,0
9286.601802056897,77967.09,0.2553071975708008,0,0
9286.601802056897,77863.85,0.20188859105110168,0,0
9286.601802056897,77955.78,0.2055426836013794,0,0
9286.601802056897,78078.72,0.22001899778842926,0,0
9286.601802056897,78035.8,0.2248668223619461,0,0
9286.601802056897,77828.0,0.24701419472694397,0,0
9286.601802056897,77622.14,0.23529675602912903,0,0
9286.601802056897,77889.01,0.24791038036346436,0,0
9286.601802056897,77924.63,0.24320422112941742,0,0
9286.601802056897,77633.02,0.22952885925769806,0,0
9286.601802056897,77198.08,0.2834411561489105,0,0
9286.601802056897,77189.1,0.23486046493053436,0,1
9286.601802056897,77278.53,0.23176832497119904,0,0
9286.601802056897,77122.68,0.2757600247859955,0,1
9286.601802056897,76984.61,0.2672576606273651,0,1
9286.601802056897,77259.46,0.2584555745124817,0,1
9286.601802056897,77207.93,0.24487724900245667,0,1
9286.601802056897,77869.38,0.2905455231666565,0,0
9286.601802056897,77387.74,0.2812635898590088,0,0
9286.601802056897,77690.56,0.2669893801212311,0,0
9286.601802056897,77705.81,0.17774155735969543,0,0
9286.601802056897,77672.29,0.19043749570846558,0,0
9286.601802056897,77628.0,0.1926518827676773,0,0
9286.601802056897,77615.52,0.1926518827676773,0,0
9286.601802056897,77373.57,0.22896650433540344,0,0
9286.601802056897,77616.0,0.2403564602136612,0,0
9286.601802056897,77673.36,0.1900525838136673,0,0
9286.601802056897,77779.98,0.21056097745895386,0,0
9286.601802056897,77655.42,0.2592177093029022,0,0
9286.601802056897,77489.0,0.23904730379581451,0,0
9286.601802056897,77423.41,0.19907310605049133,0,0
9286.601802056897,77408.06,0.23109155893325806,0,0
9286.601802056897,77267.38,0.2568514049053192,0,0
9286.601802056897,77307.11,0.19762760400772095,0,0
9286.601802056897,77312.0,0.14905479550361633,0,0
9286.601802056897,77428.84,0.20276561379432678,0,0
9286.601802056897,77533.9,0.19378386437892914,0,0
9286.601802056897,77290.01,0.200392484664917,0,0
9286.601802056897,76774.23,0.25484105944633484,0,0
9286.601802056897,76790.59,0.24600006639957428,0,0
9286.601802056897,76950.68,0.2307940274477005,0,0
9286.601802056897,76750.0,0.23991234600543976,0,0
9286.601802056897,76537.47,0.2741500437259674,0,0
9286.601802056897,75860.44,0.3326157331466675,0,0
9286.601802056897,75984.47,0.24057097733020782,0,0
9286.601802056897,75978.83,0.21902064979076385,0,0
9286.601802056897,75737.52,0.26249563694000244,0,0
9286.601802056897,75539.5,0.31481650471687317,0,0
9286.601802056897,75352.64,0.2687510848045349,0,0
9286.601802056897,75489.84,0.21433192491531372,0,0
9286.601802056897,75572.07,0.20720405876636505,0,0
9286.601802056897,75635.22,0.1951880156993866,0,0
9286.601802056897,75539.77,0.1718599647283554,0,0
9286.601802056897,75482.68,0.1798819899559021,0,0
9286.601802056897,75398.33,0.15515673160552979,0,0
9286.601802056897,74609.36,0.3292575478553772,0,1
9286.601802056897,74684.3,0.31390973925590515,0,1
9286.601802056897,74656.91,0.21932852268218994,0,1
9286.601802056897,74705.0,0.22481364011764526,0,1
9286.601802056897,74789.99,0.22123514115810394,0,1
9286.601802056897,74753.93,0.2274678349494934,0,1
9286.601802056897,75213.9,0.3034703731536865,0,1
9286.601802056897,75537.72,0.30822768807411194,0,1
9286.601802056897,75520.0,0.25760188698768616,0,1
9286.601802056897,75444.7,0.22903668880462646,0,1
9286.601802056897,75488.18,0.2087356001138687,0,1
9286.601802056897,75845.82,0.2752569913864136,0,1
9286.601802056897,75983.45,0.23521429300308228,0,1
9286.601802056897,77287.58,0.31835833191871643,0,0
9286.601802056897,76804.99,0.30831095576286316,0,0
9286.601802056897,76584.45,0.28687453269958496,0,0
9286.601802056897,76752.01,0.2792138159275055,0,0
9286.601802056897,76835.16,0.27841147780418396,0,0
9286.601802056897,76890.04,0.20560555160045624,0,0
9286.601802056897,76830.0,0.2153519093990326,0,0
9286.601802056897,76750.0,0.20826686918735504,0,0
9286.601802056897,76786.5,0.17331671714782715,0,1
9286.601802056897,76822.23,0.20162205398082733,0,1
9286.601802056897,76987.58,0.24880842864513397,0,0
9286.601802056897,76799.99,0.19694103300571442,0,0
9286.601802056897,76830.69,0.16929107904434204,0,0
9286.601802056897,77020.53,0.24492445588111877,0,0
9286.601802056897,77190.74,0.28885823488235474,0,0
9286.601802056897,77320.06,0.25647246837615967,0,0
9286.601802056897,77118.73,0.23554055392742157,0,0
9286.601802056897,76802.23,0.27767378091812134,0,0
9286.601802056897,76465.16,0.2957078218460083,0,0
9286.601802056897,76371.59,0.21274612843990326,0,0
9286.601802056897,76671.7,0.23817577958106995,0,0
9286.601802056897,76693.34,0.20759108662605286,0,0
9286.601802056897,76665.73,0.19565080106258392,0,1
9286.601802056897,76773.34,0.16406933963298798,0,0
9286.601802056897,76668.4,0.21539857983589172,0,1
9286.601802056897,76151.14,0.3064643442630768,0,1
9286.601802056897,76803.99,0.2821200489997864,0,1
9286.601802056897,77064.96,0.24738626182079315,0,0
9286.601802056897,77153.01,0.252095490694046,0,0
9286.601802056897,76945.27,0.2601916790008545,0,1
9286.601802056897,77108.77,0.25689589977264404,0,0
9286.601802056897,77026.67,0.20375275611877441,0,1
9286.601802056897,77391.07,0.2543076276779175,0,0
9286.601802056897,77407.0,0.21535173058509827,0,0
9286.601802056897,77419.87,0.2534259259700775,0,0
9286.601802056897,77401.12,0.2501243054866791,0,0
9286.601802056897,77456.94,0.22665028274059296,0,0
9286.601802056897,77604.56,0.23789282143115997,0,0
9286.601802056897,77545.65,0.21804015338420868,0,0
9286.601802056897,77357.5,0.2158994823694229,0,0
9286.601802056897,77367.98,0.19951465725898743,0,0
9286.601802056897,77341.05,0.19449275732040405,0,0
9286.601802056897,77714.0,0.27268466353416443,0,0
9286.601802056897,77628.82,0.25626620650291443,0,0
9286.601802056897,77735.69,0.24838872253894806,0,0
9286.601802056897,77564.01,0.2250691056251526,0,0
9286.601802056897,77543.39,0.16617384552955627,0,0
9286.601802056897,77441.86,0.19975890219211578,0,0
9286.601802056897,77273.06,0.20706698298454285,0,0
9286.601802056897,77367.03,0.15936802327632904,0,0
9286.601802056897,77116.21,0.20444414019584656,0,0
9286.601802056897,77322.01,0.18286734819412231,0,0
9286.601802056897,76792.71,0.2461848258972168,0,0
9286.601802056897,76756.98,0.2406539022922516,0,0
9286.601802056897,76660.0,0.2418060600757599,0,0
9286.601802056897,76664.01,0.22689932584762573,0,0
9286.601802056897,76749.5,0.2253575325012207,0,1
9286.601802056897,76930.01,0.24171797931194305,0,0
9286.601802056897,76908.01,0.24324941635131836,0,0
9286.601802056897,76730.84,0.24190479516983032,0,1
9286.601802056897,76726.37,0.19662697613239288,0,0
9286.601802056897,76672.19,0.2001008689403534,0,0
9286.601802056897,77430.0,0.2939591705799103,0,0
9286.601802056897,77183.55,0.2471645325422287,0,0
9286.601802056897,77132.5,0.2471645325422287,0,0
9286.601802056897,77231.56,0.28221043944358826,0,0
9286.601802056897,76908.01,0.3170033395290375,0,0
9286.601802056897,76518.1,0.33293357491493225,0,0
9286.601802056897,76558.0,0.31339606642723083,0,0
9286.601802056897,75935.08,0.33115097880363464,0,0
9286.601802056897,75840.55,0.30963432788848877,0,0
9286.601802056897,76052.0,0.2559232711791992,0,0
9286.601802056897,76106.86,0.19649726152420044,0,0
9286.601802056897,75890.0,0.20223739743232727,0,0
9286.601802056897,75749.02,0.2546338140964508,0,0
9286.601802056897,75930.01,0.19407357275485992,0,0
9286.601802056897,76085.01,0.23331080377101898,0,0
9286.601802056897,75877.44,0.25219640135765076,0,0
9286.601802056897,75879.0,0.23144887387752533,0,0
9286.601802056897,75683.0,0.2560173273086548,0,0
9286.601802056897,75579.01,0.2604162395000458,0,0
9286.601802056897,75697.99,0.20673364400863647,0,0
9286.601802056897,75838.65,0.22867730259895325,0,0
9286.601802056897,75977.17,0.23279474675655365,0,0
9286.601802056897,75873.24,0.19560547173023224,0,0
9286.601802056897,75912.6,0.20132608711719513,0,0
9286.601802056897,75909.82,0.18523912131786346,0,0
9286.601802056897,75769.18,0.2066096067428589,0,0
9286.601802056897,75688.0,0.23319771885871887,0,0
9286.601802056897,75073.4,0.3064991235733032,0,0
9286.601802056897,75031.92,0.2847883403301239,0,0
9286.601802056897,75326.01,0.2903856635093689,0,0
9286.601802056897,75304.01,0.25061333179473877,0,0
9286.601802056897,74860.42,0.31750982999801636,0,0
9286.601802056897,75026.67,0.25400635600090027,0,0
9286.601802056897,75066.08,0.21398359537124634,0,0
9286.601802056897,75274.58,0.25255128741264343,0,0
9286.601802056897,74473.01,0.3229316771030426,0,0
9286.601802056897,74418.13,0.31175369024276733,0,0
9286.601802056897,74449.3,0.26793262362480164,0,0
9286.601802056897,74570.66,0.23283320665359497,0,0
9286.601802056897,74344.08,0.29406675696372986,0,0
9286.601802056897,74287.42,0.24325469136238098,0,0
9286.601802056897,73258.01,0.347657173871994,0,0
9286.601802056897,73181.95,0.3414086699485779,0,0
9286.601802056897,72990.87,0.2931241989135742,0,1
9286.601802056897,73202.7,0.32674890756607056,0,0
9286.601802056897,73498.0,0.2988335192203522,0,0
9286.601802056897,73325.88,0.2922641336917877,0,0
9286.601802056897,73541.24,0.2922641336917877,0,0
9286.601802056897,73400.01,0.2707044184207916,0,0
9286.601802056897,73505.66,0.21271800994873047,0,0
9286.601802056897,73518.01,0.2756746709346771,0,0
9286.601802056897,73022.02,0.32941681146621704,0,1
9286.601802056897,73033.06,0.3376426696777344,0,1
9286.601802056897,72928.73,0.3210097551345825,0,1
9286.601802056897,73440.67,0.31219106912612915,0,0
9286.601802056897,73554.82,0.29654231667518616,0,0
9286.601802056897,73652.88,0.26124557852745056,0,0
9286.601802056897,73419.32,0.24509082734584808,0,0
9286.601802056897,73579.99,0.274617463350296,0,0
9286.601802056897,73817.31,0.2599955201148987,0,0
9286.601802056897,73464.8,0.2806965112686157,0,0
9286.601802056897,73617.51,0.19982098042964935,0,0
9286.601802056897,73716.37,0.2457921802997589,0,0
9286.601802056897,73586.83,0.2646712362766266,0,0
9286.601802056897,73225.06,0.3189358711242676,0,1
9286.601802056897,73301.52,0.1974353939294815,0,1
9286.601802056897,73507.69,0.2395385354757309,0,0
9286.601802056897,73706.0,0.25254517793655396,0,0
9286.601802056897,73786.32,0.21686628460884094,0,0
9286.601802056897,73528.56,0.2735687494277954,0,0
9286.601802056897,73653.4,0.24927227199077606,0,0
9286.601802056897,73744.96,0.22801744937896729,0,0
9286.601802056897,73634.64,0.18991176784038544,0,1
9286.601802056897,73487.98,0.1972484290599823,0,1
9286.601802056897,73295.73,0.19906440377235413,0,0
9286.601802056897,73135.7,0.24646013975143433,0,1
9286.601802056897,73096.85,0.2751278877258301,0,1
9286.601802056897,73808.26,0.2954486906528473,0,0
9286.601802056897,74056.5,0.28640010952949524,0,0
9286.601802056897,73980.94,0.291157603263855,0,0
9286.601802056897,73374.52,0.2983609735965729,0,0
9286.601802056897,73520.28,0.2614485025405884,0,0
9286.601802056897,73673.61,0.19536501169204712,0,0
9286.601802056897,73409.27,0.2595956027507782,0,0
9286.601802056897,73483.52,0.23482201993465424,0,0
9286.601802056897,73460.78,0.19275058805942535,0,0
9286.601802056897,73498.8,0.2057303637266159,0,0
9286.601802056897,73657.9,0.1937735676765442,0,0
9286.601802056897,73786.69,0.2174845039844513,0,0
9286.601802056897,73524.01,0.2122722715139389,0,0
9286.601802056897,73402.84,0.23993588984012604,0,0
9286.601802056897,73604.99,0.24466513097286224,0,0
9286.601802056897,73584.99,0.18614548444747925,0,0
9286.601802056897,73548.6,0.14702990651130676,0,0
9286.601802056897,73530.07,0.1476069986820221,0,1
9286.601802056897,73615.46,0.1471819132566452,0,0
9286.601802056897,73655.85,0.13673897087574005,0,0
9286.601802056897,73602.02,0.14683261513710022,0,1
9286.601802056897,73698.18,0.1530301868915558,0,0
9286.601802056897,73829.31,0.15623460710048676,0,0
9286.601802056897,73929.11,0.17439395189285278,0,0
9286.601802056897,73930.14,0.18140766024589539,0,0
9286.601802056897,73934.99,0.14946183562278748,0,0
9286.601802056897,74020.07,0.19369961321353912,0,0
9286.601802056897,74043.38,0.18216922879219055,0,0
9286.601802056897,74016.65,0.1463978886604309,0,0
9286.601802056897,73979.84,0.14431864023208618,0,0
9286.601802056897,73981.99,0.1721239984035492,0,0
9286.601802056897,73883.3,0.20528839528560638,0,0
9286.601802056897,73884.38,0.20798689126968384,0,0
9286.601802056897,74038.2,0.1764405220746994,0,0
9286.601802056897,74058.01,0.17963142693042755,0,0
9286.601802056897,74090.84,0.17391610145568848,0,0
9286.601802056897,74150.64,0.14774774014949799,0,0
9286.601802056897,74178.4,0.14514786005020142,0,0
9286.601802056897,74055.98,0.15774653851985931,0,0
9286.601802056897,74054.87,0.1520763635635376,0,0
9286.601802056897,73871.24,0.1846129149198532,0,0
9286.601802056897,73937.61,0.18569175899028778,0,0
9286.601802056897,73841.79,0.18621303141117096,0,0
9286.601802056897,73900.0,0.18111562728881836,0,0
9286.601802056897,73937.79,0.1682635396718979,0,0
9286.601802056897,73920.0,0.1739695519208908,0,0
9286.601802056897,73872.8,0.18452157080173492,0,0
9286.601802056897,73602.17,0.19606474041938782,0,0
9286.601802056897,73655.21,0.1911284327507019,0,0
9286.601802056897,73526.14,0.19911155104637146,0,1
9286.601802056897,73709.44,0.19369517266750336,0,0
9286.601802056897,73603.69,0.19363941252231598,0,0
9286.601802056897,73563.42,0.20855459570884705,0,0
9286.601802056897,73739.66,0.20990613102912903,0,0
9286.601802056897,73892.52,0.2191789299249649,0,0
9286.601802056897,73944.62,0.213670015335083,0,0
9286.601802056897,73674.39,0.2344580739736557,0,0
9286.601802056897,73885.0,0.23022553324699402,0,0
9286.601802056897,73292.92,0.29335659742355347,0,0
9286.601802056897,73790.0,0.2623175084590912,0,0
9286.601802056897,73769.06,0.21621736884117126,0,0
9286.601802056897,73536.01,0.26487576961517334,0,0
9286.601802056897,73350.0,0.2236805111169815,0,0
9286.601802056897,73135.74,0.30281969904899597,0,0
9286.601802056897,72818.0,0.3142949044704437,0,0
9286.601802056897,72902.65,0.26394784450531006,0,0
9286.601802056897,72880.0,0.298282653093338,0,0
9286.601802056897,72748.88,0.2580186724662781,0,0
9286.601802056897,72479.99,0.31920158863067627,0,0
9286.601802056897,72221.73,0.32570961117744446,0,0
9286.601802056897,71711.89,0.3362683057785034,0,0
9286.601802056897,71567.91,0.32640570402145386,0,0
9286.601802056897,71129.62,0.33702757954597473,0,0
9286.601802056897,71564.01,0.31933653354644775,0,0
9286.601802056897,71646.01,0.2599894106388092,0,0
9286.601802056897,71498.64,0.26465481519699097,0,0
9286.601802056897,71595.24,0.23230597376823425,0,0
9286.601802056897,71446.0,0.23230597376823425,0,0
9286.601802056897,71038.01,0.32401856780052185,0,0
9286.601802056897,71408.0,0.29639551043510437,0,0
9286.601802056897,71408.9,0.26822057366371155,0,0
9286.601802056897,71289.23,0.2703956067562103,0,0
9286.601802056897,70652.47,0.3373631536960602,0,0
9286.601802056897,70846.49,0.32739800214767456,0,0
9286.601802056897,70953.69,0.20182038843631744,0,0
9286.601802056897,70810.0,0.23618073761463165,0,0
9286.601802056897,70268.96,0.33766794204711914,0,0
9286.601802056897,70106.31,0.3308030068874359,0,0
9286.601802056897,70118.42,0.32799676060676575,0,0
9286.601802056897,69821.99,0.3199576139450073,0,0
9286.601802056897,69426.01,0.3466244339942932,0,0
9286.601802056897,69652.19,0.322505921125412,0,0
9286.601802056897,69461.72,0.23301838338375092,0,0
9286.601802056897,69010.42,0.3429967761039734,0,0
9286.601802056897,68811.91,0.32695797085762024,0,0
9286.601802056897,68019.3,0.3541754186153412,0,0
9286.601802056897,67304.28,0.3654261827468872,0,0
9286.601802056897,67413.44,0.3647693991661072,0,0
9286.601802056897,67492.34,0.36409249901771545,0,0
9286.601802056897,67341.99,0.34385916590690613,0,0
9286.601802056897,67315.14,0.35292723774909973,0,0
9286.601802056897,67587.77,0.3495759069919586,0,0
9286.601802056897,67566.01,0.3415099084377289,0,0
9286.601802056897,66385.2,0.39428162574768066,0,0
9286.601802056897,66760.83,0.3978007137775421,0,1
9286.601802056897,66938.01,0.4014391303062439,0,0
9286.601802056897,66920.0,0.3777158260345459,0,0
9286.601802056897,66620.01,0.35128673911094666,0,1
9286.601802056897,65849.9,0.39937689900398254,0,1
9286.601802056897,66465.98,0.39519166946411133,0,1
9286.601802056897,67330.01,0.38986027240753174,0,0
9286.601802056897,66983.27,0.41181132197380066,0,0
9286.601802056897,67220.03,0.39519503712654114,0,0
9286.601802056897,67028.0,0.3677784204483032,0,0
9286.601802056897,67075.17,0.39398857951164246,0,0
9286.601802056897,67294.52,0.3912543058395386,0,0
9286.601802056897,67067.37,0.3462642431259155,0,0
9286.601802056897,67078.72,0.38629230856895447,0,0
9286.601802056897,66906.01,0.38918229937553406,0,0
9286.601802056897,66864.95,0.3680739402770996,0,0
9286.601802056897,66076.01,0.4009140133857727,0,0
9286.601802056897,66061.83,0.38918229937553406,0,0
9286.601802056897,65964.08,0.39154547452926636,0,0
9286.601802056897,66036.57,0.35757410526275635,0,0
9286.601802056897,65462.0,0.3770653009414673,0,0
9286.601802056897,65007.27,0.39345335960388184,0,0
9286.601802056897,65768.88,0.3971100449562073,0,0
9286.601802056897,64912.98,0.3961922824382782,0,0
9286.601802056897,64142.75,0.40502089262008667,0,0
9286.601802056897,63344.97,0.40370503067970276,0,1
9286.601802056897,62178.1,0.4518754780292511,0,1
9434.570831097293,63231.99,0.4338671863079071,1,1
9603.397035924732,64363.49,0.4377286434173584,1,0
9608.84304253207,64399.99,0.4371216297149658,1,0
9542.51814233773,63955.47,0.42687535285949707,1,0
9553.338536835376,64027.99,0.4203776717185974,1,0
9489.950004039187,63603.15,0.43267980217933655,1,1
9480.460054035148,63629.99,0.4293322265148163,0,1
9480.460054035148,63266.0,0.4278518855571747,0,1
9480.460054035148,62420.0,0.42372775077819824,0,1
9480.460054035148,62545.99,0.4331211447715759,0,1
9480.460054035148,63766.82,0.435744047164917,0,0
9480.460054035148,64230.0,0.435744047164917,0,0
9480.460054035148,63958.97,0.435744047164917,0,0
9480.460054035148,63896.17,0.435744047164917,0,0
9480.460054035148,63563.51,0.42968928813934326,0,0
9480.460054035148,63540.97,0.4367254376411438,0,1
9480.460054035148,63819.62,0.4445118010044098,0,0
9442.756979606462,63629.38,0.4354822635650635,1,0
9444.095569860776,63638.4,0.4226771593093872,1,0
9391.829704930966,63286.21,0.4535042643547058,1,0
9458.495061255022,63735.43,0.4519560635089874,1,0
9480.838536719493,63885.99,0.37602290511131287,1,0
9412.681735599888,63426.72,0.38447272777557373,1,0
9403.26905386429,63374.67,0.3573532700538635,0,0
9403.26905386429,62617.72,0.4071975350379944,0,0
9403.26905386429,62730.0,0.39955052733421326,0,0
9403.26905386429,63615.23,0.4017781913280487,0,0
9403.26905386429,62329.35,0.44550690054893494,0,0
9336.183563054556,61946.57,0.4524019658565521,1,0
9512.43092884587,63115.99,0.4309557378292084,1,0
9412.756564318082,62454.64,0.4356023967266083,1,0
9473.863347561133,62860.09,0.4229377508163452,1,0
9425.149734341701,62536.87,0.40608543157577515,1,0
9338.95970548232,61964.99,0.44562864303588867,1,0
9329.620745776838,61959.73,0.4338671863079071,0,0
9329.620745776838,60732.36,0.4509831666946411,0,0
9341.265318816362,60868.97,0.4224531650543213,1,1
9275.12797984386,60438.01,0.4373716413974762,1,1
9421.898975403823,61394.39,0.4295837879180908,1,0
9332.827805133635,60813.99,0.42039772868156433,1,0
9115.214229249541,59395.99,0.44770321249961853,1,1
9253.985086790579,60300.24,0.43270343542099,1,1
9244.731101703788,61620.01,0.44480445981025696,0,0
9243.044970560291,61670.38,0.4290163516998291,1,0
9230.171932766112,61584.49,0.4290163516998291,1,0
9151.033250543704,61056.47,0.43838930130004883,1,0
9183.529839838546,61273.29,0.43192410469055176,1,0
9151.404948456493,61058.95,0.4102649688720703,1,0
9135.321519818777,60951.64,0.40514108538627625,1,1
9126.186198298958,60687.04,0.4117213189601898,0,0
9126.186198298958,60101.27,0.43322014808654785,0,1
9126.186198298958,60942.38,0.4250599443912506,0,0
9126.186198298958,60786.96,0.4298800528049469,0,0
9126.186198298958,61004.95,0.42479974031448364,0,0
9126.186198298958,61264.0,0.4329681992530823,0,0
9126.186198298958,60981.24,0.42331457138061523,0,0
9126.186198298958,60593.0,0.4332734942436218,0,0
9126.186198298958,60802.91,0.4251720905303955,0,0
9126.186198298958,61030.63,0.4160434603691101,0,0
9126.186198298958,60801.2,0.38947537541389465,0,0
9126.186198298958,60791.05,0.3492124378681183,0,0
9126.186198298958,60784.0,0.3645065128803253,0,0
9126.186198298958,60774.0,0.347721129655838,0,0
9126.186198298958,60576.2,0.31344905495643616,0,1
9126.186198298958,60637.21,0.3131496012210846,0,0
9126.186198298958,60600.01,0.306031733751297,0,1
9126.186198298958,60711.69,0.3062748312950134,0,1
9126.186198298958,60751.21,0.30864372849464417,0,1
9126.186198298958,60543.53,0.32831573486328125,0,1
9126.186198298958,60884.62,0.3054274618625641,0,1
9126.186198298958,60782.01,0.30938172340393066,0,1
9126.186198298958,61479.75,0.3079581558704376,0,1
9126.186198298958,61506.74,0.27669787406921387,0,1
9126.186198298958,61701.07,0.2740287184715271,0,1
9126.186198298958,61890.92,0.27376410365104675,0,1
9126.186198298958,61748.1,0.2919924557209015,0,1
9126.186198298958,62101.0,0.2949536144733429,0,0
9126.186198298958,62404.73,0.28770580887794495,0,0
9126.186198298958,62855.01,0.3037000000476837,0,0
9126.186198298958,62530.0,0.30085450410842896,0,0
9126.186198298958,62370.52,0.26843446493148804,0,0
9126.186198298958,62621.96,0.2819575369358063,0,0
9126.186198298958,61900.67,0.315476655960083,0,0
9126.186198298958,61700.13,0.29124921560287476,0,0
9126.186198298958,61905.49,0.3065178096294403,0,0
9126.186198298958,62093.99,0.291015088558197,0,0
9126.186198298958,62083.64,0.2795518934726715,0,1
9126.186198298958,62160.01,0.2920135259628296,0,1
9126.186198298958,62030.14,0.26704344153404236,0,1
9126.186198298958,61328.0,0.31614258885383606,0,1
9126.186198298958,61878.01,0.2938700318336487,0,1
9126.186198298958,61778.41,0.2734173834323883,0,1
9126.186198298958,62865.87,0.31596916913986206,0,0
9126.186198298958,63332.01,0.29750964045524597,0,0
9126.186198298958,63631.42,0.30599644780158997,0,0
9126.186198298958,63211.41,0.3009432256221771,0,0
9126.186198298958,63129.93,0.3024159371852875,0,0
9126.186198298958,63130.12,0.29505765438079834,0,1
9126.186198298958,62684.61,0.3319427967071533,0,1
9126.186198298958,62764.0,0.321304053068161,0,1
9126.186198298958,62988.03,0.33030465245246887,0,1
9126.186198298958,63283.99,0.3229881823062897,0,1
9126.186198298958,63132.83,0.3121589124202728,0,1
9126.186198298958,63502.0,0.32513174414634705,0,0
9126.186198298958,63172.3,0.33097314834594727,0,1
9126.186198298958,63479.61,0.3364847004413605,0,0
9126.186198298958,63872.0,0.34630337357521057,0,0
9126.186198298958,63758.0,0.32935792207717896,0,0
9126.186198298958,63964.08,0.3283992111682892,0,0
9126.186198298958,63774.48,0.3060939311981201,0,0
9126.186198298958,63532.01,0.2987797260284424,0,0
9126.186198298958,63550.0,0.29817846417427063,0,0
9126.186198298958,63466.83,0.27268803119659424,0,0
9126.186198298958,63372.01,0.236440047621727,0,0
9126.186198298958,63485.49,0.2544621229171753,0,0
9126.186198298958,63728.96,0.252509206533432,0,0
9126.186198298958,63440.01,0.2754127085208893,0,0
9126.186198298958,63085.99,0.290195494890213,0,0
9126.186198298958,62562.0,0.3583403527736664,0,1
9126.186198298958,62764.01,0.2830670475959778,0,1
9126.186198298958,62868.0,0.24199171364307404,0,0
9126.186198298958,62875.17,0.25641870498657227,0,0
9126.186198298958,63242.36,0.2858198583126068,0,0
9126.186198298958,63338.68,0.2692643404006958,0,0
9126.186198298958,63300.0,0.25492650270462036,0,0
9126.186198298958,63198.44,0.2580169439315796,0,0
9126.186198298958,62849.75,0.2862608730792999,0,0
9126.186198298958,62715.37,0.3241940140724182,0,0
9126.186198298958,62786.01,0.25896698236465454,0,0
9126.186198298958,62711.12,0.260596364736557,0,0
9126.186198298958,62645.15,0.30760446190834045,0,0
9126.186198298958,62273.61,0.33874082565307617,0,0
9126.186198298958,61541.95,0.367056667804718,0,1
9126.186198298958,61131.84,0.3832947611808777,0,1
9126.186198298958,61390.51,0.3608916699886322,0,1
9126.186198298958,61692.01,0.33649641275405884,0,0
9126.186198298958,61792.01,0.31163808703422546,0,0
9126.186198298958,62098.09,0.2776365578174591,0,0
9126.186198298958,62160.0,0.25137773156166077,0,0
9126.186198298958,61761.2,0.2964773178100586,0,0
9126.186198298958,61717.5,0.2572180926799774,0,0
9126.186198298958,61730.0,0.25743892788887024,0,0
9126.186198298958,61923.16,0.3144996166229248,0,0
9126.186198298958,61714.0,0.2815929651260376,0,0
9126.186198298958,61302.36,0.3522627055644989,0,0
9126.186198298958,61549.64,0.26399633288383484,0,0
9126.186198298958,61295.99,0.30120277404785156,0,0
9126.186198298958,61361.17,0.2909947335720062,0,0
9126.186198298958,61472.89,0.3073770999908447,0,0
9126.186198298958,61687.56,0.32447266578674316,0,1
9126.186198298958,61261.55,0.3412846326828003,0,1
9126.186198298958,61334.94,0.3370341658592224,0,1
9126.186198298958,61386.09,0.26809659600257874,0,1
9126.186198298958,61034.04,0.3385004997253418,0,1
9126.186198298958,61564.01,0.3417953550815582,0,1
9126.186198298958,62146.42,0.3223326802253723,0,0
9126.186198298958,62195.99,0.3029942214488983,0,0
9126.186198298958,62639.23,0.31060612201690674,0,0
9126.186198298958,62219.33,0.3227403163909912,0,0
9126.186198298958,61969.99,0.31194862723350525,0,0
9126.186198298958,61882.0,0.30468857288360596,0,0
9126.186198298958,61942.44,0.2994825839996338,0,0
9126.186198298958,61805.51,0.29017719626426697,0,1
9126.186198298958,61356.18,0.31585097312927246,0,1
9126.186198298958,61381.46,0.3081020414829254,0,1
9126.186198298958,61510.99,0.2759011685848236,0,1
9126.186198298958,61812.0,0.28743407130241394,0,1
9126.186198298958,62206.01,0.3017114996910095,0,1
9126.186198298958,62148.0,0.28472986817359924,0,1
9126.186198298958,62689.48,0.2977047264575958,0,0
9126.186198298958,62726.86,0.27167829871177673,0,1
9126.186198298958,62610.0,0.23441913723945618,0,1
9126.186198298958,62772.0,0.2851713299751282,0,0
9126.186198298958,62719.39,0.2640892565250397,0,1
9126.186198298958,62957.99,0.2627547085285187,0,0
9126.186198298958,62927.49,0.22983390092849731,0,0
9126.186198298958,63148.0,0.28152358531951904,0,0
9126.186198298958,63108.0,0.2520633637905121,0,1
9126.186198298958,63010.01,0.2909405827522278,0,1
9126.186198298958,63077.57,0.2923852801322937,0,1
9126.186198298958,62734.02,0.28563907742500305,0,1
9126.186198298958,62749.44,0.2758656144142151,0,1
9126.186198298958,62582.45,0.2506265640258789,0,1
9126.186198298958,63644.19,0.3036845624446869,0,0
9126.186198298958,63461.12,0.2750001549720764,0,0
9126.186198298958,63605.68,0.28380832076072693,0,0
9126.186198298958,63393.67,0.2661905586719513,0,0
9126.186198298958,63519.99,0.2206486463546753,0,0
9126.186198298958,63500.01,0.21100379526615143,0,0
9126.186198298958,63625.99,0.24490463733673096,0,0
9126.186198298958,63648.8,0.2647474408149719,0,0
9126.186198298958,63426.2,0.2588874101638794,0,0
9126.186198298958,63624.07,0.25886642932891846,0,0
9126.186198298958,63524.82,0.23440147936344147,0,0
9126.186198298958,63700.0,0.27964311838150024,0,0
9126.186198298958,63358.2,0.2635021209716797,0,1
9126.186198298958,62980.45,0.28883498907089233,0,1
9126.186198298958,63100.8,0.2726908028125763,0,0
9126.186198298958,63470.81,0.27893707156181335,0,1
9126.186198298958,63752.93,0.26898062229156494,0,0
9126.186198298958,63702.01,0.26829975843429565,0,0
9126.186198298958,63766.01,0.24248546361923218,0,0
9126.186198298958,63465.51,0.26465803384780884,0,0
9126.186198298958,63229.1,0.2833552658557892,0,1
9126.186198298958,63999.99,0.28232213854789734,0,0
9126.186198298958,63593.02,0.31124818325042725,0,0
9126.186198298958,63982.48,0.27512580156326294,0,0
9126.186198298958,63865.44,0.26438719034194946,0,0
9126.186198298958,63694.0,0.2582853436470032,0,0
9126.186198298958,63589.27,0.2605334520339966,0,0
9126.186198298958,63449.0,0.24742434918880463,0,0
9126.186198298958,63472.0,0.22775325179100037,0,0
9126.186198298958,63502.0,0.2457127571105957,0,0
9126.186198298958,63580.01,0.21940119564533234,0,0
9126.186198298958,63600.01,0.20546527206897736,0,0
9126.186198298958,63837.89,0.25323522090911865,0,0
9126.186198298958,63646.01,0.24774810671806335,0,0
9126.186198298958,63532.0,0.23079703748226166,0,0
9126.186198298958,63512.01,0.202328160405159,0,1
9126.186198298958,63584.03,0.20817014575004578,0,1
9126.186198298958,63735.74,0.21026179194450378,0,1
9126.186198298958,63846.0,0.23126569390296936,0,0
9126.186198298958,63806.0,0.16154421865940094,0,1
9126.186198298958,63743.12,0.1643669456243515,0,1
9126.186198298958,63843.01,0.1643126755952835,0,0
9126.186198298958,63971.28,0.17847444117069244,0,0
9126.186198298958,64133.12,0.21429695188999176,0,0
9126.186198298958,64102.69,0.20892728865146637,0,0
9126.186198298958,64220.97,0.18426428735256195,0,0
9126.186198298958,64296.15,0.21498028934001923,0,0
9126.186198298958,64029.17,0.21991436183452606,0,1
9126.186198298958,63971.19,0.1862950623035431,0,1
9126.186198298958,64161.46,0.22629021108150482,0,1
9126.186198298958,64296.59,0.2332153022289276,0,0
9126.186198298958,64278.31,0.18690867722034454,0,0
9126.186198298958,64471.04,0.23634400963783264,0,0
9126.186198298958,64456.47,0.20677530765533447,0,0
9126.186198298958,64458.01,0.20791451632976532,0,0
9126.186198298958,64565.0,0.20791451632976532,0,0
9126.186198298958,64563.0,0.20791451632976532,0,0
9126.186198298958,64490.01,0.19992440938949585,0,0
9126.186198298958,64545.3,0.16015800833702087,0,0
9126.186198298958,64339.07,0.20365262031555176,0,0
9126.186198298958,64338.0,0.1800776571035385,0,0
9126.186198298958,64286.1,0.20828673243522644,0,0
9126.186198298958,64429.39,0.1875772923231125,0,0
9126.186198298958,64456.33,0.16546288132667542,0,0
9126.186198298958,64616.0,0.2117224484682083,0,0
9126.186198298958,64521.13,0.19382841885089874,0,0
9126.186198298958,64546.0,0.1967264711856842,0,0
9126.186198298958,64327.53,0.17670154571533203,0,0
9126.186198298958,64317.99,0.1590224653482437,0,0
9126.186198298958,63983.55,0.22637729346752167,0,0
9126.186198298958,64025.07,0.1964723914861679,0,1
9126.186198298958,63942.63,0.21645110845565796,0,1
9126.186198298958,63732.64,0.23655308783054352,0,1
9126.186198298958,63813.3,0.2083253711462021,0,1
9126.186198298958,63802.0,0.1950913816690445,0,1
9126.186198298958,64008.64,0.22548659145832062,0,1
9126.186198298958,65311.59,0.312089204788208,0,1
9126.186198298958,65426.78,0.3060096800327301,0,0
9126.186198298958,65746.45,0.32498830556869507,0,0
9126.186198298958,65625.99,0.3204984962940216,0,0
9126.186198298958,65525.0,0.29372939467430115,0,0
9126.186198298958,65472.01,0.2797829508781433,0,0
9126.186198298958,65927.1,0.3217703700065613,0,0
9126.186198298958,65644.01,0.2845911681652069,0,0
9126.186198298958,65858.01,0.2811259329319,0,1
9126.186198298958,65812.01,0.2625865936279297,0,1
9126.186198298958,65674.76,0.2831874191761017,0,1
9126.186198298958,65662.01,0.23535743355751038,0,1
9126.186198298958,65596.86,0.2655791640281677,0,1
9126.186198298958,65917.37,0.25973108410835266,0,1
9126.186198298958,66233.9,0.3026459217071533,0,1
9126.186198298958,66563.49,0.3313598930835724,0,0
9126.186198298958,66447.05,0.30551281571388245,0,0
9126.186198298958,66591.55,0.3204984962940216,0,0
9126.186198298958,67292.14,0.34617865085601807,0,0
9126.186198298958,67157.99,0.33461520075798035,0,0
9126.186198298958,66851.79,0.28319013118743896,0,0
9126.186198298958,66766.12,0.22894810140132904,0,0
9126.186198298958,66614.35,0.27617597579956055,0,0
9126.186198298958,66519.98,0.20170822739601135,0,0
9126.186198298958,66368.15,0.2199910283088684,0,0
9126.186198298958,66206.34,0.26017630100250244,0,0
9126.186198298958,66328.74,0.24335505068302155,0,0
9126.186198298958,66250.0,0.2241210788488388,0,0
9126.186198298958,66346.52,0.22208738327026367,0,0
9126.186198298958,65741.99,0.2913186550140381,0,1
9126.186198298958,66165.21,0.2786959409713745,0,1
9126.186198298958,65840.09,0.2793442904949188,0,1
9126.186198298958,66045.0,0.25806257128715515,0,1
9126.186198298958,66446.0,0.25786110758781433,0,0
9126.186198298958,66372.0,0.23393933475017548,0,0
9126.186198298958,66899.61,0.2573831081390381,0,0
9126.186198298958,66510.0,0.2620835304260254,0,0
9126.186198298958,66514.0,0.2573358118534088,0,0
9126.186198298958,66481.73,0.2541520595550537,0,0
9126.186198298958,66429.83,0.2644500136375427,0,0
9126.186198298958,66052.0,0.29560959339141846,0,0
9126.186198298958,65654.9,0.3504699766635895,0,0
9126.186198298958,65859.76,0.33148056268692017,0,0
9126.186198298958,65758.07,0.28011101484298706,0,0
9126.186198298958,65978.79,0.27181512117385864,0,0
9126.186198298958,65847.99,0.3023392856121063,0,0
9126.186198298958,65675.88,0.2688307762145996,0,0
9126.186198298958,65854.0,0.23371507227420807,0,0
9126.186198298958,65776.97,0.263589084148407,0,0
9126.186198298958,65780.0,0.19885286688804626,0,0
9126.186198298958,65675.01,0.1994961053133011,0,0
9126.186198298958,65700.0,0.227777898311615,0,0
9126.186198298958,65940.0,0.26576918363571167,0,0
9126.186198298958,65904.0,0.27179622650146484,0,0
9126.186198298958,65851.99,0.23112714290618896,0,0
9126.186198298958,65892.0,0.24444177746772766,0,0
9126.186198298958,65836.3,0.2176060527563095,0,0
9126.186198298958,65624.0,0.2268103063106537,0,0
9126.186198298958,65539.5,0.278886616230011,0,0
9126.186198298958,64926.02,0.3316406011581421,0,0
9126.186198298958,64909.44,0.24766026437282562,0,1
9126.186198298958,64798.0,0.2413039654493332,0,1
9126.186198298958,64810.01,0.25373756885528564,0,1
9126.186198298958,65040.88,0.3028145134449005,0,1
9126.186198298958,65278.0,0.30099281668663025,0,0
9126.186198298958,65101.45,0.29872071743011475,0,0
9126.186198298958,65752.0,0.2860768735408783,0,0
9126.186198298958,65864.12,0.28588491678237915,0,0
9126.186198298958,66104.08,0.25152117013931274,0,0
9126.186198298958,65516.0,0.3230191171169281,0,0
9126.186198298958,64301.85,0.39605680108070374,0,0
9126.186198298958,64434.36,0.31437698006629944,0,0
9126.186198298958,64257.77,0.3235775828361511,0,0
9126.186198298958,64300.01,0.34105080366134644,0,0
9126.186198298958,64509.4,0.2949810326099396,0,0
9126.186198298958,64468.01,0.3089936673641205,0,0
9126.186198298958,64548.74,0.26875075697898865,0,0
9126.186198298958,64689.5,0.28309065103530884,0,0
9126.186198298958,64282.82,0.3518984317779541,0,0
9126.186198298958,63883.41,0.37037673592567444,0,0
9126.186198298958,63994.0,0.31039154529571533,0,0
9126.186198298958,64083.41,0.30551576614379883,0,0
9126.186198298958,64510.44,0.36565282940864563,0,0
9126.186198298958,64399.92,0.3153045177459717,0,0
9126.186198298958,64199.53,0.2790583670139313,0,0
9126.186198298958,64078.61,0.31887534260749817,0,0
9126.186198298958,63974.4,0.31887534260749817,0,0
9126.186198298958,64378.07,0.3302636444568634,0,0
9126.186198298958,63984.0,0.35019567608833313,0,0
9126.186198298958,63816.61,0.3475266695022583,0,0
9126.186198298958,62369.44,0.39026257395744324,0,1
9126.186198298958,62688.0,0.36898234486579895,0,0
9126.186198298958,62606.0,0.36997395753860474,0,1
9126.186198298958,62708.92,0.3641016483306885,0,0
9126.186198298958,62950.79,0.3712362051010132,0,0
9126.186198298958,63086.0,0.3370271921157837,0,0
9126.186198298958,62971.32,0.34106120467185974,0,0
9126.186198298958,62885.85,0.281315416097641,0,0
9126.186198298958,62958.01,0.2866077125072479,0,0
9126.186198298958,63020.0,0.31729942560195923,0,0
9126.186198298958,63021.86,0.305075466632843,0,0
9126.186198298958,63006.0,0.22573716938495636,0,0
9126.186198298958,62773.51,0.34151792526245117,0,0
9126.186198298958,62452.01,0.3637457489967346,0,0
9126.186198298958,62739.2,0.30372506380081177,0,0
9126.186198298958,62894.08,0.22838424146175385,0,0
9126.186198298958,62629.99,0.35242244601249695,0,1
9126.186198298958,62603.99,0.3129758834838867,0,1
9126.186198298958,62390.0,0.32004284858703613,0,1
9126.186198298958,62533.25,0.2825637757778168,0,1
9126.186198298958,62626.0,0.2689893841743469,0,1
9126.186198298958,62830.01,0.30618202686309814,0,0
9126.186198298958,63210.0,0.3114980161190033,0,0
9126.186198298958,63203.53,0.29762813448905945,0,0
9126.186198298958,63214.01,0.25642356276512146,0,0
9126.186198298958,62971.99,0.2852350175380707,0,1
9126.186198298958,63198.01,0.2815357744693756,0,1
9126.186198298958,63110.01,0.2325039803981781,0,1
9126.186198298958,63021.6,0.2082545906305313,0,1
9126.186198298958,63250.01,0.23156686127185822,0,0
9126.186198298958,63075.98,0.2008742094039917,0,1
9126.186198298958,63315.28,0.2501716911792755,0,0
9126.186198298958,63543.91,0.27816441655158997,0,0
9126.186198298958,63530.01,0.25599801540374756,0,0
9126.186198298958,63586.28,0.2254040390253067,0,0
9126.186198298958,63340.57,0.24229596555233002,0,0
9126.186198298958,63476.79,0.20277126133441925,0,0
9126.186198298958,63583.53,0.1969045251607895,0,0
9126.186198298958,63678.07,0.2475685328245163,0,0
9126.186198298958,63744.61,0.21451690793037415,0,0
9126.186198298958,63655.21,0.23592041432857513,0,0
9126.186198298958,63417.97,0.25614801049232483,0,1
9126.186198298958,63741.16,0.25932034850120544,0,1
9126.186198298958,63674.7,0.22505301237106323,0,1
9126.186198298958,63688.0,0.23053236305713654,0,0
9126.186198298958,63655.09,0.23892943561077118,0,0
9126.186198298958,63397.78,0.26420438289642334,0,1
9126.186198298958,63949.9,0.2860908508300781,0,0
9126.186198298958,64160.04,0.28336066007614136,0,0
9126.186198298958,64034.31,0.25153401494026184,0,0
9126.186198298958,63834.7,0.2532966136932373,0,1
9126.186198298958,63805.89,0.18108411133289337,0,1
9126.186198298958,63936.0,0.20205309987068176,0,0
9126.186198298958,63925.99,0.20092879235744476,0,0
9126.186198298958,64012.4,0.22770918905735016,0,1
9126.186198298958,64272.01,0.27019819617271423,0,0
9126.186198298958,64298.01,0.22885678708553314,0,0
9126.186198298958,64294.0,0.23254059255123138,0,0
9126.186198298958,64248.0,0.21122144162654877,0,0
9126.186198298958,64241.25,0.19593866169452667,0,0
9126.186198298958,64426.0,0.2557692527770996,0,0
9126.186198298958,64276.12,0.24892109632492065,0,0
9126.186198298958,64256.55,0.17813150584697723,0,0
9126.186198298958,64303.46,0.1761612892150879,0,0
9126.186198298958,64191.07,0.19680966436862946,0,0
9126.186198298958,64014.0,0.2503776550292969,0,0
9126.186198298958,64209.16,0.22535601258277893,0,0
9126.186198298958,64365.99,0.2191743701696396,0,0
9126.186198298958,64176.0,0.24609026312828064,0,0
9126.186198298958,64200.0,0.2213660478591919,0,0
9126.186198298958,64146.0,0.1801261603832245,0,0
9126.186198298958,64145.97,0.16074813902378082,0,0
9126.186198298958,64224.0,0.18088267743587494,0,0
9126.186198298958,64145.31,0.17632952332496643,0,0
9126.186198298958,64151.46,0.1427484154701233,0,0
9126.186198298958,64213.81,0.1794714778661728,0,0
9126.186198298958,64207.12,0.14203128218650818,0,1
9126.186198298958,63848.0,0.22473649680614471,0,1
9126.186198298958,63808.01,0.22984276711940765,0,0
9126.186198298958,63801.59,0.23887081444263458,0,0
9126.186198298958,63311.99,0.2940917909145355,0,1
9126.186198298958,63896.01,0.28979992866516113,0,0
9126.186198298958,64606.0,0.2940554618835449,0,0
9126.186198298958,64257.99,0.2743719816207886,0,0
9126.186198298958,63974.01,0.29765021800994873,0,0
9126.186198298958,64100.02,0.26688364148139954,0,0
9126.186198298958,64247.74,0.276504784822464,0,1
9126.186198298958,63989.95,0.26818621158599854,0,1
9126.186198298958,64211.19,0.27179741859436035,0,1
9126.186198298958,64165.99,0.2639506161212921,0,1
9126.186198298958,64145.39,0.2068243771791458,0,1
9126.186198298958,64139.21,0.22849403321743011,0,1
9126.186198298958,64657.22,0.28213968873023987,0,0
9126.186198298958,65149.57,0.29650211334228516,0,0
9126.186198298958,65578.0,0.31120890378952026,0,0
9126.186198298958,64980.39,0.3134993612766266,0,0
9126.186198298958,64836.95,0.2983861267566681,0,0
9126.186198298958,64719.77,0.2973729074001312,0,0
9126.186198298958,64602.0,0.2965325117111206,0,0
9126.186198298958,64334.01,0.30686312913894653,0,0
9126.186198298958,64472.0,0.26657047867774963,0,0
9126.186198298958,64433.8,0.26849812269210815,0,0
9126.186198298958,64320.57,0.2406972497701645,0,0
9126.186198298958,63971.12,0.2880592942237854,0,0
9126.186198298958,64020.01,0.237015038728714,0,0
9126.186198298958,64154.99,0.25762659311294556,0,0
9126.186198298958,64156.0,0.2587614953517914,0,0
9126.186198298958,64204.01,0.2306114137172699,0,0
9126.186198298958,64065.35,0.2226182371377945,0,0
9126.186198298958,63623.02,0.3156251311302185,0,0
9126.186198298958,63400.0,0.31672343611717224,0,0
9126.186198298958,62936.01,0.3422718942165375,0,0
9126.186198298958,62886.03,0.25262001156806946,0,0
9126.186198298958,62385.99,0.3401188850402832,0,0
9126.186198298958,62386.0,0.24003736674785614,0,0
9126.186198298958,62328.01,0.24417901039123535,0,0
9126.186198298958,62507.06,0.25580304861068726,0,0
9126.186198298958,62256.6,0.29987215995788574,0,0
9126.186198298958,62475.99,0.3114350736141205,0,0
9126.186198298958,62493.63,0.3109811246395111,0,0
9126.186198298958,62487.79,0.2619706988334656,0,0
9126.186198298958,62558.0,0.2957676947116852,0,0
9126.186198298958,62358.02,0.2871967554092407,0,1
9126.186198298958,62241.99,0.2710052728652954,0,1
9126.186198298958,62388.49,0.2665529251098633,0,1
9126.186198298958,62470.7,0.19174344837665558,0,0
9126.186198298958,62599.77,0.21470026671886444,0,0
9126.186198298958,62590.0,0.22741004824638367,0,0
9126.186198298958,62734.57,0.23305760324001312,0,0
9126.186198298958,63014.0,0.25848427414894104,0,0
9126.186198298958,62932.19,0.2568911612033844,0,0
9126.186198298958,62630.0,0.29129189252853394,0,0
9126.186198298958,62729.78,0.28936249017715454,0,0
9126.186198298958,62744.42,0.24148346483707428,0,0
9126.186198298958,62890.0,0.24553370475769043,0,0
9126.186198298958,62780.0,0.19325841963291168,0,0
9126.186198298958,62657.99,0.24082916975021362,0,0
9126.186198298958,62800.0,0.2214285284280777,0,0
9126.186198298958,62681.7,0.2214285284280777,0,0
9126.186198298958,62445.99,0.23444466292858124,0,0
9126.186198298958,62921.19,0.29208195209503174,0,0
9126.186198298958,62618.31,0.2785971164703369,0,0
9126.186198298958,61338.01,0.363397479057312,0,0
9126.186198298958,61113.1,0.35957616567611694,0,0
9126.186198298958,60250.0,0.3822654187679291,0,1
9126.186198298958,59850.0,0.3919074535369873,0,1
9126.186198298958,59404.0,0.4038368761539459,0,1
9126.186198298958,59599.99,0.39505332708358765,0,1
9126.186198298958,59958.3,0.40121930837631226,0,1
9126.186198298958,60956.0,0.3936803936958313,0,0
9126.186198298958,61110.0,0.3913519084453583,0,0
9126.186198298958,60873.99,0.37553292512893677,0,1
9126.186198298958,61077.99,0.32398900389671326,0,1
9126.186198298958,60832.0,0.3915553390979767,0,1
9126.186198298958,60928.0,0.32730114459991455,0,1
9126.186198298958,60799.08,0.3074598014354706,0,1
9126.186198298958,60883.65,0.29193630814552307,0,1
9126.186198298958,61357.63,0.35004332661628723,0,0
9126.186198298958,61600.01,0.3805510997772217,0,0
9126.186198298958,61732.06,0.3094274401664734,0,0
9126.186198298958,61911.04,0.3365340530872345,0,0
9126.186198298958,61712.35,0.29342517256736755,0,0
9126.186198298958,61739.29,0.2696686387062073,0,0
9126.186198298958,61269.94,0.37297147512435913,0,0
9126.186198298958,61282.01,0.342133104801178,0,0
9126.186198298958,61244.01,0.3606891334056854,0,0
9126.186198298958,58290.17,0.3871607482433319,0,1
9126.186198298958,59471.5,0.4011841416358948,0,0
9126.186198298958,59557.99,0.3947239816188812,0,1
9126.186198298958,59312.64,0.3861514925956726,0,1
9126.186198298958,59676.01,0.3541758060455322,0,0
9126.186198298958,59512.71,0.37025031447410583,0,0
9126.186198298958,59320.0,0.37646687030792236,0,0
9126.186198298958,59456.62,0.3870888948440552,0,0
9126.186198298958,60211.87,0.38965919613838196,0,0
9126.186198298958,59851.27,0.39204221963882446,0,0
9126.186198298958,59794.0,0.3877166509628296,0,0
9126.186198298958,59667.09,0.34850016236305237,0,1
9126.186198298958,59431.5,0.38565146923065186,0,1
9126.186198298958,58561.99,0.3987072706222534,0,1
9126.186198298958,60036.01,0.4157634377479553,0,0
9126.186198298958,59920.47,0.4000985324382782,0,0
9126.186198298958,59953.3,0.3409290015697479,0,0
9126.186198298958,60324.0,0.3990386724472046,0,0
9126.186198298958,60532.0,0.3975642919540405,0,0
9126.186198298958,60245.67,0.3981274366378784,0,0
9126.186198298958,59736.01,0.38403743505477905,0,1
9126.186198298958,59313.26,0.4090891182422638,0,1
9126.186198298958,59413.24,0.34445202350616455,0,1
9126.186198298958,59185.02,0.3792780041694641,0,1
9126.186198298958,60175.43,0.3765125572681427,0,0
9126.186198298958,59590.73,0.43141108751296997,0,0
9126.186198298958,60328.32,0.37535735964775085,0,0
9126.186198298958,60041.75,0.39788952469825745,0,0
9126.186198298958,60023.97,0.3180583119392395,0,0
9126.186198298958,59668.01,0.3862107992172241,0,1
9126.186198298958,59751.97,0.3523533046245575,0,0
9126.186198298958,59718.0,0.33089300990104675,0,1
9126.186198298958,59918.7,0.3345643877983093,0,1
9126.186198298958,60048.0,0.30037739872932434,0,0
9126.186198298958,60097.27,0.2881428897380829,0,0
9126.186198298958,60059.07,0.3074232339859009,0,1
9126.186198298958,59945.53,0.2190859615802765,0,1
9126.186198298958,60290.01,0.32025080919265747,0,0
9126.186198298958,60305.73,0.3098004162311554,0,0
9126.186198298958,60239.99,0.2942468523979187,0,0
9126.186198298958,60236.76,0.2789827287197113,0,0
9126.186198298958,60370.62,0.3032395839691162,0,0
9126.186198298958,60548.07,0.2927037477493286,0,0
9126.186198298958,60456.0,0.2621973752975464,0,0
9126.186198298958,60414.62,0.2670882046222687,0,1
9126.186198298958,60420.28,0.1902848184108734,0,1
9126.186198298958,60363.65,0.24157920479774475,0,0
9126.186198298958,60430.0,0.22601869702339172,0,0
9126.186198298958,60588.35,0.23119007050991058,0,0
9126.186198298958,60611.5,0.20010802149772644,0,0
9126.186198298958,60840.06,0.23769348859786987,0,0
9126.186198298958,60807.99,0.20828470587730408,0,0
9126.186198298958,60524.88,0.25313490629196167,0,0
9126.186198298958,60570.86,0.19635792076587677,0,0
9126.186198298958,60175.95,0.2892054617404938,0,0
9126.186198298958,60300.0,0.19231127202510834,0,0
9126.186198298958,60203.82,0.2562365233898163,0,0
9126.186198298958,60228.95,0.25604382157325745,0,0
9126.186198298958,60029.0,0.2710925042629242,0,0
9126.186198298958,60146.0,0.22551080584526062,0,0
9126.186198298958,60222.22,0.2367519736289978,0,0
9126.186198298958,60150.45,0.23977014422416687,0,0
9126.186198298958,60197.04,0.19267134368419647,0,0
9126.186198298958,60133.0,0.20632028579711914,0,0
9126.186198298958,59989.17,0.2638663947582245,0,1
9126.186198298958,60002.82,0.24915578961372375,0,0
9126.186198298958,60219.99,0.2463999092578888,0,0
9126.186198298958,60370.0,0.27592840790748596,0,0
9126.186198298958,60258.84,0.21812298893928528,0,0
9126.186198298958,60166.71,0.23342075943946838,0,0
9126.186198298958,60342.0,0.23109708726406097,0,0
9126.186198298958,60293.51,0.19446812570095062,0,0
9126.186198298958,60071.88,0.22505292296409607,0,0
9126.186198298958,60033.0,0.2080778330564499,0,0
9126.186198298958,59890.0,0.2207825481891632,0,0
9126.186198298958,59690.62,0.2997664213180542,0,0
9126.186198298958,59586.01,0.31959816813468933,0,0
9126.186198298958,59614.46,0.23391729593276978,0,0
9126.186198298958,59481.79,0.29970479011535645,0,0
9126.186198298958,59660.0,0.26310792565345764,0,0
9126.186198298958,59445.95,0.30146127939224243,0,1
9126.186198298958,59067.01,0.3233397603034973,0,1
9126.186198298958,59577.01,0.3028116524219513,0,1
9126.186198298958,59667.01,0.3059837520122528,0,1
9126.186198298958,59440.95,0.31158751249313354,0,1
9126.186198298958,59757.46,0.30568405985832214,0,0
9126.186198298958,60049.46,0.28460004925727844,0,0
9126.186198298958,59830.0,0.2606244385242462,0,0
9126.186198298958,60102.8,0.28903090953826904,0,0
9126.186198298958,60075.49,0.26027995347976685,0,0
9126.186198298958,60026.0,0.2553943991661072,0,0
9126.186198298958,59840.0,0.2923405170440674,0,0
9126.186198298958,60057.0,0.2610009014606476,0,0
9126.186198298958,60088.0,0.2499474138021469,0,0
9126.186198298958,59956.05,0.26970207691192627,0,1
9126.186198298958,59948.78,0.3396056890487671,0,1
9126.186198298958,59580.0,0.37577471137046814,0,1
9126.186198298958,59469.67,0.3465927839279175,0,1
9126.186198298958,59824.01,0.30306392908096313,0,1
9126.186198298958,59892.86,0.27217555046081543,0,1
9126.186198298958,60413.99,0.2981090247631073,0,0
9126.186198298958,60295.0,0.2505922019481659,0,0
9126.186198298958,60433.49,0.25975334644317627,0,0
9126.186198298958,60296.0,0.2572210133075714,0,0
9126.186198298958,60479.72,0.26760345697402954,0,0
9126.186198298958,60352.31,0.23891742527484894,0,0
9126.186198298958,60260.21,0.21307362616062164,0,0
9126.186198298958,59838.01,0.3084319531917572,0,0
9126.186198298958,59939.94,0.23414850234985352,0,0
9126.186198298958,59948.24,0.24931855499744415,0,0
9126.186198298958,59627.48,0.2617226243019104,0,0
9126.186198298958,59492.01,0.25817105174064636,0,0
9126.186198298958,59652.13,0.260149747133255,0,0
9126.186198298958,59592.0,0.2358446717262268,0,0
9126.186198298958,59524.01,0.23850548267364502,0,0
9126.186198298958,59311.92,0.29216861724853516,0,0
9126.186198298958,59374.96,0.2346627414226532,0,0
9126.186198298958,59334.01,0.2025473713874817,0,0
9126.186198298958,59192.7,0.25646451115608215,0,0
9126.186198298958,58412.0,0.3620721399784088,0,0
9126.186198298958,58737.18,0.33704543113708496,0,0
9126.186198298958,58482.81,0.34360992908477783,0,0
9126.186198298958,58381.99,0.33602192997932434,0,0
9126.186198298958,58497.65,0.3326188325881958,0,0
9126.186198298958,58417.99,0.2618885040283203,0,0
9126.186198298958,58680.87,0.2938486933708191,0,0
9126.186198298958,58818.05,0.27139759063720703,0,0
9126.186198298958,58732.01,0.2603953182697296,0,1
9126.186198298958,58639.99,0.2488972544670105,0,1
9126.186198298958,58607.99,0.2488972544670105,0,1
9126.186198298958,58624.71,0.20607306063175201,0,1
9126.186198298958,58576.0,0.2970508635044098,0,0
9126.186198298958,58770.57,0.32543349266052246,0,0
9126.186198298958,59085.0,0.3062259554862976,0,0
9126.186198298958,59197.13,0.2967912554740906,0,0
9126.186198298958,59339.99,0.26382529735565186,0,0
9126.186198298958,59154.33,0.23945263028144836,0,0
9126.186198298958,58755.8,0.3410855233669281,0,0
9126.186198298958,58768.65,0.27945566177368164,0,1
9126.186198298958,58973.99,0.26500779390335083,0,1
9126.186198298958,58944.55,0.2536567151546478,0,1
9126.186198298958,58659.98,0.26896965503692627,0,1
9126.186198298958,58622.03,0.23951366543769836,0,1
9126.186198298958,58538.01,0.2908627986907959,0,1
9126.186198298958,59498.03,0.30883291363716125,0,1
9126.186198298958,59542.0,0.31055042147636414,0,1
9126.186198298958,60147.15,0.3183218538761139,0,1
9126.186198298958,59920.0,0.283581405878067,0,1
9126.186198298958,60190.6,0.2631405293941498,0,0
9126.186198298958,60171.16,0.25404661893844604,0,0
9126.186198298958,60028.67,0.27543556690216064,0,0
9126.186198298958,60126.0,0.2597421407699585,0,0
9126.186198298958,60815.99,0.33783799409866333,0,0
9126.186198298958,60478.01,0.35496678948402405,0,1
9126.186198298958,60024.0,0.3170720636844635,0,1
9126.186198298958,59761.73,0.3455563187599182,0,1
9126.186198298958,60175.92,0.3290702998638153,0,0
9126.186198298958,60423.1,0.29130426049232483,0,0
9126.186198298958,61058.0,0.3212584853172302,0,0
9126.186198298958,60787.98,0.291646271944046,0,1
9126.186198298958,60504.54,0.329153448343277,0,1
9126.186198298958,60274.01,0.31772634387016296,0,1
9126.186198298958,60149.99,0.264119952917099,0,1
9126.186198298958,60511.99,0.31955668330192566,0,1
9126.186198298958,61184.0,0.3412206470966339,0,1
9126.186198298958,61263.68,0.2919560372829437,0,1
9126.186198298958,61358.01,0.28669846057891846,0,1
9126.186198298958,61542.53,0.29495975375175476,0,0
9126.186198298958,61939.04,0.3247612714767456,0,0
9126.186198298958,61696.61,0.3087884783744812,0,0
9126.186198298958,61612.93,0.2912120521068573,0,0
9126.186198298958,61682.34,0.3033592402935028,0,0
9126.186198298958,61667.39,0.27842557430267334,0,0
9126.186198298958,61761.36,0.24233706295490265,0,0
9126.186198298958,61479.6,0.26632803678512573,0,0
9126.186198298958,61584.78,0.23348547518253326,0,0
9126.186198298958,61592.26,0.18299390375614166,0,0
9126.186198298958,61465.26,0.20836105942726135,0,0
9126.186198298958,61560.0,0.225243479013443,0,0
9126.186198298958,61308.75,0.254321426153183,0,1
9126.186198298958,61588.0,0.24599480628967285,0,0
9126.186198298958,61440.01,0.25970301032066345,0,0
9126.186198298958,61434.0,0.24897626042366028,0,0
9126.186198298958,61448.0,0.22097933292388916,0,1
9126.186198298958,61700.49,0.252570241689682,0,1
9126.186198298958,61710.01,0.2395438700914383,0,0
9126.186198298958,61750.47,0.23091427981853485,0,1
9126.186198298958,61584.0,0.20277070999145508,0,1
9126.186198298958,61718.68,0.18673838675022125,0,0
9126.186198298958,61916.46,0.22884349524974823,0,0
9126.186198298958,62024.02,0.23032288253307343,0,0
9126.186198298958,61983.99,0.23537461459636688,0,0
9126.186198298958,62116.01,0.24073860049247742,0,0
9126.186198298958,62167.48,0.25932419300079346,0,1
9126.186198298958,61922.72,0.2533397674560547,0,1
9126.186198298958,62104.81,0.22335782647132874,0,1
9126.186198298958,62194.0,0.22205907106399536,0,1
9126.186198298958,62204.01,0.21695227921009064,0,1
9126.186198298958,62210.0,0.21839073300361633,0,0
9126.186198298958,62776.92,0.32013455033302307,0,0
9126.186198298958,62732.0,0.2851724624633789,0,0
9126.186198298958,62578.0,0.2525901794433594,0,0
9126.186198298958,62583.26,0.2317942976951599,0,0
9126.186198298958,62756.29,0.25796517729759216,0,0
9126.186198298958,62468.44,0.2580376863479614,0,0
9126.186198298958,62538.96,0.20910052955150604,0,0
9126.186198298958,62627.29,0.23974476754665375,0,0
9126.186198298958,62700.0,0.22428788244724274,0,0
9126.186198298958,62471.52,0.23974476754665375,0,0
9126.186198298958,62500.01,0.23974476754665375,0,0
9126.186198298958,62576.0,0.23041261732578278,0,0
9126.186198298958,62553.78,0.2207520753145218,0,0
9126.186198298958,62494.0,0.2207520753145218,0,1
9126.186198298958,62513.0,0.19600646197795868,0,1
9126.186198298958,62482.01,0.188497394323349,0,1
9126.186198298958,62664.01,0.19909816980361938,0,1
9126.186198298958,62588.84,0.20280219614505768,0,1
9126.186198298958,62693.99,0.1878633201122284,0,1
9126.186198298958,62943.29,0.2573311924934387,0,1
9126.186198298958,62927.29,0.25857672095298767,0,0
9126.186198298958,63280.38,0.29073917865753174,0,0
9126.186198298958,63172.78,0.251316100358963,0,0
9126.186198298958,63294.72,0.25987356901168823,0,0
9126.186198298958,63233.78,0.2528880536556244,0,0
9126.186198298958,63297.84,0.24883361160755157,0,0
9126.186198298958,63184.99,0.23501458764076233,0,0
9126.186198298958,63144.01,0.24998873472213745,0,0
9126.186198298958,62991.29,0.24287889897823334,0,0
9126.186198298958,62887.94,0.24287889897823334,0,0
9126.186198298958,62693.56,0.2368684709072113,0,0
9126.186198298958,62769.04,0.20366904139518738,0,0
9126.186198298958,62815.99,0.23940113186836243,0,0
9126.186198298958,62740.5,0.22450649738311768,0,0
9126.186198298958,62782.18,0.2087317407131195,0,0
9126.186198298958,63020.21,0.23845010995864868,0,0
9126.186198298958,62915.0,0.22857394814491272,0,0
9126.186198298958,62622.18,0.2492295205593109,0,0
9126.186198298958,62756.12,0.2079576700925827,0,0
9126.186198298958,62658.92,0.22400382161140442,0,0
9126.186198298958,62745.01,0.22669588029384613,0,0
9126.186198298958,62792.0,0.22791330516338348,0,0
9126.186198298958,62812.25,0.20851430296897888,0,0
9126.186198298958,62740.01,0.2218213975429535,0,1
9126.186198298958,62637.48,0.21633219718933105,0,1
9126.186198298958,62624.93,0.2079578936100006,0,1
9126.186198298958,62820.33,0.19931156933307648,0,1
9126.186198298958,62768.88,0.18546438217163086,0,1
9126.186198298958,62730.61,0.1613893359899521,0,1
9126.186198298958,63092.01,0.24377472698688507,0,0
9126.186198298958,63736.0,0.31334030628204346,0,0
9126.186198298958,63650.0,0.2882932424545288,0,0
9126.186198298958,63761.99,0.3106614649295807,0,0
9126.186198298958,63576.0,0.28089964389801025,0,0
9126.186198298958,63460.01,0.25809815526008606,0,0
9126.186198298958,63294.0,0.28083911538124084,0,0
9126.186198298958,63267.99,0.22832772135734558,0,0
9126.186198298958,63114.0,0.26157835125923157,0,0
9126.186198298958,62976.0,0.24386614561080933,0,0
9126.186198298958,63089.42,0.23849335312843323,0,0
9126.186198298958,62904.01,0.27709972858428955,0,0
9126.186198298958,62664.77,0.25197356939315796,0,1
9126.186198298958,62822.06,0.25850149989128113,0,1
9126.186198298958,62483.84,0.2820357084274292,0,1
9126.186198298958,61754.01,0.3437386751174927,0,1
9126.186198298958,61768.21,0.3307768404483795,0,1
9126.186198298958,62052.0,0.32602784037590027,0,1
9126.186198298958,63545.98,0.3382670283317566,0,1
9126.186198298958,63732.0,0.3344643712043762,0,1
9126.186198298958,63587.38,0.33498671650886536,0,1
9126.186198298958,63696.4,0.2706429958343506,0,1
9126.186198298958,63738.52,0.25728434324264526,0,0
9126.186198298958,63828.0,0.2643532156944275,0,0
9126.186198298958,64489.98,0.33959341049194336,0,0
9126.186198298958,64244.0,0.2830800712108612,0,0
9126.186198298958,64042.02,0.2737555205821991,0,0
9126.186198298958,64203.99,0.2944957911968231,0,0
9126.186198298958,63840.0,0.31322774291038513,0,0
9126.186198298958,63322.01,0.325194388628006,0,0
9126.186198298958,63191.01,0.25594621896743774,0,0
9126.186198298958,63100.01,0.25456616282463074,0,0
9126.186198298958,63128.01,0.3001916706562042,0,0
9126.186198298958,63340.0,0.29904815554618835,0,0
9126.186198298958,63083.18,0.29747116565704346,0,0
9126.186198298958,63104.0,0.23802107572555542,0,1
9126.186198298958,63256.0,0.2554902136325836,0,1
9126.186198298958,63284.0,0.2736038565635681,0,1
9126.186198298958,63406.0,0.2467680722475052,0,1
9126.186198298958,63481.39,0.2687167227268219,0,0
9126.186198298958,63056.0,0.2811405062675476,0,1
9126.186198298958,63562.05,0.294831246137619,0,0
9126.186198298958,63930.51,0.28534942865371704,0,0
9126.186198298958,63983.27,0.27354249358177185,0,0
9126.186198298958,64186.0,0.2562064826488495,0,0
9126.186198298958,63679.99,0.2847398817539215,0,0
9126.186198298958,63817.99,0.2802514433860779,0,0
9126.186198298958,63697.99,0.26408225297927856,0,0
9126.186198298958,63423.94,0.29899516701698303,0,0
9126.186198298958,63551.02,0.2755616307258606,0,0
9126.186198298958,63363.99,0.27582406997680664,0,0
9126.186198298958,63612.77,0.2916768193244934,0,0
9126.186198298958,63038.01,0.3411358892917633,0,0
9126.186198298958,62979.99,0.30759239196777344,0,0
9126.186198298958,62766.0,0.26207423210144043,0,0
9126.186198298958,62800.0,0.23921234905719757,0,0
9126.186198298958,62637.88,0.26945701241493225,0,0
9126.186198298958,62657.81,0.2658555209636688,0,0
9126.186198298958,62888.35,0.25573644042015076,0,0
9126.186198298958,62018.36,0.35323798656463623,0,0
9126.186198298958,62057.67,0.34364181756973267,0,0
9126.186198298958,62183.12,0.27706295251846313,0,0
9126.186198298958,62299.99,0.27576345205307007,0,0
9126.186198298958,61957.73,0.3322683274745941,0,0
9126.186198298958,61945.49,0.32074856758117676,0,1
9126.186198298958,61889.83,0.3306192457675934,0,0
9126.186198298958,61704.01,0.3092310428619385,0,1
9126.186198298958,62113.03,0.3187148869037628,0,0
9126.186198298958,62104.62,0.29771047830581665,0,0
9126.186198298958,62185.32,0.25630563497543335,0,0
9126.186198298958,62277.98,0.22858826816082,0,0
9126.186198298958,62099.61,0.2660071849822998,0,0
9126.186198298958,62187.17,0.26204535365104675,0,0
9126.186198298958,62330.4,0.20687048137187958,0,0
9126.186198298958,62290.0,0.20687048137187958,0,0
9126.186198298958,62129.99,0.25981488823890686,0,1
9126.186198298958,61916.0,0.3156251311302185,0,1
9126.186198298958,61788.8,0.31345459818840027,0,1
9126.186198298958,61974.34,0.24976249039173126,0,1
9126.186198298958,62453.74,0.2572111487388611,0,1
9126.186198298958,62589.61,0.28142204880714417,0,0
9126.186198298958,62959.96,0.278495192527771,0,0
9126.186198298958,63000.0,0.28439825773239136,0,0
9126.186198298958,62903.65,0.2593119442462921,0,0
9126.186198298958,62953.4,0.24467049539089203,0,0
9126.186198298958,62786.04,0.25688838958740234,0,0
9126.186198298958,62786.34,0.23560278117656708,0,1
9126.186198298958,62614.02,0.28410935401916504,0,1
9126.186198298958,63028.35,0.2758941650390625,0,0
9126.186198298958,63016.0,0.2644396126270294,0,0
9126.186198298958,62868.05,0.2777056396007538,0,1
9126.186198298958,62700.01,0.26217925548553467,0,1
9126.186198298958,63142.79,0.2763296663761139,0,0
9126.186198298958,63219.03,0.2761806845664978,0,0
9126.186198298958,63248.1,0.25544285774230957,0,1
9126.186198298958,63313.38,0.19681553542613983,0,1
9126.186198298958,63274.59,0.20233842730522156,0,1
9126.186198298958,63218.78,0.204924538731575,0,1
9126.186198298958,63230.0,0.22393691539764404,0,1
9126.186198298958,63113.93,0.24679715931415558,0,1
9126.186198298958,63749.86,0.29171517491340637,0,0
9126.186198298958,63961.99,0.28484848141670227,0,0
9126.186198298958,63947.2,0.25246185064315796,0,1
9126.186198298958,64047.88,0.2584940195083618,0,1
9126.186198298958,64115.99,0.26403945684432983,0,0
9126.186198298958,63854.71,0.24419064819812775,0,1
9126.186198298958,63963.0,0.2341320812702179,0,1
9126.186198298958,64246.01,0.27367734909057617,0,0
9126.186198298958,64385.09,0.30830320715904236,0,0
9126.186198298958,64407.8,0.25380197167396545,0,0
9126.186198298958,64425.18,0.2086818516254425,0,0
9126.186198298958,64286.64,0.2893625497817993,0,0
9126.186198298958,64484.0,0.3043355345726013,0,0
9126.186198298958,63914.87,0.29180553555488586,0,0
9126.186198298958,64040.0,0.251468688249588,0,0
9126.186198298958,64140.01,0.27083197236061096,0,0
9126.186198298958,63823.99,0.24796360731124878,0,1
9126.186198298958,63810.0,0.25026261806488037,0,0
9126.186198298958,63917.88,0.2575870752334595,0,0
9126.186198298958,63841.25,0.2586562931537628,0,0
9126.186198298958,64011.99,0.2230720818042755,0,0
9126.186198298958,64112.29,0.22394387423992157,0,0
9126.186198298958,64161.72,0.24406307935714722,0,0
9126.186198298958,64124.0,0.18840636312961578,0,0
9126.186198298958,64012.95,0.2368340790271759,0,0
9126.186198298958,64158.04,0.19551683962345123,0,0
9126.186198298958,64150.42,0.17407111823558807,0,0
9126.186198298958,64152.0,0.1720924973487854,0,0
9126.186198298958,64176.01,0.19223079085350037,0,0
9126.186198298958,64219.1,0.19756340980529785,0,0
9126.186198298958,64162.18,0.17727109789848328,0,0
9126.186198298958,64265.98,0.16810084879398346,0,0
9126.186198298958,64167.34,0.16146592795848846,0,0
9126.186198298958,64196.0,0.14880797266960144,0,0
9126.186198298958,64198.0,0.14992104470729828,0,0
9126.186198298958,64195.49,0.15432561933994293,0,0
9126.186198298958,64235.66,0.15077224373817444,0,0
9126.186198298958,64350.07,0.17328914999961853,0,0
9126.186198298958,64175.75,0.20805318653583527,0,0
9126.186198298958,64180.01,0.17175576090812683,0,0
9126.186198298958,64315.53,0.1732063740491867,0,0
9126.186198298958,64327.99,0.13719554245471954,0,0
9126.186198298958,64286.0,0.1379329413175583,0,0
9126.186198298958,64382.45,0.16569773852825165,0,0
9126.186198298958,64355.99,0.13313235342502594,0,0
9126.186198298958,64203.08,0.17052355408668518,0,0
9126.186198298958,63819.0,0.20517513155937195,0,0
9126.186198298958,63828.47,0.21219338476657867,0,0
9126.186198298958,64133.61,0.21422553062438965,0,0
9126.186198298958,64070.39,0.17754419147968292,0,0
9126.186198298958,64223.73,0.22009339928627014,0,0
9126.186198298958,63999.93,0.1918482780456543,0,0
9126.186198298958,63959.93,0.16368354856967926,0,0
9126.186198298958,63762.46,0.22872361540794373,0,0
9126.186198298958,63885.27,0.21566900610923767,0,0
9126.186198298958,63983.18,0.21472600102424622,0,0
9126.186198298958,63961.61,0.22841070592403412,0,0
9126.186198298958,63865.76,0.16429461538791656,0,0
9126.186198298958,64018.01,0.18696729838848114,0,0
9126.186198298958,64026.0,0.19785645604133606,0,0
9126.186198298958,64023.14,0.17285437881946564,0,0
9126.186198298958,64203.08,0.20154860615730286,0,0
9126.186198298958,64176.0,0.1614014208316803,0,0
9126.186198298958,64177.7,0.17460627853870392,0,0
9126.186198298958,64078.0,0.15563881397247314,0,0
9126.186198298958,64147.99,0.14816375076770782,0,0
9126.186198298958,64228.59,0.14684687554836273,0,0
9126.186198298958,64198.89,0.12791147828102112,0,0
9126.186198298958,63920.4,0.165859192609787,0,0
9126.186198298958,63886.87,0.16862082481384277,0,0
9126.186198298958,63780.0,0.17539341747760773,0,0
9126.186198298958,64072.01,0.2299382984638214,0,0
9126.186198298958,63412.01,0.3158278167247772,0,0
9126.186198298958,63375.99,0.2593591809272766,0,0
9126.186198298958,62806.41,0.3277633786201477,0,0
9126.186198298958,62672.0,0.27198705077171326,0,0
9126.186198298958,62799.0,0.31709015369415283,0,0
9126.186198298958,62797.55,0.2327084243297577,0,0
9126.186198298958,62985.52,0.2599775195121765,0,0
9126.186198298958,63206.97,0.2886883616447449,0,0
9126.186198298958,63100.02,0.23609785735607147,0,0
9126.186198298958,62867.89,0.2568814754486084,0,0
9126.186198298958,62901.99,0.2567058503627777,0,0
9126.186198298958,62625.15,0.3133043050765991,0,0
9126.186198298958,62318.0,0.3241240084171295,0,0
9126.186198298958,62791.85,0.31299644708633423,0,0
9126.186198298958,62618.01,0.306213915348053,0,0
9126.186198298958,62276.0,0.31770941615104675,0,0
9126.186198298958,61904.99,0.35413751006126404,0,1
9126.186198298958,62020.0,0.275377094745636,0,1
9126.186198298958,62288.23,0.2682549059391022,0,0
9126.186198298958,62210.99,0.24370576441287994,0,1
9126.186198298958,62065.06,0.23182782530784607,0,1
9126.186198298958,61924.0,0.2359364777803421,0,1
9126.186198298958,62334.52,0.27262768149375916,0,1
9126.186198298958,62549.54,0.2955685257911682,0,0
9126.186198298958,62540.42,0.23216618597507477,0,0
9126.186198298958,62544.0,0.24783578515052795,0,0
9126.186198298958,62572.89,0.23904910683631897,0,0
9126.186198298958,62745.23,0.2017699033021927,0,0
9126.186198298958,62737.0,0.23277753591537476,0,0
9126.186198298958,62624.05,0.2313917726278305,0,1
9126.186198298958,62560.92,0.20000775158405304,0,1
9126.186198298958,62713.85,0.2439233809709549,0,1
9126.186198298958,62629.55,0.23562690615653992,0,1
9126.186198298958,62800.0,0.2453928142786026,0,1
9126.186198298958,62844.99,0.22333943843841553,0,1
9126.186198298958,63960.0,0.315189003944397,0,1
9126.186198298958,63840.01,0.2886529564857483,0,1
9126.186198298958,64305.02,0.3168613314628601,0,0
9126.186198298958,64743.99,0.31696435809135437,0,0
9126.186198298958,64730.0,0.29477575421333313,0,0
9126.186198298958,64621.43,0.317190945148468,0,1
9126.186198298958,64571.98,0.25265631079673767,0,0
9126.186198298958,64569.59,0.2223624587059021,0,0
9126.186198298958,64572.02,0.22537770867347717,0,0
9126.186198298958,64676.9,0.2885969281196594,0,0
9126.186198298958,64860.89,0.3163791298866272,0,0
9126.186198298958,65043.98,0.2579275071620941,0,0
9126.186198298958,64824.58,0.24143381416797638,0,0
9126.186198298958,64674.35,0.23844780027866364,0,0
9126.186198298958,64490.87,0.23638297617435455,0,0
9126.186198298958,64792.01,0.24135573208332062,0,0
9126.186198298958,64746.01,0.2099624127149582,0,0
9126.186198298958,64944.06,0.2814977765083313,0,0
9126.186198298958,64814.0,0.2797256410121918,0,1
9126.186198298958,64549.34,0.2821313142776489,0,1
9126.186198298958,64768.01,0.2638566493988037,0,1
9126.186198298958,64671.83,0.21836116909980774,0,1
9126.186198298958,64663.0,0.18241652846336365,0,1
9126.186198298958,64732.15,0.17586778104305267,0,1
9126.186198298958,65164.0,0.26785537600517273,0,0
9126.186198298958,65117.99,0.28257986903190613,0,0
9126.186198298958,65399.81,0.2761622965335846,0,0
9126.186198298958,65427.61,0.2784426510334015,0,0
9126.186198298958,65120.79,0.286734014749527,0,0
9126.186198298958,65056.1,0.24012529850006104,0,0
9126.186198298958,64860.0,0.25845348834991455,0,0
9126.186198298958,64977.34,0.2193070501089096,0,0
9126.186198298958,64968.01,0.1841006577014923,0,0
9126.186198298958,64834.31,0.19806231558322906,0,0
9126.186198298958,64866.93,0.19433431327342987,0,0
9126.186198298958,64756.28,0.21657933294773102,0,0
9126.186198298958,64584.07,0.2442190796136856,0,0
9126.186198298958,64730.01,0.24976778030395508,0,0
9126.186198298958,64642.01,0.1948399841785431,0,0
9126.186198298958,64619.95,0.1917266994714737,0,0
9126.186198298958,64650.05,0.1964503973722458,0,0
9126.186198298958,64917.99,0.24461814761161804,0,0
9126.186198298958,64777.32,0.22301705181598663,0,0
9126.186198298958,64238.0,0.29003745317459106,0,0
9126.186198298958,64126.85,0.30403953790664673,0,1
9126.186198298958,64090.0,0.26365286111831665,0,1
9126.186198298958,64221.34,0.19466575980186462,0,0
9126.186198298958,64256.53,0.19466575980186462,0,0
9126.186198298958,63966.01,0.2804209887981415,0,0
9126.186198298958,64376.0,0.28606897592544556,0,0
9126.186198298958,64543.51,0.2948143482208252,0,0
9126.186198298958,64704.73,0.28886550664901733,0,0
9126.186198298958,64484.0,0.26879453659057617,0,0
9126.186198298958,64069.03,0.3179128170013428,0,0
9126.186198298958,64246.01,0.2303772270679474,0,0
9126.186198298958,64271.84,0.18014660477638245,0,0
9126.186198298958,64114.27,0.1944950819015503,0,0
9126.186198298958,64161.99,0.1818176656961441,0,0
9126.186198298958,63968.0,0.22625459730625153,0,0
9126.186198298958,63830.2,0.2502521574497223,0,0
9126.186198298958,63886.0,0.24599285423755646,0,0
9126.186198298958,63546.24,0.3098102807998657,0,0
9126.186198298958,63482.0,0.2544519007205963,0,0
9126.186198298958,63570.0,0.2588515281677246,0,0
9126.186198298958,63486.01,0.2517707049846649,0,0
9126.186198298958,62839.76,0.3292575478553772,0,1
9126.186198298958,62948.0,0.2616436779499054,0,0
9126.186198298958,62828.11,0.24324552714824677,0,1
9126.186198298958,62888.0,0.2526366114616394,0,0
9126.186198298958,62989.46,0.23268644511699677,0,1
9126.186198298958,63179.92,0.24852772057056427,0,1
9126.186198298958,63298.01,0.2505040168762207,0,1
9126.186198298958,63099.75,0.2500945031642914,0,1
9126.186198298958,63153.99,0.29939597845077515,0,1
9126.186198298958,63174.0,0.3027835488319397,0,1
9126.186198298958,63452.0,0.3002553880214691,0,1
9126.186198298958,63594.0,0.3011414706707001,0,1
9126.186198298958,64049.86,0.2909676730632782,0,0
9126.186198298958,64259.73,0.27692118287086487,0,0
9126.186198298958,64160.8,0.25096020102500916,0,0
9126.186198298958,64120.0,0.23404240608215332,0,0
9126.186198298958,64110.0,0.18783992528915405,0,0
9126.186198298958,63986.0,0.2178090214729309,0,0
9126.186198298958,63931.67,0.19857865571975708,0,0
9126.186198298958,63910.04,0.1685144603252411,0,0
9126.186198298958,63952.98,0.1650976836681366,0,0
9126.186198298958,63967.61,0.17424334585666656,0,0
9126.186198298958,64017.84,0.1985565423965454,0,0
9126.186198298958,63967.99,0.178304985165596,0,0
9126.186198298958,63967.95,0.17184978723526,0,0
9126.186198298958,63979.67,0.17610026895999908,0,0
9126.186198298958,64002.75,0.19498629868030548,0,0
9126.186198298958,64006.01,0.1889837086200714,0,0
9126.186198298958,63987.76,0.19346536695957184,0,0
9126.186198298958,64016.43,0.17797639966011047,0,0
9126.186198298958,64069.89,0.15334825217723846,0,1
9126.186198298958,64218.0,0.18155620992183685,0,0
9126.186198298958,64106.0,0.16661813855171204,0,1
9126.186198298958,64126.0,0.1326715052127838,0,1
9126.186198298958,64123.12,0.1349804550409317,0,1
9126.186198298958,64303.47,0.17814798653125763,0,1
9126.186198298958,64480.29,0.19822727143764496,0,1
9126.186198298958,64512.41,0.216032937169075,0,0
9126.186198298958,64552.79,0.2230653464794159,0,0
9126.186198298958,64693.01,0.24636326730251312,0,0
9126.186198298958,64731.72,0.24600693583488464,0,0
9126.186198298958,64805.05,0.2438095211982727,0,0
9126.186198298958,64834.22,0.1937444806098938,0,0
9126.186198298958,64792.08,0.20635837316513062,0,0
9126.186198298958,64765.99,0.18908868730068207,0,0
9126.186198298958,64826.01,0.2353084236383438,0,0
9126.186198298958,64706.18,0.22056789696216583,0,0
9126.186198298958,64720.17,0.20762880146503448,0,0
9126.186198298958,64724.01,0.19221965968608856,0,0
9126.186198298958,64711.69,0.1827644258737564,0,0
9126.186198298958,64711.05,0.20478712022304535,0,0
9126.186198298958,64707.49,0.20478712022304535,0,0
9126.186198298958,64509.99,0.20893043279647827,0,0
9126.186198298958,64595.0,0.1956477016210556,0,0
9126.186198298958,64467.64,0.17635874450206757,0,0
9126.186198298958,64441.15,0.1726914346218109,0,0
9126.186198298958,64483.31,0.16853737831115723,0,0
9126.186198298958,64593.07,0.17026440799236298,0,0
9126.186198298958,64585.32,0.15250803530216217,0,0
9126.186198298958,64538.72,0.15707357227802277,0,0
9126.186198298958,64547.86,0.18202142417430878,0,0
9126.186198298958,64419.99,0.17052355408668518,0,0
9126.186198298958,64462.58,0.13864858448505402,0,0
9126.186198298958,64535.99,0.15386296808719635,0,0
9126.186198298958,64415.75,0.16622237861156464,0,1
9126.186198298958,64674.67,0.20805516839027405,0,0
9126.186198298958,64722.54,0.17192164063453674,0,0
9126.186198298958,64553.84,0.20344091951847076,0,0
9126.186198298958,64628.01,0.2042366862297058,0,0
9126.186198298958,64827.2,0.21238939464092255,0,0
9126.186198298958,64869.8,0.19997209310531616,0,0
9126.186198298958,64540.01,0.18379954993724823,0,0
9126.186198298958,64128.0,0.25774380564689636,0,1
9126.186198298958,63917.98,0.28185510635375977,0,1
9126.186198298958,64280.01,0.27373600006103516,0,0
9126.186198298958,64049.99,0.2969500422477722,0,1
9126.186198298958,64199.5,0.25142911076545715,0,1
9126.186198298958,64301.18,0.24552203714847565,0,1
9126.186198298958,65002.01,0.28402212262153625,0,1
9126.186198298958,64640.0,0.2810245454311371,0,1
9126.186198298958,64344.01,0.2783406972885132,0,1
9126.186198298958,64416.01,0.2787138819694519,0,1
9126.186198298958,65598.75,0.31900179386138916,0,0
9126.186198298958,65508.5,0.2962799370288849,0,0
9126.186198298958,65587.98,0.2848729193210602,0,0
9126.186198298958,65240.01,0.3035692870616913,0,1
9126.186198298958,65142.0,0.26991593837738037,0,0
9126.186198298958,65367.58,0.2658493220806122,0,0
9126.186198298958,65286.02,0.21433353424072266,0,0
9126.186198298958,65141.99,0.21943329274654388,0,1
9126.186198298958,65255.51,0.19251491129398346,0,1
9126.186198298958,65568.01,0.28368040919303894,0,1
9126.186198298958,65235.55,0.28039175271987915,0,1
9126.186198298958,65414.01,0.25096267461776733,0,1
9126.186198298958,65566.78,0.2853335738182068,0,1
9126.186198298958,65522.01,0.2840617597103119,0,1
9126.186198298958,65751.56,0.2975600063800812,0,1
9126.186198298958,65913.0,0.28158846497535706,0,1
9126.186198298958,66186.86,0.286535382270813,0,1
9126.186198298958,66226.44,0.26394638419151306,0,1
9126.186198298958,66291.99,0.24825814366340637,0,1
9126.186198298958,66180.0,0.25740131735801697,0,1
9126.186198298958,66345.59,0.23660732805728912,0,0
9126.186198298958,66558.82,0.2946572005748749,0,0
9126.186198298958,66786.0,0.3188282251358032,0,0
9126.186198298958,66842.3,0.28511762619018555,0,0
9126.186198298958,66676.54,0.24692010879516602,0,0
9126.186198298958,66542.01,0.2377447634935379,0,0
9126.186198298958,66207.95,0.28010091185569763,0,1
9126.186198298958,66319.95,0.24428784847259521,0,0
9126.186198298958,66444.76,0.22457602620124817,0,0
9126.186198298958,66406.57,0.19697098433971405,0,0
9126.186198298958,66385.0,0.18504728376865387,0,0
9126.186198298958,66304.02,0.21250881254673004,0,0
9126.186198298958,66556.16,0.21584995090961456,0,0
9126.186198298958,66620.97,0.22637343406677246,0,0
9126.186198298958,66433.3,0.23518724739551544,0,0
9126.186198298958,66314.12,0.20149020850658417,0,0
9126.186198298958,66210.0,0.19992701709270477,0,0
9126.186198298958,66381.05,0.20063970983028412,0,0
9126.186198298958,65974.9,0.2712562084197998,0,0
9126.186198298958,65934.33,0.22111906111240387,0,0
9126.186198298958,65843.48,0.2505497634410858,0,0
9126.186198298958,65987.96,0.24038104712963104,0,0
9126.186198298958,65928.0,0.23693379759788513,0,0
9126.186198298958,66046.02,0.21190111339092255,0,0
9126.186198298958,66013.36,0.21546824276447296,0,0
9126.186198298958,65636.01,0.2889823019504547,0,0
9126.186198298958,65951.39,0.2896062433719635,0,0
9126.186198298958,65793.98,0.3065682351589203,0,0
9126.186198298958,66047.39,0.25173419713974,0,0
9126.186198298958,66229.01,0.24426639080047607,0,0
9126.186198298958,66024.03,0.21980738639831543,0,0
9126.186198298958,65895.46,0.2241213619709015,0,0
9126.186198298958,65923.19,0.22553780674934387,0,0
9126.186198298958,65919.68,0.19091564416885376,0,0
9126.186198298958,66072.47,0.1905350238084793,0,0
9126.186198298958,66044.17,0.1492977738380432,0,0
9126.186198298958,66114.49,0.2056625783443451,0,0
9126.186198298958,66058.19,0.2044188380241394,0,0
9126.186198298958,65830.0,0.24714314937591553,0,0
9126.186198298958,65805.34,0.18623530864715576,0,0
9126.186198298958,65662.53,0.1997186243534088,0,0
9126.186198298958,65616.48,0.17214463651180267,0,0
9126.186198298958,65691.01,0.19478961825370789,0,0
9126.186198298958,65790.0,0.18657784163951874,0,0
9126.186198298958,65442.13,0.2673189342021942,0,0
9126.186198298958,65633.0,0.2341492921113968,0,0
9126.186198298958,65638.92,0.18768279254436493,0,0
9126.186198298958,65740.0,0.2108687311410904,0,0
9126.186198298958,65555.21,0.21021892130374908,0,0
9126.186198298958,65167.04,0.25550636649131775,0,0
9126.186198298958,64880.0,0.25111860036849976,0,0
9126.186198298958,64909.99,0.2831389009952545,0,0
9126.186198298958,64958.36,0.23863662779331207,0,0
9126.186198298958,64756.84,0.25162896513938904,0,1
9126.186198298958,64681.27,0.24271845817565918,0,1
9126.186198298958,64869.12,0.24226808547973633,0,0
9126.186198298958,64846.94,0.24160180985927582,0,0
9126.186198298958,65147.5,0.2743473947048187,0,0
9126.186198298958,65169.81,0.23205168545246124,0,0
9126.186198298958,65195.43,0.2501739263534546,0,0
9126.186198298958,65098.97,0.23301932215690613,0,0
9126.186198298958,64973.99,0.25351765751838684,0,1
9126.186198298958,65086.0,0.2365129142999649,0,1
9126.186198298958,65116.99,0.2524610459804535,0,0
9126.186198298958,65456.7,0.2516881227493286,0,0
9126.186198298958,65318.0,0.22346290946006775,0,0
9126.186198298958,65325.0,0.19153614342212677,0,0
9126.186198298958,65472.0,0.25777366757392883,0,0
9126.186198298958,65499.95,0.274211585521698,0,0
9126.186198298958,65302.18,0.21428892016410828,0,0
9126.186198298958,65113.13,0.24413882195949554,0,0
9126.186198298958,64950.0,0.24494454264640808,0,0
9126.186198298958,65083.43,0.24813316762447357,0,0
9126.186198298958,64780.01,0.25615260004997253,0,0
9126.186198298958,64155.46,0.3185870349407196,0,0
9126.186198298958,64055.12,0.3114476501941681,0,0
9126.186198298958,64093.85,0.3195387125015259,0,0
9126.186198298958,63958.0,0.25079959630966187,0,0
9126.186198298958,64180.0,0.24726349115371704,0,0
9126.186198298958,64272.0,0.228843092918396,0,0
9126.186198298958,64225.32,0.2416524738073349,0,0
9126.186198298958,64170.23,0.19676858186721802,0,0
9126.186198298958,64155.0,0.20932209491729736,0,0
9126.186198298958,64169.01,0.18684354424476624,0,0
9126.186198298958,64139.99,0.17855790257453918,0,0
9126.186198298958,64073.61,0.20446650683879852,0,0
9126.186198298958,64068.01,0.215614452958107,0,0
9126.186198298958,64052.0,0.17638705670833588,0,0
9126.186198298958,64085.36,0.17065726220607758,0,0
9126.186198298958,64181.46,0.16642987728118896,0,0
9126.186198298958,64024.0,0.19489112496376038,0,0
9126.186198298958,64010.0,0.15229415893554688,0,0
9126.186198298958,64003.2,0.1498318910598755,0,0
9126.186198298958,63876.06,0.17773129045963287,0,1
9126.186198298958,63999.99,0.18209944665431976,0,0
9126.186198298958,64070.0,0.1158822700381279,0,0
9126.186198298958,64064.01,0.11815372109413147,0,0
9126.186198298958,64123.8,0.11480125039815903,0,0
9126.186198298958,64172.0,0.1587972790002823,0,0
9126.186198298958,64214.04,0.1255471557378769,0,0
9126.186198298958,64182.0,0.12385763227939606,0,0
9126.186198298958,64206.6,0.13214680552482605,0,0
9126.186198298958,64267.4,0.15121959149837494,0,0
9126.186198298958,64415.99,0.165664941072464,0,0
9126.186198298958,64388.38,0.1281495839357376,0,0
9126.186198298958,64339.75,0.12963251769542694,0,0
9126.186198298958,64344.02,0.1743905246257782,0,0
9126.186198298958,64412.0,0.15100985765457153,0,0
9126.186198298958,64375.0,0.14192679524421692,0,0
9126.186198298958,64506.99,0.19178403913974762,0,0
9126.186198298958,64462.0,0.1616678088903427,0,0
9126.186198298958,64527.56,0.1543617695569992,0,0
9126.186198298958,64557.0,0.17072229087352753,0,0
9126.186198298958,64530.06,0.17266158759593964,0,0
9126.186198298958,64417.69,0.16187767684459686,0,0
9126.186198298958,64438.0,0.1871054619550705,0,0
9126.186198298958,64370.0,0.1630752980709076,0,0
9126.186198298958,64480.01,0.1681000143289566,0,0
9126.186198298958,64538.0,0.16523237526416779,0,0
9126.186198298958,64515.4,0.16337819397449493,0,0
9126.186198298958,64507.35,0.16483144462108612,0,0
9126.186198298958,64466.67,0.18411260843276978,0,0
9126.186198298958,64518.0,0.1780860722064972,0,0
9126.186198298958,64712.99,0.19442228972911835,0,0
9126.186198298958,64768.0,0.22023318707942963,0,0
9126.186198298958,64734.17,0.1953849196434021,0,1
9126.186198298958,64697.2,0.16164220869541168,0,1
9126.186198298958,64734.38,0.15873993933200836,0,1
9126.186198298958,64695.52,0.18042632937431335,0,1
9126.186198298958,64649.04,0.15977302193641663,0,1
9126.186198298958,64858.02,0.18957000970840454,0,1
9126.186198298958,65412.68,0.28477320075035095,0,0
9126.186198298958,65399.99,0.24869731068611145,0,0
9126.186198298958,65131.95,0.24741213023662567,0,0
9126.186198298958,65206.21,0.24195601046085358,0,0
9126.186198298958,65172.0,0.25705090165138245,0,0
9126.186198298958,65284.0,0.2331257313489914,0,0
9126.186198298958,65282.8,0.2435198426246643,0,0
9126.186198298958,65468.38,0.24293461441993713,0,0
9126.186198298958,65416.76,0.2426348775625229,0,0
9126.186198298958,65221.99,0.2285362035036087,0,0
9126.186198298958,65162.98,0.20963530242443085,0,0
9126.186198298958,65262.17,0.24678035080432892,0,0
9126.186198298958,65333.35,0.2212291806936264,0,0
9126.186198298958,65100.79,0.232844740152359,0,0
9126.186198298958,65086.0,0.2599171996116638,0,0
9126.186198298958,65217.37,0.2730114758014679,0,0
9126.186198298958,64687.45,0.28229308128356934,0,0
9126.186198298958,64554.01,0.24962523579597473,0,0
9126.186198298958,64898.52,0.26404720544815063,0,0
9126.186198298958,65019.81,0.24877126514911652,0,0
9126.186198298958,64878.0,0.24603290855884552,0,0
9126.186198298958,64984.0,0.2174978107213974,0,0
9126.186198298958,64960.65,0.17374376952648163,0,0
9126.186198298958,64821.25,0.1998702734708786,0,0
9126.186198298958,63792.0,0.33726009726524353,0,0
9126.186198298958,63755.86,0.2701593041419983,0,0
9126.186198298958,63487.88,0.29018235206604004,0,0
9126.186198298958,63230.83,0.33137568831443787,0,0
9126.186198298958,63185.59,0.24031589925289154,0,0
9126.186198298958,63343.83,0.27625665068626404,0,0
9126.186198298958,63350.95,0.2172047644853592,0,0
9126.186198298958,63451.61,0.2605835199356079,0,0
9126.186198298958,63640.63,0.2664766311645508,0,0
9126.186198298958,63505.99,0.24839240312576294,0,0
9126.186198298958,63428.08,0.18011246621608734,0,0
9126.186198298958,63393.99,0.2471478134393692,0,1
9126.186198298958,63473.47,0.25569382309913635,0,1
9126.186198298958,63450.0,0.25569382309913635,0,0
9126.186198298958,63546.65,0.23151123523712158,0,0
9126.186198298958,63104.0,0.321108877658844,0,1
9126.186198298958,63412.45,0.3138575553894043,0,1
9126.186198298958,63928.47,0.3184225261211395,0,0
9126.186198298958,64043.26,0.2980785071849823,0,0
9126.186198298958,63685.88,0.3183780610561371,0,0
9126.186198298958,63734.49,0.22867533564567566,0,0
9126.186198298958,63904.0,0.23955459892749786,0,0
9126.186198298958,63917.55,0.21462930738925934,0,0
9126.186198298958,63972.44,0.2002158761024475,0,0
9126.186198298958,63783.71,0.2427162081003189,0,0
9126.186198298958,63915.0,0.27801647782325745,0,0
9126.186198298958,63953.99,0.256346732378006,0,1
9126.186198298958,63705.06,0.25268372893333435,0,1
9126.186198298958,63979.96,0.2613925039768219,0,1
9126.186198298958,63753.03,0.24364149570465088,0,1
9126.186198298958,63968.34,0.2680067718029022,0,1
9126.186198298958,64067.32,0.2315499484539032,0,1
9126.186198298958,64435.62,0.27745357155799866,0,0
9126.186198298958,64561.0,0.25253650546073914,0,0
9126.186198298958,64417.31,0.24825623631477356,0,0
9126.186198298958,64698.0,0.26429417729377747,0,0
9126.186198298958,64469.83,0.24084582924842834,0,0
9126.186198298958,64507.54,0.22505301237106323,0,0
9126.186198298958,64276.81,0.2500406503677368,0,0
9126.186198298958,64664.7,0.2839447259902954,0,0
9126.186198298958,64108.01,0.289761483669281,0,0
9126.186198298958,63964.01,0.2517431676387787,0,0
9126.186198298958,63808.33,0.30108967423439026,0,0
9126.186198298958,64269.83,0.27074727416038513,0,0
9126.186198298958,64501.52,0.2983199656009674,0,0
9126.186198298958,63589.46,0.31739553809165955,0,1
9126.186198298958,63522.01,0.28406351804733276,0,1
9126.186198298958,63860.0,0.29878488183021545,0,0
9126.186198298958,63942.5,0.2794271409511566,0,0
9126.186198298958,63984.28,0.22786130011081696,0,0
9126.186198298958,63696.72,0.28809022903442383,0,0
9126.186198298958,64266.0,0.3008420765399933,0,0
9126.186198298958,64189.99,0.2907247543334961,0,0
9126.186198298958,64161.98,0.26936596632003784,0,1
9126.186198298958,64023.99,0.27227547764778137,0,1
9126.186198298958,64033.89,0.2853567898273468,0,1
9126.186198298958,64002.0,0.2242242991924286,0,1
9126.186198298958,64026.0,0.26379066705703735,0,1
9126.186198298958,64308.01,0.2874163091182709,0,1
9126.186198298958,64567.56,0.27729931473731995,0,0
9126.186198298958,64570.72,0.22985737025737762,0,0
9126.186198298958,64788.0,0.25269651412963867,0,0
9126.186198298958,64925.0,0.26139116287231445,0,0
9126.186198298958,65022.01,0.27794161438941956,0,0
9126.186198298958,64683.97,0.26855117082595825,0,0
9126.186198298958,64730.3,0.24838098883628845,0,0
9126.186198298958,64818.01,0.23661775887012482,0,0
9126.186198298958,64872.0,0.2234870046377182,0,0
9126.186198298958,64702.8,0.19560304284095764,0,0
9126.186198298958,64800.0,0.1990852802991867,0,0
9126.186198298958,64777.37,0.1990852802991867,0,0
9126.186198298958,64735.53,0.16222421824932098,0,0
9126.186198298958,64851.16,0.2287612408399582,0,0
9126.186198298958,64780.02,0.22404934465885162,0,0
9126.186198298958,64724.91,0.2132541537284851,0,0
9126.186198298958,64564.01,0.24541492760181427,0,0
9126.186198298958,64297.79,0.24157775938510895,0,0
9126.186198298958,64370.0,0.22396181523799896,0,0
9126.186198298958,64300.0,0.20717944204807281,0,0
9126.186198298958,64363.06,0.1968323290348053,0,0
9126.186198298958,64231.97,0.22571150958538055,0,0
9126.186198298958,63950.01,0.23955050110816956,0,0
9126.186198298958,63834.01,0.2313603013753891,0,0
9126.186198298958,63715.9,0.2322545200586319,0,0
9126.186198298958,63918.67,0.22760429978370667,0,0
9126.186198298958,63805.51,0.19937950372695923,0,0
9126.186198298958,63754.01,0.2177037000656128,0,0
9126.186198298958,63270.73,0.30292490124702454,0,0
9126.186198298958,62682.06,0.34005439281463623,0,0
9126.186198298958,62716.57,0.2696560025215149,0,0
9126.186198298958,62870.88,0.2475174516439438,0,0
9126.186198298958,63245.44,0.2924945056438446,0,0
9126.186198298958,63097.57,0.25521767139434814,0,0
9126.186198298958,62972.0,0.20662344992160797,0,0
9126.186198298958,62953.7,0.1773030012845993,0,0
9126.186198298958,62947.78,0.2007564753293991,0,0
9126.186198298958,62950.0,0.21938540041446686,0,0
9126.186198298958,62887.88,0.19243356585502625,0,0
9126.186198298958,62938.01,0.20446650683879852,0,0
9126.186198298958,62975.01,0.16022635996341705,0,0
9126.186198298958,63075.07,0.1745886653661728,0,0
9126.186198298958,63004.48,0.19456245005130768,0,0
9126.186198298958,63115.01,0.17153078317642212,0,0
9126.186198298958,63020.0,0.20205816626548767,0,0
9126.186198298958,63080.64,0.17216196656227112,0,0
9126.186198298958,63050.46,0.1485338807106018,0,0
9126.186198298958,63126.25,0.13323362171649933,0,0
9126.186198298958,63053.17,0.12921912968158722,0,0
9126.186198298958,63056.0,0.13891369104385376,0,0
9126.186198298958,63076.0,0.11998804658651352,0,0
9126.186198298958,63103.68,0.12874248623847961,0,0
9126.186198298958,63069.32,0.1255871206521988,0,0
9126.186198298958,63126.52,0.13060177862644196,0,0
9126.186198298958,63007.06,0.13817939162254333,0,0
9126.186198298958,62932.32,0.17009036242961884,0,0
9126.186198298958,62708.07,0.19448357820510864,0,0
9126.186198298958,62580.56,0.23617589473724365,0,0
9126.186198298958,62529.82,0.2026907503604889,0,1
9126.186198298958,62662.13,0.19707785546779633,0,1
9126.186198298958,62812.75,0.19955956935882568,0,1
9126.186198298958,62831.28,0.1704387366771698,0,1
9126.186198298958,62823.64,0.1672837734222412,0,1
9126.186198298958,62833.99,0.2035292536020279,0,1
9126.186198298958,62981.87,0.21124179661273956,0,1
9126.186198298958,63451.58,0.2647522985935211,0,0
9126.186198298958,63461.95,0.269350528717041,0,0
9126.186198298958,63590.0,0.3004446029663086,0,0
9126.186198298958,63453.27,0.2415313869714737,0,0
9126.186198298958,63482.49,0.17269083857536316,0,0
9126.186198298958,63506.24,0.20333050191402435,0,0
9126.186198298958,63193.99,0.26672807335853577,0,0
9126.186198298958,63273.94,0.22528330981731415,0,0
9126.186198298958,63205.03,0.21544621884822845,0,0
9126.186198298958,63031.99,0.22835683822631836,0,0
9126.186198298958,63125.49,0.21644464135169983,0,0
9126.186198298958,63126.92,0.20913071930408478,0,1
9126.186198298958,63069.37,0.20215031504631042,0,1
9126.186198298958,63109.14,0.20517580211162567,0,1
9126.186198298958,63180.36,0.2246597707271576,0,0
9126.186198298958,63300.28,0.23077407479286194,0,0
9126.186198298958,63382.01,0.2459329068660736,0,0
9126.186198298958,63456.01,0.22809550166130066,0,0
9126.186198298958,63494.52,0.19099438190460205,0,0
9126.186198298958,63578.0,0.2524951696395874,0,0
9126.186198298958,63424.58,0.23277977108955383,0,0
9126.186198298958,63570.0,0.23160845041275024,0,0
9126.186198298958,63317.6,0.2382989227771759,0,0
9126.186198298958,63212.16,0.2058170586824417,0,0
9126.186198298958,63141.4,0.19948121905326843,0,0
9126.186198298958,62870.49,0.2762969136238098,0,0
9126.186198298958,62790.0,0.23147690296173096,0,0
9126.186198298958,62827.17,0.1960785686969757,0,0
9126.186198298958,62623.6,0.24998760223388672,0,0
9126.186198298958,62621.1,0.23409217596054077,0,1
9126.186198298958,62541.5,0.23793654143810272,0,1
9126.186198298958,62837.4,0.24487249553203583,0,1
9126.186198298958,62742.01,0.24862807989120483,0,1
9126.186198298958,62560.01,0.2474919557571411,0,1
9126.186198298958,62700.0,0.24511927366256714,0,1
9126.186198298958,63351.09,0.2898280620574951,0,1
9126.186198298958,63967.19,0.2990590035915375,0,0
9126.186198298958,63694.91,0.2657527029514313,0,0
9126.186198298958,63776.46,0.2610238194465637,0,0
9126.186198298958,63906.0,0.26391977071762085,0,0
9126.186198298958,63870.87,0.23081961274147034,0,0
9126.186198298958,63869.38,0.24123801290988922,0,0
9126.186198298958,63775.43,0.2512456774711609,0,0
9126.186198298958,63590.15,0.24641264975070953,0,0
9126.186198298958,63618.0,0.2436298429965973,0,1
9126.186198298958,63520.0,0.2197427898645401,0,0
9126.186198298958,63361.99,0.2528040409088135,0,0
9126.186198298958,63847.93,0.28051549196243286,0,0
9126.186198298958,63822.44,0.24991759657859802,0,0
9126.186198298958,63800.01,0.23118770122528076,0,0
9126.186198298958,64029.0,0.2806711494922638,0,0
9126.186198298958,63818.48,0.21795399487018585,0,0
9126.186198298958,63670.0,0.1962551325559616,0,0
9126.186198298958,63685.74,0.24918563663959503,0,0
9126.186198298958,63588.94,0.21086321771144867,0,1
9126.186198298958,63603.73,0.16331972181797028,0,1
9126.186198298958,63764.0,0.23958547413349152,0,0
9126.186198298958,63926.0,0.20437990128993988,0,0
9126.186198298958,63906.41,0.21559566259384155,0,1
9126.186198298958,63683.94,0.24482667446136475,0,1
9126.186198298958,64128.72,0.28062698245048523,0,0
9126.186198298958,64125.14,0.27762457728385925,0,0
9126.186198298958,63950.93,0.22737382352352142,0,0
9126.186198298958,63972.09,0.25134849548339844,0,0
9126.186198298958,64305.99,0.2690497636795044,0,0
9126.186198298958,64233.36,0.24487030506134033,0,0
9126.186198298958,64341.0,0.262936532497406,0,0
9126.186198298958,64194.0,0.19560304284095764,0,0
9126.186198298958,64270.61,0.18531793355941772,0,0
9126.186198298958,64106.56,0.26428207755088806,0,0
9126.186198298958,63988.0,0.2318490892648697,0,0
9126.186198298958,64333.84,0.2511024475097656,0,0
9126.186198298958,64368.26,0.24320705235004425,0,0
9126.186198298958,64183.27,0.2579866349697113,0,0
9126.186198298958,64176.7,0.17175880074501038,0,0
9126.186198298958,64330.87,0.2539529800415039,0,0
9126.186198298958,64253.58,0.18572600185871124,0,0
9126.186198298958,64163.99,0.22888995707035065,0,0
9126.186198298958,64120.81,0.20601493120193481,0,1
9126.186198298958,64155.05,0.14315620064735413,0,0
9126.186198298958,64062.23,0.17901648581027985,0,1
9126.186198298958,64075.28,0.14920994639396667,0,1
9126.186198298958,64332.43,0.21589511632919312,0,1
9126.186198298958,64407.99,0.22448083758354187,0,1
9126.186198298958,64476.39,0.18425969779491425,0,1
9126.186198298958,64388.01,0.19184988737106323,0,1
9126.186198298958,64661.99,0.23831091821193695,0,0
9126.186198298958,64770.0,0.2483513057231903,0,0
9126.186198298958,64799.1,0.2570451498031616,0,0
9126.186198298958,64840.28,0.22485888004302979,0,0
9126.186198298958,64822.89,0.23956993222236633,0,0
9126.186198298958,64733.13,0.222293883562088,0,0
9126.186198298958,64636.0,0.1975807398557663,0,0
9126.186198298958,64665.23,0.2163264900445938,0,0
9126.186198298958,64644.99,0.20084671676158905,0,0
9126.186198298958,64580.07,0.20538318157196045,0,0
9126.186198298958,64579.36,0.20998001098632812,0,1
9126.186198298958,64531.03,0.15437322854995728,0,0
9126.186198298958,64734.65,0.22178500890731812,0,0
9126.186198298958,64908.09,0.23600003123283386,0,0
9126.186198298958,64860.0,0.19625750184059143,0,0
9126.186198298958,64809.7,0.20362837612628937,0,0
9126.186198298958,64941.99,0.18341520428657532,0,0
9126.186198298958,64683.62,0.1810535341501236,0,0
9126.186198298958,64615.95,0.14253130555152893,0,0
9126.186198298958,64622.09,0.1617034673690796,0,0
9126.186198298958,64424.0,0.17202730476856232,0,0
9126.186198298958,64434.01,0.19223938882350922,0,0
9126.186198298958,64778.0,0.21992328763008118,0,0
9126.186198298958,64631.87,0.20622877776622772,0,0
9126.186198298958,64757.99,0.2052614390850067,0,0
9126.186198298958,64621.69,0.19165430963039398,0,0
9126.186198298958,64418.47,0.19242846965789795,0,0
9126.186198298958,64446.0,0.17068570852279663,0,0
9126.186198298958,64439.7,0.15631330013275146,0,0
9126.186198298958,64440.74,0.1658758968114853,0,0
9126.186198298958,64351.49,0.178344264626503,0,0
9126.186198298958,64323.61,0.21292750537395477,0,0
9126.186198298958,64317.99,0.20391738414764404,0,0
9126.186198298958,64422.55,0.21178556978702545,0,0
9126.186198298958,64399.87,0.22116467356681824,0,0
9126.186198298958,64289.99,0.18079526722431183,0,1
9126.186198298958,64255.13,0.1921653002500534,0,1
9126.186198298958,64336.43,0.1804608404636383,0,1
9126.186198298958,64304.12,0.18378391861915588,0,1
9126.186198298958,64319.84,0.18098600208759308,0,1
9126.186198298958,64600.0,0.22167706489562988,0,1
9126.186198298958,64839.32,0.24869996309280396,0,0
9126.186198298958,64893.98,0.25226908922195435,0,0
9126.186198298958,65029.98,0.23575808107852936,0,0
9126.186198298958,65292.32,0.271340012550354,0,0
9126.186198298958,65009.24,0.24929949641227722,0,0
9126.186198298958,64957.98,0.26005908846855164,0,0
9126.186198298958,64912.72,0.2583548426628113,0,0
9126.186198298958,64814.0,0.2362101674079895,0,0
9126.186198298958,64764.33,0.2315455973148346,0,0
9126.186198298958,64735.51,0.19356787204742432,0,0
9126.186198298958,64960.47,0.24464154243469238,0,0
9126.186198298958,64972.0,0.18883872032165527,0,0
9126.186198298958,64928.01,0.19356787204742432,0,0
9126.186198298958,64888.0,0.18479236960411072,0,0
9126.186198298958,64923.19,0.17821602523326874,0,0
9126.186198298958,64929.01,0.22074995934963226,0,0
9126.186198298958,64911.79,0.18941155076026917,0,0
9126.186198298958,64923.97,0.18962222337722778,0,0
9126.186198298958,65033.0,0.17410892248153687,0,0
9126.186198298958,65013.58,0.1527000069618225,0,0
9126.186198298958,64995.39,0.1527000069618225,0,0
9126.186198298958,65006.61,0.15909439325332642,0,0
9126.186198298958,64960.0,0.14207661151885986,0,0
9126.186198298958,64993.87,0.14795684814453125,0,0
9126.186198298958,64994.31,0.1601196676492691,0,0
9126.186198298958,65005.87,0.13991157710552216,0,0
9126.186198298958,64967.35,0.1726132184267044,0,0
9126.186198298958,65008.34,0.1720256209373474,0,0
9126.186198298958,65015.27,0.21648208796977997,0,0
9126.186198298958,65129.02,0.18167221546173096,0,0
9126.186198298958,65080.82,0.1738705188035965,0,0
9126.186198298958,65086.45,0.16390015184879303,0,0
9126.186198298958,65119.75,0.18236763775348663,0,0
9126.186198298958,65044.07,0.16307608783245087,0,0
9126.186198298958,65075.41,0.18065164983272552,0,0
9126.186198298958,65082.41,0.18812111020088196,0,0
9126.186198298958,65012.96,0.15885770320892334,0,0
9126.186198298958,64950.61,0.16602690517902374,0,0
9126.186198298958,64962.6,0.17813006043434143,0,0
9126.186198298958,64973.65,0.1646728515625,0,0
9126.186198298958,64861.46,0.18509210646152496,0,0
9126.186198298958,64820.01,0.2130322903394699,0,0
9126.186198298958,64788.8,0.21032780408859253,0,0
9126.186198298958,64785.0,0.17604775726795197,0,0
9126.186198298958,64801.58,0.1787388026714325,0,0
9126.186198298958,64849.99,0.17245830595493317,0,0
9126.186198298958,64826.14,0.1662358045578003,0,1
9126.186198298958,64824.16,0.16676947474479675,0,1
9126.186198298958,64877.85,0.17921952903270721,0,1
9126.186198298958,64959.86,0.18197432160377502,0,0
9126.186198298958,64950.0,0.16801480948925018,0,0
9126.186198298958,64960.11,0.16908569633960724,0,0
9126.186198298958,65219.78,0.20799492299556732,0,0
9126.186198298958,65260.01,0.2142922282218933,0,0
9126.186198298958,65228.68,0.1796860545873642,0,0
9126.186198298958,65232.14,0.1469341516494751,0,0
9126.186198298958,65198.68,0.14520075917243958,0,0
9126.186198298958,65199.68,0.1417611539363861,0,0
9126.186198298958,65180.66,0.16231802105903625,0,0
9126.186198298958,65137.96,0.17842808365821838,0,0
9126.186198298958,65192.99,0.16592411696910858,0,0
9126.186198298958,65077.13,0.22284089028835297,0,0
9126.186198298958,64901.59,0.20552153885364532,0,0
9126.186198298958,64968.01,0.20738521218299866,0,1
9126.186198298958,65189.99,0.20785968005657196,0,0
9126.186198298958,65099.99,0.18135997653007507,0,0
9126.186198298958,64982.01,0.16876062750816345,0,0
9126.186198298958,65006.73,0.1687944233417511,0,0
9126.186198298958,65134.0,0.16704577207565308,0,0
9126.186198298958,65299.4,0.1838342249393463,0,0
9126.186198298958,65202.73,0.1677776724100113,0,0
9126.186198298958,65245.58,0.15262266993522644,0,0
9126.186198298958,64967.24,0.1699158102273941,0,0
9126.186198298958,65013.06,0.1627771556377411,0,0
9126.186198298958,65125.98,0.1457735300064087,0,0
9126.186198298958,64870.75,0.2140091210603714,0,0
9126.186198298958,64561.98,0.249407097697258,0,0
9126.186198298958,64625.77,0.2460487186908722,0,0
9126.186198298958,64299.99,0.2818269431591034,0,0
9126.186198298958,63904.65,0.3239023685455322,0,0
9126.186198298958,63953.04,0.264014333486557,0,0
9126.186198298958,63889.39,0.23965011537075043,0,0
9126.186198298958,64045.7,0.23132824897766113,0,0
9126.186198298958,64158.5,0.20386387407779694,0,0
9126.186198298958,63987.0,0.20031896233558655,0,0
9126.186198298958,64016.0,0.17609991133213043,0,0
9126.186198298958,63970.01,0.18070559203624725,0,0
9126.186198298958,64040.0,0.22872132062911987,0,0
9126.186198298958,64060.8,0.1927224099636078,0,0
9126.186198298958,64044.59,0.16248555481433868,0,0
9126.186198298958,64155.01,0.20228441059589386,0,0
9126.186198298958,64023.51,0.19356641173362732,0,0
9126.186198298958,64000.0,0.15212637186050415,0,1
9126.186198298958,63969.28,0.22561736404895782,0,1
9126.186198298958,64065.99,0.2155851125717163,0,0
9126.186198298958,64136.41,0.15536530315876007,0,0
9126.186198298958,64300.0,0.21928410232067108,0,0
9126.186198298958,64233.23,0.15303382277488708,0,0
9126.186198298958,64389.57,0.18999145925045013,0,0
9126.186198298958,64330.01,0.17924125492572784,0,0
9126.186198298958,64200.28,0.1659322828054428,0,0
9126.186198298958,63770.03,0.2547110319137573,0,0
9126.186198298958,63609.87,0.26837819814682007,0,0
9126.186198298958,63512.59,0.22892263531684875,0,0
9126.186198298958,63607.88,0.22464783489704132,0,0
9126.186198298958,63373.07,0.255064994096756,0,1
9126.186198298958,63536.0,0.2376251518726349,0,0
9126.186198298958,63740.0,0.22190351784229279,0,0
9126.186198298958,63672.73,0.19922572374343872,0,0
9126.186198298958,63668.49,0.18017823994159698,0,0
9126.186198298958,63600.0,0.17386306822299957,0,0
9126.186198298958,63742.07,0.198869526386261,0,0
9126.186198298958,63813.8,0.21687036752700806,0,0
9126.186198298958,63749.76,0.22203385829925537,0,0
9126.186198298958,63835.59,0.2034052312374115,0,0
9126.186198298958,63769.58,0.2126334309577942,0,1
9126.186198298958,63849.94,0.19971269369125366,0,1
9126.186198298958,63711.97,0.23597364127635956,0,1
9126.186198298958,63837.99,0.22092653810977936,0,0
9126.186198298958,63794.94,0.15257856249809265,0,0
9126.186198298958,64108.81,0.24401699006557465,0,0
9126.186198298958,64143.36,0.23024919629096985,0,0
9126.186198298958,64240.04,0.2733343541622162,0,0
9126.186198298958,64119.71,0.25529709458351135,0,0
9126.186198298958,63840.0,0.2427874356508255,0,0
9126.186198298958,63363.39,0.2987181544303894,0,0
9126.186198298958,63441.47,0.25894632935523987,0,0
9126.186198298958,63492.12,0.23187164962291718,0,0
9126.186198298958,63471.0,0.20530715584754944,0,0
9126.186198298958,63386.59,0.21596363186836243,0,0
9126.186198298958,63421.11,0.21719788014888763,0,0
9126.186198298958,63599.99,0.21465325355529785,0,0
9126.186198298958,63469.83,0.22026968002319336,0,0
9126.186198298958,63432.28,0.19888314604759216,0,0
9126.186198298958,63479.99,0.1961987465620041,0,1
9126.186198298958,63556.92,0.23876869678497314,0,1
9126.186198298958,63456.11,0.23861034214496613,0,1
9126.186198298958,63550.01,0.2246597707271576,0,0
9126.186198298958,63646.99,0.21983098983764648,0,0
9126.186198298958,63693.74,0.19587573409080505,0,0
9126.186198298958,63878.0,0.24076364934444427,0,0
9126.186198298958,63942.35,0.22001415491104126,0,0
9126.186198298958,63865.84,0.1965610533952713,0,0
9126.186198298958,63766.8,0.2167932093143463,0,0
9126.186198298958,63782.64,0.21276764571666718,0,0
9126.186198298958,63651.19,0.20524460077285767,0,0
9126.186198298958,63484.3,0.21136587858200073,0,0
9126.186198298958,63697.76,0.20276705920696259,0,0
9126.186198298958,63724.0,0.2092183530330658,0,0
9126.186198298958,63859.45,0.2111978977918625,0,0
9126.186198298958,63420.01,0.24944986402988434,0,0
9126.186198298958,63160.13,0.2593235373497009,0,1
9126.186198298958,63144.38,0.23305076360702515,0,1
9126.186198298958,63310.0,0.24256926774978638,0,0
9126.186198298958,63407.99,0.2240506261587143,0,0
9126.186198298958,63415.55,0.22041016817092896,0,0
9126.186198298958,63474.0,0.1769346296787262,0,0
9126.186198298958,63530.01,0.2166849970817566,0,0
9126.186198298958,63490.86,0.1999180167913437,0,0
9126.186198298958,63541.45,0.1999180167913437,0,0
9126.186198298958,63575.86,0.18928755819797516,0,0
9126.186198298958,63465.39,0.20522817969322205,0,0
9126.186198298958,63310.0,0.22406521439552307,0,0
9126.186198298958,63372.56,0.22200819849967957,0,0
9126.186198298958,63379.83,0.16468791663646698,0,0
9126.186198298958,62974.14,0.30648544430732727,0,0
9126.186198298958,62920.78,0.2375771552324295,0,0
9126.186198298958,62940.01,0.256488561630249,0,0
9126.186198298958,62792.75,0.23305743932724,0,0
9126.186198298958,62814.14,0.22806528210639954,0,1
9126.186198298958,62868.83,0.20097921788692474,0,0
9126.186198298958,62741.69,0.20921772718429565,0,0
9126.186198298958,62668.0,0.22010785341262817,0,0
9126.186198298958,62620.01,0.23453648388385773,0,0
9126.186198298958,62990.95,0.24867819249629974,0,0
9126.186198298958,63133.48,0.24293303489685059,0,0
9126.186198298958,63013.69,0.2416604906320572,0,0
9126.186198298958,62930.01,0.22216136753559113,0,0
9126.186198298958,62968.05,0.2278054803609848,0,0
9126.186198298958,62907.59,0.18658120930194855,0,0
9126.186198298958,62928.49,0.15289391577243805,0,0
9126.186198298958,62886.88,0.19466130435466766,0,0
9126.186198298958,63043.56,0.20643119513988495,0,0
9126.186198298958,63019.88,0.14520953595638275,0,0
9126.186198298958,63045.13,0.1499527245759964,0,0
9126.186198298958,63134.41,0.1323116570711136,0,0
9126.186198298958,63051.25,0.15521477162837982,0,0
9126.186198298958,63122.0,0.13246160745620728,0,0
9126.186198298958,63089.0,0.1462901085615158,0,0
9126.186198298958,63114.68,0.16048341989517212,0,0
9126.186198298958,63075.43,0.14890176057815552,0,0
9126.186198298958,62935.72,0.1656237691640854,0,0
9126.186198298958,63030.38,0.15446549654006958,0,0
9126.186198298958,63046.1,0.12546807527542114,0,0
9126.186198298958,63022.01,0.1364828646183014,0,0
9126.186198298958,63050.13,0.15764831006526947,0,0
9126.186198298958,63060.35,0.16924770176410675,0,0
9126.186198298958,63040.0,0.17849647998809814,0,0
9126.186198298958,63100.55,0.18972794711589813,0,0
9126.186198298958,63096.63,0.21356865763664246,0,0
9126.186198298958,63070.5,0.2065577208995819,0,0
9126.186198298958,63057.58,0.18064720928668976,0,0
9126.186198298958,63126.08,0.1727321296930313,0,0
9126.186198298958,63103.29,0.1301289200782776,0,0
9126.186198298958,63159.04,0.14479078352451324,0,0
9126.186198298958,63135.52,0.1288849264383316,0,0
9126.186198298958,63086.01,0.1596701592206955,0,0
9126.186198298958,63085.82,0.12887275218963623,0,0
9126.186198298958,63084.78,0.15683534741401672,0,0
9126.186198298958,63121.91,0.17842017114162445,0,0
9126.186198298958,63130.0,0.13189011812210083,0,0
9126.186198298958,63090.01,0.15824143588542938,0,0
9126.186198298958,63069.43,0.1630835384130478,0,0
9126.186198298958,63069.31,0.1630835384130478,0,0
9126.186198298958,63061.02,0.15683534741401672,0,0
9126.186198298958,63072.42,0.13189011812210083,0,0
9126.186198298958,62992.69,0.17878153920173645,0,0
9126.186198298958,63008.57,0.16131813824176788,0,0
9126.186198298958,63013.66,0.1662358045578003,0,0
9126.186198298958,63021.98,0.15534204244613647,0,0
9126.186198298958,63060.01,0.16131813824176788,0,0
9126.186198298958,63102.85,0.1376170516014099,0,0
9126.186198298958,63146.39,0.17166344821453094,0,0
9126.186198298958,63260.01,0.18045079708099365,0,0
9126.186198298958,63159.3,0.17035923898220062,0,0
9126.186198298958,63140.06,0.13310787081718445,0,0
9126.186198298958,63108.81,0.16561472415924072,0,0
9126.186198298958,63067.79,0.15661229193210602,0,1
9126.186198298958,62929.61,0.17817124724388123,0,1
9126.186198298958,62913.7,0.19028621912002563,0,1
9126.186198298958,62900.0,0.1928369104862213,0,1
9126.186198298958,62917.54,0.2116839438676834,0,1
9126.186198298958,63116.12,0.20436352491378784,0,1
9126.186198298958,63403.34,0.2246183156967163,0,0
9126.186198298958,63429.21,0.23570217192173004,0,0
9126.186198298958,63532.44,0.2784011662006378,0,0
9126.186198298958,63520.18,0.2377852201461792,0,0
9126.186198298958,63667.99,0.23245956003665924,0,0
9126.186198298958,63514.45,0.22353141009807587,0,0
9126.186198298958,63380.84,0.21486733853816986,0,1
9126.186198298958,63323.96,0.19683663547039032,0,1
9126.186198298958,63692.21,0.2542198598384857,0,1
9126.186198298958,63631.1,0.24384266138076782,0,1
9126.186198298958,63554.69,0.243613138794899,0,1
9126.186198298958,63672.36,0.24356529116630554,0,1
9126.186198298958,63902.63,0.24435646831989288,0,1
9126.186198298958,64200.0,0.2769547998905182,0,0
9126.186198298958,64115.76,0.2523111402988434,0,0
9126.186198298958,64325.99,0.28867220878601074,0,0
9126.186198298958,64428.87,0.2546257972717285,0,0
9126.186198298958,64309.96,0.21344810724258423,0,0
9126.186198298958,64392.73,0.20786570012569427,0,0
9126.186198298958,64382.02,0.18504352867603302,0,0
9126.186198298958,64291.25,0.20793430507183075,0,0
9126.186198298958,64532.1,0.24153932929039001,0,0
9126.186198298958,64383.71,0.22289064526557922,0,0
9126.186198298958,64200.06,0.21781639754772186,0,0
9126.186198298958,64103.22,0.2201610505580902,0,0
9126.186198298958,64185.01,0.20767353475093842,0,0
9126.186198298958,64210.32,0.22573862969875336,0,0
9126.186198298958,64242.76,0.22171048820018768,0,0
9126.186198298958,64318.03,0.2364726960659027,0,0
9126.186198298958,64198.97,0.21231907606124878,0,0
9126.186198298958,64296.02,0.22621241211891174,0,1
9126.186198298958,64171.95,0.1655677706003189,0,1
9126.186198298958,64202.8,0.16222240030765533,0,1
9126.186198298958,64351.19,0.17157885432243347,0,0
9126.186198298958,64230.02,0.1532697081565857,0,1
9126.186198298958,64219.99,0.17378495633602142,0,1
9126.186198298958,64714.16,0.2448354810476303,0,0
9126.186198298958,64855.06,0.2581106126308441,0,0
9126.186198298958,64840.0,0.2672635614871979,0,0
9126.186198298958,64670.02,0.23327556252479553,0,0
9126.186198298958,64772.0,0.21208246052265167,0,0
9126.186198298958,64643.26,0.19284172356128693,0,0
9126.186198298958,64582.39,0.1654358208179474,0,0
9126.186198298958,64604.58,0.1681254506111145,0,0
9126.186198298958,64634.0,0.17134226858615875,0,0
9126.186198298958,64725.42,0.19251485168933868,0,0
9126.186198298958,64488.0,0.22701585292816162,0,0
9126.186198298958,64400.48,0.2130908966064453,0,0
9126.186198298958,64351.9,0.20727285742759705,0,0
9126.186198298958,64330.71,0.19972066581249237,0,0
9126.186198298958,64316.22,0.2058960348367691,0,0
9126.186198298958,64236.01,0.21394456923007965,0,0
9126.186198298958,64339.8,0.22072835266590118,0,1
9126.186198298958,64296.0,0.20252996683120728,0,1
9126.186198298958,64413.95,0.22204641997814178,0,1
9126.186198298958,64427.06,0.18581189215183258,0,1
9126.186198298958,64456.71,0.18281032145023346,0,1
9126.186198298958,64515.63,0.1804550439119339,0,1
9126.186198298958,64882.15,0.24140840768814087,0,1
9126.186198298958,65012.12,0.24546685814857483,0,1
9126.186198298958,65923.21,0.32653677463531494,0,1
9126.186198298958,68554.0,0.35491418838500977,0,1
9126.186198298958,68465.27,0.33164215087890625,0,1
9126.186198298958,68197.29,0.31880226731300354,0,1
9126.186198298958,68395.99,0.31389540433883667,0,1
9126.186198298958,68429.44,0.32907935976982117,0,1
9126.186198298958,69048.06,0.3278117775917053,0,0
9126.186198298958,69709.46,0.31994661688804626,0,0
9126.186198298958,69258.9,0.31998327374458313,0,0
9126.186198298958,69334.79,0.31070998311042786,0,0
9126.186198298958,69420.0,0.3177237808704376,0,1
9126.186198298958,69721.92,0.30807510018348694,0,0
9126.186198298958,69301.27,0.32825788855552673,0,1
9126.186198298958,69195.64,0.31630849838256836,0,1
9126.186198298958,69492.01,0.30732566118240356,0,1
9126.186198298958,69406.54,0.29790446162223816,0,1
9126.186198298958,69851.99,0.31733810901641846,0,1
9126.186198298958,69816.45,0.3249783515930176,0,1
9126.186198298958,71592.1,0.36453089118003845,0,0
9126.186198298958,71789.97,0.3303144872188568,0,1
9126.186198298958,71995.99,0.35041093826293945,0,1
9126.186198298958,71927.07,0.31451278924942017,0,1
9126.186198298958,71952.04,0.3146360218524933,0,1
9126.186198298958,71691.99,0.3399670422077179,0,1
9126.186198298958,71826.85,0.32771065831184387,0,1
9126.186198298958,72470.83,0.3461364805698395,0,0
9126.186198298958,72837.15,0.33377015590667725,0,0
9126.186198298958,72737.5,0.3072550594806671,0,0
9126.186198298958,72431.36,0.30536770820617676,0,1
9126.186198298958,72690.76,0.304997056722641,0,1
9126.186198298958,72671.75,0.301944762468338,0,1
9126.186198298958,72741.81,0.28155574202537537,0,1
9126.186198298958,72676.22,0.29382190108299255,0,1
9126.186198298958,73025.15,0.33325842022895813,0,1
9126.186198298958,73708.02,0.3321281373500824,0,1
9126.186198298958,75129.23,0.3699052631855011,0,1
9126.186198298958,74439.74,0.3526995778083801,0,1
9126.186198298958,74510.77,0.34571245312690735,0,1
9126.186198298958,75026.0,0.32519176602363586,0,1
9126.186198298958,75472.73,0.32391485571861267,0,1
9126.186198298958,75646.21,0.34053489565849304,0,1
9126.186198298958,76308.65,0.3635685443878174,0,1
9126.186198298958,79258.03,0.34408363699913025,0,0
9126.186198298958,77910.71,0.34631654620170593,0,0
9126.186198298958,77810.02,0.3133055567741394,0,0
9126.186198298958,76722.32,0.3563551902770996,0,1
9126.186198298958,77223.66,0.31345877051353455,0,0
9126.186198298958,77266.87,0.33971935510635376,0,0
9126.186198298958,77384.68,0.3165516257286072,0,0
9126.186198298958,77221.98,0.31458431482315063,0,1
9126.186198298958,77486.01,0.30489736795425415,0,1
9126.186198298958,77392.68,0.32162943482398987,0,1
9126.186198298958,77146.0,0.33221933245658875,0,1
9126.186198298958,77028.94,0.31059330701828003,0,1
9126.186198298958,77520.19,0.30659839510917664,0,1
9126.186198298958,78505.15,0.31160348653793335,0,0
9126.186198298958,78460.14,0.3062940835952759,0,0
9126.186198298958,78338.03,0.29687878489494324,0,0
9126.186198298958,77953.3,0.3250353932380676,0,0
9126.186198298958,77830.01,0.2879706025123596,0,0
9126.186198298958,78470.0,0.3097420632839203,0,0
9126.186198298958,78410.98,0.2932746708393097,0,0
9126.186198298958,78470.0,0.28292521834373474,0,0
9126.186198298958,77380.75,0.3584359288215637,0,0
9126.186198298958,77486.09,0.3062891960144043,0,0
9126.186198298958,77289.18,0.28476211428642273,0,0
9126.186198298958,77210.55,0.3119446337223053,0,0
9126.186198298958,77061.99,0.3513677418231964,0,0
9126.186198298958,76976.0,0.37524285912513733,0,0
9126.186198298958,77130.02,0.28073811531066895,0,0
9126.186198298958,77300.27,0.2819608449935913,0,0
9126.186198298958,77288.62,0.2355518937110901,0,0
9126.186198298958,77003.62,0.2970380187034607,0,0
9126.186198298958,76978.83,0.2534131407737732,0,0
9126.186198298958,77288.01,0.29206138849258423,0,0
9126.186198298958,77278.01,0.2676740884780884,0,0
9126.186198298958,77257.86,0.24272848665714264,0,0
9126.186198298958,77418.25,0.23294001817703247,0,0
9126.186198298958,77311.69,0.23635117709636688,0,0
9126.186198298958,76856.01,0.30818042159080505,0,0
9126.186198298958,76997.76,0.3338773548603058,0,0
9126.186198298958,77074.93,0.2839861810207367,0,0
9126.186198298958,77302.65,0.30660954117774963,0,0
9126.186198298958,77190.29,0.24489523470401764,0,0
9126.186198298958,77079.46,0.2318001687526703,0,0
9126.186198298958,76927.87,0.2835245430469513,0,0
9126.186198298958,76602.0,0.3022695481777191,0,0
9126.186198298958,76053.37,0.3674803376197815,0,1
9126.186198298958,76096.95,0.33632028102874756,0,1
9126.186198298958,76007.13,0.32643720507621765,0,1
9126.186198298958,76486.49,0.3351023495197296,0,1
9126.186198298958,76549.98,0.26123061776161194,0,1
9126.186198298958,76790.35,0.2981332838535309,0,1
9126.186198298958,77311.02,0.3192148804664612,0,0
9126.186198298958,77206.0,0.29858770966529846,0,0
9126.186198298958,77487.62,0.2996867895126343,0,0
9126.186198298958,77186.0,0.3369729816913605,0,0
9126.186198298958,77156.13,0.2990449368953705,0,1
9126.186198298958,77429.88,0.25717470049858093,0,0
9126.186198298958,77176.41,0.2944459915161133,0,1
9126.186198298958,77341.98,0.31124454736709595,0,0
9126.186198298958,77346.01,0.23593492805957794,0,0
9126.186198298958,77401.6,0.23066076636314392,0,0
9126.186198298958,77833.23,0.3325256407260895,0,0
9126.186198298958,77598.88,0.30491265654563904,0,0
9126.186198298958,77734.0,0.3062796890735626,0,0
9126.186198298958,77679.5,0.3055528998374939,0,0
9126.186198298958,76922.1,0.34392479062080383,0,1
9126.186198298958,77478.69,0.30964192748069763,0,0
9126.186198298958,76933.02,0.32161569595336914,0,1
9126.186198298958,76897.44,0.29160308837890625,0,1
9126.186198298958,77149.4,0.2978428900241852,0,1
9126.186198298958,77464.33,0.2943580150604248,0,1
9126.186198298958,77307.15,0.27711403369903564,0,1
9126.186198298958,77041.47,0.2868684232234955,0,1
9126.186198298958,77554.08,0.28991949558258057,0,1
9126.186198298958,77617.22,0.2978399693965912,0,1
9126.186198298958,78443.65,0.3339698612689972,0,0
9126.186198298958,79159.99,0.3738355040550232,0,0
9126.186198298958,78597.99,0.3744405210018158,0,0
9126.186198298958,79510.92,0.3568003177642822,0,0
9126.186198298958,79100.01,0.373073548078537,0,0
9126.186198298958,79047.6,0.3411687910556793,0,0
9126.186198298958,78761.14,0.3219318389892578,0,0
9126.186198298958,78928.35,0.2895034849643707,0,1
9126.186198298958,78758.0,0.30854788422584534,0,1
9126.186198298958,78932.33,0.2807469666004181,0,1
9126.186198298958,78984.23,0.23498499393463135,0,1
9126.186198298958,78740.0,0.26780056953430176,0,1
9126.186198298958,78992.75,0.2622089684009552,0,1
9126.186198298958,79739.99,0.3348280191421509,0,1
9126.186198298958,79828.0,0.3052273988723755,0,0
9126.186198298958,80649.63,0.37774837017059326,0,0
9126.186198298958,80488.01,0.3149080276489258,0,0
9126.186198298958,80363.73,0.30049222707748413,0,0
9126.186198298958,80731.9,0.3094460368156433,0,0
9126.186198298958,80574.09,0.2946808636188507,0,0
9126.186198298958,79705.79,0.3462708592414856,0,0
9126.186198298958,79930.77,0.3039487600326538,0,0
9126.186198298958,79187.2,0.3165859878063202,0,0
9126.186198298958,79309.63,0.276859313249588,0,0
9126.186198298958,79117.99,0.27278265357017517,0,0
9126.186198298958,78980.0,0.3014199435710907,0,0
9126.186198298958,78647.99,0.31676915287971497,0,0
9126.186198298958,79235.99,0.3174622356891632,0,0
9126.186198298958,79502.01,0.2865487337112427,0,0
9126.186198298958,79156.02,0.2935516834259033,0,0
9126.186198298958,79240.01,0.284736305475235,0,0
9126.186198298958,79128.0,0.26764076948165894,0,0
9126.186198298958,78925.95,0.2943066358566284,0,0
9126.186198298958,78206.13,0.3549252152442932,0,1
9126.186198298958,78570.0,0.3144211769104004,0,1
9126.186198298958,78889.51,0.28146976232528687,0,0
9126.186198298958,78539.14,0.3106861114501953,0,1
9126.186198298958,78631.79,0.32347309589385986,0,0
9126.186198298958,78815.13,0.31570371985435486,0,0
9126.186198298958,79108.0,0.31801465153694153,0,0
9126.186198298958,79088.62,0.2917899191379547,0,0
9126.186198298958,78826.0,0.30315494537353516,0,0
9126.186198298958,79085.98,0.2930038571357727,0,0
9126.186198298958,78947.92,0.29338136315345764,0,0
9126.186198298958,78925.56,0.2856588363647461,0,0
9126.186198298958,78707.59,0.3245093822479248,0,0
9126.186198298958,78444.49,0.31264573335647583,0,0
9126.186198298958,78727.45,0.2845250368118286,0,0
9126.186198298958,78487.26,0.29231515526771545,0,0
9126.186198298958,78319.59,0.3187417685985565,0,0
9126.186198298958,78448.66,0.2978377044200897,0,0
9126.186198298958,77790.48,0.36094993352890015,0,1
9126.186198298958,78011.65,0.30599245429039,0,1
9126.186198298958,77991.3,0.3211016356945038,0,1
9126.186198298958,78442.83,0.29539963603019714,0,1
9126.186198298958,78472.41,0.2775934040546417,0,0
9126.186198298958,78475.49,0.256125271320343,0,1
9126.186198298958,78452.04,0.2580597400665283,0,0
9126.186198298958,78724.01,0.25187766551971436,0,0
9126.186198298958,78700.0,0.25193700194358826,0,0
9126.186198298958,79023.75,0.26419562101364136,0,0
9126.186198298958,78690.01,0.24950192868709564,0,0
9126.186198298958,78898.67,0.2535550892353058,0,0
9126.186198298958,78717.76,0.230971097946167,0,1
9126.186198298958,78830.68,0.2394370436668396,0,1
9126.186198298958,78783.99,0.1888957917690277,0,1
9126.186198298958,78912.55,0.2400842159986496,0,1
9126.186198298958,78817.49,0.2401113510131836,0,1
9126.186198298958,79082.17,0.23650726675987244,0,1
9126.186198298958,79755.99,0.2972539961338043,0,1
9126.186198298958,79986.0,0.293369859457016,0,0
9126.186198298958,79626.0,0.2892908751964569,0,1
9126.186198298958,79477.67,0.27977487444877625,0,1
9126.186198298958,79282.31,0.25785908102989197,0,1
9126.186198298958,79533.15,0.29005175828933716,0,0
9126.186198298958,80204.05,0.2943861782550812,0,0
9126.186198298958,80302.32,0.2912342846393585,0,0
9126.186198298958,80374.0,0.26469001173973083,0,0
9126.186198298958,80442.46,0.2861475944519043,0,0
9126.186198298958,80150.69,0.26005658507347107,0,1
9126.186198298958,79910.19,0.24844752252101898,0,1
9126.186198298958,80096.0,0.19987432658672333,0,0
9126.186198298958,80184.0,0.19987432658672333,0,0
9126.186198298958,80303.21,0.2311692237854004,0,0
9126.186198298958,80249.58,0.196254700422287,0,0
9126.186198298958,80576.0,0.2557501494884491,0,0
9126.186198298958,80500.38,0.28965356945991516,0,0
9126.186198298958,79926.11,0.28857719898223877,0,0
9126.186198298958,79810.49,0.237357035279274,0,0
9126.186198298958,79643.81,0.24728277325630188,0,0
9126.186198298958,79686.0,0.21691356599330902,0,0
9126.186198298958,79904.21,0.2375650405883789,0,0
9126.186198298958,79660.0,0.2565770149230957,0,0
9126.186198298958,79516.78,0.24486492574214935,0,0
9126.186198298958,79285.19,0.2387244999408722,0,0
9126.186198298958,79565.89,0.2648638188838959,0,0
9126.186198298958,79604.13,0.2241210788488388,0,0
9126.186198298958,79421.05,0.23986876010894775,0,0
9126.186198298958,79330.75,0.2770829200744629,0,0
9126.186198298958,79542.44,0.3018490970134735,0,0
9126.186198298958,78331.13,0.35296788811683655,0,0
9126.186198298958,77788.46,0.365287721157074,0,0
9126.186198298958,77904.0,0.3434455990791321,0,0
9126.186198298958,77554.0,0.34677407145500183,0,0
9126.186198298958,77580.03,0.28253766894340515,0,0
9126.186198298958,77407.34,0.2520486116409302,0,0
9126.186198298958,77364.0,0.22074967622756958,0,0
9126.186198298958,77758.69,0.2634480893611908,0,0
9126.186198298958,77845.87,0.2576105296611786,0,0
9126.186198298958,77733.63,0.22078700363636017,0,0
9126.186198298958,77794.11,0.2122357040643692,0,0
9126.186198298958,77671.18,0.2134696990251541,0,0
9126.186198298958,77507.17,0.2073739916086197,0,0
9126.186198298958,77648.91,0.17322798073291779,0,0
9126.186198298958,77632.53,0.1489676684141159,0,0
9126.186198298958,77466.82,0.19698691368103027,0,0
9126.186198298958,77626.01,0.2676876187324524,0,0
9126.186198298958,77633.99,0.16513486206531525,0,0
9126.186198298958,77650.03,0.18231254816055298,0,0
9126.186198298958,77635.17,0.19315069913864136,0,1
9126.186198298958,77584.67,0.15503573417663574,0,1
9126.186198298958,77583.74,0.1399599015712738,0,1
9126.186198298958,77704.32,0.12524987757205963,0,1
9126.186198298958,78014.37,0.20979517698287964,0,0
9126.186198298958,77865.36,0.15429480373859406,0,0
9126.186198298958,78027.17,0.15833240747451782,0,0
9126.186198298958,78100.0,0.17633576691150665,0,0
9126.186198298958,78158.01,0.17960979044437408,0,0
9126.186198298958,78182.0,0.17839999496936798,0,0
9126.186198298958,78129.92,0.15342961251735687,0,0
9126.186198298958,78161.63,0.1450541615486145,0,0
9126.186198298958,78228.34,0.16496384143829346,0,0
9126.186198298958,78230.0,0.16046565771102905,0,0
9126.186198298958,78179.86,0.1714400202035904,0,0
9126.186198298958,78081.5,0.20145338773727417,0,0
9126.186198298958,78106.01,0.15214577317237854,0,0
9126.186198298958,78144.68,0.1655438095331192,0,0
9126.186198298958,78109.75,0.19493137300014496,0,0
9126.186198298958,78127.71,0.15432776510715485,0,0
9126.186198298958,78280.34,0.19219374656677246,0,1
9126.186198298958,78118.0,0.15693973004817963,0,1
9126.186198298958,78074.01,0.1596689522266388,0,1
9126.186198298958,78000.01,0.153456449508667,0,1
9126.186198298958,78145.29,0.1595819741487503,0,1
9126.186198298958,78166.0,0.17268241941928864,0,1
9126.186198298958,78785.06,0.21682342886924744,0,0
9126.186198298958,78860.0,0.22151817381381989,0,0
9126.186198298958,78783.71,0.25269556045532227,0,0
9126.186198298958,78823.63,0.23712827265262604,0,0
9126.186198298958,79337.93,0.2761307954788208,0,0
9126.186198298958,79021.02,0.28943967819213867,0,0
9126.186198298958,79036.69,0.25389668345451355,0,0
9126.186198298958,78856.39,0.25106751918792725,0,0
9126.186198298958,78597.33,0.2691591680049896,0,0
9126.186198298958,78653.0,0.277618944644928,0,0
9126.186198298958,78422.01,0.27485889196395874,0,0
9126.186198298958,77682.0,0.3018116056919098,0,0
9126.186198298958,77937.04,0.28945618867874146,0,0
9126.186198298958,77640.94,0.2651612162590027,0,1
9126.186198298958,77473.99,0.2976163923740387,0,1
9126.186198298958,77756.71,0.2652597427368164,0,1
9126.186198298958,77622.28,0.25601959228515625,0,1
9126.186198298958,78016.0,0.2738455832004547,0,0
9126.186198298958,78093.87,0.25697460770606995,0,0
9126.186198298958,78196.01,0.25205907225608826,0,0
9126.186198298958,78480.8,0.28821998834609985,0,0
9126.186198298958,78511.03,0.2607859969139099,0,0
9126.186198298958,78710.01,0.25323835015296936,0,0
9126.186198298958,78315.43,0.25243210792541504,0,1
9126.186198298958,77930.39,0.3293127715587616,0,1
9126.186198298958,77867.39,0.31008684635162354,0,1
9126.186198298958,78600.14,0.2903231978416443,0,0
9126.186198298958,78580.42,0.2840753197669983,0,0
9126.186198298958,78639.57,0.26604196429252625,0,0
9126.186198298958,78897.36,0.26476216316223145,0,0
9126.186198298958,79016.0,0.24675996601581573,0,0
9126.186198298958,78898.06,0.24419064819812775,0,0
9126.186198298958,78864.72,0.24419064819812775,0,0
9126.186198298958,78964.32,0.2462363839149475,0,0
9126.186198298958,78593.15,0.24866800010204315,0,0
9126.186198298958,78581.29,0.21914246678352356,0,1
9126.186198298958,78652.0,0.25207820534706116,0,0
9126.186198298958,78410.62,0.24207890033721924,0,0
9126.186198298958,78449.99,0.23356477916240692,0,0
9126.186198298958,78679.01,0.2630419135093689,0,0
9126.186198298958,78727.11,0.23996175825595856,0,0
9126.186198298958,79179.99,0.2637900412082672,0,0
9126.186198298958,78745.39,0.24893896281719208,0,0
9126.186198298958,78632.37,0.2379699945449829,0,0
9126.186198298958,77883.28,0.32708218693733215,0,0
9126.186198298958,77915.0,0.24328970909118652,0,0
9126.186198298958,78029.67,0.2685794532299042,0,0
9126.186198298958,78098.97,0.2433752715587616,0,0
9126.186198298958,78004.0,0.24246269464492798,0,0
9126.186198298958,78071.99,0.28489431738853455,0,0
9126.186198298958,78167.99,0.25996163487434387,0,0
9126.186198298958,77919.06,0.2833923101425171,0,0
9126.186198298958,77596.01,0.3191964626312256,0,0
9126.186198298958,77265.79,0.3301958739757538,0,0
9126.186198298958,77153.9,0.3247935175895691,0,0
9126.186198298958,77312.0,0.2525416910648346,0,0
9126.186198298958,77448.45,0.19649726152420044,0,0
9126.186198298958,77211.32,0.2942529022693634,0,0
9126.186198298958,77274.02,0.2546338140964508,0,0
9126.186198298958,77439.0,0.25949352979660034,0,0
9126.186198298958,77213.25,0.2525416910648346,0,1
9126.186198298958,77020.68,0.3098244369029999,0,1
9126.186198298958,77329.2,0.25585922598838806,0,0
9126.186198298958,77563.5,0.30069801211357117,0,0
9126.186198298958,77561.82,0.23600763082504272,0,0
9126.186198298958,77651.07,0.23600763082504272,0,0
9126.186198298958,77611.54,0.21794164180755615,0,0
9126.186198298958,77473.85,0.2373953014612198,0,0
9126.186198298958,76854.11,0.32692959904670715,0,0
9126.186198298958,76752.26,0.32235875725746155,0,1
9126.186198298958,76680.88,0.31989872455596924,0,1
9126.186198298958,76828.76,0.3024066090583801,0,1
9126.186198298958,76613.88,0.3015300929546356,0,1
9126.186198298958,77146.0,0.31194353103637695,0,0
9126.186198298958,77066.42,0.29931309819221497,0,0
9126.186198298958,77288.98,0.30324092507362366,0,0
9126.186198298958,77171.5,0.25903409719467163,0,0
9126.186198298958,77381.66,0.2631467878818512,0,0
9126.186198298958,77377.76,0.23560921847820282,0,0
9126.186198298958,77341.47,0.24368271231651306,0,0
9126.186198298958,77406.01,0.2445986270904541,0,1
9126.186198298958,77284.0,0.2160702645778656,0,1
9126.186198298958,77034.03,0.1926518827676773,0,1
9126.186198298958,77340.01,0.2158428281545639,0,1
9126.186198298958,77068.01,0.24012014269828796,0,1
9126.186198298958,77356.7,0.27295663952827454,0,0
9126.186198298958,77816.01,0.2790074348449707,0,0
9126.186198298958,77708.0,0.23063042759895325,0,0
9126.186198298958,77776.0,0.24418561160564423,0,0
9126.186198298958,77809.91,0.292816162109375,0,0
9126.186198298958,77835.19,0.20822633802890778,0,1
9126.186198298958,77663.15,0.28221604228019714,0,1
9126.186198298958,77843.34,0.24917207658290863,0,1
9126.186198298958,77615.24,0.2435077428817749,0,1
9126.186198298958,77735.88,0.2496904730796814,0,1
9126.186198298958,77948.39,0.2596750855445862,0,1
9126.186198298958,78652.38,0.3008352220058441,0,1
9126.186198298958,78840.52,0.3067028820514679,0,1
9126.186198298958,80549.97,0.3615533113479614,0,1
9126.186198298958,81348.0,0.3498341143131256,0,0
9126.186198298958,80969.37,0.34653913974761963,0,0
9126.186198298958,81042.0,0.3323415517807007,0,0
9126.186198298958,81254.32,0.31669753789901733,0,0
9126.186198298958,81755.41,0.3414786756038666,0,0
9126.186198298958,81473.0,0.31505128741264343,0,0
9126.186198298958,81590.0,0.3412433862686157,0,0
9126.186198298958,81140.0,0.309187114238739,0,0
9126.186198298958,81270.37,0.2577769160270691,0,0
9126.186198298958,80972.12,0.3032974898815155,0,0
9126.186198298958,80968.01,0.2849622964859009,0,0
9126.186198298958,80831.99,0.2555440664291382,0,0
9126.186198298958,80850.0,0.24391920864582062,0,0
9126.186198298958,81070.54,0.27601394057273865,0,0
9126.186198298958,80996.15,0.2512884736061096,0,0
9126.186198298958,80797.39,0.25245633721351624,0,0
9126.186198298958,80656.87,0.28905943036079407,0,0
9126.186198298958,81147.16,0.2829465866088867,0,0
9126.186198298958,81056.63,0.2827000617980957,0,0
9126.186198298958,81179.63,0.2430020272731781,0,0
9126.186198298958,81224.86,0.24823038280010223,0,0
9126.186198298958,79453.96,0.33127114176750183,0,0
9126.186198298958,79378.67,0.3100418746471405,0,1
9126.186198298958,78915.71,0.3436271548271179,0,1
9126.186198298958,79429.33,0.33745434880256653,0,0
9126.186198298958,79745.73,0.3388269245624542,0,0
9126.186198298958,79472.22,0.2693859040737152,0,0
9126.186198298958,79618.15,0.19500617682933807,0,0
9126.186198298958,79793.34,0.22321799397468567,0,0
9126.186198298958,79697.04,0.20454801619052887,0,0
9126.186198298958,79624.0,0.2825906574726105,0,0
9126.186198298958,79636.09,0.19747288525104523,0,0
9126.186198298958,79660.77,0.17389848828315735,0,0
9126.186198298958,79573.36,0.17610394954681396,0,0
9126.186198298958,79533.34,0.17610394954681396,0,0
9126.186198298958,79569.09,0.16817574203014374,0,0
9126.186198298958,79582.0,0.15478749573230743,0,0
9126.186198298958,79500.01,0.15014095604419708,0,0
9126.186198298958,79577.53,0.2166692465543747,0,0
9126.186198298958,79644.01,0.16639107465744019,0,0
9126.186198298958,79709.96,0.13376350700855255,0,0
9126.186198298958,79650.0,0.14517003297805786,0,0
9126.186198298958,79631.28,0.1356908231973648,0,0
9126.186198298958,79618.01,0.12623244524002075,0,1
9126.186198298958,79609.28,0.10847261548042297,0,1
9126.186198298958,79704.14,0.12316203862428665,0,0
9126.186198298958,79613.67,0.14449527859687805,0,0
9126.186198298958,79719.76,0.12483853101730347,0,0
9126.186198298958,79806.01,0.12483853101730347,0,0
9126.186198298958,80042.0,0.1707434356212616,0,0
9126.186198298958,80058.6,0.17576634883880615,0,0
9126.186198298958,79999.98,0.12552297115325928,0,0
9126.186198298958,79754.0,0.15140792727470398,0,0
9126.186198298958,79737.83,0.13293476402759552,0,0
9126.186198298958,79906.02,0.14619630575180054,0,0
9126.186198298958,79783.99,0.14685708284378052,0,0
9126.186198298958,79831.75,0.1497894674539566,0,0
9126.186198298958,79868.0,0.1062898337841034,0,0
9126.186198298958,79951.39,0.15629544854164124,0,0
9126.186198298958,79907.28,0.12788856029510498,0,0
9126.186198298958,80028.01,0.15412886440753937,0,0
9126.186198298958,79866.01,0.13463245332241058,0,0
9126.186198298958,79989.13,0.16334277391433716,0,0
9126.186198298958,79784.65,0.17263953387737274,0,0
9126.186198298958,79805.0,0.16730375587940216,0,0
9126.186198298958,79837.17,0.14363151788711548,0,0
9126.186198298958,79885.77,0.1393508017063141,0,0
9126.186198298958,80003.93,0.13376501202583313,0,0
9126.186198298958,79919.17,0.12917682528495789,0,0
9126.186198298958,79922.04,0.131749227643013,0,0
9126.186198298958,79829.98,0.15974734723567963,0,0
9126.186198298958,79543.06,0.21434816718101501,0,0
9126.186198298958,79716.5,0.1887953132390976,0,0
9126.186198298958,79682.0,0.15601316094398499,0,0
9126.186198298958,79745.34,0.16603566706180573,0,1
9126.186198298958,79955.34,0.1776302605867386,0,0
9126.186198298958,79829.99,0.14552922546863556,0,0
9126.186198298958,79912.0,0.16767996549606323,0,0
9126.186198298958,79944.38,0.15078014135360718,0,0
9126.186198298958,80055.17,0.19041918218135834,0,0
9126.186198298958,80341.83,0.22335059940814972,0,0
9126.186198298958,80160.01,0.19003263115882874,0,0
9126.186198298958,79926.14,0.195713609457016,0,0
9126.186198298958,79874.24,0.2122199833393097,0,0
9126.186198298958,79596.39,0.195713609457016,0,0
9126.186198298958,79724.0,0.17734062671661377,0,0
9126.186198298958,79759.47,0.1946648359298706,0,0
9126.186198298958,79659.27,0.1741129457950592,0,0
9126.186198298958,79397.83,0.2376386970281601,0,0
9126.186198298958,79437.38,0.18575899302959442,0,0
9126.186198298958,79313.85,0.2178671509027481,0,0
9126.186198298958,79360.0,0.1933918446302414,0,0
9126.186198298958,79420.16,0.21462856233119965,0,0
9126.186198298958,79606.84,0.21378441154956818,0,0
9126.186198298958,79352.01,0.235568568110466,0,0
9126.186198298958,79191.95,0.23468658328056335,0,0
9126.186198298958,78821.99,0.27347391843795776,0,0
9126.186198298958,79028.87,0.22492146492004395,0,0
9126.186198298958,79185.73,0.21657969057559967,0,0
9126.186198298958,79196.16,0.20400938391685486,0,0
9126.186198298958,79365.82,0.2122560292482376,0,0
9126.186198298958,79238.0,0.19760948419570923,0,0
9126.186198298958,79164.0,0.14653845131397247,0,0
9126.186198298958,78952.19,0.244858056306839,0,0
9126.186198298958,79112.01,0.2044946700334549,0,0
9126.186198298958,79313.08,0.2291027456521988,0,0
9126.186198298958,79441.99,0.22736060619354248,0,0
9126.186198298958,78930.01,0.2645370662212372,0,0
9126.186198298958,78906.28,0.23754717409610748,0,0
9126.186198298958,78678.71,0.2234896719455719,0,0
9126.186198298958,78578.0,0.251589298248291,0,0
9126.186198298958,78323.59,0.2506082057952881,0,0
9126.186198298958,78482.0,0.26259323954582214,0,0
9126.186198298958,78418.0,0.24864570796489716,0,0
9126.186198298958,78761.99,0.2547093629837036,0,0
9126.186198298958,78568.0,0.2549680173397064,0,0
9126.186198298958,78430.01,0.2443636655807495,0,0
9126.186198298958,78449.99,0.22754982113838196,0,0
9126.186198298958,77961.66,0.325488418340683,0,1
9126.186198298958,78567.52,0.29025861620903015,0,0
9126.186198298958,78904.0,0.2551794648170471,0,0
9126.186198298958,78735.89,0.21863685548305511,0,0
9126.186198298958,78504.38,0.22053812444210052,0,0
9126.186198298958,78436.0,0.26187509298324585,0,0
9126.186198298958,78446.0,0.22569358348846436,0,1
9126.186198298958,78487.99,0.1918293982744217,0,0
9126.186198298958,78492.18,0.189613476395607,0,0
9126.186198298958,78562.44,0.18433012068271637,0,1
9126.186198298958,78455.8,0.15820550918579102,0,1
9126.186198298958,78774.65,0.1756705939769745,0,0
9126.186198298958,78891.5,0.2291630357503891,0,0
9126.186198298958,78726.01,0.18875578045845032,0,1
9126.186198298958,78638.01,0.1596946269273758,0,0
9126.186198298958,79171.5,0.2827933728694916,0,0
9126.186198298958,78923.43,0.2676425576210022,0,1
9126.186198298958,79159.03,0.24124692380428314,0,1
9126.186198298958,79277.43,0.23500652611255646,0,0
9126.186198298958,79698.02,0.2845558226108551,0,0
9126.186198298958,78952.01,0.280064195394516,0,0
9126.186198298958,78920.01,0.24756033718585968,0,0
9126.186198298958,79324.75,0.2799527645111084,0,0
9126.186198298958,79606.14,0.2603684365749359,0,0
9126.186198298958,79140.69,0.28422820568084717,0,0
9126.186198298958,78958.01,0.2778967618942261,0,0
9126.186198298958,78596.7,0.30119580030441284,0,0
9126.186198298958,78804.9,0.2610457241535187,0,0
9126.186198298958,78776.01,0.2251162827014923,0,0
9126.186198298958,78414.42,0.2289607673883438,0,0
9126.186198298958,78234.94,0.25672614574432373,0,0
9126.186198298958,78324.07,0.251887708902359,0,0
9126.186198298958,78145.02,0.24636265635490417,0,0
9126.186198298958,77924.06,0.25949937105178833,0,1
9126.186198298958,78306.43,0.24477209150791168,0,0
9126.186198298958,78180.7,0.2579582631587982,0,0
9126.186198298958,78094.0,0.2812153697013855,0,0
9126.186198298958,78357.86,0.22070521116256714,0,0
9126.186198298958,78328.08,0.2206900268793106,0,0
9126.186198298958,78400.0,0.18750275671482086,0,0
9126.186198298958,78536.71,0.24722549319267273,0,0
9126.186198298958,78416.01,0.24939537048339844,0,0
9126.186198298958,78112.0,0.2801744043827057,0,0
9126.186198298958,78110.0,0.19228951632976532,0,0
9126.186198298958,77992.01,0.2410327047109604,0,0
9126.186198298958,77863.21,0.2277919501066208,0,0
9126.186198298958,77840.8,0.2467365711927414,0,0
9126.186198298958,76896.01,0.33654341101646423,0,0
9126.186198298958,77174.44,0.321880042552948,0,0
9126.186198298958,77412.01,0.31951427459716797,0,0
9126.186198298958,77250.0,0.2633846402168274,0,0
9126.186198298958,77200.01,0.29360467195510864,0,0
9126.186198298958,77328.72,0.2596200108528137,0,0
9126.186198298958,77252.0,0.2259715050458908,0,0
9126.186198298958,77160.83,0.23307867348194122,0,0
9126.186198298958,77268.08,0.19839030504226685,0,0
9126.186198298958,77144.0,0.19839030504226685,0,0
9126.186198298958,76836.45,0.22756259143352509,0,0
9126.186198298958,76568.72,0.26952895522117615,0,1
9126.186198298958,76908.59,0.2556282877922058,0,1
9126.186198298958,76971.43,0.24883396923542023,0,0
9126.186198298958,76838.68,0.20685745775699615,0,1
9126.186198298958,76891.8,0.26269257068634033,0,0
9126.186198298958,77114.01,0.25159308314323425,0,0
9126.186198298958,77252.86,0.22057503461837769,0,0
9126.186198298958,77298.01,0.22784209251403809,0,1
9126.186198298958,77230.7,0.21247443556785583,0,1
9126.186198298958,77364.93,0.22910542786121368,0,1
9126.186198298958,77042.0,0.26111748814582825,0,1
9126.186198298958,76993.25,0.2115650177001953,0,1
9126.186198298958,77036.12,0.22760790586471558,0,1
9126.186198298958,78032.99,0.30024024844169617,0,0
9126.186198298958,79242.56,0.33728933334350586,0,0
9126.186198298958,78798.51,0.3243864178657532,0,0
9126.186198298958,77732.25,0.3493148982524872,0,0
9126.186198298958,77916.0,0.322724312543869,0,0
9126.186198298958,77534.0,0.3520466685295105,0,0
9126.186198298958,77054.0,0.3531065881252289,0,0
9126.186198298958,77286.01,0.3204052150249481,0,0
9126.186198298958,77339.33,0.2890219986438751,0,0
9126.186198298958,77108.01,0.29104432463645935,0,0
9126.186198298958,77150.0,0.2766772210597992,0,0
9126.186198298958,77225.7,0.20006664097309113,0,0
9126.186198298958,77287.43,0.16900908946990967,0,0
9126.186198298958,77272.37,0.16600030660629272,0,0
9126.186198298958,77288.0,0.17069146037101746,0,0
9126.186198298958,77268.09,0.17069146037101746,0,0
9126.186198298958,77222.75,0.1652696281671524,0,0
9126.186198298958,77218.0,0.2111353874206543,0,0
9126.186198298958,77289.73,0.18643853068351746,0,0
9126.186198298958,77269.55,0.16409319639205933,0,0
9126.186198298958,77360.01,0.1582762748003006,0,0
9126.186198298958,77349.44,0.16633257269859314,0,0
9126.186198298958,77332.94,0.1351662278175354,0,0
9126.186198298958,77356.04,0.13216622173786163,0,0
9126.186198298958,77340.0,0.1414051204919815,0,0
9126.186198298958,77366.52,0.1464589238166809,0,0
9126.186198298958,77461.24,0.1376177817583084,0,0
9126.186198298958,77380.37,0.12337920069694519,0,0
9126.186198298958,77358.01,0.11821847409009933,0,0
9126.186198298958,77210.58,0.17063294351100922,0,0
9126.186198298958,77131.0,0.13109688460826874,0,0
9126.186198298958,77114.99,0.14339686930179596,0,0
9126.186198298958,77170.0,0.13590176403522491,0,0
9126.186198298958,77264.01,0.14601567387580872,0,0
9126.186198298958,77232.17,0.12905441224575043,0,0
9126.186198298958,77278.73,0.12543661892414093,0,0
9126.186198298958,77276.02,0.134261354804039,0,0
9126.186198298958,77319.97,0.1452278047800064,0,0
9126.186198298958,77289.96,0.13439646363258362,0,0
9126.186198298958,77192.01,0.13594260811805725,0,0
9126.186198298958,77210.01,0.12828363478183746,0,0
9126.186198298958,77322.01,0.13602600991725922,0,0
9126.186198298958,77122.35,0.19075676798820496,0,0
9126.186198298958,77127.99,0.12969408929347992,0,0
9126.186198298958,76813.71,0.19948865473270416,0,1
9126.186198298958,76808.01,0.20115689933300018,0,0
9126.186198298958,76677.29,0.18552547693252563,0,1
9126.186198298958,76792.32,0.21583491563796997,0,1
9126.186198298958,76763.33,0.16538582742214203,0,1
9126.186198298958,76853.02,0.20869368314743042,0,1
9126.186198298958,77216.01,0.20704297721385956,0,0
9126.186198298958,77134.83,0.2122381627559662,0,0
9126.186198298958,77276.14,0.23541556298732758,0,0
9126.186198298958,77328.94,0.18178227543830872,0,0
9126.186198298958,77338.87,0.17506876587867737,0,0
9126.186198298958,77284.0,0.19044983386993408,0,0
9126.186198298958,77348.01,0.185442253947258,0,0
9126.186198298958,77316.0,0.20032313466072083,0,0
9126.186198298958,76714.0,0.2578263580799103,0,1
9126.186198298958,76842.01,0.234430193901062,0,1
9126.186198298958,76808.0,0.2555845379829407,0,1
9126.186198298958,77118.97,0.27182021737098694,0,1
9126.186198298958,77600.0,0.2899700403213501,0,0
9126.186198298958,77596.33,0.2650495767593384,0,1
9126.186198298958,77681.78,0.24829861521720886,0,0
9126.186198298958,77611.79,0.23952141404151917,0,0
9126.186198298958,77593.15,0.27697813510894775,0,0
9126.186198298958,77892.24,0.2541348338127136,0,0
9126.186198298958,77728.8,0.25676751136779785,0,1
9126.186198298958,78141.57,0.2865801155567169,0,1
9126.186198298958,77906.6,0.23662863671779633,0,1
9126.186198298958,77776.0,0.23662863671779633,0,1
9126.186198298958,77698.01,0.27344173192977905,0,1
9126.186198298958,78168.01,0.29311391711235046,0,1
9126.186198298958,78521.06,0.28639188408851624,0,1
9126.186198298958,78578.02,0.2594412863254547,0,0
9126.186198298958,78769.42,0.29443201422691345,0,0
9126.186198298958,78937.98,0.270038366317749,0,0
9126.186198298958,79226.01,0.32653868198394775,0,0
9126.186198298958,78982.0,0.23467223346233368,0,0
9126.186198298958,79100.0,0.2921766936779022,0,0
9126.186198298958,78757.83,0.25023165345191956,0,0
9126.186198298958,78557.98,0.24270761013031006,0,0
9126.186198298958,78189.21,0.2635897994041443,0,0
9126.186198298958,77952.93,0.2506391406059265,0,0
9126.186198298958,77917.86,0.2487548291683197,0,0
9126.186198298958,77913.72,0.19587264955043793,0,0
9126.186198298958,77676.99,0.22818998992443085,0,0
9126.186198298958,77567.12,0.2417220026254654,0,0
9126.186198298958,77630.0,0.24629434943199158,0,0
9126.186198298958,77286.7,0.26015281677246094,0,0
9126.186198298958,76930.01,0.27389052510261536,0,0
9126.186198298958,77000.01,0.2592456638813019,0,0
9126.186198298958,76984.05,0.23224176466464996,0,0
9126.186198298958,77053.8,0.24631497263908386,0,0
9126.186198298958,76940.01,0.2410581111907959,0,0
9126.186198298958,76957.65,0.24190479516983032,0,0
9126.186198298958,76618.77,0.28133612871170044,0,0
9126.186198298958,75942.01,0.32654663920402527,0,0
9126.186198298958,76512.0,0.3247935175895691,0,0
9126.186198298958,76388.0,0.25685593485832214,0,0
9126.186198298958,76962.0,0.3152635097503662,0,0
9126.186198298958,76000.0,0.3659221827983856,0,0
9126.186198298958,76186.48,0.33059099316596985,0,0
9126.186198298958,75935.24,0.3432909846305847,0,0
9126.186198298958,75453.85,0.36145758628845215,0,0
9126.186198298958,75668.0,0.3480251729488373,0,0
9126.186198298958,75644.48,0.2772858738899231,0,0
9126.186198298958,75772.1,0.2699527442455292,0,0
9126.186198298958,75489.14,0.31195345520973206,0,0
9126.186198298958,75886.35,0.30788764357566833,0,0
9126.186198298958,75824.01,0.27013063430786133,0,0
9126.186198298958,75864.02,0.24126410484313965,0,0
9126.186198298958,75962.01,0.2586095631122589,0,0
9126.186198298958,76030.01,0.22552791237831116,0,0
9126.186198298958,75766.63,0.3042573928833008,0,0
9126.186198298958,75736.01,0.3072824478149414,0,0
9126.186198298958,75993.0,0.2705329954624176,0,0
9126.186198298958,75990.2,0.17235983908176422,0,0
9126.186198298958,76250.0,0.3017593324184418,0,0
9126.186198298958,75967.99,0.3037646412849426,0,0
9126.186198298958,75646.01,0.2484614998102188,0,1
9126.186198298958,75697.82,0.2521112263202667,0,1
9126.186198298958,75788.41,0.22453664243221283,0,0
9126.186198298958,75768.0,0.20552878081798553,0,0
9126.186198298958,75768.01,0.2662244439125061,0,1
9126.186198298958,75632.0,0.2426813244819641,0,1
9126.186198298958,76080.0,0.2646353840827942,0,0
9126.186198298958,76178.34,0.21606427431106567,0,0
9126.186198298958,75976.0,0.1981276422739029,0,1
9126.186198298958,75675.88,0.21158583462238312,0,1
9126.186198298958,76206.01,0.23599134385585785,0,0
9126.186198298958,76342.77,0.26024189591407776,0,0
9126.186198298958,76374.21,0.2713199257850647,0,0
9126.186198298958,76370.01,0.25948449969291687,0,0
9126.186198298958,76441.99,0.1729191243648529,0,0
9126.186198298958,76539.81,0.2272762507200241,0,0
9126.186198298958,76333.88,0.21769611537456512,0,0
9126.186198298958,76477.45,0.21769611537456512,0,0
9126.186198298958,76462.76,0.22537782788276672,0,0
9126.186198298958,76574.63,0.2219560295343399,0,0
9126.186198298958,76468.05,0.22843846678733826,0,0
9126.186198298958,76402.01,0.21609675884246826,0,0
9126.186198298958,76482.0,0.23342075943946838,0,0
9126.186198298958,76736.59,0.27024298906326294,0,0
9126.186198298958,76694.07,0.27790582180023193,0,0
9126.186198298958,76502.46,0.29240724444389343,0,0
9126.186198298958,76780.01,0.24460791051387787,0,0
9126.186198298958,76753.46,0.22392460703849792,0,0
9126.186198298958,76667.86,0.24208953976631165,0,0
9126.186198298958,76575.96,0.18553988635540009,0,0
9126.186198298958,76594.01,0.15382342040538788,0,0
9126.186198298958,76556.01,0.1643868386745453,0,1
9126.186198298958,76415.85,0.17081637680530548,0,1
9126.186198298958,76420.0,0.17712311446666718,0,1
9126.186198298958,76417.01,0.15566863119602203,0,1
9126.186198298958,76590.0,0.1817959100008011,0,1
9126.186198298958,76744.01,0.19490796327590942,0,1
9126.186198298958,76988.3,0.1940639317035675,0,1
9126.186198298958,77383.47,0.27354058623313904,0,1
9126.186198298958,77575.97,0.25943422317504883,0,1
9126.186198298958,77493.8,0.2607579231262207,0,1
9126.186198298958,77604.0,0.2615232467651367,0,1
9126.186198298958,77798.01,0.2615232467651367,0,1
9126.186198298958,78272.15,0.2988307476043701,0,1
9126.186198298958,78212.01,0.2964717447757721,0,1
9126.186198298958,78285.34,0.2675105035305023,0,1
9126.186198298958,78062.0,0.25851646065711975,0,1
9126.186198298958,78043.11,0.23971828818321228,0,1
9126.186198298958,80073.09,0.3579521179199219,0,1
9126.186198298958,80937.83,0.3855277895927429,0,0
9126.186198298958,80725.6,0.38239729404449463,0,1
9126.186198298958,80846.74,0.38577571511268616,0,0
9126.186198298958,81019.0,0.32639196515083313,0,0
9126.186198298958,80938.43,0.33747363090515137,0,1
9126.186198298958,81204.76,0.33033832907676697,0,0
9126.186198298958,81110.01,0.32867133617401123,0,0
9126.186198298958,81238.2,0.28770139813423157,0,0
9126.186198298958,81139.02,0.28804072737693787,0,0
9126.186198298958,80883.87,0.32217779755592346,0,0
9126.186198298958,81668.98,0.36780524253845215,0,0
9126.186198298958,81280.99,0.37839382886886597,0,0
9126.186198298958,81304.72,0.2721237540245056,0,0
9126.186198298958,81136.01,0.23374247550964355,0,0
9126.186198298958,81024.0,0.25272008776664734,0,0
9126.186198298958,81040.01,0.19260169565677643,0,0
9126.186198298958,81052.01,0.2165011763572693,0,0
9126.186198298958,81100.16,0.22284190356731415,0,0
9126.186198298958,81312.01,0.25978928804397583,0,0
9126.186198298958,81325.77,0.24607615172863007,0,0
9126.186198298958,81216.7,0.2078266441822052,0,1
9126.186198298958,81302.63,0.1917237639427185,0,0
9126.186198298958,81330.0,0.19232824444770813,0,0
9126.186198298958,81364.01,0.1886037290096283,0,0
9126.186198298958,81586.01,0.22303469479084015,0,0
9126.186198298958,81636.01,0.2378835678100586,0,0
9126.186198298958,81839.49,0.28492245078086853,0,0
9126.186198298958,81464.01,0.24724531173706055,0,0
9126.186198298958,81428.07,0.20834562182426453,0,0
9126.186198298958,81354.01,0.1823824644088745,0,0
9126.186198298958,81155.33,0.19571523368358612,0,0
9126.186198298958,81100.41,0.20705589652061462,0,0
9126.186198298958,81261.35,0.20592017471790314,0,0
9126.186198298958,81249.99,0.17618365585803986,0,0
9126.186198298958,81293.37,0.16643714904785156,0,0
9126.186198298958,81097.99,0.17758701741695404,0,0
9126.186198298958,80331.52,0.3284165859222412,0,0
9126.186198298958,80486.38,0.26959407329559326,0,0
9126.186198298958,80432.4,0.222869873046875,0,0
9126.186198298958,80494.31,0.22514204680919647,0,0
9126.186198298958,80309.44,0.25215816497802734,0,0
9126.186198298958,80311.61,0.1641291379928589,0,0
9126.186198298958,80264.85,0.22451567649841309,0,1
9126.186198298958,80470.01,0.22364020347595215,0,1
9126.186198298958,80319.58,0.1833895593881607,0,1
9126.186198298958,80493.2,0.22443249821662903,0,1
9126.186198298958,80493.76,0.21889887750148773,0,1
9126.186198298958,80564.57,0.21057040989398956,0,1
9126.186198298958,80682.01,0.2364935576915741,0,1
9126.186198298958,80912.0,0.25623294711112976,0,0
9126.186198298958,81334.01,0.30224737524986267,0,0
9126.186198298958,81147.94,0.2551892101764679,0,0
9126.186198298958,81036.0,0.19896700978279114,0,1
9126.186198298958,81177.32,0.19522611796855927,0,0
9126.186198298958,81091.85,0.16632339358329773,0,0
9126.186198298958,80932.01,0.260232150554657,0,1
9126.186198298958,81222.85,0.2541188597679138,0,0
9126.186198298958,81178.0,0.21966096758842468,0,0
9126.186198298958,81607.72,0.2712676227092743,0,0
9126.186198298958,80996.97,0.30128610134124756,0,1
9126.186198298958,81310.61,0.286213219165802,0,1
9126.186198298958,81425.23,0.25467878580093384,0,1
9126.186198298958,81400.01,0.2526426613330841,0,1
9126.186198298958,81550.0,0.2797761857509613,0,1
9126.186198298958,81639.9,0.2780340015888214,0,1
9126.186198298958,81720.01,0.24391336739063263,0,1
9126.186198298958,83760.0,0.35049688816070557,0,1
9126.186198298958,84653.71,0.41038385033607483,0,1
9126.186198298958,84441.77,0.3703053891658783,0,1
9126.186198298958,84887.19,0.3703053891658783,0,1
9126.186198298958,85323.0,0.3840501308441162,0,1
9126.186198298958,85466.34,0.3669898509979248,0,1
9126.186198298958,85844.14,0.3638054132461548,0,1
9126.186198298958,85927.71,0.36392074823379517,0,1
9126.186198298958,85961.91,0.3617052733898163,0,1
9126.186198298958,85897.21,0.30232369899749756,0,1
9126.186198298958,86051.75,0.33553582429885864,0,0
9126.186198298958,86490.11,0.36003386974334717,0,0
9126.186198298958,87001.68,0.35990220308303833,0,0
9126.186198298958,86588.29,0.30249136686325073,0,0
9126.186198298958,86453.74,0.3018878698348999,0,0
9126.186198298958,86620.0,0.2838171422481537,0,0
9126.186198298958,85890.71,0.33462634682655334,0,0
9126.186198298958,85616.23,0.3174213469028473,0,0
9126.186198298958,85714.9,0.3124169111251831,0,1
9126.186198298958,85692.83,0.25876858830451965,0,1
9126.186198298958,85452.0,0.20956090092658997,0,1
9126.186198298958,85397.37,0.253336101770401,0,1
9126.186198298958,85384.01,0.24691444635391235,0,1
9126.186198298958,85344.0,0.2500465512275696,0,1
9126.186198298958,86223.77,0.2730655074119568,0,0
9126.186198298958,86253.99,0.26499149203300476,0,0
9126.186198298958,85904.0,0.2512287497520447,0,1
9126.186198298958,85986.62,0.2487489879131317,0,1
9126.186198298958,86024.01,0.2725563645362854,0,1
9126.186198298958,86346.01,0.277679443359375,0,0
9126.186198298958,86258.01,0.2736281156539917,0,0
9126.186198298958,86413.12,0.2641805112361908,0,0
9126.186198298958,86421.13,0.27812352776527405,0,0
9126.186198298958,86570.24,0.2659229040145874,0,0
9126.186198298958,86461.44,0.2881627678871155,0,0
9126.186198298958,86192.44,0.29101037979125977,0,0
9126.186198298958,86264.01,0.26995590329170227,0,0
9126.186198298958,86184.01,0.18687470257282257,0,1
9126.186198298958,86124.01,0.2777787148952484,0,1
9126.186198298958,86208.56,0.2942984402179718,0,0
9126.186198298958,86457.3,0.2942984402179718,0,0
9126.186198298958,86370.0,0.2745710611343384,0,0
9126.186198298958,86552.26,0.2908386290073395,0,0
9126.186198298958,86704.27,0.2822451889514923,0,0
9126.186198298958,87166.95,0.27239981293678284,0,0
9126.186198298958,86496.01,0.2779901623725891,0,0
9126.186198298958,86469.66,0.26740583777427673,0,0
9126.186198298958,86124.77,0.29534170031547546,0,0
9126.186198298958,85899.99,0.2951548397541046,0,0
9126.186198298958,85854.33,0.2827450633049011,0,0
9126.186198298958,85923.07,0.28044968843460083,0,0
9126.186198298958,85649.95,0.29286491870880127,0,0
9126.186198298958,85510.91,0.3005940020084381,0,0
9126.186198298958,85792.01,0.3103488087654114,0,0
9126.186198298958,84533.99,0.36278894543647766,0,0
9126.186198298958,83996.01,0.37992021441459656,0,1
9126.186198298958,84038.0,0.3675365746021271,0,1
9126.186198298958,84326.56,0.3506242036819458,0,0
9126.186198298958,84330.0,0.2620341181755066,0,0
9126.186198298958,84518.0,0.28161776065826416,0,0
9126.186198298958,84232.86,0.25159209966659546,0,0
9126.186198298958,84419.48,0.23121918737888336,0,0
9126.186198298958,84563.01,0.25159209966659546,0,0
9126.186198298958,84397.6,0.21811312437057495,0,0
9126.186198298958,84318.0,0.26341208815574646,0,0
9126.186198298958,84104.35,0.2736627459526062,0,0
9126.186198298958,84365.54,0.29044032096862793,0,0
9126.186198298958,83934.01,0.2915036082267761,0,0
9126.186198298958,84046.0,0.20177356898784637,0,0
9126.186198298958,83978.02,0.25960174202919006,0,0
9126.186198298958,84113.99,0.23508013784885406,0,0
9126.186198298958,84524.02,0.3178933262825012,0,0
9126.186198298958,83660.0,0.3275662660598755,0,0
9126.186198298958,83263.95,0.3357572853565216,0,1
9126.186198298958,83512.2,0.28265470266342163,0,1
9126.186198298958,83494.58,0.2473817765712738,0,1
9126.186198298958,83604.26,0.26279011368751526,0,1
9126.186198298958,84258.43,0.3097042739391327,0,0
9126.186198298958,83673.77,0.3223584294319153,0,1
9126.186198298958,84418.0,0.29524609446525574,0,0
9126.186198298958,84500.33,0.29511886835098267,0,0
9126.186198298958,84110.0,0.28322213888168335,0,0
9126.186198298958,84476.01,0.2818455994129181,0,0
9126.186198298958,84412.65,0.28388962149620056,0,0
9126.186198298958,84371.63,0.2805490791797638,0,0
9126.186198298958,84350.0,0.2602123022079468,0,0
9126.186198298958,84277.32,0.2762335240840912,0,0
9126.186198298958,84410.24,0.21176187694072723,0,0
9126.186198298958,84590.01,0.25925517082214355,0,0
9126.186198298958,84610.73,0.27089083194732666,0,0
9126.186198298958,84226.16,0.280831515789032,0,0
9126.186198298958,84231.19,0.2623605728149414,0,0
9126.186198298958,84208.01,0.2258131206035614,0,1
9126.186198298958,84194.01,0.1922871619462967,0,0
9126.186198298958,84036.0,0.24552203714847565,0,1
9126.186198298958,84043.96,0.24643146991729736,0,0
9126.186198298958,84417.06,0.25523579120635986,0,0
9126.186198298958,84570.01,0.23043932020664215,0,0
9126.186198298958,84713.66,0.24237431585788727,0,0
9126.186198298958,84582.64,0.2296331226825714,0,0
9126.186198298958,84471.8,0.228115051984787,0,0
9126.186198298958,83923.71,0.2508220374584198,0,0
9126.186198298958,84016.01,0.24007773399353027,0,0
9126.186198298958,83796.01,0.27673962712287903,0,0
9126.186198298958,83742.22,0.23472411930561066,0,0
9126.186198298958,83785.11,0.2300434708595276,0,0
9126.186198298958,83968.0,0.19712446630001068,0,0
9126.186198298958,84020.01,0.16016864776611328,0,0
9126.186198298958,83886.0,0.21946437656879425,0,0
9126.186198298958,83792.0,0.1949535757303238,0,0
9126.186198298958,84083.05,0.20767635107040405,0,0
9126.186198298958,84099.99,0.16273616254329681,0,0
9126.186198298958,83910.01,0.22454653680324554,0,0
9126.186198298958,84076.66,0.16421687602996826,0,0
9126.186198298958,84010.0,0.15981215238571167,0,0
9126.186198298958,83939.0,0.1541237235069275,0,0
9126.186198298958,83976.0,0.18973717093467712,0,0
9126.186198298958,83919.69,0.1394055038690567,0,0
9126.186198298958,83891.22,0.12664581835269928,0,0
9126.186198298958,84116.8,0.16545875370502472,0,0
9126.186198298958,84220.01,0.1749180555343628,0,0
9126.186198298958,84021.95,0.1684858202934265,0,0
9126.186198298958,84179.92,0.14586518704891205,0,0
9126.186198298958,84176.0,0.13559138774871826,0,0
9126.186198298958,84051.9,0.14333094656467438,0,0
9126.186198298958,83939.1,0.180293470621109,0,0
9126.186198298958,84020.0,0.13810963928699493,0,0
9126.186198298958,84155.99,0.147948756814003,0,0
9126.186198298958,84120.0,0.13812313973903656,0,0
9126.186198298958,84132.4,0.14037199318408966,0,0
9126.186198298958,83998.68,0.15280495584011078,0,0
9126.186198298958,84016.63,0.14036886394023895,0,1
9126.186198298958,84030.34,0.17868582904338837,0,0
9126.186198298958,84158.75,0.16715824604034424,0,0
9126.186198298958,84276.01,0.1775457262992859,0,0
9126.186198298958,84433.1,0.21364355087280273,0,0
9126.186198298958,84306.01,0.14486528933048248,0,0
9126.186198298958,84495.01,0.18320639431476593,0,0
9126.186198298958,84450.0,0.15490297973155975,0,0
9126.186198298958,84402.15,0.14425325393676758,0,1
9126.186198298958,84329.6,0.15209035575389862,0,1
9126.186198298958,84478.06,0.18003402650356293,0,0
9126.186198298958,84511.69,0.16960284113883972,0,0
9126.186198298958,84791.0,0.22843146324157715,0,0
9126.186198298958,84800.0,0.21988368034362793,0,0
9126.186198298958,84944.01,0.24591481685638428,0,0
9126.186198298958,84883.0,0.24333462119102478,0,0
9126.186198298958,84898.0,0.19395336508750916,0,0
9126.186198298958,84802.01,0.2117576003074646,0,0
9126.186198298958,85030.41,0.25144436955451965,0,0
9126.186198298958,84538.02,0.23494268953800201,0,0
9126.186198298958,84463.37,0.21847392618656158,0,0
9126.186198298958,84426.0,0.19640609622001648,0,0
9126.186198298958,84574.0,0.19206145405769348,0,0
9126.186198298958,84818.87,0.21106098592281342,0,0
9126.186198298958,84736.01,0.1818286031484604,0,0
9126.186198298958,84552.0,0.1873278021812439,0,0
9126.186198298958,84688.07,0.1873278021812439,0,0
9126.186198298958,84195.27,0.23714731633663177,0,0
9126.186198298958,84472.0,0.22177529335021973,0,0
9126.186198298958,84140.0,0.2781375050544739,0,0
