equity,close,probability_up,in_position,target
10000.0,95584.35,0.24562211334705353,0,0
10000.0,95583.87,0.24562211334705353,0,0
10000.0,95604.8,0.24177372455596924,0,0
10000.0,95633.5,0.24177372455596924,0,0
10000.0,95664.18,0.24562211334705353,0,0
10000.0,95504.4,0.24177372455596924,0,0
10000.0,95354.69,0.24177372455596924,0,0
10000.0,95261.29,0.26450157165527344,0,0
10000.0,95660.37,0.2680332064628601,0,0
10000.0,95741.21,0.25489136576652527,0,0
10000.0,95653.16,0.23824937641620636,0,0
10000.0,95676.0,0.25939056277275085,0,0
10000.0,95613.53,0.22271063923835754,0,0
10000.0,95307.35,0.2546510100364685,0,0
10000.0,95429.09,0.21561023592948914,0,0
10000.0,95458.55,0.23660288751125336,0,0
10000.0,95448.87,0.23861826956272125,0,0
10000.0,95192.36,0.23897114396095276,0,0
10000.0,94585.98,0.283029168844223,0,1
10000.0,94872.55,0.24966564774513245,0,1
10000.0,95076.08,0.30376961827278137,0,0
10000.0,95001.19,0.24967114627361298,0,0
10000.0,95002.09,0.22490549087524414,0,0
10000.0,95553.6,0.2607952952384949,0,0
10000.0,95523.52,0.2711765170097351,0,0
10000.0,95514.0,0.28386595845222473,0,0
10000.0,95550.94,0.21127429604530334,0,0
10000.0,95465.97,0.26965150237083435,0,0
10000.0,95399.93,0.26965150237083435,0,0
10000.0,95371.35,0.2811293303966522,0,0
10000.0,95372.95,0.26965150237083435,0,0
10000.0,95303.64,0.26997146010398865,0,0
10000.0,95323.67,0.26997146010398865,0,0
10000.0,95240.07,0.2766548991203308,0,0
10000.0,95101.67,0.2967585027217865,0,0
10000.0,95247.51,0.2845991253852844,0,0
10000.0,95260.65,0.26997146010398865,0,0
10000.0,95116.48,0.2618285119533539,0,0
10000.0,95323.86,0.2816198766231537,0,0
10000.0,95251.15,0.30939891934394836,0,0
10000.0,95438.32,0.2816198766231537,0,0
10000.0,95471.18,0.29334548115730286,0,0
10000.0,95573.64,0.29334548115730286,0,0
10000.0,95315.23,0.22142302989959717,0,0
10000.0,95357.24,0.2906792163848877,0,0
10000.0,95428.25,0.2906792163848877,0,0
10000.0,95291.38,0.2877020835876465,0,0
10000.0,95378.18,0.30656856298446655,0,0
10000.0,95302.94,0.309656023979187,0,0
10000.0,95170.97,0.2853531539440155,0,0
10000.0,95147.77,0.309656023979187,0,0
10000.0,95112.47,0.255206435918808,0,0
10000.0,94966.9,0.2559945285320282,0,0
10000.0,95022.01,0.255206435918808,0,0
10000.0,95200.29,0.255206435918808,0,0
10000.0,95095.68,0.2716922461986542,0,0
10000.0,95188.55,0.25941067934036255,0,0
10000.0,95171.43,0.27456751465797424,0,0
10000.0,95028.27,0.26633650064468384,0,0
10000.0,95183.93,0.25941067934036255,0,0
10000.0,95275.73,0.27456751465797424,0,0
10000.0,95180.66,0.25941067934036255,0,0
10000.0,95168.06,0.27456751465797424,0,0
10000.0,95113.25,0.27456751465797424,0,0
10000.0,95146.82,0.2559945285320282,0,0
10000.0,94955.79,0.23429696261882782,0,0
10000.0,95119.28,0.25941067934036255,0,0
10000.0,95169.35,0.27456751465797424,0,0
10000.0,95274.36,0.27456751465797424,0,0
10000.0,95439.6,0.2559945285320282,0,0
10000.0,95380.99,0.25941067934036255,0,0
10000.0,95304.01,0.2635160982608795,0,0
10000.0,95430.44,0.2541853189468384,0,0
10000.0,95498.61,0.24070385098457336,0,0
10000.0,93673.14,0.3209080100059509,0,0
10000.0,92711.02,0.3227683901786804,0,0
10000.0,92586.65,0.3101294934749603,0,0
10000.0,92566.8,0.2602261006832123,0,1
10000.0,92690.09,0.2640528678894043,0,0
10000.0,92665.0,0.2613465487957001,0,0
10000.0,92511.77,0.26536914706230164,0,1
10000.0,92583.27,0.26536914706230164,0,1
10000.0,92841.62,0.263229101896286,0,0
10000.0,93259.09,0.31149476766586304,0,0
10000.0,93060.06,0.2698473334312439,0,0
10000.0,93064.88,0.20816631615161896,0,0
10000.0,93191.96,0.25721225142478943,0,0
10000.0,93070.6,0.2658188045024872,0,0
10000.0,93031.86,0.25721225142478943,0,0
10000.0,92812.43,0.2658188045024872,0,0
10000.0,93068.62,0.2658188045024872,0,0
10000.0,93301.86,0.27602311968803406,0,0
10000.0,93242.99,0.261247456073761,0,0
10000.0,93065.84,0.2376643419265747,0,0
10000.0,93105.85,0.19381916522979736,0,0
10000.0,93141.94,0.20242343842983246,0,0
10000.0,93003.42,0.2285582274198532,0,0
10000.0,92565.78,0.2357763648033142,0,0
10000.0,92631.0,0.2616538405418396,0,0
10000.0,92717.9,0.22779348492622375,0,0
10000.0,92716.48,0.20407512784004211,0,0
10000.0,92552.16,0.20407512784004211,0,0
10000.0,92434.92,0.22451284527778625,0,0
10000.0,92062.61,0.24457265436649323,0,0
10000.0,91624.18,0.2806219458580017,0,0
10000.0,90929.98,0.30752143263816833,0,0
10000.0,91177.98,0.2580452859401703,0,0
10000.0,91116.0,0.2969725728034973,0,0
10000.0,91036.25,0.23512069880962372,0,0
10000.0,91269.58,0.2456842064857483,0,0
10000.0,91218.99,0.23649275302886963,0,0
10000.0,91280.31,0.24616485834121704,0,0
10000.0,90958.88,0.293305367231369,0,0
10000.0,90531.15,0.31412819027900696,0,0
10000.0,90684.95,0.3077487349510193,0,0
10000.0,90165.51,0.3260921239852905,0,0
10000.0,89775.46,0.3233668804168701,0,0
10000.0,89501.0,0.31977900862693787,0,0
10000.0,89725.76,0.30995723605155945,0,0
10000.0,89733.99,0.26772603392601013,0,0
10000.0,89476.01,0.2587974965572357,0,0
10000.0,88509.18,0.3272632956504822,0,1
10000.0,88427.66,0.3218504786491394,0,1
10000.0,88936.01,0.308151513338089,0,1
10000.0,89020.91,0.23908011615276337,0,0
10000.0,89048.57,0.273470014333725,0,0
10000.0,89432.33,0.29240626096725464,0,0
10000.0,89448.89,0.226669579744339,0,0
10000.0,89950.04,0.29096317291259766,0,0
10000.0,89649.62,0.2488316297531128,0,0
10000.0,89213.95,0.30309733748435974,0,0
10000.0,89197.35,0.26772603392601013,0,1
10000.0,89112.3,0.2488316297531128,0,1
10000.0,89248.99,0.21859313547611237,0,0
10000.0,88789.99,0.30104488134384155,0,0
10000.0,88736.31,0.31167852878570557,0,0
10000.0,88672.64,0.2768360376358032,0,1
10000.0,89805.43,0.3156013786792755,0,0
10000.0,90288.04,0.29181817173957825,0,0
10000.0,87602.4,0.33756911754608154,0,1
10000.0,87932.38,0.328727126121521,0,1
10000.0,88485.43,0.3214850425720215,0,1
10000.0,90355.56,0.3285011649131775,0,0
10000.0,90214.01,0.3223892152309418,0,0
10000.0,90249.18,0.2967299818992615,0,0
10000.0,89763.51,0.3220551311969757,0,0
10000.0,89454.73,0.3223892152309418,0,1
10000.0,89908.49,0.32622620463371277,0,0
10000.0,90113.19,0.3003714084625244,0,0
10000.0,89938.3,0.3225373327732086,0,0
10000.0,89899.51,0.306275337934494,0,0
10000.0,89998.91,0.26923173666000366,0,0
10000.0,90026.3,0.212336927652359,0,0
10000.0,90172.11,0.24893754720687866,0,0
10000.0,89818.79,0.2873989939689636,0,0
10000.0,89920.16,0.21280322968959808,0,0
10000.0,90033.02,0.2435036152601242,0,0
10000.0,90078.77,0.19408923387527466,0,0
10000.0,89941.26,0.24657674133777618,0,0
10000.0,90021.09,0.228117436170578,0,0
10000.0,89619.81,0.29259732365608215,0,0
10000.0,89088.59,0.320186048746109,0,0
10000.0,89000.01,0.32957613468170166,0,0
10000.0,89054.06,0.28587961196899414,0,0
10000.0,89550.01,0.27498167753219604,0,0
10000.0,89333.94,0.25597453117370605,0,0
10000.0,89777.9,0.28629744052886963,0,0
10000.0,89409.72,0.27943292260169983,0,0
10000.0,89268.66,0.2627299427986145,0,1
10000.0,89346.99,0.2472611665725708,0,1
10000.0,89559.67,0.23609143495559692,0,0
10000.0,89520.01,0.20459884405136108,0,0
10000.0,89939.38,0.2472611665725708,0,0
10000.0,89663.48,0.23889753222465515,0,0
10000.0,89924.78,0.24119310081005096,0,0
10000.0,89965.42,0.2194281369447708,0,0
10000.0,89616.03,0.2538808584213257,0,0
10000.0,89509.59,0.265939861536026,0,0
10000.0,89549.45,0.24232260882854462,0,0
10000.0,89221.46,0.2866096496582031,0,0
10000.0,88977.72,0.2827448844909668,0,1
10000.0,89046.49,0.23504450917243958,0,1
10000.0,89202.48,0.27388250827789307,0,1
10000.0,89267.83,0.23504450917243958,0,1
10000.0,89350.81,0.21374353766441345,0,1
10000.0,89017.85,0.2816251814365387,0,1
10000.0,89761.61,0.28895947337150574,0,0
10000.0,90124.85,0.2926347255706787,0,0
10000.0,90600.0,0.3016359210014343,0,0
10000.0,90530.45,0.28445690870285034,0,0
10000.0,89982.79,0.2898576259613037,0,0
10000.0,89503.68,0.2801969051361084,0,0
10000.0,89349.99,0.23693634569644928,0,0
10000.0,89624.61,0.2472611665725708,0,0
10000.0,89600.26,0.18988129496574402,0,0
10000.0,89452.83,0.19358082115650177,0,0
10000.0,89550.24,0.17670324444770813,0,0
10000.0,89702.85,0.1900925189256668,0,0
10000.0,89770.02,0.2327548861503601,0,0
10000.0,89829.35,0.1759817749261856,0,0
10000.0,89775.2,0.17191863059997559,0,0
10000.0,89649.32,0.206960067152977,0,0
10000.0,89620.1,0.16939868032932281,0,0
10000.0,89660.88,0.166036456823349,0,0
10000.0,89600.0,0.166036456823349,0,0
10000.0,89626.8,0.166036456823349,0,0
10000.0,89595.4,0.16341252624988556,0,0
10000.0,89537.82,0.17068587243556976,0,0
10000.0,89368.22,0.1768108308315277,0,0
10000.0,89450.03,0.2067943960428238,0,0
10000.0,89275.77,0.21679973602294922,0,0
10000.0,89290.01,0.19629383087158203,0,0
10000.0,89406.5,0.18594525754451752,0,0
10000.0,89395.23,0.19069410860538483,0,0
10000.0,89331.36,0.19293928146362305,0,0
10000.0,89380.01,0.19069410860538483,0,0
10000.0,89386.61,0.19293928146362305,0,0
10000.0,89430.0,0.18594525754451752,0,0
10000.0,89225.34,0.20833685994148254,0,0
10000.0,89315.18,0.19293928146362305,0,0
10000.0,89176.31,0.20247630774974823,0,0
10000.0,89139.04,0.2009354531764984,0,0
10000.0,88960.35,0.22469137609004974,0,0
10000.0,89006.96,0.2059112787246704,0,0
10000.0,88990.9,0.19372116029262543,0,0
10000.0,88831.36,0.22790944576263428,0,0
10000.0,88659.99,0.20796595513820648,0,0
10000.0,88300.01,0.2836786210536957,0,0
10000.0,88398.38,0.2389921396970749,0,0
10000.0,88659.51,0.2389921396970749,0,0
10000.0,88570.17,0.1986549347639084,0,0
10000.0,88791.99,0.2540399730205536,0,0
10000.0,88921.0,0.2389921396970749,0,0
10000.0,88710.1,0.2389921396970749,0,0
10000.0,88446.5,0.25057271122932434,0,0
10000.0,88077.26,0.2872011959552765,0,0
10000.0,87892.17,0.2540399730205536,0,0
10000.0,87420.01,0.29282569885253906,0,0
10000.0,86495.16,0.3137333393096924,0,1
10000.0,86654.61,0.30089759826660156,0,1
10000.0,86568.5,0.30478423833847046,0,1
10000.0,86521.39,0.2782878577709198,0,1
10000.0,86670.36,0.3131261169910431,0,1
10000.0,86854.86,0.3068235218524933,0,1
10000.0,87698.73,0.3166717290878296,0,0
10000.0,87563.38,0.3133288621902466,0,0
10000.0,87282.05,0.31995105743408203,0,0
10000.0,87737.06,0.3190624713897705,0,0
10000.0,87826.01,0.24607031047344208,0,0
10000.0,87937.44,0.26302310824394226,0,0
10000.0,88000.64,0.25336021184921265,0,0
10000.0,87975.39,0.26986193656921387,0,0
10000.0,87663.12,0.2486734241247177,0,0
10000.0,87897.55,0.21477416157722473,0,0
10000.0,87855.0,0.19298331439495087,0,0
10000.0,87799.45,0.20922064781188965,0,1
10000.0,87960.01,0.2469663769006729,0,0
10000.0,88178.1,0.29632630944252014,0,0
10000.0,87641.41,0.3170251250267029,0,0
10000.0,87606.99,0.2918391525745392,0,1
10000.0,87700.62,0.27304399013519287,0,1
10000.0,88403.72,0.2700941264629364,0,0
10000.0,88013.19,0.2616654932498932,0,1
10000.0,87629.22,0.2536349892616272,0,1
10000.0,88064.69,0.2496599406003952,0,1
10000.0,88140.01,0.21380116045475006,0,0
10000.0,88347.08,0.2536349892616272,0,0
10000.0,88353.97,0.2129989117383957,0,0
10000.0,88550.61,0.26224175095558167,0,0
10000.0,88831.6,0.2517929673194885,0,0
10000.0,88788.0,0.24790091812610626,0,0
10000.0,88579.58,0.269694983959198,0,0
10000.0,88456.3,0.20805533230304718,0,0
10000.0,88332.67,0.22900667786598206,0,0
10000.0,88320.41,0.2327548861503601,0,0
10000.0,88170.82,0.2327548861503601,0,0
10000.0,87886.82,0.2372363954782486,0,0
10000.0,87786.53,0.2327548861503601,0,1
10000.0,87992.74,0.25034627318382263,0,0
10000.0,87986.96,0.22424480319023132,0,0
10000.0,87982.15,0.24232260882854462,0,0
10000.0,87745.02,0.27299124002456665,0,1
10000.0,88047.46,0.2573600113391876,0,1
10000.0,88641.44,0.28121218085289,0,1
10000.0,87546.58,0.29971498250961304,0,1
10000.0,88285.05,0.28299480676651,0,1
10000.0,88408.77,0.269694983959198,0,1
10000.0,89396.16,0.2868988811969757,0,0
10000.0,89081.46,0.27720338106155396,0,0
10000.0,89243.63,0.25329336524009705,0,0
10000.0,89250.0,0.25730642676353455,0,0
10000.0,89467.72,0.2525783181190491,0,0
10000.0,89404.57,0.24473358690738678,0,0
10000.0,89285.77,0.24476666748523712,0,0
10000.0,89126.67,0.26066213846206665,0,0
10000.0,88975.04,0.2580476999282837,0,0
10000.0,89084.1,0.25486093759536743,0,1
10000.0,89317.47,0.25486093759536743,0,1
10000.0,89134.35,0.25486093759536743,0,1
10000.0,88925.47,0.2589011788368225,0,1
10000.0,89567.25,0.27288341522216797,0,0
10000.0,89403.77,0.2719476521015167,0,0
10000.0,90080.0,0.28703561425209045,0,0
10000.0,89998.69,0.27621957659721375,0,0
10000.0,90257.91,0.28406211733818054,0,0
10000.0,89617.27,0.28101444244384766,0,0
10000.0,89479.66,0.2836027145385742,0,0
10000.0,89629.66,0.2804778516292572,0,0
10000.0,90169.88,0.2871028780937195,0,0
10000.0,89546.24,0.2808659076690674,0,0
10000.0,89402.58,0.2762284278869629,0,0
10000.0,89130.63,0.26824289560317993,0,0
10000.0,89412.17,0.2628460228443146,0,0
10000.0,89396.15,0.2430436760187149,0,0
10000.0,89299.99,0.2353750318288803,0,0
10000.0,89143.91,0.2472611665725708,0,0
10000.0,88603.56,0.2892223298549652,0,0
10000.0,87907.06,0.3246924877166748,0,0
10000.0,88053.71,0.311718225479126,0,0
10000.0,88315.2,0.25550156831741333,0,0
10000.0,88186.54,0.2329026609659195,0,0
10000.0,88319.35,0.19358082115650177,0,0
10000.0,88352.97,0.21433667838573456,0,0
10000.0,88064.16,0.29643720388412476,0,0
10000.0,87892.01,0.2366950809955597,0,0
10000.0,87946.46,0.23128201067447662,0,0
10000.0,87846.5,0.23955635726451874,0,0
10000.0,88121.21,0.23955635726451874,0,0
10000.0,88052.88,0.23504450917243958,0,0
10000.0,87014.4,0.3168550133705139,0,0
10000.0,84934.02,0.33600398898124695,0,0
10000.0,85270.0,0.33830544352531433,0,0
10000.0,84261.66,0.35315006971359253,0,0
10000.0,83477.02,0.36555182933807373,0,1
10000.0,84012.11,0.3579801023006439,0,0
10000.0,84216.91,0.3614996373653412,0,0
10000.0,84526.57,0.35502901673316956,0,0
10000.0,84570.05,0.32090267539024353,0,0
10000.0,84650.16,0.2733280658721924,0,0
10000.0,84192.0,0.3764458894729614,0,0
10000.0,82468.02,0.39411816000938416,0,0
10000.0,82164.88,0.39122122526168823,0,1
10000.0,82676.43,0.3899538218975067,0,0
10000.0,82938.92,0.3899538218975067,0,0
10000.0,82914.19,0.33696216344833374,0,0
10000.0,82602.81,0.3899538218975067,0,0
10000.0,82816.98,0.3829663097858429,0,0
10000.0,82671.7,0.383104532957077,0,1
10000.0,82363.72,0.38733404874801636,0,1
10000.0,82833.92,0.37462079524993896,0,0
10000.0,83151.36,0.37025147676467896,0,0
10000.0,82800.5,0.37025147676467896,0,1
10000.0,82740.92,0.37011510133743286,0,1
10000.0,83098.0,0.35227787494659424,0,1
10000.0,82883.94,0.35655519366264343,0,1
10000.0,83149.0,0.35241881012916565,0,1
10000.0,82943.23,0.34848687052726746,0,1
10000.0,83931.13,0.3469737470149994,0,0
10000.0,84242.99,0.3369807302951813,0,0
10000.0,83906.34,0.3369807302951813,0,0
10000.0,84273.7,0.2817516326904297,0,0
10000.0,84219.99,0.26136013865470886,0,0
10000.0,84260.49,0.2597808241844177,0,0
10000.0,84067.83,0.23719483613967896,0,0
10000.0,83999.99,0.24986542761325836,0,0
10000.0,84130.01,0.257219523191452,0,0
10000.0,84022.69,0.2277023196220398,0,0
10000.0,83992.45,0.21041229367256165,0,0
10000.0,84000.01,0.2045709192752838,0,0
10000.0,83786.09,0.24198177456855774,0,0
10000.0,83546.81,0.2533377408981323,0,0
10000.0,83074.07,0.2894105911254883,0,0
10000.0,83109.1,0.2453894466161728,0,0
10000.0,83160.0,0.23439429700374603,0,0
10000.0,83020.0,0.2380857914686203,0,0
10000.0,82762.0,0.24931909143924713,0,0
10000.0,82767.99,0.2491857260465622,0,0
10000.0,81479.99,0.33279144763946533,0,0
10000.0,81302.15,0.3264259397983551,0,0
10000.0,80365.04,0.34087666869163513,0,0
10000.0,78893.92,0.35431772470474243,0,0
10000.0,78038.38,0.3943757712841034,0,1
10000.0,77750.01,0.3969695568084717,0,1
10000.0,77999.03,0.4270351827144623,0,1
10027.53447591857,78292.0,0.4276132881641388,1,1
10010.009472823236,78155.17,0.40559402108192444,1,1
10085.053321493982,78741.09,0.4721437394618988,1,0
10105.702163115191,78902.31,0.4740554392337799,1,0
10058.295127774205,78532.17,0.4740554392337799,1,0
10105.407582196392,78900.01,0.4640752673149109,1,0
10095.302174614197,78868.28,0.3853151500225067,0,0
10095.302174614197,78971.75,0.3791443407535553,0,0
10095.302174614197,78620.91,0.4207860827445984,0,0
10044.053016240048,78300.0,0.4282628893852234,1,0
10049.568907423934,78343.0,0.42161157727241516,1,0
10083.051649675517,78604.02,0.42161157727241516,1,0
10138.265720426221,79034.45,0.4282628893852234,1,0
10041.452850791271,78279.73,0.4243026375770569,1,0
10100.951357949925,78743.56,0.42161157727241516,1,0
10090.850406591975,78459.67,0.42347508668899536,0,0
10062.503146200968,78317.51,0.37019968032836914,1,0
10048.833792952579,78211.12,0.3762909173965454,1,0
9969.467002007983,77593.4,0.3527286946773529,1,0
9956.794680258865,77494.77,0.3545868694782257,1,0
9988.986206308158,77745.32,0.36064064502716064,1,0
10025.470364108822,78029.28,0.3176533579826355,1,0
10015.444893744712,77174.78,0.3276849687099457,0,0
10015.444893744712,77103.04,0.34378618001937866,0,0
10015.444893744712,76526.03,0.354999840259552,0,0
10015.444893744712,77249.31,0.39676812291145325,0,0
10015.444893744712,76968.21,0.4206382930278778,0,0
10097.006226877958,77672.61,0.4119459092617035,1,0
10077.020884074102,77518.87,0.3862074017524719,1,0
9943.42561414095,76491.17,0.4287842810153961,1,1
9917.662019173496,76292.98,0.4521903097629547,1,1
9865.816342898865,75894.15,0.44503673911094666,1,1
9814.852028821517,75502.1,0.4526084065437317,1,1
9805.037176792695,76549.32,0.4696029722690582,0,1
9809.505622875946,76660.79,0.4521903097629547,1,1
9837.719497201895,76881.28,0.4169207811355591,1,1
9945.724035388737,77725.33,0.4266802966594696,1,1
9917.471773098265,77504.54,0.3724660873413086,1,1
9950.159124890019,77759.99,0.37836042046546936,1,1
9979.400517066377,77988.51,0.3502037823200226,1,1
9969.42111654931,78224.79,0.31780290603637695,0,0
9969.42111654931,77844.79,0.3440161943435669,0,0
9969.42111654931,78850.06,0.32934990525245667,0,0
9969.42111654931,78634.76,0.31093114614486694,0,0
9969.42111654931,78988.64,0.30870190262794495,0,0
9969.42111654931,78569.84,0.30440017580986023,0,1
9969.42111654931,78341.5,0.32423168420791626,0,1
9969.42111654931,78008.59,0.3145502209663391,0,0
9969.42111654931,78532.06,0.30894309282302856,0,0
9969.42111654931,78795.2,0.29151564836502075,0,0
9969.42111654931,78738.61,0.29151564836502075,0,0
9969.42111654931,79065.24,0.29380083084106445,0,0
9969.42111654931,79017.63,0.2862463593482971,0,0
9969.42111654931,77808.01,0.33901020884513855,0,1
9969.42111654931,78753.32,0.33557966351509094,0,0
9969.42111654931,78798.39,0.31349629163742065,0,0
9969.42111654931,78240.45,0.3132511377334595,0,0
9969.42111654931,78594.17,0.31467169523239136,0,0
9969.42111654931,78794.67,0.31340518593788147,0,0
9969.42111654931,78747.96,0.31467169523239136,0,0
9969.42111654931,78400.01,0.31237974762916565,0,0
9969.42111654931,78120.36,0.30064743757247925,0,0
9969.42111654931,78079.5,0.29960596561431885,0,0
9969.42111654931,78330.26,0.31062087416648865,0,0
9969.42111654931,78307.65,0.28175145387649536,0,0
9969.42111654931,77201.22,0.34039464592933655,0,0
9969.42111654931,78132.33,0.3335861563682556,0,0
9969.42111654931,76488.08,0.35545453429222107,0,0
9969.42111654931,74915.79,0.3682892918586731,0,1
9969.42111654931,73139.13,0.4036506712436676,0,1
9969.42111654931,74935.0,0.4449285566806793,0,1
10164.209100928952,76475.52,0.4197171628475189,1,0
10132.830849082631,76239.43,0.4227907359600067,1,1
10062.309859503837,75708.83,0.42447856068611145,1,1
10070.467753096651,75770.21,0.42851030826568604,1,1
10089.163922723581,75910.88,0.42182061076164246,1,1
10157.325795142511,76423.73,0.42125028371810913,1,0
10147.168469347369,75963.35,0.4434795081615448,0,1
10235.090481398254,76698.17,0.41493305563926697,1,0
10205.94313064729,76479.75,0.39489564299583435,1,0
10179.285888700526,76279.99,0.37511590123176575,1,0
10229.020007148361,76652.68,0.36806732416152954,1,0
10210.553701879073,76514.3,0.3440687954425812,1,0
10220.28994723568,76587.26,0.37222668528556824,1,0
10210.069657288444,76119.0,0.3807354271411896,0,0
10210.069657288444,76302.1,0.30123427510261536,0,0
10210.069657288444,76017.25,0.37637850642204285,0,0
10210.069657288444,76180.85,0.3073054850101471,0,0
10210.069657288444,74867.0,0.3844594955444336,0,0
10210.069657288444,74359.53,0.3759087324142456,0,0
10210.069657288444,74136.36,0.37893033027648926,0,0
10210.069657288444,73636.01,0.39329808950424194,0,0
10210.069657288444,72576.08,0.4413919448852539,0,1
10319.312244781653,73425.96,0.4474320411682129,1,0
10389.207191455787,73923.29,0.4775988757610321,1,0
10332.008662617982,73516.3,0.47932377457618713,1,0
10231.338183756561,72799.99,0.47932377457618713,1,0
10195.27411710856,72543.38,0.4775988757610321,1,0
10282.75347599967,73165.83,0.4775988757610321,1,0
10272.47072252367,72868.02,0.4775988757610321,0,0
10199.290044759104,72421.26,0.47932377457618713,1,0
10063.130060783764,71454.44,0.47932377457618713,1,0
10030.57092185898,71223.25,0.48258861899375916,1,0
9983.367986639378,70888.08,0.48258861899375916,1,0
9961.488200215423,70732.72,0.4907487630844116,1,0
9992.301012211414,70951.51,0.4907487630844116,1,0
9982.308711199203,70756.85,0.4907487630844116,0,0
10014.354246214183,71054.99,0.4907487630844116,1,0
10084.120007850606,71550.0,0.47713956236839294,1,0
9986.609174729272,70858.13,0.48258861899375916,1,0
9910.533615011067,70318.35,0.48258861899375916,1,0
9804.15636693943,69563.57,0.48258861899375916,1,0
9821.825774701614,69688.94,0.48258861899375916,1,0
9812.003948926913,69404.76,0.48258861899375916,0,0
9531.645598745552,67489.07,0.46741899847984314,1,0
9645.490238836706,68295.15,0.493852823972702,1,0
9347.00113968147,66181.69,0.46741899847984314,1,0
9370.348273282934,66347.0,0.46741899847984314,1,0
9217.62658118963,65265.65,0.46741899847984314,1,1
9007.19307974682,63775.67,0.46741899847984314,1,1
8998.185886667072,63213.34,0.46741899847984314,0,1
9087.960287741791,63907.86,0.5020187497138977,1,1
8946.040586985635,62909.86,0.493852823972702,1,1
9031.29621643888,63509.39,0.493852823972702,1,1
9344.937333068894,65714.96,0.4804082214832306,1,0
9241.859262637925,64990.1,0.4804082214832306,1,0
9125.000192006275,64168.33,0.4804082214832306,1,1
9115.875191814268,64905.84,0.49516868591308594,0,1
9317.591059331266,66408.11,0.4804082214832306,1,0
9118.374703594121,64988.26,0.4804082214832306,1,1
9099.817563607647,64856.0,0.493852823972702,1,1
9105.296592161041,64895.05,0.49516868591308594,1,1
9232.205204876644,65799.55,0.4707539677619934,1,1
9255.771341517562,65967.51,0.4707539677619934,1,1
9246.515570176045,66631.32,0.440473735332489,0,1
9227.104039688023,66557.93,0.440473735332489,1,1
9332.310992258197,67316.82,0.38965046405792236,1,1
9454.04018732374,68194.89,0.37368592619895935,1,1
9513.80612088793,68626.0,0.34731996059417725,1,1
9697.911702833553,69954.01,0.35558316111564636,1,1
9808.751301087455,70753.53,0.3385220766067505,1,0
9798.942549786369,69776.68,0.3450372517108917,0,0
9798.942549786369,70731.46,0.33091092109680176,0,0
9798.942549786369,70000.13,0.34031352400779724,0,1
9798.942549786369,70358.43,0.31951990723609924,0,1
9798.942549786369,71354.46,0.32182490825653076,0,0
9798.942549786369,70580.26,0.32873278856277466,0,0
9798.942549786369,69958.0,0.34461888670921326,0,0
9798.942549786369,70471.49,0.33738258481025696,0,0
9798.942549786369,70361.37,0.3170643150806427,0,0
9798.942549786369,70918.99,0.3305010199546814,0,0
9798.942549786369,70768.13,0.3498205244541168,0,0
9798.942549786369,70161.5,0.3737202286720276,0,0
9798.942549786369,68769.65,0.37586918473243713,0,0
9798.942549786369,68087.14,0.37862125039100647,0,1
9798.942549786369,68495.01,0.3747812807559967,0,0
9798.942549786369,68138.2,0.37392786145210266,0,1
9798.942549786369,67987.0,0.36445534229278564,0,1
9798.942549786369,67972.65,0.34262117743492126,0,1
9798.942549786369,69024.98,0.36909985542297363,0,1
9798.942549786369,69093.98,0.36445534229278564,0,0
9798.942549786369,68645.99,0.37118956446647644,0,1
9798.942549786369,69151.5,0.36909985542297363,0,1
9798.942549786369,68957.16,0.3792183995246887,0,1
9798.942549786369,69188.81,0.37496858835220337,0,0
9798.942549786369,69514.11,0.3587896525859833,0,0
9798.942549786369,69373.61,0.34736520051956177,0,0
9798.942549786369,69631.18,0.3369925916194916,0,0
9798.942549786369,69497.99,0.34736520051956177,0,0
9798.942549786369,69399.34,0.3736928701400757,0,0
9798.942549786369,69289.38,0.3722665011882782,0,0
9798.942549786369,69133.79,0.3803344666957855,0,0
9798.942549786369,69379.57,0.3388957977294922,0,0
9798.942549786369,69370.7,0.3407764434814453,0,1
9798.942549786369,69099.99,0.3265835642814636,0,1
9798.942549786369,69340.16,0.3159407675266266,0,1
9798.942549786369,69220.52,0.3006174862384796,0,1
9798.942549786369,69361.18,0.2719096541404724,0,1
9798.942549786369,69710.69,0.27640295028686523,0,1
9798.942549786369,70665.59,0.3242790997028351,0,1
9798.942549786369,70107.19,0.2904883921146393,0,1
9798.942549786369,70266.41,0.29767248034477234,0,0
9798.942549786369,70999.98,0.3059881627559662,0,0
9798.942549786369,71249.95,0.2816457748413086,0,0
9798.942549786369,71514.77,0.2901224195957184,0,0
9798.942549786369,71262.19,0.28208374977111816,0,0
9798.942549786369,71188.99,0.28960734605789185,0,0
9798.942549786369,70416.0,0.30637019872665405,0,1
9798.942549786369,70785.99,0.2856377363204956,0,0
9798.942549786369,71147.25,0.29151830077171326,0,0
9798.942549786369,71422.97,0.3028479218482971,0,0
9798.942549786369,70835.17,0.293757826089859,0,0
9798.942549786369,70700.0,0.2893238067626953,0,1
9798.942549786369,71066.09,0.2901096045970917,0,0
9798.942549786369,70330.38,0.3339151442050934,0,1
9798.942549786369,70502.38,0.3139427602291107,0,0
9798.942549786369,70369.53,0.3139427602291107,0,0
9798.942549786369,70629.99,0.3139427602291107,0,0
9798.942549786369,71307.56,0.31180354952812195,0,0
9798.942549786369,71005.01,0.30297085642814636,0,0
9798.942549786369,71044.51,0.27709630131721497,0,0
9798.942549786369,70667.95,0.2885909378528595,0,0
9798.942549786369,70422.59,0.2932833135128021,0,0
9798.942549786369,69873.99,0.33565279841423035,0,0
9798.942549786369,69630.35,0.31270939111709595,0,0
9798.942549786369,68727.88,0.35545453429222107,0,1
9798.942549786369,68928.72,0.34240368008613586,0,1
9798.942549786369,69147.01,0.32925304770469666,0,1
9798.942549786369,68594.57,0.3444060981273651,0,1
9798.942549786369,69272.0,0.35348770022392273,0,1
9798.942549786369,69563.37,0.35840609669685364,0,1
9798.942549786369,70093.01,0.32630372047424316,0,0
9798.942549786369,70612.29,0.34311509132385254,0,0
9798.942549786369,70418.68,0.36942052841186523,0,0
9798.942549786369,70957.01,0.31958311796188354,0,0
9798.942549786369,70738.71,0.3125041425228119,0,0
9798.942549786369,70400.0,0.33899080753326416,0,0
9798.942549786369,70372.96,0.32442954182624817,0,0
9798.942549786369,70138.0,0.2937646508216858,0,0
9798.942549786369,69827.33,0.3116198480129242,0,0
9798.942549786369,70486.82,0.32020214200019836,0,0
9798.942549786369,70102.89,0.33398473262786865,0,0
9798.942549786369,69511.83,0.3546103835105896,0,0
9798.942549786369,69831.62,0.3431374132633209,0,0
9798.942549786369,69447.64,0.3534907400608063,0,0
9798.942549786369,68921.35,0.35763633251190186,0,0
9798.942549786369,68919.66,0.30998465418815613,0,0
9798.942549786369,69142.0,0.3346123695373535,0,0
9798.942549786369,69151.5,0.30256837606430054,0,0
9798.942549786369,68921.68,0.2826946973800659,0,1
9798.942549786369,68535.01,0.3145597279071808,0,1
9798.942549786369,68610.12,0.3158034086227417,0,0
9798.942549786369,69027.95,0.2958390414714813,0,0
9798.942549786369,68460.4,0.35903772711753845,0,0
9798.942549786369,69293.37,0.3054899275302887,0,0
9798.942549786369,69517.71,0.33150073885917664,0,0
9798.942549786369,69925.31,0.3250798285007477,0,0
9798.942549786369,68894.36,0.3766705393791199,0,0
9798.942549786369,69062.01,0.37083175778388977,0,0
9798.942549786369,68753.7,0.3642866909503937,0,0
9798.942549786369,68656.21,0.3659757673740387,0,0
9798.942549786369,68707.18,0.32363659143447876,0,0
9798.942549786369,68841.29,0.31628739833831787,0,0
9798.942549786369,69201.14,0.3291398584842682,0,0
9798.942549786369,68982.0,0.3167779743671417,0,0
9798.942549786369,68677.33,0.3421793282032013,0,0
9798.942549786369,68187.99,0.364317923784256,0,0
9798.942549786369,67584.46,0.36669883131980896,0,0
9798.942549786369,67404.28,0.35597145557403564,0,0
9798.942549786369,66820.32,0.36669883131980896,0,0
9798.942549786369,67032.72,0.36470499634742737,0,1
9798.942549786369,66981.07,0.325926274061203,0,0
9798.942549786369,66872.03,0.34918737411499023,0,0
9798.942549786369,66531.99,0.3603617250919342,0,0
9798.942549786369,67053.03,0.35398009419441223,0,0
9798.942549786369,67133.5,0.3477616608142853,0,0
9798.942549786369,67454.49,0.35398009419441223,0,0
9798.942549786369,66584.6,0.3652680218219757,0,1
9798.942549786369,66519.73,0.36327752470970154,0,1
9798.942549786369,66039.09,0.38398897647857666,0,1
9798.942549786369,66518.26,0.3871019184589386,0,1
9798.942549786369,67275.34,0.40665602684020996,0,0
9798.942549786369,67586.67,0.40665602684020996,0,0
9798.942549786369,67555.98,0.3936960995197296,0,0
9798.942549786369,67811.17,0.38377171754837036,0,0
9798.942549786369,67433.14,0.3755161464214325,0,0
9798.942549786369,67082.52,0.3832629919052124,0,0
9798.942549786369,67460.75,0.37206071615219116,0,0
9798.942549786369,67699.01,0.37206071615219116,0,0
9798.942549786369,67439.14,0.34563565254211426,0,0
9798.942549786369,67580.99,0.31628739833831787,0,0
9798.942549786369,67018.4,0.3556516170501709,0,1
9798.942549786369,67141.93,0.3358718752861023,0,1
9798.942549786369,67125.57,0.30913856625556946,0,1
9798.942549786369,67217.72,0.3112562596797943,0,1
9798.942549786369,67141.15,0.310617595911026,0,1
9798.942549786369,67550.47,0.3121800422668457,0,0
9798.942549786369,68014.01,0.3063349723815918,0,0
9798.942549786369,68076.01,0.3018075227737427,0,0
9798.942549786369,67865.31,0.27760782837867737,0,0
9798.942549786369,68376.58,0.28937360644340515,0,0
9798.942549786369,67577.02,0.3001191318035126,0,0
9798.942549786369,67134.74,0.3078165352344513,0,0
9798.942549786369,65863.37,0.3284795582294464,0,1
9798.942549786369,65413.99,0.355739027261734,0,1
9798.942549786369,65590.95,0.35377153754234314,0,0
9798.942549786369,65788.36,0.34964630007743835,0,1
9798.942549786369,65428.56,0.34909379482269287,0,1
9798.942549786369,65849.87,0.3358776867389679,0,1
9798.942549786369,66288.0,0.34229692816734314,0,0
9798.942549786369,66272.17,0.3065332770347595,0,0
9798.942549786369,65918.6,0.350974977016449,0,1
9798.942549786369,66454.95,0.3458903133869171,0,0
9798.942549786369,66663.08,0.31431981921195984,0,0
9798.942549786369,66553.08,0.301340788602829,0,1
9798.942549786369,66329.22,0.293163925409317,0,1
9798.942549786369,66175.79,0.2821439206600189,0,1
9798.942549786369,66359.28,0.328198105096817,0,1
9798.942549786369,66208.96,0.3495168685913086,0,1
9798.942549786369,66699.96,0.33408161997795105,0,1
9798.942549786369,66959.71,0.35202041268348694,0,1
9798.942549786369,66977.66,0.3195267617702484,0,1
9798.942549786369,67171.42,0.34686681628227234,0,1
9798.942549786369,67084.0,0.28860652446746826,0,1
9798.942549786369,67274.15,0.33476001024246216,0,1
9798.942549786369,67733.51,0.3111402094364166,0,1
9798.942549786369,68692.12,0.32059746980667114,0,0
9798.942549786369,68954.69,0.307451456785202,0,0
9798.942549786369,69047.99,0.28149017691612244,0,0
9798.942549786369,69129.99,0.3119478225708008,0,0
9798.942549786369,68938.91,0.2618982493877411,0,0
9798.942549786369,68777.12,0.2618982493877411,0,0
9798.942549786369,68902.48,0.2547130882740021,0,0
9798.942549786369,68995.28,0.2547130882740021,0,0
9798.942549786369,68853.96,0.25770774483680725,0,0
9798.942549786369,69090.24,0.2590484917163849,0,0
9798.942549786369,68964.51,0.2421061396598816,0,0
9798.942549786369,68884.21,0.223383828997612,0,1
9798.942549786369,68981.99,0.2421061396598816,0,1
9798.942549786369,68790.0,0.2633855938911438,0,1
9798.942549786369,68773.42,0.22055354714393616,0,1
9798.942549786369,68936.98,0.2633855938911438,0,1
9798.942549786369,69219.26,0.2847650647163391,0,0
9798.942549786369,69746.2,0.30075007677078247,0,0
9798.942549786369,69714.93,0.24931909143924713,0,0
9798.942549786369,69671.86,0.23276162147521973,0,0
9798.942549786369,70505.74,0.31207314133644104,0,0
9798.942549786369,69640.2,0.3005960285663605,0,0
9798.942549786369,69460.0,0.2969326376914978,0,1
9798.942549786369,69701.66,0.2893936336040497,0,0
9798.942549786369,69778.28,0.2675245702266693,0,0
9798.942549786369,69755.1,0.2947143614292145,0,0
9798.942549786369,69739.38,0.2558653950691223,0,0
9798.942549786369,69772.31,0.2505907118320465,0,0
9798.942549786369,69873.99,0.24030160903930664,0,0
9798.942549786369,70023.09,0.2558653950691223,0,0
9798.942549786369,69935.86,0.2727668285369873,0,0
9798.942549786369,69959.75,0.24030160903930664,0,0
9798.942549786369,69822.95,0.24030160903930664,0,1
9798.942549786369,69777.07,0.24889302253723145,0,1
9798.942549786369,69717.65,0.26152777671813965,0,1
9798.942549786369,69480.01,0.24729236960411072,0,1
9798.942549786369,69954.5,0.27298250794410706,0,1
9798.942549786369,70183.99,0.3011859953403473,0,0
9798.942549786369,70267.61,0.26481929421424866,0,0
9798.942549786369,70405.12,0.26481929421424866,0,0
9798.942549786369,70828.42,0.29819852113723755,0,0
9798.942549786369,70446.52,0.285457968711853,0,0
9798.942549786369,70419.11,0.23843955993652344,0,0
9798.942549786369,70427.02,0.2539230287075043,0,0
9798.942549786369,70295.22,0.2539230287075043,0,0
9798.942549786369,69314.21,0.29873281717300415,0,0
9798.942549786369,68930.0,0.31747594475746155,0,0
9798.942549786369,69170.51,0.28903672099113464,0,0
9798.942549786369,69099.99,0.29057061672210693,0,0
9798.942549786369,69017.75,0.31616586446762085,0,0
9798.942549786369,68641.21,0.3317614495754242,0,0
9798.942549786369,68451.44,0.33727043867111206,0,1
9798.942549786369,68286.63,0.33727043867111206,0,1
9798.942549786369,68450.0,0.2957385778427124,0,0
9798.942549786369,68852.01,0.2957385778427124,0,0
9798.942549786369,68999.96,0.27154943346977234,0,0
9798.942549786369,68832.58,0.3202311098575592,0,0
9798.942549786369,68845.81,0.273136705160141,0,0
9798.942549786369,68630.81,0.30410289764404297,0,0
9798.942549786369,68320.48,0.3139919340610504,0,1
9798.942549786369,68424.82,0.26928821206092834,0,1
9798.942549786369,68870.07,0.3104367256164551,0,0
9798.942549786369,68385.29,0.3020205795764923,0,1
9798.942549786369,68450.8,0.2788064777851105,0,1
9798.942549786369,68587.9,0.2810289263725281,0,0
9798.942549786369,68762.85,0.2551696300506592,0,0
9798.942549786369,68992.71,0.27608445286750793,0,0
9798.942549786369,68798.22,0.2697084844112396,0,0
9798.942549786369,68812.83,0.3157031536102295,0,0
9798.942549786369,69763.24,0.315850168466568,0,0
9798.942549786369,68395.1,0.36317917704582214,0,0
9798.942549786369,68427.64,0.3524712026119232,0,0
9798.942549786369,67539.52,0.3635995388031006,0,1
9798.942549786369,67888.7,0.3587067723274231,0,1
9798.942549786369,67951.86,0.34712377190589905,0,1
9798.942549786369,67860.13,0.3366246819496155,0,1
9798.942549786369,67913.43,0.30648136138916016,0,1
9798.942549786369,68530.0,0.33644938468933105,0,0
9798.942549786369,68862.88,0.3348245918750763,0,0
9798.942549786369,68591.02,0.3197784423828125,0,0
9798.942549786369,68892.43,0.31351152062416077,0,0
9798.942549786369,68878.27,0.29575809836387634,0,0
9798.942549786369,68618.11,0.31499752402305603,0,0
9798.942549786369,68838.48,0.317979633808136,0,0
9798.942549786369,68474.9,0.30365288257598877,0,0
9798.942549786369,68481.67,0.2976492643356323,0,0
9798.942549786369,68245.71,0.317979633808136,0,0
9798.942549786369,68400.0,0.2767353057861328,0,0
9798.942549786369,68388.12,0.2767353057861328,0,0
9798.942549786369,68177.53,0.27273932099342346,0,0
9798.942549786369,68126.28,0.2851845920085907,0,0
9798.942549786369,67845.3,0.3111196458339691,0,0
9798.942549786369,67854.6,0.287146657705307,0,0
9798.942549786369,67919.49,0.32191136479377747,0,0
9798.942549786369,68136.34,0.28144413232803345,0,0
9798.942549786369,66875.06,0.3475593626499176,0,1
9798.942549786369,67392.05,0.29926595091819763,0,0
9798.942549786369,67517.36,0.308699369430542,0,0
9798.942549786369,67244.22,0.32926589250564575,0,0
9798.942549786369,68098.62,0.3095594048500061,0,0
9798.942549786369,67793.32,0.2921031415462494,0,0
9798.942549786369,67753.3,0.3148897588253021,0,0
9798.942549786369,67680.54,0.30182841420173645,0,0
9798.942549786369,67527.72,0.2897531986236572,0,0
9798.942549786369,67503.52,0.28241974115371704,0,0
9798.942549786369,67302.65,0.2897531986236572,0,1
9798.942549786369,67165.2,0.32679274678230286,0,1
9798.942549786369,67335.04,0.28574129939079285,0,1
9798.942549786369,67629.11,0.3035988211631775,0,1
9798.942549786369,67823.54,0.29676416516304016,0,0
9798.942549786369,67654.8,0.2816428244113922,0,0
9798.942549786369,67850.52,0.2814924716949463,0,0
9798.942549786369,68106.44,0.28689315915107727,0,0
9798.942549786369,68132.82,0.28626009821891785,0,0
9798.942549786369,68157.79,0.2771443724632263,0,0
9798.942549786369,67801.26,0.2667028605937958,0,0
9798.942549786369,67369.75,0.3138926923274994,0,0
9798.942549786369,67458.06,0.27638137340545654,0,0
9798.942549786369,67236.88,0.3256928622722626,0,0
9798.942549786369,67223.76,0.28580665588378906,0,0
9798.942549786369,67694.01,0.30113455653190613,0,0
9798.942549786369,67145.34,0.30669793486595154,0,0
9798.942549786369,67187.39,0.2762838900089264,0,0
9798.942549786369,66359.99,0.34448766708374023,0,0
9798.942549786369,66177.14,0.3355562090873718,0,1
9798.942549786369,66268.39,0.3159255385398865,0,1
9798.942549786369,66342.76,0.32927682995796204,0,1
9798.942549786369,66408.82,0.2893652319908142,0,1
9798.942549786369,66461.0,0.2715643346309662,0,1
9798.942549786369,66446.49,0.2741645872592926,0,1
9798.942549786369,66866.62,0.2740571200847626,0,1
9798.942549786369,66835.2,0.27867940068244934,0,0
9798.942549786369,66980.91,0.2638316750526428,0,0
9798.942549786369,66802.75,0.2851845920085907,0,0
9798.942549786369,66871.35,0.27192991971969604,0,0
9798.942549786369,67150.12,0.31541842222213745,0,0
9798.942549786369,67206.45,0.30087602138519287,0,0
9798.942549786369,66966.12,0.3201840817928314,0,0
9798.942549786369,66836.0,0.315027117729187,0,0
9798.942549786369,66843.08,0.2862322926521301,0,0
9798.942549786369,66496.02,0.3136289715766907,0,0
9798.942549786369,66516.67,0.287942498922348,0,1
9798.942549786369,65913.37,0.33490100502967834,0,1
9798.942549786369,66421.2,0.3290545642375946,0,1
9798.942549786369,66398.0,0.33476001024246216,0,1
9798.942549786369,66293.53,0.3271996080875397,0,1
9798.942549786369,66369.42,0.3286609649658203,0,1
9798.942549786369,67030.49,0.2889321744441986,0,0
9798.942549786369,67050.0,0.27859535813331604,0,0
9798.942549786369,67149.11,0.26150599122047424,0,0
9798.942549786369,66916.51,0.24811317026615143,0,1
9798.942549786369,66915.14,0.2676074504852295,0,1
9798.942549786369,67003.73,0.2514471709728241,0,1
9798.942549786369,67228.91,0.2703383266925812,0,1
9798.942549786369,67279.9,0.2579510807991028,0,1
9798.942549786369,67242.03,0.24867501854896545,0,1
9798.942549786369,67366.25,0.2520177960395813,0,1
9798.942549786369,67264.83,0.2539230287075043,0,1
9798.942549786369,67790.1,0.2904856204986572,0,0
9798.942549786369,67847.47,0.28595489263534546,0,0
9798.942549786369,67825.91,0.28428414463996887,0,0
9798.942549786369,67879.99,0.24867501854896545,0,0
9798.942549786369,68218.85,0.2733207046985626,0,0
9798.942549786369,67948.99,0.27955275774002075,0,0
9798.942549786369,67318.41,0.28557321429252625,0,0
9798.942549786369,67541.77,0.26664429903030396,0,1
9798.942549786369,66801.62,0.30366259813308716,0,1
9798.942549786369,67069.65,0.2882733941078186,0,1
9798.942549786369,67582.95,0.30178675055503845,0,0
9798.942549786369,67795.47,0.2777293026447296,0,0
9798.942549786369,67613.37,0.2882733941078186,0,1
9798.942549786369,67924.21,0.2794225811958313,0,0
9798.942549786369,67646.03,0.27080607414245605,0,0
9798.942549786369,67750.4,0.25783970952033997,0,0
9798.942549786369,67825.87,0.2734118103981018,0,0
9798.942549786369,68078.13,0.26708635687828064,0,0
9798.942549786369,68020.01,0.2622096836566925,0,0
9798.942549786369,67841.0,0.2622096836566925,0,0
9798.942549786369,67951.24,0.23236481845378876,0,0
9798.942549786369,68001.05,0.2573116421699524,0,0
9798.942549786369,67667.77,0.25078850984573364,0,1
9798.942549786369,67816.97,0.24683748185634613,0,1
9798.942549786369,67851.93,0.2073485106229782,0,0
9798.942549786369,67793.38,0.2573116421699524,0,1
9798.942549786369,67856.01,0.21272508800029755,0,1
9798.942549786369,68055.03,0.2385731041431427,0,1
9798.942549786369,68147.53,0.24836936593055725,0,1
9798.942549786369,68215.54,0.21068765223026276,0,0
9798.942549786369,68092.45,0.28793588280677795,0,1
9798.942549786369,68203.42,0.22445735335350037,0,1
9798.942549786369,68259.99,0.20831742882728577,0,0
9798.942549786369,68450.01,0.27641433477401733,0,0
9798.942549786369,68615.0,0.27162671089172363,0,0
9798.942549786369,68322.6,0.2844528257846832,0,0
9798.942549786369,68437.45,0.23532843589782715,0,0
9798.942549786369,68574.0,0.23984402418136597,0,0
9798.942549786369,68543.51,0.21650363504886627,0,0
9798.942549786369,68211.19,0.27564865350723267,0,0
9798.942549786369,68379.95,0.2531372010707855,0,0
9798.942549786369,67972.0,0.27592214941978455,0,0
9798.942549786369,67975.93,0.2856302261352539,0,0
9798.942549786369,67946.0,0.2875826358795166,0,0
9798.942549786369,68159.31,0.29074400663375854,0,0
9798.942549786369,67909.68,0.2570628821849823,0,0
9798.942549786369,68041.43,0.27344807982444763,0,0
9798.942549786369,67983.5,0.2073059380054474,0,0
9798.942549786369,67977.52,0.2081381380558014,0,0
9798.942549786369,68038.13,0.2730702757835388,0,0
9798.942549786369,68005.3,0.2193339616060257,0,0
9798.942549786369,67950.1,0.21509526669979095,0,0
9798.942549786369,68053.32,0.2196444422006607,0,0
9798.942549786369,68129.56,0.20163880288600922,0,0
9798.942549786369,68219.97,0.1993785798549652,0,0
9798.942549786369,67928.22,0.2957625985145569,0,0
9798.942549786369,67652.38,0.3216695487499237,0,0
9798.942549786369,67443.89,0.3008151948451996,0,0
9798.942549786369,67684.14,0.3041171729564667,0,0
9798.942549786369,67632.76,0.2898798882961273,0,0
9798.942549786369,67384.49,0.33876991271972656,0,0
9798.942549786369,67422.62,0.2509820759296417,0,0
9798.942549786369,67428.32,0.20814189314842224,0,0
9798.942549786369,67401.74,0.2302297204732895,0,0
9798.942549786369,67612.66,0.26764053106307983,0,0
9798.942549786369,67666.16,0.2900354564189911,0,0
9798.942549786369,67643.4,0.2900354564189911,0,0
9798.942549786369,66740.47,0.30696141719818115,0,0
9798.942549786369,64427.65,0.3269195556640625,0,1
9798.942549786369,64783.56,0.32627785205841064,0,1
9798.942549786369,64934.17,0.32744306325912476,0,1
9798.942549786369,64808.31,0.3125095069408417,0,1
9798.942549786369,65070.9,0.3296757936477661,0,1
9798.942549786369,65757.32,0.3258698880672455,0,1
9798.942549786369,65958.94,0.3316001296043396,0,0
9798.942549786369,65676.44,0.32960018515586853,0,0
9798.942549786369,66404.91,0.32802170515060425,0,0
9798.942549786369,66319.69,0.3320411145687103,0,0
9798.942549786369,66207.23,0.31585586071014404,0,0
9798.942549786369,66280.4,0.3249607980251312,0,0
9798.942549786369,66132.66,0.3015916347503662,0,0
9798.942549786369,65923.53,0.33434557914733887,0,0
9798.942549786369,65660.1,0.33434557914733887,0,0
9798.942549786369,65364.65,0.3370545506477356,0,0
9798.942549786369,64813.26,0.351288765668869,0,0
9798.942549786369,64635.49,0.3341512978076935,0,0
9798.942549786369,64295.1,0.3464624881744385,0,0
9798.942549786369,64473.14,0.3341512978076935,0,0
9798.942549786369,64580.66,0.30191242694854736,0,0
9798.942549786369,64725.56,0.3219967186450958,0,0
9798.942549786369,64656.02,0.29784104228019714,0,0
9798.942549786369,64941.43,0.32159656286239624,0,0
9798.942549786369,64160.27,0.32545724511146545,0,0
9798.942549786369,64109.81,0.3306152820587158,0,0
9798.942549786369,63595.51,0.3631490170955658,0,0
9798.942549786369,63378.84,0.36116352677345276,0,0
9798.942549786369,63104.79,0.34914323687553406,0,0
9798.942549786369,63082.79,0.3325446844100952,0,0
9798.942549786369,63192.96,0.3302903175354004,0,0
9798.942549786369,63392.15,0.3245321810245514,0,0
9798.942549786369,63249.99,0.32616835832595825,0,1
9798.942549786369,63284.5,0.27500730752944946,0,1
9798.942549786369,63227.1,0.27500730752944946,0,1
9798.942549786369,62969.05,0.3159133791923523,0,1
9798.942549786369,62900.0,0.33476001024246216,0,1
9798.942549786369,63453.99,0.34601783752441406,0,1
9798.942549786369,63973.97,0.3468478322029114,0,0
9798.942549786369,64265.52,0.35282596945762634,0,0
9798.942549786369,64219.71,0.3343382477760315,0,0
9798.942549786369,64435.06,0.2966069281101227,0,0
9798.942549786369,64435.03,0.2943117320537567,0,1
9798.942549786369,64472.9,0.28161799907684326,0,1
9798.942549786369,64042.66,0.31021958589553833,0,1
9798.942549786369,64120.95,0.2713117301464081,0,1
9798.942549786369,64058.15,0.28712278604507446,0,1
9798.942549786369,64224.3,0.28495505452156067,0,1
9798.942549786369,65896.75,0.33654746413230896,0,0
9798.942549786369,65884.83,0.32724472880363464,0,0
9798.942549786369,65391.73,0.3259628117084503,0,0
9798.942549786369,65457.99,0.32034432888031006,0,0
9798.942549786369,64882.76,0.3222896158695221,0,1
9798.942549786369,64898.22,0.2849888205528259,0,1
9798.942549786369,65028.3,0.305474191904068,0,1
9798.942549786369,65530.49,0.3090309798717499,0,1
9798.942549786369,65558.71,0.29089799523353577,0,1
9798.942549786369,65400.87,0.2741270065307617,0,1
9798.942549786369,65430.04,0.28780364990234375,0,1
9798.942549786369,66068.94,0.32456284761428833,0,1
9798.942549786369,66248.62,0.3178173303604126,0,1
9798.942549786369,66973.2,0.32066795229911804,0,1
9798.942549786369,67412.33,0.33346298336982727,0,1
9798.942549786369,68297.35,0.33346298336982727,0,0
9798.942549786369,68674.2,0.32662197947502136,0,0
9798.942549786369,69328.07,0.32235947251319885,0,0
9798.942549786369,69038.26,0.304470419883728,0,0
9798.942549786369,69148.69,0.29496458172798157,0,0
9798.942549786369,68919.72,0.3150402307510376,0,0
9798.942549786369,68432.13,0.32760968804359436,0,0
9798.942549786369,67988.04,0.3262120187282562,0,1
9798.942549786369,68335.99,0.2989432215690613,0,0
9798.942549786369,68248.3,0.278714656829834,0,0
9798.942549786369,68257.45,0.2847058176994324,0,0
9798.942549786369,68216.86,0.2764190137386322,0,1
9798.942549786369,68571.36,0.2768588066101074,0,0
9798.942549786369,68443.81,0.27544647455215454,0,0
9798.942549786369,68176.75,0.27544647455215454,0,0
9798.942549786369,67825.04,0.2963463068008423,0,0
9798.942549786369,67954.01,0.2834697961807251,0,0
9798.942549786369,68589.41,0.2918292284011841,0,0
9798.942549786369,68301.62,0.28571468591690063,0,0
9798.942549786369,68051.31,0.2832390367984772,0,0
9798.942549786369,68171.56,0.2766497731208801,0,0
9798.942549786369,67905.35,0.26583343744277954,0,0
9798.942549786369,67697.74,0.29462260007858276,0,0
9798.942549786369,67382.0,0.29864612221717834,0,0
9798.942549786369,66643.55,0.34100884199142456,0,1
9798.942549786369,66826.8,0.31837278604507446,0,1
9798.942549786369,67310.53,0.32682153582572937,0,0
9798.942549786369,67589.22,0.32682153582572937,0,0
9798.942549786369,67414.07,0.312014102935791,0,0
9798.942549786369,67463.65,0.29163867235183716,0,0
9798.942549786369,67572.3,0.2704225182533264,0,0
9798.942549786369,67485.18,0.2704225182533264,0,0
9798.942549786369,67226.5,0.29974931478500366,0,1
9798.942549786369,67352.26,0.3052736222743988,0,1
9798.942549786369,67266.58,0.28092971444129944,0,1
9798.942549786369,67600.84,0.28485774993896484,0,0
9798.942549786369,67747.49,0.3141503930091858,0,0
9798.942549786369,67724.99,0.2832750678062439,0,0
9798.942549786369,67658.14,0.2571789622306824,0,0
9798.942549786369,67690.6,0.2697739899158478,0,0
9798.942549786369,67926.24,0.2754889726638794,0,0
9798.942549786369,67355.73,0.3126504421234131,0,0
9798.942549786369,66604.91,0.3255760669708252,0,0
9798.942549786369,66126.99,0.3255760669708252,0,0
9798.942549786369,65928.01,0.31569087505340576,0,0
9798.942549786369,66270.55,0.31943371891975403,0,0
9798.942549786369,65887.59,0.32697510719299316,0,0
9798.942549786369,66095.4,0.313087522983551,0,0
9798.942549786369,65475.21,0.32350605726242065,0,0
9798.942549786369,65703.19,0.31220924854278564,0,0
9798.942549786369,65314.76,0.32530477643013,0,1
9798.942549786369,65392.18,0.30573591589927673,0,1
9798.942549786369,65594.67,0.29093801975250244,0,1
9798.942549786369,65527.59,0.2895091474056244,0,0
9798.942549786369,65637.99,0.3139742910861969,0,0
9798.942549786369,65872.1,0.30189913511276245,0,0
9798.942549786369,65942.0,0.2850043475627899,0,0
9798.942549786369,65770.36,0.2798524796962738,0,0
9798.942549786369,65961.13,0.27441737055778503,0,0
9798.942549786369,65797.42,0.26938480138778687,0,0
9798.942549786369,65663.2,0.26678165793418884,0,0
9798.942549786369,65591.03,0.26262280344963074,0,0
9798.942549786369,63216.01,0.34509357810020447,0,1
9798.942549786369,63826.0,0.34153538942337036,0,1
9798.942549786369,63473.28,0.34876903891563416,0,1
9798.942549786369,63658.54,0.34453025460243225,0,1
9798.942549786369,64010.39,0.35130032896995544,0,1
9798.942549786369,63844.2,0.35130032896995544,0,1
9798.942549786369,64017.19,0.3140910863876343,0,1
9798.942549786369,65106.44,0.3457793593406677,0,1
9798.942549786369,64435.61,0.35614389181137085,0,1
9798.942549786369,64841.18,0.34707027673721313,0,1
9798.942549786369,65094.3,0.3276967704296112,0,1
9798.942549786369,65442.62,0.3223892152309418,0,1
9798.942549786369,65911.84,0.32272693514823914,0,1
9798.942549786369,66362.01,0.3260735869407654,0,1
9798.942549786369,66959.62,0.3256877064704895,0,1
9798.942549786369,66723.22,0.32132965326309204,0,1
9798.942549786369,67103.64,0.3351306915283203,0,0
9798.942549786369,66973.26,0.3138302266597748,0,0
9798.942549786369,66791.29,0.31911569833755493,0,0
9798.942549786369,67339.36,0.3325256109237671,0,0
9798.942549786369,67620.65,0.31490686535835266,0,0
9798.942549786369,67502.16,0.2930150032043457,0,0
9798.942549786369,67346.5,0.28393739461898804,0,0
9798.942549786369,67292.09,0.27160900831222534,0,0
9798.942549786369,66926.68,0.3196277916431427,0,0
9798.942549786369,67141.39,0.29551398754119873,0,0
9798.942549786369,66560.14,0.3306463062763214,0,0
9798.942549786369,66410.08,0.2844664454460144,0,1
9798.942549786369,66467.06,0.27803632616996765,0,0
9798.942549786369,66468.03,0.26468169689178467,0,0
9798.942549786369,66296.48,0.2687748670578003,0,0
9798.942549786369,66934.79,0.29594898223876953,0,0
9798.942549786369,66847.8,0.2738476097583771,0,0
9798.942549786369,66842.42,0.2738209366798401,0,0
9798.942549786369,66135.45,0.3101012110710144,0,0
9798.942549786369,65979.61,0.28946414589881897,0,0
9798.942549786369,66316.83,0.27727562189102173,0,0
9798.942549786369,65962.17,0.2912631928920746,0,1
9798.942549786369,65300.0,0.33547326922416687,0,1
9798.942549786369,65666.2,0.3230331838130951,0,1
9798.942549786369,65268.71,0.34292691946029663,0,1
9798.942549786369,65776.47,0.33379310369491577,0,1
9798.942549786369,66501.52,0.32079818844795227,0,0
9798.942549786369,66532.02,0.3391222059726715,0,0
9798.942549786369,66276.77,0.3363800346851349,0,0
9798.942549786369,66820.03,0.32166120409965515,0,0
9798.942549786369,66862.12,0.29506000876426697,0,0
9798.942549786369,66730.78,0.30188387632369995,0,0
9798.942549786369,66204.9,0.3395698070526123,0,0
9798.942549786369,66007.52,0.34533727169036865,0,0
9798.942549786369,66282.0,0.3155972957611084,0,1
9798.942549786369,66168.62,0.2947966456413269,0,1
9798.942549786369,66316.4,0.2726151645183563,0,1
9798.942549786369,66359.68,0.28910207748413086,0,1
9798.942549786369,65963.43,0.2960304617881775,0,1
9798.942549786369,65440.01,0.3355768024921417,0,1
9798.942549786369,67177.06,0.3336557447910309,0,1
9798.942549786369,69130.2,0.3396294116973877,0,0
9798.942549786369,69428.62,0.32699719071388245,0,0
9798.942549786369,69198.0,0.2999592423439026,0,0
9798.942549786369,68877.67,0.31341999769210815,0,0
9798.942549786369,68966.53,0.2997649908065796,0,0
9798.942549786369,69106.58,0.31067296862602234,0,0
9798.942549786369,69413.82,0.30387529730796814,0,0
9798.942549786369,69440.49,0.29827800393104553,0,0
9798.942549786369,68830.06,0.3155997395515442,0,0
9798.942549786369,69092.88,0.3029444217681885,0,0
9798.942549786369,68760.01,0.307620644569397,0,0
9798.942549786369,68512.17,0.31251683831214905,0,0
9798.942549786369,68377.94,0.29380130767822266,0,0
9798.942549786369,68123.2,0.29690784215927124,0,0
9798.942549786369,67947.75,0.31258901953697205,0,0
9798.942549786369,68106.73,0.311284601688385,0,0
9798.942549786369,68172.8,0.30440273880958557,0,0
9798.942549786369,67003.3,0.3365819752216339,0,0
9798.942549786369,66647.98,0.3242972493171692,0,1
9798.942549786369,66860.3,0.3085240423679352,0,1
9798.942549786369,67026.61,0.27795344591140747,0,1
9798.942549786369,67399.85,0.2863696217536926,0,1
9798.942549786369,66931.31,0.2888069152832031,0,1
9798.942549786369,66568.95,0.32748451828956604,0,1
9798.942549786369,67725.81,0.3511808216571808,0,0
9798.942549786369,68175.9,0.35327303409576416,0,0
9798.942549786369,68318.66,0.33793237805366516,0,0
9798.942549786369,68628.49,0.3239193260669708,0,0
9798.942549786369,68435.0,0.32237377762794495,0,0
9798.942549786369,68266.0,0.3291309177875519,0,0
9798.942549786369,68024.62,0.34014615416526794,0,0
9798.942549786369,68327.2,0.3374241292476654,0,0
9798.942549786369,68338.0,0.31408771872520447,0,0
9798.942549786369,68093.19,0.3387841582298279,0,1
9798.942549786369,68405.0,0.324246883392334,0,1
9798.942549786369,68323.33,0.310400128364563,0,1
9798.942549786369,67732.2,0.3339865207672119,0,1
9798.942549786369,67786.0,0.2881053388118744,0,1
9798.942549786369,68206.59,0.2840140759944916,0,1
9798.942549786369,68508.02,0.2903527021408081,0,1
9798.942549786369,69493.13,0.3310564458370209,0,1
9798.942549786369,71011.4,0.3443088233470917,0,1
9798.942549786369,71520.76,0.3305673897266388,0,1
9798.942549786369,71348.92,0.31119880080223083,0,1
9798.942549786369,71111.4,0.3015739917755127,0,1
9798.942549786369,71339.71,0.31119880080223083,0,1
9798.942549786369,71477.17,0.30190032720565796,0,1
9798.942549786369,71621.04,0.31269967555999756,0,1
9798.942549786369,73396.88,0.2972344756126404,0,0
9798.942549786369,73294.84,0.2928725481033325,0,0
9798.942549786369,73218.92,0.28912490606307983,0,0
9798.942549786369,73693.5,0.2809450030326843,0,0
9798.942549786369,73611.1,0.3011288642883301,0,0
9798.942549786369,73019.68,0.2949407994747162,0,0
9798.942549786369,73309.72,0.2841251790523529,0,0
9798.942549786369,72705.86,0.3002520799636841,0,0
9798.942549786369,72666.77,0.295034259557724,0,0
9798.942549786369,72760.0,0.2869734764099121,0,0
9798.942549786369,72538.72,0.2837696969509125,0,0
9798.942549786369,72506.19,0.2837696969509125,0,0
9798.942549786369,72497.89,0.2818232476711273,0,0
9798.942549786369,72815.7,0.2922443151473999,0,1
9798.942549786369,72412.15,0.31199562549591064,0,1
9798.942549786369,72553.62,0.30266839265823364,0,0
9798.942549786369,72055.5,0.31780025362968445,0,1
9798.942549786369,72333.7,0.30266839265823364,0,0
9798.942549786369,72591.59,0.30266839265823364,0,0
9798.942549786369,73388.92,0.31622692942619324,0,0
9798.942549786369,72915.79,0.2933718264102936,0,0
9798.942549786369,72890.73,0.2640134394168854,0,0
9798.942549786369,72467.79,0.28075677156448364,0,0
9798.942549786369,72609.29,0.2796759307384491,0,0
9798.942549786369,71652.77,0.35237836837768555,0,0
9798.942549786369,71305.92,0.33945566415786743,0,0
9798.942549786369,70704.41,0.33780211210250854,0,0
9798.942549786369,70990.65,0.31935641169548035,0,0
9798.942549786369,70918.07,0.32145074009895325,0,0
9798.942549786369,71236.51,0.317744642496109,0,0
9798.942549786369,71141.93,0.317744642496109,0,0
9798.942549786369,71208.54,0.291314035654068,0,0
9798.942549786369,70890.72,0.32022422552108765,0,0
9798.942549786369,70988.19,0.3033917248249054,0,0
9798.942549786369,71257.2,0.3395950496196747,0,0
9798.942549786369,71252.43,0.3076356053352356,0,0
9798.942549786369,71080.38,0.3033917248249054,0,0
9798.942549786369,70613.61,0.3381548523902893,0,0
9798.942549786369,70436.19,0.33485734462738037,0,0
9798.942549786369,70597.23,0.33505797386169434,0,0
9798.942549786369,71056.44,0.33556729555130005,0,0
9798.942549786369,70789.49,0.29630157351493835,0,0
9798.942549786369,70565.56,0.3389452397823334,0,0
9798.942549786369,70527.93,0.2947288453578949,0,0
9798.942549786369,70212.95,0.3404587507247925,0,0
9798.942549786369,69907.0,0.34481561183929443,0,0
9798.942549786369,69208.0,0.3553706407546997,0,0
9798.942549786369,68409.89,0.3643026053905487,0,0
9798.942549786369,68504.71,0.3536278307437897,0,0
9798.942549786369,68446.52,0.3482009470462799,0,0
9798.942549786369,67955.1,0.35385796427726746,0,0
9798.942549786369,68181.2,0.3416253924369812,0,0
9798.942549786369,68131.79,0.33858630061149597,0,0
9798.942549786369,68111.03,0.34268128871917725,0,0
9798.942549786369,68289.1,0.3394075930118561,0,0
9798.942549786369,68319.89,0.24840903282165527,0,0
9798.942549786369,68114.02,0.2923602759838104,0,0
9798.942549786369,68290.45,0.29464662075042725,0,0
9798.942549786369,68262.01,0.24451114237308502,0,0
9798.942549786369,68350.04,0.27706363797187805,0,0
9798.942549786369,68095.5,0.30051103234291077,0,0
9798.942549786369,68063.43,0.268405020236969,0,0
9798.942549786369,68018.26,0.23984654247760773,0,0
9798.942549786369,67690.86,0.29092881083488464,0,0
9798.942549786369,67842.67,0.29921355843544006,0,0
9798.942549786369,67795.4,0.268405020236969,0,0
9798.942549786369,68000.0,0.24787278473377228,0,0
9798.942549786369,67880.31,0.23984654247760773,0,0
9798.942549786369,68010.01,0.29092881083488464,0,0
9798.942549786369,67992.54,0.2333841323852539,0,0
9798.942549786369,67931.06,0.2400420606136322,0,0
9798.942549786369,68016.7,0.2816062867641449,0,0
9798.942549786369,67877.45,0.2889087498188019,0,0
9798.942549786369,67783.63,0.24200472235679626,0,0
9798.942549786369,67788.41,0.23456443846225739,0,0
9798.942549786369,67568.13,0.2868834435939789,0,0
9798.942549786369,67080.34,0.337340384721756,0,0
9798.942549786369,67402.98,0.26798951625823975,0,0
9798.942549786369,67452.98,0.24178598821163177,0,0
9798.942549786369,67258.65,0.2634672522544861,0,0
9798.942549786369,67262.91,0.23818089067935944,0,0
9798.942549786369,67194.77,0.2586232125759125,0,0
9798.942549786369,67297.27,0.26100873947143555,0,0
9798.942549786369,66925.44,0.30074286460876465,0,1
9798.942549786369,67000.26,0.24178598821163177,0,1
9798.942549786369,66637.36,0.3065010905265808,0,1
9798.942549786369,67149.93,0.29707497358322144,0,1
9798.942549786369,67161.52,0.2177170366048813,0,0
9798.942549786369,67319.91,0.26100873947143555,0,0
9798.942549786369,67539.33,0.26220056414604187,0,0
9798.942549786369,67681.0,0.26220056414604187,0,0
9798.942549786369,67904.14,0.26763716340065,0,0
9798.942549786369,67515.0,0.2789136469364166,0,0
9798.942549786369,67324.72,0.29522478580474854,0,0
9798.942549786369,67234.86,0.30508890748023987,0,0
9798.942549786369,67339.76,0.2676142156124115,0,0
9798.942549786369,67218.23,0.27192726731300354,0,0
9798.942549786369,66872.15,0.2895299196243286,0,0
9798.942549786369,67065.0,0.29579076170921326,0,0
9798.942549786369,66804.0,0.2620939016342163,0,0
9798.942549786369,67337.42,0.26763716340065,0,0
9798.942549786369,67238.8,0.2740488648414612,0,0
9798.942549786369,67020.01,0.2790206968784332,0,0
9798.942549786369,66236.8,0.3208395540714264,0,1
9798.942549786369,65971.2,0.3034624755382538,0,1
9798.942549786369,66370.01,0.3128599524497986,0,1
9798.942549786369,66196.01,0.316205769777298,0,1
9798.942549786369,66537.32,0.2764197587966919,0,1
9798.942549786369,67205.05,0.29707854986190796,0,1
9798.942549786369,67130.14,0.2779606282711029,0,1
9798.942549786369,67911.16,0.3059777021408081,0,0
9798.942549786369,67267.18,0.3027154207229614,0,1
9798.942549786369,67555.13,0.29358330368995667,0,1
9798.942549786369,67814.69,0.3020540475845337,0,1
9798.942549786369,67981.02,0.31170278787612915,0,1
9798.942549786369,67608.13,0.32255232334136963,0,1
9798.942549786369,67764.98,0.31905680894851685,0,1
9798.942549786369,68151.93,0.31981536746025085,0,0
9798.942549786369,68976.0,0.34006187319755554,0,0
9798.942549786369,69151.5,0.32091549038887024,0,0
9798.942549786369,68863.66,0.32091549038887024,0,0
9798.942549786369,68960.12,0.31698545813560486,0,0
9798.942549786369,68600.71,0.32897672057151794,0,0
9798.942549786369,68356.37,0.2903527021408081,0,1
9798.942549786369,68991.93,0.30615681409835815,0,0
9798.942549786369,68961.71,0.26865288615226746,0,1
9798.942549786369,68919.72,0.282002717256546,0,1
9798.942549786369,68635.88,0.282002717256546,0,1
9798.942549786369,68432.16,0.2747158706188202,0,1
9798.942549786369,69157.37,0.2998645007610321,0,1
9798.942549786369,69260.01,0.2843897044658661,0,1
9798.942549786369,70272.01,0.31310322880744934,0,1
9798.942549786369,69429.85,0.32558757066726685,0,1
9798.942549786369,70072.94,0.30830562114715576,0,1
9798.942549786369,69971.34,0.30701112747192383,0,1
9798.942549786369,69910.91,0.3033909499645233,0,1
9798.942549786369,70406.01,0.31217724084854126,0,0
9798.942549786369,70709.37,0.30981460213661194,0,1
9798.942549786369,71078.92,0.31217724084854126,0,0
9798.942549786369,70774.04,0.3072282671928406,0,1
9798.942549786369,70580.94,0.29549717903137207,0,0
9798.942549786369,70519.86,0.2871761918067932,0,0
9798.942549786369,69921.12,0.3398239016532898,0,0
9798.942549786369,71467.81,0.3310564458370209,0,0
9798.942549786369,71346.16,0.31217724084854126,0,0
9798.942549786369,71268.59,0.3059592545032501,0,0
9798.942549786369,70868.61,0.33007535338401794,0,0
9798.942549786369,70013.87,0.3391076624393463,0,0
9798.942549786369,70043.63,0.3036939799785614,0,0
9798.942549786369,70235.6,0.28521907329559326,0,0
9798.942549786369,69763.01,0.31541457772254944,0,0
9798.942549786369,69721.58,0.2988210618495941,0,1
9798.942549786369,69948.63,0.29320695996284485,0,0
9798.942549786369,70044.87,0.2988210618495941,0,0
9798.942549786369,70071.26,0.29549717903137207,0,0
9798.942549786369,69810.72,0.31078433990478516,0,0
9798.942549786369,69551.91,0.30113643407821655,0,0
9798.942549786369,70130.99,0.3036939799785614,0,0
9798.942549786369,69510.36,0.3132392168045044,0,0
9798.942549786369,69950.01,0.2940709590911865,0,0
9798.942549786369,69648.29,0.31788963079452515,0,1
9798.942549786369,69662.24,0.29224351048469543,0,1
9798.942549786369,69466.75,0.29224351048469543,0,1
9798.942549786369,69604.9,0.2846912145614624,0,1
9798.942549786369,69173.0,0.321615993976593,0,1
9798.942549786369,69361.13,0.31424054503440857,0,1
9798.942549786369,70186.09,0.2970016300678253,0,1
9798.942549786369,70578.7,0.3286389112472534,0,0
9798.942549786369,70227.91,0.3343891501426697,0,1
9798.942549786369,70570.71,0.3044204115867615,0,0
9798.942549786369,70785.99,0.28733840584754944,0,0
9798.942549786369,70617.64,0.27715426683425903,0,0
9798.942549786369,70641.82,0.27667808532714844,0,0
9798.942549786369,70634.96,0.2687748670578003,0,0
9798.942549786369,70741.26,0.27667808532714844,0,0
9798.942549786369,70373.01,0.2853860855102539,0,0
9798.942549786369,70191.86,0.2684697210788727,0,0
9798.942549786369,70225.34,0.2577987313270569,0,0
9798.942549786369,69841.31,0.27480611205101013,0,0
9798.942549786369,69286.56,0.29891011118888855,0,1
9798.942549786369,69446.61,0.25467628240585327,0,1
9798.942549786369,69372.0,0.2709558308124542,0,1
9798.942549786369,69480.54,0.26742321252822876,0,1
9798.942549786369,69501.44,0.25419294834136963,0,1
9798.942549786369,69826.19,0.27043387293815613,0,0
9798.942549786369,69917.37,0.27178850769996643,0,0
9798.942549786369,69952.51,0.28317636251449585,0,1
9798.942549786369,70412.11,0.27848538756370544,0,0
9798.942549786369,70427.91,0.2738405764102936,0,0
9798.942549786369,70381.8,0.25675687193870544,0,0
9798.942549786369,69972.15,0.2782096564769745,0,1
9798.942549786369,69590.09,0.3193165361881256,0,1
9798.942549786369,70334.88,0.300433874130249,0,0
9798.942549786369,70381.16,0.28256332874298096,0,0
9798.942549786369,70212.06,0.28931689262390137,0,0
9798.942549786369,69819.64,0.29990074038505554,0,1
9798.942549786369,70432.32,0.2713683843612671,0,1
9798.942549786369,70164.49,0.27394193410873413,0,1
9798.942549786369,70268.55,0.2575753331184387,0,1
9798.942549786369,70175.64,0.2652686834335327,0,1
9798.942549786369,70541.34,0.2739960849285126,0,1
9798.942549786369,71475.61,0.3099559247493744,0,0
9798.942549786369,71672.39,0.27715426683425903,0,0
9798.942549786369,71143.8,0.29374027252197266,0,1
9798.942549786369,71405.75,0.2905907928943634,0,1
9798.942549786369,71393.94,0.2769182026386261,0,1
9798.942549786369,71546.29,0.2828682065010071,0,1
9798.942549786369,71342.0,0.28245314955711365,0,1
9798.942549786369,71612.22,0.2938925623893738,0,1
9798.942549786369,71821.02,0.29587522149086,0,1
9798.942549786369,72006.57,0.28603118658065796,0,0
9798.942549786369,72458.12,0.28733840584754944,0,0
9798.942549786369,72228.82,0.26674363017082214,0,0
9798.942549786369,72784.73,0.2897646427154541,0,0
9798.942549786369,73379.18,0.3085600435733795,0,0
9798.942549786369,72382.72,0.325017511844635,0,0
9798.942549786369,71831.46,0.33720579743385315,0,0
9798.942549786369,71885.57,0.30601322650909424,0,0
9798.942549786369,71037.93,0.3392026722431183,0,0
9798.942549786369,71055.45,0.2942761480808258,0,0
9798.942549786369,71189.95,0.28521907329559326,0,0
9798.942549786369,71346.84,0.2726151645183563,0,0
9798.942549786369,71104.65,0.2718917727470398,0,0
9798.942549786369,70814.0,0.2817772626876831,0,0
9798.942549786369,70930.0,0.28058797121047974,0,0
9798.942549786369,70631.97,0.29828259348869324,0,0
9798.942549786369,70831.7,0.3080058693885803,0,0
9798.942549786369,70783.27,0.26025113463401794,0,0
9798.942549786369,71081.3,0.2820790708065033,0,0
9798.942549786369,71039.58,0.2772690951824188,0,0
9798.942549786369,71013.75,0.2542431652545929,0,0
9798.942549786369,70622.08,0.30967628955841064,0,0
9798.942549786369,70596.68,0.2542431652545929,0,0
9798.942549786369,70585.63,0.2311893105506897,0,0
9798.942549786369,70501.16,0.27321237325668335,0,0
9798.942549786369,70570.44,0.23984654247760773,0,0
9798.942549786369,70751.42,0.23984654247760773,0,0
9798.942549786369,70780.59,0.23984654247760773,0,0
9798.942549786369,70847.35,0.2530025243759155,0,0
9798.942549786369,70599.22,0.2624875605106354,0,0
9798.942549786369,70580.09,0.2740204632282257,0,0
9798.942549786369,70672.53,0.2419450879096985,0,0
9798.942549786369,70617.01,0.24221889674663544,0,1
9798.942549786369,70668.23,0.22289128601551056,0,0
9798.942549786369,70700.0,0.21570228040218353,0,0
9798.942549786369,70805.71,0.24646691977977753,0,1
9798.942549786369,70799.99,0.2212347686290741,0,1
9798.942549786369,70710.91,0.20282970368862152,0,1
9798.942549786369,71211.95,0.3026237189769745,0,0
9798.942549786369,70985.28,0.27548089623451233,0,1
9798.942549786369,70985.83,0.251897931098938,0,1
9798.942549786369,71450.53,0.2827540338039398,0,0
9798.942549786369,71363.14,0.26462507247924805,0,1
9798.942549786369,71606.32,0.26462507247924805,0,0
9798.942549786369,71489.68,0.2604679465293884,0,0
9798.942549786369,71458.41,0.2521592974662781,0,0
9798.942549786369,71453.59,0.22207222878932953,0,0
9798.942549786369,71717.5,0.2549923360347748,0,0
9798.942549786369,71791.1,0.24106325209140778,0,0
9798.942549786369,71783.09,0.2495402842760086,0,0
9798.942549786369,71839.42,0.24743500351905823,0,0
9798.942549786369,71610.33,0.2509404718875885,0,0
9798.942549786369,71607.54,0.28412771224975586,0,0
9798.942549786369,71622.03,0.26452144980430603,0,0
9798.942549786369,71481.24,0.20887406170368195,0,1
9798.942549786369,71437.35,0.24892915785312653,0,1
9798.942549786369,71819.95,0.26058948040008545,0,1
9798.942549786369,71390.53,0.26093241572380066,0,1
9798.942549786369,71549.94,0.22335579991340637,0,1
9798.942549786369,71730.81,0.23570844531059265,0,1
9798.942549786369,72109.58,0.25864073634147644,0,1
9798.942549786369,72749.44,0.31092551350593567,0,1
9798.942549786369,72815.24,0.2837470769882202,0,1
9798.942549786369,72531.26,0.2740536034107208,0,1
9798.942549786369,72752.9,0.2807956039905548,0,1
9798.942549786369,72514.69,0.26880332827568054,0,1
9798.942549786369,73573.32,0.31386351585388184,0,0
9798.942549786369,73835.62,0.29906225204467773,0,0
9798.942549786369,74207.49,0.2954545021057129,0,0
9798.942549786369,73714.36,0.2913614511489868,0,0
9798.942549786369,73456.68,0.2807934880256653,0,1
9798.942549786369,73135.0,0.29427164793014526,0,1
9798.942549786369,73260.92,0.27085697650909424,0,0
9798.942549786369,73783.42,0.29358330368995667,0,0
9798.942549786369,73552.77,0.280058354139328,0,1
9798.942549786369,73864.8,0.28984513878822327,0,0
9798.942549786369,74109.55,0.29587522149086,0,0
9798.942549786369,73565.54,0.3216954171657562,0,1
9798.942549786369,73274.76,0.2899227440357208,0,1
9798.942549786369,73760.63,0.2894652187824249,0,1
9798.942549786369,73943.18,0.2875079810619354,0,1
9798.942549786369,73913.6,0.2886732220649719,0,1
9798.942549786369,73963.0,0.28765809535980225,0,1
9798.942549786369,74236.9,0.2630595862865448,0,1
9798.942549786369,74401.36,0.2781788408756256,0,0
9798.942549786369,74772.66,0.27428144216537476,0,0
9798.942549786369,74884.67,0.27549901604652405,0,0
9798.942549786369,75318.48,0.29108113050460815,0,0
9798.942549786369,75623.91,0.29906225204467773,0,0
9798.942549786369,75198.02,0.2872072756290436,0,0
9798.942549786369,74463.98,0.29902610182762146,0,0
9798.942549786369,74252.01,0.280409574508667,0,0
9798.942549786369,74036.74,0.2742972671985626,0,0
9798.942549786369,74085.45,0.26556792855262756,0,0
9798.942549786369,74249.32,0.2684062719345093,0,0
9798.942549786369,74188.38,0.2607915699481964,0,0
9798.942549786369,73937.16,0.27156487107276917,0,0
9798.942549786369,73729.45,0.26336270570755005,0,1
9798.942549786369,74033.11,0.2685392200946808,0,1
9798.942549786369,73739.74,0.2685392200946808,0,1
9798.942549786369,73615.48,0.2813432812690735,0,1
9798.942549786369,74381.7,0.29719677567481995,0,0
9798.942549786369,73914.39,0.30138519406318665,0,1
9798.942549786369,74155.69,0.27156487107276917,0,0
9798.942549786369,74523.75,0.2738548815250397,0,0
9798.942549786369,74683.04,0.2707175612449646,0,0
9798.942549786369,74512.17,0.2685462236404419,0,0
9798.942549786369,74506.75,0.2607915699481964,0,0
9798.942549786369,74685.42,0.2685462236404419,0,0
9798.942549786369,74307.08,0.28306126594543457,0,0
9798.942549786369,73909.36,0.3231740891933441,0,0
9798.942549786369,73867.88,0.3004499077796936,0,0
9798.942549786369,74072.3,0.27488183975219727,0,0
9798.942549786369,74338.93,0.2927074134349823,0,0
9798.942549786369,74446.14,0.2662849426269531,0,0
9798.942549786369,74175.49,0.2575819492340088,0,0
9798.942549786369,73950.0,0.2670189142227173,0,0
9798.942549786369,73954.03,0.26122358441352844,0,0
9798.942549786369,73883.8,0.2584589123725891,0,0
9798.942549786369,74044.89,0.24749881029129028,0,0
9798.942549786369,74181.08,0.23698244988918304,0,0
9798.942549786369,73946.35,0.2671671509742737,0,0
9798.942549786369,72952.85,0.31657809019088745,0,0
9798.942549786369,72361.24,0.31645116209983826,0,0
9798.942549786369,72133.49,0.31436818838119507,0,0
9798.942549786369,71193.23,0.3281479477882385,0,0
9798.942549786369,71467.82,0.31805169582366943,0,0
9798.942549786369,71314.08,0.3168296217918396,0,0
9798.942549786369,71595.21,0.31788092851638794,0,0
9798.942549786369,71096.74,0.32852646708488464,0,0
9798.942549786369,71072.38,0.3219306170940399,0,0
9798.942549786369,71214.67,0.3219306170940399,0,0
9798.942549786369,71263.67,0.2947928011417389,0,0
9798.942549786369,71153.66,0.30584990978240967,0,0
9798.942549786369,71246.54,0.30584990978240967,0,0
9798.942549786369,71002.17,0.30584990978240967,0,0
9798.942549786369,71115.23,0.2411244511604309,0,0
9798.942549786369,71055.44,0.29532667994499207,0,0
9798.942549786369,71215.39,0.30959299206733704,0,0
9798.942549786369,70822.07,0.31225571036338806,0,0
9798.942549786369,70826.54,0.2411244511604309,0,0
9798.942549786369,70583.22,0.3081117868423462,0,0
9798.942549786369,70191.17,0.31898757815361023,0,0
9798.942549786369,69985.19,0.3180561065673828,0,0
9798.942549786369,70513.0,0.31458181142807007,0,0
9798.942549786369,70133.72,0.30013415217399597,0,0
9798.942549786369,69952.75,0.27197641134262085,0,0
9798.942549786369,69290.27,0.32435140013694763,0,1
9798.942549786369,69905.65,0.3162201941013336,0,1
9798.942549786369,69482.25,0.3263390064239502,0,1
9798.942549786369,69412.51,0.3322245478630066,0,1
9798.942549786369,69455.86,0.3168061077594757,0,1
9798.942549786369,69854.16,0.3164382874965668,0,0
9798.942549786369,69821.21,0.2814914584159851,0,1
9798.942549786369,70271.99,0.3196410536766052,0,0
9798.942549786369,70483.03,0.31660643219947815,0,0
9798.942549786369,70413.47,0.29093801975250244,0,0
9798.942549786369,70183.99,0.3139742910861969,0,1
9798.942549786369,69930.0,0.3139742910861969,0,1
9798.942549786369,70181.0,0.32028305530548096,0,0
9798.942549786369,70403.79,0.31028100848197937,0,1
9798.942549786369,70415.47,0.29424333572387695,0,1
9798.942549786369,70729.92,0.2861422300338745,0,0
9798.942549786369,70783.69,0.286016583442688,0,0
9798.942549786369,70606.24,0.2718823254108429,0,0
9798.942549786369,70502.9,0.27399101853370667,0,0
9798.942549786369,70854.66,0.2875629663467407,0,0
9798.942549786369,71042.23,0.2942986786365509,0,0
9798.942549786369,70583.8,0.2870313823223114,0,0
9798.942549786369,70611.68,0.2809208035469055,0,0
9798.942549786369,70478.71,0.275337815284729,0,0
9798.942549786369,70342.63,0.27373549342155457,0,0
9798.942549786369,69863.84,0.28510698676109314,0,0
9798.942549786369,69731.21,0.28271132707595825,0,0
9798.942549786369,69860.09,0.2756882607936859,0,1
9798.942549786369,69829.26,0.2756882607936859,0,1
9798.942549786369,70000.0,0.2791503071784973,0,1
9798.942549786369,69770.0,0.2762162983417511,0,1
9798.942549786369,70177.86,0.2657029926776886,0,0
9798.942549786369,70057.66,0.2724953293800354,0,1
9798.942549786369,70540.73,0.27658557891845703,0,0
9798.942549786369,70767.85,0.2567208409309387,0,0
9798.942549786369,70510.73,0.25233444571495056,0,0
9798.942549786369,70682.19,0.24811317026615143,0,0
9798.942549786369,70464.59,0.2499449998140335,0,0
9798.942549786369,70737.6,0.23843955993652344,0,0
9798.942549786369,70657.35,0.1878877431154251,0,0
9798.942549786369,70642.13,0.24082040786743164,0,0
9798.942549786369,70697.94,0.24749881029129028,0,0
9798.942549786369,70774.65,0.21167099475860596,0,0
9798.942549786369,70727.33,0.24082040786743164,0,0
9798.942549786369,70594.43,0.27321624755859375,0,0
9798.942549786369,70661.59,0.1907452940940857,0,0
9798.942549786369,70605.64,0.2082839161157608,0,0
9798.942549786369,70652.72,0.19422809779644012,0,0
9798.942549786369,70722.61,0.17953941226005554,0,0
9798.942549786369,70740.18,0.1698506474494934,0,0
9798.942549786369,70629.1,0.2760336399078369,0,0
9798.942549786369,70630.02,0.29686006903648376,0,0
9798.942549786369,70301.66,0.32202592492103577,0,0
9798.942549786369,70304.08,0.31489330530166626,0,0
9798.942549786369,70389.19,0.29012471437454224,0,0
9798.942549786369,70396.0,0.24785088002681732,0,0
9798.942549786369,70462.28,0.27463361620903015,0,0
9798.942549786369,70345.57,0.3143666386604309,0,0
9798.942549786369,70277.22,0.2699035406112671,0,0
9798.942549786369,68918.12,0.3017546236515045,0,0
9798.942549786369,68954.71,0.31138089299201965,0,0
9798.942549786369,68962.4,0.2885037064552307,0,0
9798.942549786369,69278.12,0.28962472081184387,0,0
9798.942549786369,69339.99,0.29753419756889343,0,0
9798.942549786369,69358.0,0.2782371938228607,0,0
9798.942549786369,69153.41,0.23626913130283356,0,0
9798.942549786369,69164.06,0.25167354941368103,0,0
9798.942549786369,68919.38,0.2713598608970642,0,0
9798.942549786369,68804.77,0.30129408836364746,0,0
9798.942549786369,68826.2,0.27547910809516907,0,0
9798.942549786369,68648.17,0.2694796025753021,0,0
9798.942549786369,68217.95,0.3103256821632385,0,1
9798.942549786369,68654.83,0.30959299206733704,0,0
9798.942549786369,68700.02,0.3016151785850525,0,0
9798.942549786369,68711.66,0.2894507050514221,0,0
9798.942549786369,68847.96,0.28503096103668213,0,0
9798.942549786369,68805.58,0.2411244511604309,0,0
9798.942549786369,68673.02,0.23509357869625092,0,0
9798.942549786369,68618.58,0.28959640860557556,0,0
9798.942549786369,68199.93,0.2924029529094696,0,0
9798.942549786369,68176.46,0.28561046719551086,0,0
9798.942549786369,67899.97,0.3127497434616089,0,0
9798.942549786369,68339.37,0.3089733421802521,0,0
9798.942549786369,67859.0,0.3127548098564148,0,1
9798.942549786369,67669.99,0.3127497434616089,0,0
9798.942549786369,67905.0,0.3089733421802521,0,1
9798.942549786369,68320.72,0.3089733421802521,0,0
9798.942549786369,68074.6,0.2930954694747925,0,0
9798.942549786369,68541.0,0.3020908534526825,0,0
9798.942549786369,68899.92,0.2801300585269928,0,1
9798.942549786369,67874.19,0.3227873742580414,0,1
9798.942549786369,68333.16,0.3174574673175812,0,1
9798.942549786369,68434.26,0.3070446252822876,0,1
9798.942549786369,68334.01,0.307220458984375,0,1
9798.942549786369,68551.02,0.3055832087993622,0,1
9798.942549786369,70122.15,0.34827920794487,0,1
9798.942549786369,70752.15,0.3456250727176666,0,0
9798.942549786369,71481.13,0.32713279128074646,0,0
9798.942549786369,71446.46,0.31566983461380005,0,0
9798.942549786369,70131.48,0.3445223569869995,0,1
9798.942549786369,70561.54,0.31254133582115173,0,0
9798.942549786369,71085.16,0.3090309798717499,0,0
9798.942549786369,71076.22,0.28892579674720764,0,0
9798.942549786369,70679.05,0.3124544024467468,0,0
9798.942549786369,70915.59,0.29729267954826355,0,0
9798.942549786369,70851.35,0.23378507792949677,0,0
9798.942549786369,70780.22,0.29297465085983276,0,0
9798.942549786369,70906.45,0.30058765411376953,0,0
9798.942549786369,70679.2,0.31139031052589417,0,0
9798.942549786369,70516.57,0.30911150574684143,0,1
9798.942549786369,70453.37,0.29099240899086,0,1
9798.942549786369,70542.9,0.2542187571525574,0,1
9798.942549786369,70372.44,0.2993820011615753,0,1
9798.942549786369,70283.85,0.2675430476665497,0,1
9798.942549786369,70541.38,0.29006895422935486,0,1
9798.942549786369,71291.7,0.31622692942619324,0,0
9798.942549786369,70964.15,0.3052298128604889,0,0
9798.942549786369,71316.97,0.2854059338569641,0,0
9798.942549786369,71272.87,0.26170873641967773,0,0
9798.942549786369,71157.77,0.2651832699775696,0,0
9798.942549786369,70956.48,0.2586747109889984,0,0
9798.942549786369,70100.46,0.3232676684856415,0,0
9798.942549786369,69869.93,0.31142082810401917,0,0
9798.942549786369,69873.04,0.29084888100624084,0,1
9798.942549786369,69476.87,0.3188616931438446,0,1
9798.942549786369,69238.43,0.32560381293296814,0,1
9798.942549786369,69430.24,0.3189430236816406,0,1
9798.942549786369,69377.33,0.2987534701824188,0,1
9798.942549786369,70093.19,0.32176050543785095,0,1
9798.942549786369,70332.93,0.30221205949783325,0,1
9798.942549786369,70316.96,0.2784152328968048,0,1
9798.942549786369,70556.74,0.29032400250434875,0,1
9798.942549786369,70840.75,0.28354889154434204,0,0
9798.942549786369,70677.18,0.2766497731208801,0,0
9798.942549786369,70531.09,0.2744487524032593,0,1
9798.942549786369,70716.7,0.2738068103790283,0,1
9798.942549786369,70968.64,0.26267820596694946,0,1
9798.942549786369,71117.66,0.2719896137714386,0,1
9798.942549786369,70991.83,0.27302855253219604,0,1
9798.942549786369,70926.88,0.2650216221809387,0,1
9798.942549786369,71248.39,0.2809479832649231,0,0
9798.942549786369,71345.91,0.2560175359249115,0,0
9798.942549786369,71501.39,0.2539230287075043,0,0
9798.942549786369,71678.97,0.27923157811164856,0,0
9798.942549786369,71715.24,0.27923157811164856,0,0
9798.942549786369,71581.42,0.27935680747032166,0,0
9798.942549786369,71234.28,0.27357223629951477,0,0
9798.942549786369,70832.99,0.2870362401008606,0,0
9798.942549786369,71324.01,0.2976432740688324,0,0
9798.942549786369,70779.0,0.28092917799949646,0,1
9798.942549786369,70810.34,0.2657029926776886,0,1
9798.942549786369,70883.31,0.25992608070373535,0,1
9798.942549786369,71009.5,0.2662849426269531,0,0
9798.942549786369,71035.24,0.23698244988918304,0,0
9798.942549786369,71369.08,0.26294681429862976,0,0
9798.942549786369,71336.53,0.2499449998140335,0,0
9798.942549786369,71299.27,0.2560175359249115,0,0
9798.942549786369,71252.11,0.24082040786743164,0,0
9798.942549786369,70893.01,0.26962512731552124,0,0
9798.942549786369,70921.47,0.2560175359249115,0,0
9798.942549786369,70772.01,0.24082040786743164,0,0
9798.942549786369,70016.98,0.30917996168136597,0,0
9798.942549786369,70097.18,0.2777341902256012,0,0
9798.942549786369,70087.44,0.2752527892589569,0,0
9798.942549786369,70024.77,0.26561179757118225,0,0
9798.942549786369,69562.41,0.30917996168136597,0,0
9798.942549786369,69517.68,0.2752527892589569,0,0
9798.942549786369,69276.01,0.30054986476898193,0,0
9798.942549786369,69436.42,0.248504638671875,0,0
9798.942549786369,69646.59,0.3027973771095276,0,0
9798.942549786369,69479.92,0.3027973771095276,0,0
9798.942549786369,69082.64,0.30917996168136597,0,0
9798.942549786369,68932.52,0.2777341902256012,0,0
9798.942549786369,68486.86,0.3123689293861389,0,0
9798.942549786369,68497.25,0.30602556467056274,0,0
9798.942549786369,68534.36,0.2697986662387848,0,1
9798.942549786369,69005.21,0.31186991930007935,0,0
9798.942549786369,68921.1,0.27603819966316223,0,0
9798.942549786369,68892.67,0.2879120409488678,0,0
9798.942549786369,68820.31,0.2512648105621338,0,0
9798.942549786369,68785.01,0.2922588586807251,0,0
9798.942549786369,69051.27,0.27506905794143677,0,0
9798.942549786369,68903.59,0.2798115015029907,0,0
9798.942549786369,68767.51,0.27197641134262085,0,0
9798.942549786369,68578.0,0.30227693915367126,0,0
9798.942549786369,68630.77,0.27771738171577454,0,0
9798.942549786369,68656.15,0.274105966091156,0,0
9798.942549786369,68540.48,0.30594968795776367,0,0
9798.942549786369,67920.5,0.3123689293861389,0,0
9798.942549786369,67695.81,0.30428430438041687,0,0
9798.942549786369,66502.41,0.3329058587551117,0,0
9798.942549786369,66702.78,0.324126273393631,0,0
9798.942549786369,66619.76,0.3120632469654083,0,0
9798.942549786369,66188.32,0.3309633731842041,0,0
9798.942549786369,66205.06,0.3282172381877899,0,0
9798.942549786369,66112.82,0.3282172381877899,0,0
9798.942549786369,65979.29,0.3025778830051422,0,0
9798.942549786369,65632.92,0.3205476701259613,0,1
9798.942549786369,65836.69,0.31116172671318054,0,1
9798.942549786369,66040.66,0.3188844323158264,0,0
9798.942549786369,66020.76,0.2947928011417389,0,0
9798.942549786369,66098.0,0.2993522584438324,0,0
9798.942549786369,66020.79,0.2889595031738281,0,0
9798.942549786369,66407.28,0.2879839837551117,0,0
9798.942549786369,66431.55,0.27996477484703064,0,0
9798.942549786369,66178.85,0.30191442370414734,0,1
9798.942549786369,66053.2,0.2779085040092468,0,1
9798.942549786369,66240.0,0.2961272597312927,0,0
9798.942549786369,66285.01,0.27065396308898926,0,0
9798.942549786369,66341.9,0.2984825074672699,0,0
9798.942549786369,66382.0,0.2565973997116089,0,0
9798.942549786369,66561.48,0.2772408425807953,0,0
9798.942549786369,66409.33,0.27104049921035767,0,1
9798.942549786369,66311.32,0.2571485936641693,0,1
9798.942549786369,66221.38,0.22562091052532196,0,1
9798.942549786369,66319.47,0.23936495184898376,0,1
9798.942549786369,66455.09,0.2360784262418747,0,1
9798.942549786369,66835.1,0.27146390080451965,0,0
9798.942549786369,66742.1,0.2528335154056549,0,0
9798.942549786369,67014.91,0.27832213044166565,0,0
9798.942549786369,66926.95,0.2571485936641693,0,0
9798.942549786369,66846.21,0.2360784262418747,0,0
9798.942549786369,66908.03,0.20556038618087769,0,0
9798.942549786369,66916.52,0.20556038618087769,0,0
9798.942549786369,66906.0,0.1959998607635498,0,0
9798.942549786369,66685.53,0.23225274682044983,0,0
9798.942549786369,66755.88,0.2314635068178177,0,0
9798.942549786369,66377.03,0.24570772051811218,0,1
9798.942549786369,66487.93,0.2571485936641693,0,0
9798.942549786369,66569.22,0.27838262915611267,0,0
9798.942549786369,66818.0,0.24606245756149292,0,0
9798.942549786369,66912.0,0.2886951267719269,0,0
9798.942549786369,66735.14,0.24405182898044586,0,0
9798.942549786369,66771.94,0.2888181805610657,0,0
9798.942549786369,66738.5,0.2888181805610657,0,0
9798.942549786369,66671.0,0.27717864513397217,0,0
9798.942549786369,66724.0,0.305963397026062,0,0
9798.942549786369,66634.01,0.3090474605560303,0,0
9798.942549786369,66502.79,0.33988064527511597,0,0
9798.942549786369,66816.28,0.31416863203048706,0,0
9798.942549786369,66849.88,0.28640273213386536,0,0
9798.942549786369,66580.36,0.3032609224319458,0,0
9798.942549786369,66589.64,0.3266284465789795,0,0
9798.942549786369,66523.0,0.3531816005706787,0,0
9798.942549786369,66499.35,0.3090474605560303,0,0
9798.942549786369,66385.84,0.33625534176826477,0,0
9798.942549786369,66427.26,0.305963397026062,0,0
9798.942549786369,66348.62,0.2835032343864441,0,0
9798.942549786369,66614.05,0.3079226016998291,0,1
9798.942549786369,66710.12,0.2808438539505005,0,1
9798.942549786369,65860.31,0.31351375579833984,0,1
9798.942549786369,66010.93,0.2907928228378296,0,1
9798.942549786369,66280.25,0.2873142957687378,0,1
9798.942549786369,66653.74,0.27693280577659607,0,1
9798.942549786369,67121.01,0.2896086275577545,0,1
9798.942549786369,67173.8,0.2584924101829529,0,0
9798.942549786369,67616.29,0.27284741401672363,0,0
9798.942549786369,67492.46,0.27070480585098267,0,0
9798.942549786369,67305.14,0.27084553241729736,0,1
9798.942549786369,67624.39,0.2680351138114929,0,0
9798.942549786369,67666.44,0.27302855253219604,0,0
9798.942549786369,67495.46,0.2798826992511749,0,0
9798.942549786369,67488.53,0.22419877350330353,0,0
9798.942549786369,67680.45,0.2809479832649231,0,0
9798.942549786369,67899.59,0.2631090581417084,0,0
9798.942549786369,67529.52,0.2865040898323059,0,0
9798.942549786369,67799.54,0.27872592210769653,0,0
9798.942549786369,67629.4,0.27747219800949097,0,0
9798.942549786369,67368.1,0.2769926190376282,0,0
9798.942549786369,66828.02,0.2793770432472229,0,0
9798.942549786369,66653.46,0.26253464818000793,0,1
9798.942549786369,66550.05,0.2653803825378418,0,1
9798.942549786369,66651.4,0.24867501854896545,0,1
9798.942549786369,66809.3,0.26253464818000793,0,1
9798.942549786369,66784.98,0.23843955993652344,0,1
9798.942549786369,66797.37,0.2668142020702362,0,1
9798.942549786369,67208.75,0.2700108289718628,0,0
9798.942549786369,67938.54,0.3033149540424347,0,0
9798.942549786369,67943.43,0.2636409401893616,0,0
9798.942549786369,67704.74,0.26136839389801025,0,0
9798.942549786369,67544.01,0.28829365968704224,0,0
9798.942549786369,67681.68,0.26929375529289246,0,0
9798.942549786369,67492.85,0.2599775493144989,0,0
9798.942549786369,67367.69,0.27353376150131226,0,0
9798.942549786369,66778.33,0.3237646520137787,0,0
9798.942549786369,66124.99,0.3332195580005646,0,1
9798.942549786369,66363.38,0.3051782250404358,0,1
9798.942549786369,66685.69,0.32360780239105225,0,1
9798.942549786369,66653.26,0.3054906725883484,0,1
9798.942549786369,67302.29,0.2828216850757599,0,1
9798.942549786369,66587.45,0.33681949973106384,0,1
9798.942549786369,66736.8,0.3223012387752533,0,1
9798.942549786369,67665.83,0.33457648754119873,0,1
9798.942549786369,67526.75,0.33458271622657776,0,1
9798.942549786369,67854.05,0.3055897653102875,0,1
9798.942549786369,67838.8,0.28872284293174744,0,0
9798.942549786369,68265.53,0.31640592217445374,0,0
9798.942549786369,68277.99,0.29294857382774353,0,0
9798.942549786369,68172.87,0.28617656230926514,0,0
9798.942549786369,68284.48,0.2783392667770386,0,0
9798.942549786369,68330.75,0.2878929078578949,0,1
9798.942549786369,67782.73,0.3222896158695221,0,1
9798.942549786369,67668.89,0.2969408333301544,0,1
9798.942549786369,68170.67,0.32011678814888,0,1
9798.942549786369,68303.83,0.2878929078578949,0,0
9798.942549786369,68456.02,0.28959763050079346,0,0
9798.942549786369,69102.85,0.2933339476585388,0,0
9798.942549786369,68692.0,0.300531268119812,0,0
9798.942549786369,68670.16,0.2920757830142975,0,0
9798.942549786369,68644.0,0.2783392667770386,0,0
9798.942549786369,68585.55,0.28073370456695557,0,0
9798.942549786369,68712.52,0.29278644919395447,0,0
9798.942549786369,68393.6,0.27860787510871887,0,0
9798.942549786369,68116.07,0.27864474058151245,0,0
9798.942549786369,68593.55,0.27864474058151245,0,0
9798.942549786369,68918.52,0.27687492966651917,0,0
9798.942549786369,68816.34,0.26553815603256226,0,0
9798.942549786369,68266.62,0.29047343134880066,0,0
9798.942549786369,68084.76,0.26929453015327454,0,1
9798.942549786369,68176.84,0.2567369341850281,0,0
9798.942549786369,68191.09,0.2567369341850281,0,0
9798.942549786369,68362.53,0.24670501053333282,0,0
9798.942549786369,68122.99,0.24683748185634613,0,0
9798.942549786369,68113.92,0.25547903776168823,0,0
9798.942549786369,68600.29,0.2659323513507843,0,0
9798.942549786369,67359.27,0.3315277695655823,0,0
9798.942549786369,66852.99,0.33805379271507263,0,0
9798.942549786369,66576.25,0.32328149676322937,0,0
9798.942549786369,66330.27,0.32725220918655396,0,0
9798.942549786369,66591.54,0.305311918258667,0,0
9798.942549786369,66681.49,0.2955661118030548,0,0
9798.942549786369,66930.79,0.310455322265625,0,0
9798.942549786369,66439.12,0.32254916429519653,0,1
9798.942549786369,66469.6,0.2949765920639038,0,1
9798.942549786369,66457.28,0.2868008613586426,0,1
9798.942549786369,66220.28,0.30279892683029175,0,1
9798.942549786369,66052.71,0.30656132102012634,0,1
9798.942549786369,66270.87,0.33500322699546814,0,1
9798.942549786369,66868.18,0.34001341462135315,0,0
9798.942549786369,66852.91,0.32384178042411804,0,0
9798.942549786369,67095.85,0.34001341462135315,0,0
9798.942549786369,66679.16,0.3402681052684784,0,0
9798.942549786369,66981.99,0.3476710021495819,0,0
9798.942549786369,66975.99,0.29258066415786743,0,0
9798.942549786369,66939.25,0.2905007600784302,0,0
9798.942549786369,66935.93,0.2567306458950043,0,0
9798.942549786369,66982.48,0.24867501854896545,0,0
9798.942549786369,66901.99,0.27285367250442505,0,0
9798.942549786369,66785.86,0.26566052436828613,0,0
9798.942549786369,66630.0,0.2959330081939697,0,1
9798.942549786369,66533.81,0.2759946882724762,0,1
9798.942549786369,66579.97,0.2724473774433136,0,0
9798.942549786369,66602.66,0.27468517422676086,0,0
9798.942549786369,66600.35,0.2716558873653412,0,1
9798.942549786369,66796.79,0.2703258991241455,0,0
9798.942549786369,67042.08,0.2710665166378021,0,0
9798.942549786369,66965.39,0.26920849084854126,0,0
9798.942549786369,66859.58,0.26912423968315125,0,0
9798.942549786369,66883.08,0.29633718729019165,0,0
9798.942549786369,67017.44,0.2366594523191452,0,0
9798.942549786369,66722.16,0.3195923864841461,0,0
9798.942549786369,66672.0,0.3218696713447571,0,0
9798.942549786369,66929.81,0.27520740032196045,0,0
9798.942549786369,66827.15,0.30779609084129333,0,0
9798.942549786369,67010.46,0.2922559082508087,0,0
9798.942549786369,66855.01,0.2595016658306122,0,0
9798.942549786369,66812.03,0.24726729094982147,0,0
9798.942549786369,66885.74,0.2737594246864319,0,0
9798.942549786369,66831.98,0.24661189317703247,0,0
9798.942549786369,66964.21,0.2321285605430603,0,0
9798.942549786369,66888.76,0.2321285605430603,0,0
9798.942549786369,66964.3,0.2755862772464752,0,0
9798.942549786369,66893.39,0.2116459757089615,0,0
9798.942549786369,66852.0,0.2352277934551239,0,0
9798.942549786369,66844.83,0.23028744757175446,0,0
9798.942549786369,66832.18,0.2116459757089615,0,0
9798.942549786369,66860.73,0.232864648103714,0,0
9798.942549786369,66916.29,0.2352277934551239,0,0
9798.942549786369,67013.24,0.23607312142848969,0,0
9798.942549786369,67014.96,0.2443927526473999,0,0
9798.942549786369,66940.0,0.2586868703365326,0,0
9798.942549786369,66988.05,0.22071047127246857,0,1
9798.942549786369,67167.0,0.2591071128845215,0,0
9798.942549786369,67156.93,0.2586868703365326,0,0
9798.942549786369,67097.87,0.23083612322807312,0,0
9798.942549786369,67193.44,0.29630210995674133,0,0
9798.942549786369,67215.24,0.29630210995674133,0,0
9798.942549786369,67383.66,0.30229681730270386,0,0
9798.942549786369,67366.68,0.2788339853286743,0,0
9798.942549786369,67329.4,0.20114825665950775,0,0
9798.942549786369,67295.47,0.18419267237186432,0,0
9798.942549786369,67288.42,0.2322118878364563,0,0
9798.942549786369,67268.4,0.19401629269123077,0,0
9798.942549786369,67359.2,0.23413023352622986,0,0
9798.942549786369,67399.92,0.22138600051403046,0,0
9798.942549786369,67300.42,0.2586868703365326,0,0
9798.942549786369,67225.0,0.2586868703365326,0,0
9798.942549786369,67085.0,0.2800000309944153,0,0
9798.942549786369,67170.16,0.2935609221458435,0,0
9798.942549786369,67145.98,0.24443350732326508,0,0
9798.942549786369,67101.65,0.24617350101470947,0,0
9798.942549786369,66931.65,0.31065699458122253,0,0
9798.942549786369,66802.24,0.31065699458122253,0,0
9798.942549786369,66820.64,0.2834184765815735,0,0
9798.942549786369,66933.18,0.219326451420784,0,0
9798.942549786369,67035.15,0.2282928079366684,0,0
9798.942549786369,67046.01,0.2626819908618927,0,0
9798.942549786369,66999.0,0.2150646299123764,0,1
9798.942549786369,66783.58,0.2876107096672058,0,1
9798.942549786369,66890.7,0.2869950830936432,0,1
9798.942549786369,66918.03,0.2220478653907776,0,1
9798.942549786369,67306.64,0.29032060503959656,0,0
9798.942549786369,67212.62,0.2443189173936844,0,1
9798.942549786369,67373.64,0.2299908697605133,0,1
9798.942549786369,67413.78,0.24372100830078125,0,1
9798.942549786369,67361.01,0.23865193128585815,0,1
9798.942549786369,67658.35,0.2375633716583252,0,1
9798.942549786369,67553.43,0.2687307298183441,0,1
9798.942549786369,68338.43,0.31773850321769714,0,1
9798.942549786369,69034.18,0.2957225441932678,0,0
9798.942549786369,69083.78,0.2957225441932678,0,0
9798.942549786369,68810.18,0.2672441303730011,0,0
9798.942549786369,69207.99,0.29809844493865967,0,0
9798.942549786369,69123.69,0.2824135720729828,0,1
9798.942549786369,69141.8,0.30295053124427795,0,1
9798.942549786369,69199.31,0.2756023108959198,0,1
9798.942549786369,68976.67,0.2893100678920746,0,1
9798.942549786369,69115.91,0.2820189297199249,0,0
9798.942549786369,69224.63,0.2810603082180023,0,1
9798.942549786369,69728.0,0.31562426686286926,0,0
9798.942549786369,69770.88,0.30513817071914673,0,0
9798.942549786369,69614.91,0.30558279156684875,0,0
9798.942549786369,69366.75,0.27039656043052673,0,1
9798.942549786369,69428.23,0.2725183963775635,0,0
9798.942549786369,69654.38,0.28163132071495056,0,0
9798.942549786369,69968.87,0.2903643250465393,0,0
9798.942549786369,69799.14,0.28397026658058167,0,0
9798.942549786369,69574.61,0.271465927362442,0,0
9798.942549786369,69888.97,0.2596133351325989,0,0
9798.942549786369,69739.53,0.2499449998140335,0,0
9798.942549786369,69826.01,0.23843955993652344,0,0
9798.942549786369,69504.99,0.24444638192653656,0,0
9798.942549786369,68811.0,0.2709272503852844,0,0
9798.942549786369,68853.66,0.27534714341163635,0,0
9798.942549786369,68775.7,0.2725050151348114,0,0
9798.942549786369,68400.01,0.2839867174625397,0,0
9798.942549786369,68674.0,0.27733537554740906,0,0
9798.942549786369,68779.21,0.27285367250442505,0,1
9798.942549786369,68854.65,0.26253464818000793,0,0
9798.942549786369,68669.0,0.2677098512649536,0,0
9798.942549786369,68568.35,0.27285367250442505,0,0
9798.942549786369,68624.61,0.2514471709728241,0,0
9798.942549786369,68936.71,0.2511894702911377,0,0
9798.942549786369,69150.05,0.26575523614883423,0,0
9798.942549786369,68237.93,0.31026700139045715,0,0
9798.942549786369,68345.75,0.2958381474018097,0,1
9798.942549786369,68392.18,0.30394741892814636,0,0
9798.942549786369,68231.99,0.3022305369377136,0,1
9798.942549786369,67860.48,0.30768975615501404,0,1
9798.942549786369,68168.1,0.30761364102363586,0,1
9798.942549786369,68229.99,0.2826249897480011,0,1
9798.942549786369,68705.81,0.3085658550262451,0,1
9798.942549786369,68442.53,0.2916758060455322,0,1
9798.942549786369,69011.29,0.30675023794174194,0,1
9798.942549786369,69319.39,0.2957403063774109,0,1
9798.942549786369,69927.64,0.2889886796474457,0,1
9798.942549786369,71514.09,0.3792059123516083,0,0
9798.942549786369,71924.22,0.3426787257194519,0,0
9798.942549786369,71710.19,0.3329605162143707,0,0
9798.942549786369,71476.97,0.29697439074516296,0,0
9798.942549786369,71364.94,0.3187955617904663,0,1
9798.942549786369,71287.39,0.2847501039505005,0,1
9798.942549786369,71566.18,0.29280057549476624,0,0
9798.942549786369,71731.1,0.28780364990234375,0,0
9798.942549786369,71732.69,0.28780364990234375,0,0
9798.942549786369,71627.59,0.28363656997680664,0,0
9798.942549786369,71800.0,0.2710816264152527,0,0
9798.942549786369,71678.87,0.26157259941101074,0,0
9798.942549786369,71476.98,0.26151037216186523,0,0
9798.942549786369,71675.12,0.2742564380168915,0,0
9798.942549786369,72071.95,0.29480254650115967,0,0
9798.942549786369,71600.01,0.3395684063434601,0,0
9798.942549786369,70912.88,0.3343161344528198,0,1
9798.942549786369,71310.0,0.31305333971977234,0,0
9798.942549786369,71602.1,0.3107711970806122,0,0
9798.942549786369,71888.19,0.3048897385597229,0,0
9798.942549786369,71099.63,0.28255778551101685,0,0
9798.942549786369,71318.48,0.2688136398792267,0,0
9798.942549786369,71372.93,0.27191361784935,0,0
9798.942549786369,71551.39,0.24729236960411072,0,0
9798.942549786369,71064.84,0.25997668504714966,0,0
9798.942549786369,71069.93,0.2761290669441223,0,0
9798.942549786369,70815.5,0.3044610619544983,0,0
9798.942549786369,70928.89,0.29173824191093445,0,0
9798.942549786369,71060.64,0.26986393332481384,0,0
9798.942549786369,70992.39,0.27180129289627075,0,1
9798.942549786369,70782.0,0.26052770018577576,0,1
9798.942549786369,70984.0,0.29903438687324524,0,0
9798.942549786369,71031.84,0.27948978543281555,0,0
9798.942549786369,70982.01,0.2327253669500351,0,0
9798.942549786369,71249.51,0.2894652187824249,0,0
9798.942549786369,71534.68,0.2658308148384094,0,1
9798.942549786369,71276.45,0.2656584680080414,0,1
9798.942549786369,71150.17,0.2710064649581909,0,1
9798.942549786369,71279.63,0.2690366208553314,0,1
9798.942549786369,70801.98,0.3085405230522156,0,1
9798.942549786369,71123.71,0.27184373140335083,0,1
9798.942549786369,72141.99,0.31006523966789246,0,0
9798.942549786369,72080.87,0.2858668863773346,0,0
9798.942549786369,72347.49,0.28824955224990845,0,0
9798.942549786369,71888.69,0.2790975272655487,0,0
9798.942549786369,72096.32,0.2766573429107666,0,0
9798.942549786369,72413.97,0.2703065276145935,0,0
9798.942549786369,72264.95,0.2832529544830322,0,0
9798.942549786369,71946.01,0.30299314856529236,0,0
9798.942549786369,71787.97,0.2800901532173157,0,0
9798.942549786369,71963.03,0.28259074687957764,0,0
9798.942549786369,72157.93,0.27886927127838135,0,0
9798.942549786369,71965.36,0.2709863483905792,0,0
9798.942549786369,71868.67,0.2552054822444916,0,0
9798.942549786369,72117.29,0.26222455501556396,0,0
9798.942549786369,72127.84,0.2453455924987793,0,0
9798.942549786369,71805.38,0.25974181294441223,0,1
9798.942549786369,71481.85,0.26572924852371216,0,1
9798.942549786369,71606.07,0.2662926912307739,0,1
9798.942549786369,71787.41,0.24683748185634613,0,1
9798.942549786369,71910.09,0.23488284647464752,0,1
9798.942549786369,72127.59,0.2560175359249115,0,1
9798.942549786369,72258.68,0.27112361788749695,0,1
9798.942549786369,72321.4,0.2705349326133728,0,1
9798.942549786369,72909.0,0.28125280141830444,0,1
9798.942549786369,72460.51,0.28377196192741394,0,1
9798.942549786369,72992.33,0.27875202894210815,0,0
9798.942549786369,73121.66,0.2560175359249115,0,0
9798.942549786369,73107.07,0.25638464093208313,0,0
9798.942549786369,73236.11,0.26022836565971375,0,0
9798.942549786369,73361.68,0.26049384474754333,0,0
9798.942549786369,73190.67,0.26712965965270996,0,0
9798.942549786369,72877.0,0.27294185757637024,0,0
9798.942549786369,72962.7,0.22971083223819733,0,0
9798.942549786369,72828.42,0.22971083223819733,0,0
9798.942549786369,72954.39,0.23843955993652344,0,0
9798.942549786369,72966.57,0.22081750631332397,0,0
9798.942549786369,72866.63,0.22081750631332397,0,0
9798.942549786369,72806.08,0.23258650302886963,0,0
9798.942549786369,72722.28,0.18286754190921783,0,0
9798.942549786369,72762.0,0.20595194399356842,0,0
9798.942549786369,72745.38,0.1853366494178772,0,0
9798.942549786369,72664.17,0.17953941226005554,0,0
9798.942549786369,72907.11,0.2369135320186615,0,0
9798.942549786369,72843.71,0.17669068276882172,0,0
9798.942549786369,72907.05,0.23625819385051727,0,0
9798.942549786369,72940.49,0.227463498711586,0,1
9798.942549786369,72658.07,0.27962177991867065,0,1
9798.942549786369,72704.67,0.20204134285449982,0,1
9798.942549786369,72858.17,0.2797929048538208,0,1
9798.942549786369,73034.33,0.2869020402431488,0,0
9798.942549786369,73095.97,0.25819626450538635,0,0
9798.942549786369,73547.89,0.26445701718330383,0,0
9798.942549786369,73687.15,0.26513421535491943,0,0
9798.942549786369,73290.43,0.2690955400466919,0,0
9798.942549786369,73427.04,0.26513421535491943,0,0
9798.942549786369,73376.01,0.26513421535491943,0,0
9798.942549786369,73043.16,0.2809816896915436,0,0
9798.942549786369,73079.96,0.251282274723053,0,0
9798.942549786369,71643.69,0.3202753961086273,0,0
9798.942549786369,71761.35,0.31321150064468384,0,0
9798.942549786369,71593.19,0.29181525111198425,0,0
9798.942549786369,71466.53,0.26643410325050354,0,0
9798.942549786369,71710.2,0.29181525111198425,0,0
9798.942549786369,71668.01,0.21037550270557404,0,0
9798.942549786369,71665.0,0.21283037960529327,0,0
9798.942549786369,71629.21,0.2611451745033264,0,0
9798.942549786369,71531.94,0.21283037960529327,0,0
9798.942549786369,71452.89,0.2564232051372528,0,0
9798.942549786369,71468.55,0.18543240427970886,0,0
9798.942549786369,71084.01,0.29258331656455994,0,0
9798.942549786369,70889.42,0.2878786623477936,0,0
9798.942549786369,70748.34,0.2761881649494171,0,1
9798.942549786369,70892.03,0.2738766670227051,0,1
9798.942549786369,70936.27,0.18380004167556763,0,0
9798.942549786369,71140.51,0.2738766670227051,0,0
9798.942549786369,71137.64,0.18089860677719116,0,0
9798.942549786369,71084.18,0.18089860677719116,0,0
9798.942549786369,71335.43,0.2920692563056946,0,0
9798.942549786369,71364.02,0.25491321086883545,0,0
9798.942549786369,70912.73,0.31985458731651306,0,0
9798.942549786369,70740.98,0.292916476726532,0,0
9798.942549786369,71172.62,0.2944602072238922,0,0
9798.942549786369,71197.64,0.24721388518810272,0,0
9798.942549786369,71073.14,0.2583061456680298,0,0
9798.942549786369,70976.0,0.2434535026550293,0,0
9798.942549786369,70890.3,0.26451727747917175,0,0
9798.942549786369,70878.82,0.24512185156345367,0,0
9798.942549786369,71017.66,0.2369241565465927,0,0
9798.942549786369,70813.88,0.2922605872154236,0,1
9798.942549786369,70680.7,0.251510888338089,0,1
9798.942549786369,70792.88,0.22677215933799744,0,1
9798.942549786369,70755.88,0.18804962933063507,0,1
9798.942549786369,70929.68,0.23829273879528046,0,1
9798.942549786369,71074.91,0.2661435306072235,0,1
9798.942549786369,71662.65,0.2692181169986725,0,1
9798.942549786369,72400.15,0.2939484715461731,0,1
9798.942549786369,71866.59,0.286807656288147,0,1
9798.942549786369,72202.36,0.2867533266544342,0,1
9798.942549786369,72148.87,0.28323403000831604,0,1
9798.942549786369,72424.86,0.2765069901943207,0,1
9798.942549786369,73322.82,0.30134329199790955,0,1
9798.942549786369,73149.36,0.27070480585098267,0,1
9798.942549786369,73179.71,0.24683748185634613,0,1
9798.942549786369,74627.04,0.3330654203891754,0,0
9798.942549786369,74417.99,0.3250005841255188,0,0
9798.942549786369,74163.82,0.2992245554924011,0,0
9798.942549786369,74386.02,0.32254189252853394,0,0
9798.942549786369,74330.98,0.2716061472892761,0,1
9798.942549786369,74444.43,0.27701160311698914,0,0
9798.942549786369,74387.85,0.20706628262996674,0,0
9798.942549786369,74210.11,0.286822646856308,0,0
9798.942549786369,74522.73,0.27691125869750977,0,0
9798.942549786369,74546.0,0.32324355840682983,0,1
9798.942549786369,74750.0,0.32559317350387573,0,0
9798.942549786369,74500.0,0.2686332166194916,0,1
9798.942549786369,74350.01,0.2630966603755951,0,0
9798.942549786369,74376.52,0.21758092939853668,0,1
9798.942549786369,74452.0,0.25115537643432617,0,0
9798.942549786369,75525.94,0.32551470398902893,0,0
9798.942549786369,75013.62,0.33244428038597107,0,0
9798.942549786369,75317.07,0.29313990473747253,0,0
9798.942549786369,74652.2,0.33059683442115784,0,0
9798.942549786369,74748.9,0.311746209859848,0,0
9798.942549786369,74093.19,0.3062560558319092,0,1
9798.942549786369,74223.18,0.27328211069107056,0,1
9798.942549786369,74102.29,0.2655879855155945,0,0
9798.942549786369,74277.15,0.26658573746681213,0,0
9798.942549786369,74023.15,0.29425540566444397,0,0
9798.942549786369,74131.55,0.26127931475639343,0,0
9798.942549786369,74568.36,0.27617672085762024,0,0
9798.942549786369,74613.28,0.2596445679664612,0,0
9798.942549786369,74322.0,0.2602093815803528,0,0
9798.942549786369,74345.97,0.2480141967535019,0,0
9798.942549786369,74340.38,0.2424575388431549,0,0
9798.942549786369,74021.5,0.265897274017334,0,0
9798.942549786369,73891.62,0.2480141967535019,0,1
9798.942549786369,73730.43,0.3344682455062866,0,0
9798.942549786369,74110.51,0.28664663434028625,0,0
9798.942549786369,74011.69,0.23771826922893524,0,0
9798.942549786369,73864.75,0.26591071486473083,0,0
9798.942549786369,74201.78,0.26108333468437195,0,0
9798.942549786369,74273.77,0.26185208559036255,0,0
9798.942549786369,74063.92,0.3234651982784271,0,1
9798.942549786369,74151.81,0.3249921500682831,0,1
9798.942549786369,73844.08,0.32588279247283936,0,1
9798.942549786369,73941.09,0.28623849153518677,0,1
9798.942549786369,74134.95,0.2829311192035675,0,1
9798.942549786369,74390.29,0.2612208425998688,0,1
9798.942549786369,75002.6,0.2739567458629608,0,0
9798.942549786369,74841.68,0.2674444913864136,0,0
9798.942549786369,74743.1,0.25716787576675415,0,0
9798.942549786369,74964.0,0.2739567458629608,0,0
9798.942549786369,74809.99,0.25716787576675415,0,0
9798.942549786369,74815.1,0.27112361788749695,0,0
9798.942549786369,74657.66,0.23843955993652344,0,0
9798.942549786369,74887.24,0.27149635553359985,0,0
9798.942549786369,74888.21,0.2584924101829529,0,0
9798.942549786369,74944.15,0.26475536823272705,0,0
9798.942549786369,75043.48,0.24082040786743164,0,0
9798.942549786369,75045.01,0.24486355483531952,0,0
9798.942549786369,74707.03,0.278373122215271,0,0
9798.942549786369,74677.91,0.24486355483531952,0,0
9798.942549786369,74594.02,0.25406235456466675,0,0
9798.942549786369,74313.0,0.25825220346450806,0,0
9798.942549786369,74574.79,0.26479434967041016,0,0
9798.942549786369,74624.0,0.25436022877693176,0,1
9798.942549786369,73788.03,0.29862213134765625,0,1
9798.942549786369,73973.33,0.27534714341163635,0,1
9798.942549786369,74697.19,0.27910512685775757,0,0
9798.942549786369,74175.57,0.2765287458896637,0,1
9798.942549786369,74343.25,0.2706795632839203,0,1
9798.942549786369,75026.71,0.28302228450775146,0,0
9798.942549786369,75342.99,0.280790239572525,0,0
9798.942549786369,75223.47,0.27124539017677307,0,0
9798.942549786369,74934.24,0.27080607414245605,0,0
9798.942549786369,74867.92,0.2625139057636261,0,0
9798.942549786369,75154.29,0.2564375698566437,0,0
9798.942549786369,74944.98,0.2586313784122467,0,0
9798.942549786369,74750.0,0.2664914131164551,0,0
9798.942549786369,74700.0,0.24997586011886597,0,1
9798.942549786369,74615.82,0.2506136894226074,0,1
9798.942549786369,74791.39,0.24997586011886597,0,1
9798.942549786369,74637.77,0.23233573138713837,0,1
9798.942549786369,74938.52,0.24997586011886597,0,1
9798.942549786369,75074.77,0.20858106017112732,0,1
9798.942549786369,75780.38,0.28714674711227417,0,1
9798.942549786369,75779.99,0.2829311192035675,0,1
9798.942549786369,75278.77,0.28545936942100525,0,1
9798.942549786369,75589.7,0.262552946805954,0,1
9798.942549786369,76233.05,0.28540515899658203,0,1
9798.942549786369,77340.12,0.360073983669281,0,0
9798.942549786369,77886.77,0.3136809170246124,0,0
9798.942549786369,77785.02,0.29723188281059265,0,0
9798.942549786369,77857.14,0.3066042959690094,0,0
9798.942549786369,77520.59,0.28803080320358276,0,0
9798.942549786369,77159.89,0.27285534143447876,0,0
9798.942549786369,77393.58,0.27510175108909607,0,0
9798.942549786369,77337.64,0.267226904630661,0,0
9798.942549786369,77445.73,0.2363729625940323,0,0
9798.942549786369,77301.25,0.2363729625940323,0,0
9798.942549786369,77072.0,0.2618466019630432,0,0
9798.942549786369,77168.0,0.22312761843204498,0,0
9798.942549786369,77218.07,0.22312761843204498,0,0
9798.942549786369,77292.52,0.24028745293617249,0,0
9798.942549786369,77005.47,0.24028745293617249,0,0
9798.942549786369,77100.74,0.21896855533123016,0,0
9798.942549786369,77134.66,0.2034561187028885,0,0
9798.942549786369,77136.01,0.19001054763793945,0,0
9798.942549786369,76997.8,0.21207097172737122,0,0
9798.942549786369,76738.63,0.2677464485168457,0,0
9798.942549786369,76599.89,0.24044227600097656,0,0
9798.942549786369,76189.56,0.2752173840999603,0,0
9798.942549786369,76039.05,0.27480465173721313,0,0
9798.942549786369,76206.97,0.2597097158432007,0,0
9798.942549786369,76122.87,0.28609639406204224,0,0
9798.942549786369,76249.99,0.2835080325603485,0,0
9798.942549786369,76167.34,0.2591591775417328,0,0
9798.942549786369,75943.35,0.31391972303390503,0,0
9798.942549786369,75828.51,0.23372143507003784,0,0
9798.942549786369,75651.78,0.2835080325603485,0,0
9798.942549786369,75649.85,0.23410847783088684,0,0
9798.942549786369,75754.78,0.2597097158432007,0,0
9798.942549786369,75821.34,0.23410847783088684,0,0
9798.942549786369,75813.53,0.22721119225025177,0,0
9798.942549786369,75691.76,0.22381238639354706,0,0
9798.942549786369,75693.01,0.2678067088127136,0,0
9798.942549786369,75621.95,0.2678067088127136,0,0
9798.942549786369,75496.0,0.26237162947654724,0,0
9798.942549786369,75515.77,0.2511322796344757,0,0
9798.942549786369,75664.62,0.26445332169532776,0,0
9798.942549786369,75545.6,0.23047859966754913,0,0
9798.942549786369,75400.09,0.2582054138183594,0,0
9798.942549786369,75252.34,0.2924373745918274,0,1
9798.942549786369,75257.6,0.2582054138183594,0,1
9798.942549786369,75015.0,0.2638392448425293,0,1
9798.942549786369,75222.45,0.26819995045661926,0,0
9798.942549786369,75604.11,0.2704966366291046,0,0
9798.942549786369,75571.6,0.2621597647666931,0,0
9798.942549786369,75921.75,0.2727866470813751,0,0
9798.942549786369,76024.01,0.27382150292396545,0,0
9798.942549786369,75846.63,0.25371113419532776,0,0
9798.942549786369,75382.86,0.26788413524627686,0,0
9798.942549786369,74791.26,0.3065010905265808,0,0
9798.942549786369,74770.11,0.267555832862854,0,0
9798.942549786369,74965.47,0.2560760974884033,0,0
9798.942549786369,74630.0,0.2950819432735443,0,0
9798.942549786369,74425.15,0.28780460357666016,0,0
9798.942549786369,74047.34,0.3123689293861389,0,1
9798.942549786369,73801.79,0.24691618978977203,0,1
9798.942549786369,74280.01,0.30594968795776367,0,1
9798.942549786369,74595.13,0.3068182170391083,0,0
9798.942549786369,74410.01,0.2752942740917206,0,0
9798.942549786369,74634.0,0.25916627049446106,0,1
9798.942549786369,74567.64,0.24539200961589813,0,1
9798.942549786369,74264.15,0.2878965437412262,0,1
9798.942549786369,74786.59,0.29397261142730713,0,1
9798.942549786369,74837.17,0.28744029998779297,0,1
9798.942549786369,74728.91,0.26603055000305176,0,0
9798.942549786369,75062.77,0.2754455804824829,0,1
9798.942549786369,75027.26,0.2599696218967438,0,0
9798.942549786369,75192.71,0.2563989460468292,0,1
9798.942549786369,75289.9,0.2769280672073364,0,1
9798.942549786369,75269.38,0.2959325313568115,0,1
9798.942549786369,75034.79,0.30508890748023987,0,1
9798.942549786369,75716.77,0.28869372606277466,0,0
9798.942549786369,75338.74,0.27402758598327637,0,1
9798.942549786369,75898.14,0.2768843472003937,0,0
9798.942549786369,76423.69,0.2759110927581787,0,0
9798.942549786369,76296.96,0.26262345910072327,0,0
9798.942549786369,76276.17,0.27353376150131226,0,0
9798.942549786369,75954.71,0.26402202248573303,0,0
9798.942549786369,75974.24,0.2244911640882492,0,0
9798.942549786369,75840.97,0.23843955993652344,0,0
9798.942549786369,76092.45,0.2539230287075043,0,0
9798.942549786369,75927.59,0.2539230287075043,0,0
9798.942549786369,75581.33,0.2539230287075043,0,1
9798.942549786369,75710.3,0.23524697124958038,0,1
9798.942549786369,75813.81,0.23524697124958038,0,1
9798.942549786369,75802.0,0.25212642550468445,0,1
9798.942549786369,75974.11,0.2603282332420349,0,0
9798.942549786369,76084.34,0.27915918827056885,0,0
9798.942549786369,76507.21,0.2767903208732605,0,0
9798.942549786369,76362.77,0.27220141887664795,0,0
9798.942549786369,76746.41,0.2716112732887268,0,0
9798.942549786369,76452.94,0.26283329725265503,0,0
9798.942549786369,76009.46,0.28666695952415466,0,0
9798.942549786369,75899.98,0.2672131061553955,0,0
9798.942549786369,75675.05,0.2746637165546417,0,0
9798.942549786369,75834.65,0.271236389875412,0,0
9798.942549786369,75781.18,0.2654472589492798,0,0
9798.942549786369,75545.62,0.2746637165546417,0,1
9798.942549786369,75610.21,0.26561179757118225,0,1
9798.942549786369,75023.43,0.31461280584335327,0,1
9798.942549786369,75698.51,0.2982443869113922,0,1
9798.942549786369,75549.99,0.25233444571495056,0,1
9798.942549786369,75650.04,0.2539230287075043,0,1
9798.942549786369,76336.15,0.27211570739746094,0,1
9798.942549786369,76370.45,0.26481929421424866,0,1
9798.942549786369,76297.99,0.2586105465888977,0,1
9798.942549786369,77604.71,0.3142189085483551,0,1
9798.942549786369,77521.48,0.2945791184902191,0,1
9798.942549786369,77523.0,0.27959343791007996,0,1
9798.942549786369,77994.93,0.3157331645488739,0,0
9798.942549786369,78010.72,0.27631404995918274,0,0
9798.942549786369,78012.79,0.28994429111480713,0,1
9798.942549786369,78010.92,0.279352605342865,0,1
9798.942549786369,78001.95,0.26930806040763855,0,1
9798.942549786369,78157.41,0.26632142066955566,0,1
9798.942549786369,78300.0,0.285348504781723,0,1
9798.942549786369,78236.05,0.27623140811920166,0,1
9798.942549786369,78840.94,0.29917579889297485,0,0
9798.942549786369,79045.75,0.29556721448898315,0,0
9798.942549786369,79272.9,0.30140066146850586,0,0
9798.942549786369,78743.59,0.29091328382492065,0,0
9798.942549786369,78900.0,0.26267820596694946,0,0
9798.942549786369,79022.39,0.24683748185634613,0,0
9798.942549786369,78846.62,0.26267820596694946,0,0
9798.942549786369,78436.68,0.26142117381095886,0,0
9798.942549786369,78762.69,0.24824459850788116,0,0
9798.942549786369,78607.95,0.23843955993652344,0,0
9798.942549786369,78178.23,0.26760274171829224,0,0
9798.942549786369,78424.29,0.28580665588378906,0,0
9798.942549786369,78359.23,0.25588181614875793,0,0
9798.942549786369,77939.92,0.2675175368785858,0,0
9798.942549786369,77746.46,0.2729942500591278,0,0
9798.942549786369,77920.09,0.24684971570968628,0,0
9798.942549786369,78033.87,0.26122358441352844,0,0
9798.942549786369,78211.43,0.2539230287075043,0,0
9798.942549786369,78048.62,0.23524697124958038,0,0
9798.942549786369,77858.35,0.2785632610321045,0,0
9798.942549786369,77655.34,0.2660948634147644,0,1
9798.942549786369,77403.63,0.302448034286499,0,1
9798.942549786369,77704.62,0.27050289511680603,0,0
9798.942549786369,77870.53,0.26664429903030396,0,0
9798.942549786369,77532.23,0.3039756417274475,0,0
9798.942549786369,78180.77,0.30660736560821533,0,0
9798.942549786369,78376.76,0.30895647406578064,0,0
9798.942549786369,78103.72,0.291859894990921,0,0
9798.942549786369,77769.21,0.3206807076931,0,1
9798.942549786369,77678.65,0.3022586405277252,0,1
9798.942549786369,77727.26,0.2844157814979553,0,1
9798.942549786369,77886.97,0.25621548295021057,0,0
9798.942549786369,77864.83,0.23524697124958038,0,0
9798.942549786369,78235.3,0.2464185506105423,0,0
9798.942549786369,78257.48,0.23480722308158875,0,0
9798.942549786369,78417.22,0.2612208425998688,0,0
9798.942549786369,78429.73,0.27038517594337463,0,0
9798.942549786369,78125.65,0.2670672535896301,0,0
9798.942549786369,77737.85,0.2822456359863281,0,0
9798.942549786369,77670.0,0.2686556279659271,0,0
9798.942549786369,77953.48,0.2650893032550812,0,0
9798.942549786369,77789.75,0.24689865112304688,0,1
9798.942549786369,77644.6,0.2792131006717682,0,1
9798.942549786369,77785.71,0.27893292903900146,0,0
9798.942549786369,77527.69,0.2741733491420746,0,1
9798.942549786369,77752.36,0.261362761259079,0,0
9798.942549786369,78240.26,0.28798529505729675,0,0
9798.942549786369,78275.66,0.2687425911426544,0,0
9798.942549786369,78093.79,0.2804778516292572,0,0
9798.942549786369,78037.64,0.2766488194465637,0,0
9798.942549786369,78038.62,0.2805827856063843,0,0
9798.942549786369,77777.28,0.2730069160461426,0,0
9798.942549786369,77681.71,0.2664947807788849,0,0
9798.942549786369,77618.24,0.2612208425998688,0,0
9798.942549786369,77628.85,0.2560296356678009,0,0
9798.942549786369,77718.31,0.25959867238998413,0,0
9798.942549786369,77536.48,0.27624911069869995,0,0
9798.942549786369,77328.91,0.2578544318675995,0,0
9798.942549786369,77437.13,0.23185236752033234,0,0
9798.942549786369,77456.88,0.2844797968864441,0,0
9798.942549786369,77541.63,0.26979371905326843,0,0
9798.942549786369,77607.8,0.25624173879623413,0,0
9798.942549786369,77679.07,0.26081791520118713,0,0
9798.942549786369,77619.05,0.253791481256485,0,0
9798.942549786369,77510.28,0.25624173879623413,0,0
9798.942549786369,77503.63,0.253791481256485,0,0
9798.942549786369,77501.19,0.24456879496574402,0,0
9798.942549786369,77643.37,0.2661338746547699,0,0
9798.942549786369,77714.55,0.3108729124069214,0,0
9798.942549786369,77787.77,0.3219113051891327,0,0
9798.942549786369,77682.3,0.3333354592323303,0,0
9798.942549786369,77557.14,0.3219113051891327,0,0
9798.942549786369,77691.69,0.3219113051891327,0,0
9798.942549786369,77656.75,0.32735511660575867,0,0
9798.942549786369,77330.26,0.2864849269390106,0,0
9798.942549786369,77397.27,0.2737728953361511,0,0
9798.942549786369,77245.77,0.3211708068847656,0,0
9798.942549786369,77313.0,0.3219113051891327,0,0
9798.942549786369,77330.01,0.3219113051891327,0,0
9798.942549786369,77479.13,0.31555670499801636,0,0
9798.942549786369,77525.84,0.32735511660575867,0,0
9798.942549786369,77557.01,0.3188413083553314,0,0
9798.942549786369,77625.0,0.3147676885128021,0,0
9798.942549786369,77502.4,0.29905715584754944,0,1
9798.942549786369,77461.16,0.312065064907074,0,1
9798.942549786369,77512.67,0.30865731835365295,0,1
9798.942549786369,77400.21,0.29905715584754944,0,1
9798.942549786369,77774.29,0.28600919246673584,0,0
9798.942549786369,77983.31,0.29552122950553894,0,0
9798.942549786369,77999.04,0.2538721561431885,0,0
9798.942549786369,78102.53,0.2462780922651291,0,0
9798.942549786369,78032.59,0.26331979036331177,0,0
9798.942549786369,77999.99,0.24360708892345428,0,0
9798.942549786369,78002.43,0.2505556643009186,0,0
9798.942549786369,78101.44,0.24789176881313324,0,0
9798.942549786369,77833.08,0.2565283179283142,0,1
9798.942549786369,77977.79,0.2672533392906189,0,0
9798.942549786369,78095.66,0.2565283179283142,0,0
9798.942549786369,78049.0,0.24360708892345428,0,0
9798.942549786369,77919.43,0.2508704662322998,0,1
9798.942549786369,78018.57,0.2672533392906189,0,1
9798.942549786369,78283.96,0.2565283179283142,0,1
9798.942549786369,78221.16,0.2660696804523468,0,1
9798.942549786369,78194.22,0.25977322459220886,0,1
9798.942549786369,78417.41,0.2721496820449829,0,1
9798.942549786369,78313.52,0.2609449326992035,0,1
9798.942549786369,78657.55,0.259633332490921,0,0
9798.942549786369,79308.6,0.2925873100757599,0,0
9798.942549786369,79283.66,0.2804437279701233,0,0
9798.942549786369,79130.01,0.2791239619255066,0,0
9798.942549786369,79105.49,0.26800814270973206,0,0
9798.942549786369,78924.22,0.26800814270973206,0,0
9798.942549786369,77785.54,0.3082156479358673,0,0
9798.942549786369,77700.12,0.26852089166641235,0,0
9798.942549786369,77606.6,0.26036009192466736,0,0
9798.942549786369,77804.34,0.2749258577823639,0,0
9798.942549786369,77900.01,0.27310410141944885,0,0
9798.942549786369,77850.01,0.2390216439962387,0,0
9798.942549786369,77844.26,0.21861565113067627,0,0
9798.942549786369,77667.36,0.26818323135375977,0,0
9798.942549786369,77746.74,0.26643502712249756,0,0
9798.942549786369,77815.25,0.27308982610702515,0,0
9798.942549786369,76793.09,0.3310249447822571,0,0
9798.942549786369,76618.59,0.295729398727417,0,1
9798.942549786369,76743.24,0.295729398727417,0,1
9798.942549786369,76834.06,0.2620773911476135,0,1
9798.942549786369,76878.07,0.2943160831928253,0,0
9798.942549786369,76960.43,0.23749558627605438,0,0
9798.942549786369,76786.81,0.23749558627605438,0,0
9798.942549786369,77066.42,0.26955297589302063,0,0
9798.942549786369,77371.32,0.2866787612438202,0,0
9798.942549786369,77379.62,0.2930768132209778,0,0
9798.942549786369,77084.68,0.2680712938308716,0,0
9798.942549786369,76890.93,0.3220541775226593,0,0
9798.942549786369,76815.18,0.26216021180152893,0,0
9798.942549786369,76888.08,0.26216021180152893,0,0
9798.942549786369,76885.98,0.27278372645378113,0,0
9798.942549786369,76720.0,0.30670541524887085,0,0
9798.942549786369,76879.28,0.2937796711921692,0,0
9798.942549786369,76858.59,0.27671200037002563,0,0
9798.942549786369,76598.0,0.2624298632144928,0,0
9798.942549786369,76618.35,0.25933220982551575,0,0
9798.942549786369,76229.0,0.3103424906730652,0,0
9798.942549786369,76372.05,0.27052631974220276,0,0
9798.942549786369,76189.84,0.30860549211502075,0,0
9798.942549786369,75949.99,0.3103424906730652,0,1
9798.942549786369,76066.38,0.26505523920059204,0,0
9798.942549786369,76125.04,0.24121159315109253,0,0
9798.942549786369,76187.3,0.25010910630226135,0,0
9798.942549786369,76242.18,0.23977598547935486,0,0
9798.942549786369,76330.97,0.23059533536434174,0,0
9798.942549786369,76463.95,0.22032657265663147,0,0
9798.942549786369,76357.15,0.24679623544216156,0,1
9798.942549786369,76242.17,0.23964208364486694,0,1
9798.942549786369,76342.77,0.22032657265663147,0,1
9798.942549786369,76512.0,0.26272112131118774,0,1
9798.942549786369,76571.0,0.24372978508472443,0,1
9798.942549786369,76531.29,0.28023049235343933,0,1
9798.942549786369,76994.78,0.26827964186668396,0,1
9798.942549786369,77269.76,0.27592623233795166,0,0
9798.942549786369,77288.38,0.2524555027484894,0,0
9798.942549786369,77031.06,0.26015833020210266,0,0
9798.942549786369,77053.64,0.2764412462711334,0,0
9798.942549786369,77046.32,0.28693461418151855,0,0
9798.942549786369,77642.0,0.2927534878253937,0,0
9798.942549786369,77619.61,0.2796951234340668,0,0
9798.942549786369,77590.03,0.29526636004447937,0,0
9798.942549786369,77143.68,0.2811722755432129,0,0
9798.942549786369,76783.43,0.2811155915260315,0,0
9798.942549786369,76570.0,0.28066784143447876,0,0
9798.942549786369,75924.25,0.28699925541877747,0,0
9798.942549786369,75803.54,0.2815631330013275,0,0
9798.942549786369,76184.01,0.2560175359249115,0,0
9798.942549786369,75513.91,0.31665700674057007,0,1
9798.942549786369,75563.86,0.2672137916088104,0,1
9798.942549786369,75676.79,0.2672137916088104,0,0
9798.942549786369,75933.93,0.24956320226192474,0,0
9798.942549786369,75927.38,0.2505573630332947,0,0
9798.942549786369,75780.0,0.24726811051368713,0,0
9798.942549786369,76248.74,0.26531073451042175,0,0
9798.942549786369,76232.8,0.23993119597434998,0,0
9798.942549786369,75704.74,0.2997734546661377,0,0
9798.942549786369,75928.1,0.255872517824173,0,0
9798.942549786369,75497.0,0.2981560230255127,0,1
9798.942549786369,75600.09,0.2932665944099426,0,1
9798.942549786369,75753.53,0.2746216356754303,0,1
9798.942549786369,76161.67,0.2893862724304199,0,0
9798.942549786369,76058.17,0.28365209698677063,0,0
9798.942549786369,76097.19,0.27547910809516907,0,0
9798.942549786369,76028.66,0.26612743735313416,0,0
9798.942549786369,76059.43,0.2734164297580719,0,0
9798.942549786369,76308.48,0.29212266206741333,0,0
9798.942549786369,76420.44,0.27164262533187866,0,0
9798.942549786369,76301.24,0.27164262533187866,0,0
9798.942549786369,76473.6,0.2585027515888214,0,0
9798.942549786369,76261.03,0.24252258241176605,0,0
9798.942549786369,76250.01,0.2620511054992676,0,0
9798.942549786369,76350.0,0.23646768927574158,0,0
9798.942549786369,76412.8,0.2620511054992676,0,0
9798.942549786369,76492.46,0.2620511054992676,0,0
9798.942549786369,76241.78,0.22953584790229797,0,1
9798.942549786369,76237.06,0.23465344309806824,0,1
9798.942549786369,76346.57,0.21765151619911194,0,1
9798.942549786369,76458.05,0.24392205476760864,0,1
9798.942549786369,76686.13,0.24484571814537048,0,1
9798.942549786369,76592.54,0.2127021700143814,0,1
9798.942549786369,77131.08,0.2671390771865845,0,0
9798.942549786369,77042.44,0.26377153396606445,0,0
9798.942549786369,77165.98,0.22342069447040558,0,0
9798.942549786369,76993.48,0.24073722958564758,0,1
9798.942549786369,77130.54,0.22890044748783112,0,1
9798.942549786369,77377.47,0.2643507719039917,0,1
9798.942549786369,77268.55,0.23881281912326813,0,1
9798.942549786369,77304.34,0.24073722958564758,0,1
9798.942549786369,77463.98,0.25237223505973816,0,1
9798.942549786369,77896.01,0.27482208609580994,0,1
9798.942549786369,78737.25,0.3092251420021057,0,0
9798.942549786369,78358.75,0.29641273617744446,0,0
9798.942549786369,78445.89,0.29243919253349304,0,0
9798.942549786369,78214.36,0.2800580859184265,0,0
9798.942549786369,78552.94,0.26460161805152893,0,0
9798.942549786369,78423.9,0.23822474479675293,0,0
9798.942549786369,78360.0,0.23656681180000305,0,0
9798.942549786369,77880.18,0.2833290100097656,0,1
9798.942549786369,78199.99,0.2473980188369751,0,0
9798.942549786369,78153.38,0.2127540558576584,0,0
9798.942549786369,78231.13,0.21234464645385742,0,0
9798.942549786369,78341.75,0.2127540558576584,0,0
9798.942549786369,78355.0,0.22187981009483337,0,0
9798.942549786369,78353.93,0.2127540558576584,0,0
9798.942549786369,78400.0,0.2127540558576584,0,0
9798.942549786369,78175.5,0.24569687247276306,0,0
9798.942549786369,78174.0,0.23755601048469543,0,0
9798.942549786369,78327.8,0.2330702841281891,0,0
9798.942549786369,78220.0,0.18179188668727875,0,0
9798.942549786369,78315.37,0.19618502259254456,0,0
9798.942549786369,78293.57,0.1893940418958664,0,0
9798.942549786369,78249.3,0.17130009829998016,0,0
9798.942549786369,78143.08,0.1845678687095642,0,0
9798.942549786369,78211.24,0.1845678687095642,0,0
9798.942549786369,78367.06,0.2006509006023407,0,0
9798.942549786369,78423.98,0.1845678687095642,0,0
9798.942549786369,78487.67,0.16627827286720276,0,0
9798.942549786369,78455.02,0.18181218206882477,0,0
9798.942549786369,78398.02,0.2069004774093628,0,0
9798.942549786369,78466.62,0.19539661705493927,0,0
9798.942549786369,78486.0,0.19246524572372437,0,0
9798.942549786369,78451.38,0.18200252950191498,0,0
9798.942549786369,78719.78,0.22858762741088867,0,0
9798.942549786369,78832.98,0.20545725524425507,0,0
9798.942549786369,78686.85,0.198466494679451,0,0
9798.942549786369,78542.32,0.2856466770172119,0,0
9798.942549786369,78240.83,0.26404574513435364,0,0
9798.942549786369,78171.85,0.30370253324508667,0,0
9798.942549786369,78203.08,0.29403752088546753,0,0
9798.942549786369,78163.19,0.2910401523113251,0,0
9798.942549786369,78249.42,0.27275344729423523,0,1
9798.942549786369,78288.3,0.2924827039241791,0,1
9798.942549786369,78363.25,0.27101579308509827,0,0
9798.942549786369,78387.86,0.27750957012176514,0,0
9798.942549786369,78529.57,0.27101579308509827,0,0
9798.942549786369,78408.01,0.24962440133094788,0,0
9798.942549786369,78656.01,0.23717260360717773,0,0
9798.942549786369,78747.09,0.2633415162563324,0,0
9798.942549786369,78670.01,0.26309290528297424,0,0
9798.942549786369,78741.0,0.2599279284477234,0,0
9798.942549786369,78668.36,0.26309290528297424,0,0
9798.942549786369,78654.0,0.2617577314376831,0,1
9798.942549786369,78725.76,0.2780173420906067,0,0
9798.942549786369,78739.67,0.25249072909355164,0,0
9798.942549786369,78760.32,0.2662496566772461,0,1
9798.942549786369,78915.99,0.26227501034736633,0,1
9798.942549786369,78831.59,0.25977957248687744,0,1
9798.942549786369,79177.29,0.2689189314842224,0,1
9798.942549786369,78568.57,0.2647880017757416,0,1
9798.942549786369,78547.14,0.29271310567855835,0,1
9798.942549786369,79769.43,0.30764925479888916,0,0
9798.942549786369,80173.3,0.3000947833061218,0,0
9798.942549786369,80316.31,0.30254581570625305,0,0
9798.942549786369,80332.06,0.2716694176197052,0,0
9798.942549786369,80027.26,0.2748938500881195,0,0
9798.942549786369,79877.9,0.2900121212005615,0,0
9798.942549786369,79696.75,0.2740181088447571,0,0
9798.942549786369,79708.3,0.2740181088447571,0,1
9798.942549786369,79838.48,0.2740181088447571,0,0
9798.942549786369,78940.26,0.3054679334163666,0,1
9798.942549786369,78793.67,0.2667234241962433,0,1
9798.942549786369,78857.18,0.24865604937076569,0,1
9798.942549786369,78790.0,0.2745293080806732,0,1
9798.942549786369,80216.16,0.3383788466453552,0,0
9798.942549786369,80028.85,0.3370465636253357,0,0
9798.942549786369,80025.03,0.3274998664855957,0,0
9798.942549786369,80390.81,0.3259454071521759,0,0
9798.942549786369,80114.91,0.30094701051712036,0,0
9798.942549786369,80053.31,0.2610904276371002,0,0
9798.942549786369,79936.7,0.25107988715171814,0,1
9798.942549786369,80259.17,0.2737365961074829,0,1
9798.942549786369,80067.23,0.2550041377544403,0,1
9798.942549786369,79861.01,0.26675617694854736,0,1
9798.942549786369,80170.66,0.2541808784008026,0,1
9798.942549786369,80352.0,0.2725040912628174,0,1
9798.942549786369,80554.68,0.28256821632385254,0,0
9798.942549786369,80893.08,0.2881567180156708,0,0
9798.942549786369,80902.44,0.28070613741874695,0,0
9798.942549786369,80970.0,0.2937328517436981,0,0
9798.942549786369,80976.0,0.2419929951429367,0,0
9798.942549786369,80855.59,0.26974427700042725,0,1
9798.942549786369,80815.24,0.2696046531200409,0,1
9798.942549786369,80586.02,0.2640353739261627,0,1
9798.942549786369,80823.61,0.2333667278289795,0,1
9798.942549786369,81014.05,0.23785637319087982,0,0
9798.942549786369,81279.41,0.25900372862815857,0,0
9798.942549786369,81330.0,0.27007678151130676,0,0
9798.942549786369,81336.59,0.2542991638183594,0,0
9798.942549786369,81525.19,0.2518957257270813,0,0
9798.942549786369,81285.75,0.24650055170059204,0,0
9798.942549786369,81270.6,0.22190889716148376,0,0
9798.942549786369,81515.0,0.22742170095443726,0,0
9798.942549786369,81606.35,0.23370368778705597,0,0
9798.942549786369,81646.38,0.24675023555755615,0,0
9798.942549786369,81407.11,0.2419007420539856,0,0
9798.942549786369,81111.27,0.2542630434036255,0,0
9798.942549786369,80905.52,0.22729654610157013,0,1
9798.942549786369,81030.01,0.2570016384124756,0,1
9798.942549786369,81439.34,0.2591809332370758,0,0
9798.942549786369,81363.54,0.2386976033449173,0,1
9798.942549786369,81581.69,0.24380512535572052,0,1
9798.942549786369,81331.1,0.24484394490718842,0,1
9798.942549786369,81333.0,0.23115134239196777,0,1
9798.942549786369,81476.71,0.22839148342609406,0,1
9798.942549786369,81359.82,0.22502125799655914,0,0
9798.942549786369,81945.66,0.2653734087944031,0,0
9798.942549786369,81997.0,0.2653598487377167,0,0
9798.942549786369,82290.04,0.2681371867656708,0,0
9798.942549786369,82522.89,0.2845257818698883,0,0
9798.942549786369,82220.47,0.2653598487377167,0,0
9798.942549786369,81670.89,0.27911561727523804,0,0
9798.942549786369,81526.73,0.2784382700920105,0,0
9798.942549786369,81704.25,0.2687261998653412,0,0
9798.942549786369,81630.94,0.27672070264816284,0,0
9798.942549786369,81452.63,0.2389281839132309,0,0
9798.942549786369,81353.14,0.2668682932853699,0,0
9798.942549786369,81464.87,0.2528383731842041,0,0
9798.942549786369,81427.52,0.24887166917324066,0,0
9798.942549786369,81539.16,0.23306676745414734,0,0
9798.942549786369,81342.39,0.23306676745414734,0,0
9798.942549786369,81447.01,0.2543710470199585,0,0
9798.942549786369,81016.96,0.2579021155834198,0,1
9798.942549786369,81167.8,0.2585687041282654,0,0
9798.942549786369,81113.34,0.25034627318382263,0,0
9798.942549786369,80834.91,0.25283345580101013,0,0
9798.942549786369,80979.19,0.2795393168926239,0,0
9798.942549786369,81088.0,0.2753080725669861,0,0
9798.942549786369,81438.61,0.2627987563610077,0,0
9798.942549786369,81518.58,0.257986843585968,0,0
9798.942549786369,81231.24,0.2697950005531311,0,0
9798.942549786369,80929.0,0.2581433355808258,0,0
9798.942549786369,80850.75,0.2581433355808258,0,0
9798.942549786369,80866.65,0.27234596014022827,0,0
9798.942549786369,81162.01,0.2526075839996338,0,0
9798.942549786369,80503.68,0.31098949909210205,0,0
9798.942549786369,80171.38,0.3083327114582062,0,0
9798.942549786369,79890.63,0.3104616701602936,0,0
9798.942549786369,79801.08,0.2717823088169098,0,0
9798.942549786369,80094.52,0.31038519740104675,0,0
9798.942549786369,80200.59,0.2821199297904968,0,0
9798.942549786369,80146.11,0.28162476420402527,0,0
9798.942549786369,79879.99,0.2887830436229706,0,0
9798.942549786369,79735.01,0.2821199297904968,0,0
9798.942549786369,79919.01,0.253871351480484,0,0
9798.942549786369,80006.0,0.25283345580101013,0,0
9798.942549786369,79831.99,0.2664257884025574,0,0
9798.942549786369,79740.01,0.262163370847702,0,0
9798.942549786369,79488.46,0.2893066704273224,0,1
9798.942549786369,79578.85,0.28628453612327576,0,0
9798.942549786369,79655.23,0.23427250981330872,0,1
9798.942549786369,79600.01,0.2250330001115799,0,1
9798.942549786369,79525.76,0.2725105881690979,0,1
9798.942549786369,79682.4,0.29979780316352844,0,0
9798.942549786369,79886.01,0.2562907934188843,0,0
9798.942549786369,79872.72,0.2445356845855713,0,0
9798.942549786369,80212.56,0.2492227405309677,0,0
9798.942549786369,80231.22,0.2650577425956726,0,0
9798.942549786369,80025.82,0.28428125381469727,0,0
9798.942549786369,79647.8,0.27738553285598755,0,1
9798.942549786369,80150.97,0.2706122398376465,0,0
9798.942549786369,80142.14,0.2648354470729828,0,0
9798.942549786369,79802.34,0.2536037564277649,0,1
9798.942549786369,80060.0,0.2771565020084381,0,0
9798.942549786369,80078.4,0.259699285030365,0,0
9798.942549786369,80179.94,0.2660842835903168,0,0
9798.942549786369,80133.09,0.2413172423839569,0,0
9798.942549786369,80263.99,0.2250330001115799,0,0
9798.942549786369,80262.0,0.24029463529586792,0,0
9798.942549786369,80193.17,0.26450496912002563,0,0
9798.942549786369,80238.76,0.22712555527687073,0,0
9798.942549786369,80327.75,0.24669450521469116,0,0
9798.942549786369,80417.87,0.2494472861289978,0,0
9798.942549786369,80383.95,0.25552359223365784,0,0
9798.942549786369,80379.9,0.25552359223365784,0,0
9798.942549786369,80379.49,0.2469724863767624,0,0
9798.942549786369,80263.92,0.25188368558883667,0,0
9798.942549786369,80228.89,0.25143909454345703,0,0
9798.942549786369,80407.12,0.25552359223365784,0,0
9798.942549786369,80242.53,0.24640905857086182,0,0
9798.942549786369,80264.02,0.25143909454345703,0,0
9798.942549786369,80345.46,0.2430325299501419,0,1
9798.942549786369,80397.97,0.2469724863767624,0,1
9798.942549786369,80391.18,0.2430325299501419,0,1
9798.942549786369,80332.22,0.25143909454345703,0,1
9798.942549786369,80527.92,0.23936831951141357,0,0
9798.942549786369,80625.01,0.2553628981113434,0,0
9798.942549786369,80812.7,0.23936831951141357,0,0
9798.942549786369,80907.65,0.2548980712890625,0,0
9798.942549786369,80938.53,0.2636464238166809,0,0
9798.942549786369,80805.5,0.25594693422317505,0,0
9798.942549786369,80780.83,0.2564855217933655,0,0
9798.942549786369,80782.38,0.26599928736686707,0,0
9798.942549786369,80678.4,0.2874949276447296,0,0
9798.942549786369,80680.04,0.2425796538591385,0,0
9798.942549786369,80685.56,0.23182232677936554,0,0
9798.942549786369,80777.42,0.2349119782447815,0,0
9798.942549786369,80775.0,0.23228861391544342,0,0
9798.942549786369,80759.93,0.2281818389892578,0,0
9798.942549786369,80700.77,0.21651607751846313,0,0
9798.942549786369,80733.75,0.21292456984519958,0,0
9798.942549786369,80736.03,0.21292456984519958,0,0
9798.942549786369,80830.33,0.2194254845380783,0,0
9798.942549786369,80807.96,0.22059322893619537,0,1
9798.942549786369,80873.79,0.2194254845380783,0,1
9798.942549786369,80821.21,0.22785541415214539,0,1
9798.942549786369,80927.72,0.22059322893619537,0,0
9798.942549786369,80971.67,0.21651607751846313,0,1
9798.942549786369,80990.11,0.22059322893619537,0,0
9798.942549786369,81418.01,0.25808560848236084,0,0
9798.942549786369,81378.25,0.2510063946247101,0,1
9798.942549786369,81476.18,0.28897199034690857,0,1
9798.942549786369,81271.96,0.25708040595054626,0,0
9798.942549786369,81437.83,0.2639162242412567,0,0
9798.942549786369,80734.88,0.2996203601360321,0,1
9798.942549786369,80720.47,0.27626386284828186,0,0
9798.942549786369,82044.49,0.3027867376804352,0,0
9798.942549786369,82210.07,0.26827484369277954,0,0
9798.942549786369,81471.13,0.2985326647758484,0,0
9798.942549786369,81501.72,0.2642998993396759,0,0
9798.942549786369,81169.08,0.27019137144088745,0,0
9798.942549786369,80736.01,0.28439635038375854,0,0
9798.942549786369,80824.61,0.2621457278728485,0,0
9798.942549786369,80832.33,0.26037827134132385,0,0
9798.942549786369,80822.86,0.24196384847164154,0,0
9798.942549786369,80740.4,0.24755187332630157,0,0
9798.942549786369,80767.97,0.26037827134132385,0,0
9798.942549786369,80966.57,0.2563338577747345,0,1
9798.942549786369,80940.0,0.26037827134132385,0,1
9798.942549786369,81196.94,0.26293694972991943,0,1
9798.942549786369,81054.65,0.26293694972991943,0,1
9798.942549786369,81072.0,0.27740350365638733,0,1
9798.942549786369,80953.38,0.2775077521800995,0,1
9798.942549786369,81445.9,0.2704768180847168,0,0
9798.942549786369,81575.85,0.28083157539367676,0,0
9798.942549786369,81941.09,0.27228763699531555,0,0
9798.942549786369,81858.96,0.25757676362991333,0,0
9798.942549786369,81961.99,0.25757676362991333,0,0
9798.942549786369,81821.02,0.24938838183879852,0,0
9798.942549786369,81821.18,0.24545800685882568,0,0
9798.942549786369,81833.92,0.2534564435482025,0,0
9798.942549786369,81745.65,0.2534564435482025,0,0
9798.942549786369,81545.2,0.24073722958564758,0,0
9798.942549786369,81199.18,0.26373451948165894,0,0
9798.942549786369,81249.93,0.24431344866752625,0,0
9798.942549786369,81058.8,0.22840413451194763,0,0
9798.942549786369,81240.01,0.24073722958564758,0,0
9798.942549786369,81224.03,0.2201717346906662,0,0
9798.942549786369,81022.44,0.24894532561302185,0,0
9798.942549786369,80865.4,0.25237223505973816,0,0
9798.942549786369,80843.31,0.2500336170196533,0,0
9798.942549786369,80837.15,0.255302369594574,0,0
9798.942549786369,80666.37,0.255302369594574,0,0
9798.942549786369,80784.87,0.255302369594574,0,0
9798.942549786369,80881.26,0.25237223505973816,0,0
9798.942549786369,80466.91,0.2751765549182892,0,0
9798.942549786369,80540.0,0.2609690725803375,0,0
9798.942549786369,80336.01,0.2891913950443268,0,0
9798.942549786369,80000.01,0.29086512327194214,0,1
9798.942549786369,80527.69,0.29321610927581787,0,0
9798.942549786369,80679.12,0.253871351480484,0,0
9798.942549786369,80834.64,0.26076409220695496,0,0
9798.942549786369,80696.87,0.24616731703281403,0,0
9798.942549786369,80587.44,0.22840413451194763,0,1
9798.942549786369,80656.43,0.22943004965782166,0,1
9798.942549786369,80504.47,0.2363741099834442,0,1
9798.942549786369,80718.0,0.2566319406032562,0,0
9798.942549786369,81006.0,0.26998376846313477,0,0
9798.942549786369,81050.0,0.24252864718437195,0,0
9798.942549786369,81249.99,0.24252864718437195,0,0
9798.942549786369,81231.96,0.24692872166633606,0,0
9798.942549786369,81019.99,0.26437726616859436,0,0
9798.942549786369,80980.05,0.26410698890686035,0,0
9798.942549786369,81026.92,0.26093408465385437,0,0
9798.942549786369,81196.57,0.2692539393901825,0,0
9798.942549786369,81291.38,0.27559271454811096,0,0
9798.942549786369,80809.01,0.26211342215538025,0,0
9798.942549786369,80501.22,0.2588110566139221,0,0
9798.942549786369,80202.78,0.2956530451774597,0,0
9798.942549786369,79656.01,0.30317503213882446,0,0
9798.942549786369,79756.01,0.2664257884025574,0,0
9798.942549786369,78827.21,0.31098949909210205,0,1
9798.942549786369,79108.39,0.2983209192752838,0,0
9798.942549786369,79514.97,0.292072594165802,0,0
9798.942549786369,79598.15,0.2746102511882782,0,0
9798.942549786369,79642.41,0.2766995429992676,0,0
9798.942549786369,79698.95,0.22478178143501282,0,0
9798.942549786369,79398.54,0.253871351480484,0,0
9798.942549786369,79428.46,0.2581009268760681,0,0
9798.942549786369,79313.61,0.2670140564441681,0,1
9798.942549786369,79580.0,0.253871351480484,0,0
9798.942549786369,79604.6,0.25768551230430603,0,0
9798.942549786369,79370.24,0.2997541129589081,0,1
9798.942549786369,79044.85,0.29890087246894836,0,1
9798.942549786369,79451.63,0.28628453612327576,0,0
9798.942549786369,79809.16,0.3085441291332245,0,0
9798.942549786369,79804.71,0.23424814641475677,0,0
9798.942549786369,79745.98,0.25768551230430603,0,0
9798.942549786369,79821.56,0.2616453766822815,0,1
9798.942549786369,79635.52,0.2515680193901062,0,1
9798.942549786369,79570.01,0.2515680193901062,0,1
9798.942549786369,79258.27,0.24929949641227722,0,1
9798.942549786369,79767.11,0.2667655050754547,0,1
9798.942549786369,79701.73,0.2471971958875656,0,1
9798.942549786369,80964.85,0.30822962522506714,0,1
9798.942549786369,81301.23,0.2836829721927643,0,0
9798.942549786369,81888.4,0.3035217821598053,0,0
9798.942549786369,81668.48,0.29790082573890686,0,0
9798.942549786369,81581.99,0.28187334537506104,0,0
9798.942549786369,81419.74,0.2558653950691223,0,0
9798.942549786369,81412.04,0.2518672049045563,0,0
9798.942549786369,81396.61,0.22840623557567596,0,0
9798.942549786369,81456.0,0.22840623557567596,0,0
9798.942549786369,81089.99,0.2560054063796997,0,0
9798.942549786369,81518.67,0.2670153081417084,0,0
9798.942549786369,81131.01,0.26976561546325684,0,0
9798.942549786369,81299.14,0.26961642503738403,0,0
9798.942549786369,81059.15,0.25941911339759827,0,0
9798.942549786369,80724.71,0.24758805334568024,0,0
9798.942549786369,80360.01,0.2808409631252289,0,0
9798.942549786369,80580.0,0.2638917863368988,0,0
9798.942549786369,80814.88,0.26636719703674316,0,0
9798.942549786369,80638.0,0.2614680528640747,0,0
9798.942549786369,80489.8,0.2574126124382019,0,0
9798.942549786369,80716.23,0.24180594086647034,0,0
9798.942549786369,80628.53,0.18502682447433472,0,0
9798.942549786369,80385.11,0.2372363954782486,0,0
9798.942549786369,78758.59,0.32496073842048645,0,0
9798.942549786369,79150.37,0.3249438405036926,0,0
9798.942549786369,79150.27,0.27766522765159607,0,0
9798.942549786369,79294.31,0.25746068358421326,0,0
9798.942549786369,79460.0,0.2509649395942688,0,0
9798.942549786369,79284.0,0.27766522765159607,0,0
9798.942549786369,79146.5,0.2509649395942688,0,0
9798.942549786369,79123.12,0.22231659293174744,0,0
9798.942549786369,78973.5,0.24924738705158234,0,0
9798.942549786369,79107.38,0.19713778793811798,0,0
9798.942549786369,79113.21,0.20172080397605896,0,0
9798.942549786369,79111.92,0.20534057915210724,0,0
9798.942549786369,79168.0,0.22331500053405762,0,0
9798.942549786369,79155.54,0.20287655293941498,0,0
9798.942549786369,79083.18,0.22524233162403107,0,0
9798.942549786369,79035.26,0.2626456618309021,0,0
9798.942549786369,79027.37,0.2008337676525116,0,0
9798.942549786369,78648.0,0.3372650742530823,0,0
9798.942549786369,78369.77,0.3412165343761444,0,0
9798.942549786369,78426.56,0.2667539119720459,0,0
9798.942549786369,78083.48,0.3103424906730652,0,0
9798.942549786369,77960.0,0.30860549211502075,0,0
9798.942549786369,78081.71,0.24789288640022278,0,0
9798.942549786369,78007.23,0.24789288640022278,0,0
9798.942549786369,78014.6,0.22675085067749023,0,0
9798.942549786369,78130.55,0.30393511056900024,0,0
9798.942549786369,78238.67,0.23817436397075653,0,0
9798.942549786369,78205.96,0.23817436397075653,0,0
9798.942549786369,78201.5,0.20055562257766724,0,0
9798.942549786369,78229.81,0.2207069993019104,0,0
9798.942549786369,78259.66,0.19276778399944305,0,0
9798.942549786369,78261.0,0.18904730677604675,0,0
9798.942549786369,78265.73,0.18904730677604675,0,0
9798.942549786369,78186.25,0.18904730677604675,0,0
9798.942549786369,78148.05,0.20034480094909668,0,0
9798.942549786369,77945.85,0.23307909071445465,0,0
9798.942549786369,77725.71,0.21100032329559326,0,1
9798.942549786369,77895.51,0.19713930785655975,0,0
9798.942549786369,78028.88,0.19481006264686584,0,0
9798.942549786369,78158.09,0.20496873557567596,0,0
9798.942549786369,78121.41,0.19944168627262115,0,0
9798.942549786369,78104.8,0.19019605219364166,0,0
9798.942549786369,78180.01,0.1977958232164383,0,0
9798.942549786369,78089.8,0.1931932121515274,0,0
9798.942549786369,78249.33,0.19944168627262115,0,0
9798.942549786369,78465.99,0.21214191615581512,0,0
9798.942549786369,78415.99,0.20220057666301727,0,0
9798.942549786369,78364.83,0.20518669486045837,0,0
9798.942549786369,78202.91,0.20518669486045837,0,0
9798.942549786369,78051.51,0.21079128980636597,0,0
9798.942549786369,78051.41,0.20239250361919403,0,0
9798.942549786369,78034.36,0.1977958232164383,0,0
9798.942549786369,78089.98,0.21067817509174347,0,0
9798.942549786369,78268.05,0.20239250361919403,0,0
9798.942549786369,78415.3,0.2042185366153717,0,0
9798.942549786369,78277.36,0.19474448263645172,0,0
9798.942549786369,78405.72,0.21067817509174347,0,0
9798.942549786369,77997.24,0.23121051490306854,0,0
9798.942549786369,77457.67,0.2836679518222809,0,0
9798.942549786369,77209.95,0.271614670753479,0,0
9798.942549786369,77109.22,0.271614670753479,0,0
9798.942549786369,76835.41,0.29794973134994507,0,0
9798.942549786369,76924.65,0.23943667113780975,0,0
9798.942549786369,77038.49,0.25220736861228943,0,0
9798.942549786369,76931.4,0.2389921396970749,0,0
9798.942549786369,76912.52,0.2540399730205536,0,1
9798.942549786369,77073.69,0.2540399730205536,0,0
9798.942549786369,77040.42,0.25121453404426575,0,0
9798.942549786369,76933.16,0.192470520734787,0,0
9798.942549786369,76764.74,0.2313176542520523,0,0
9798.942549786369,77285.83,0.30893558263778687,0,0
9798.942549786369,77639.98,0.2891623079776764,0,0
9798.942549786369,76937.7,0.3092419505119324,0,0
9798.942549786369,76393.65,0.3150895833969116,0,1
9798.942549786369,76409.46,0.3003530502319336,0,1
9798.942549786369,76410.01,0.3003530502319336,0,1
9798.942549786369,76706.39,0.24475064873695374,0,0
9798.942549786369,76252.5,0.3054969608783722,0,1
9798.942549786369,76928.0,0.32256022095680237,0,0
9798.942549786369,76909.92,0.2533039450645447,0,0
9798.942549786369,77103.05,0.2751941382884979,0,0
9798.942549786369,77078.22,0.23259124159812927,0,0
9798.942549786369,77001.87,0.21058005094528198,0,0
9798.942549786369,77140.87,0.2578352689743042,0,0
9798.942549786369,76667.01,0.2685701549053192,0,1
9798.942549786369,76617.47,0.26197585463523865,0,1
9798.942549786369,76787.11,0.23287147283554077,0,0
9798.942549786369,76927.25,0.22042500972747803,0,0
9798.942549786369,76911.24,0.2549416720867157,0,0
9798.942549786369,77029.4,0.24094779789447784,0,0
9798.942549786369,77233.69,0.2440376579761505,0,0
9798.942549786369,77048.71,0.24252864718437195,0,0
9798.942549786369,76818.8,0.24252864718437195,0,0
9798.942549786369,77041.87,0.24713774025440216,0,0
9798.942549786369,76714.62,0.2723897099494934,0,0
9798.942549786369,76940.21,0.24924157559871674,0,0
9798.942549786369,76872.75,0.26998376846313477,0,0
9798.942549786369,76392.43,0.2698543071746826,0,1
9798.942549786369,76521.23,0.23810774087905884,0,1
9798.942549786369,76894.59,0.25215739011764526,0,0
9798.942549786369,76856.76,0.23233424127101898,0,0
9798.942549786369,76803.28,0.22194452583789825,0,0
9798.942549786369,76818.74,0.23446908593177795,0,0
9798.942549786369,77022.23,0.19611382484436035,0,0
9798.942549786369,76982.34,0.1577051281929016,0,0
9798.942549786369,76712.21,0.2175886183977127,0,0
9798.942549786369,76834.36,0.20942188799381256,0,0
9798.942549786369,76788.83,0.2175886183977127,0,1
9798.942549786369,76820.98,0.2175886183977127,0,1
9798.942549786369,76690.42,0.2175886183977127,0,1
9798.942549786369,76723.54,0.2051316350698471,0,1
9798.942549786369,76780.37,0.16864892840385437,0,1
9798.942549786369,77196.99,0.2399759739637375,0,0
9798.942549786369,77414.11,0.23826363682746887,0,0
9798.942549786369,77282.64,0.22943203151226044,0,0
9798.942549786369,77458.04,0.25504666566848755,0,0
9798.942549786369,77485.13,0.19333027303218842,0,0
9798.942549786369,77517.45,0.20342722535133362,0,0
9798.942549786369,77382.49,0.22803130745887756,0,0
9798.942549786369,77617.26,0.24021151661872864,0,0
9798.942549786369,77204.61,0.2645013928413391,0,1
9798.942549786369,77446.08,0.27005642652511597,0,0
9798.942549786369,77455.46,0.2622756361961365,0,0
9798.942549786369,77338.6,0.24135297536849976,0,0
9798.942549786369,77568.95,0.2547427713871002,0,0
9798.942549786369,77415.09,0.2252025604248047,0,1
9798.942549786369,77667.49,0.23183007538318634,0,0
9798.942549786369,77720.01,0.22088253498077393,0,0
9798.942549786369,77500.01,0.20608291029930115,0,1
9798.942549786369,77504.69,0.22088253498077393,0,1
9798.942549786369,77552.23,0.16716648638248444,0,0
9798.942549786369,77967.09,0.23340298235416412,0,0
9798.942549786369,77863.85,0.20617683231830597,0,0
9798.942549786369,77955.78,0.22629694640636444,0,0
9798.942549786369,78078.72,0.22477667033672333,0,0
9798.942549786369,78035.8,0.22182521224021912,0,0
9798.942549786369,77828.0,0.2412697970867157,0,0
9798.942549786369,77622.14,0.23336517810821533,0,0
9798.942549786369,77889.01,0.25034627318382263,0,0
9798.942549786369,77924.63,0.24638421833515167,0,0
9798.942549786369,77633.02,0.22742022573947906,0,0
9798.942549786369,77198.08,0.27775129675865173,0,0
9798.942549786369,77189.1,0.23679471015930176,0,1
9798.942549786369,77278.53,0.2475564330816269,0,0
9798.942549786369,77122.68,0.278292179107666,0,1
9798.942549786369,76984.61,0.2680147886276245,0,1
9798.942549786369,77259.46,0.2533925175666809,0,1
9798.942549786369,77207.93,0.2444046288728714,0,1
9798.942549786369,77869.38,0.2859894037246704,0,0
9798.942549786369,77387.74,0.27820178866386414,0,0
9798.942549786369,77690.56,0.2672373056411743,0,0
9798.942549786369,77705.81,0.18286754190921783,0,0
9798.942549786369,77672.29,0.18286754190921783,0,0
9798.942549786369,77628.0,0.20922064781188965,0,0
9798.942549786369,77615.52,0.20922064781188965,0,0
9798.942549786369,77373.57,0.23127056658267975,0,0
9798.942549786369,77616.0,0.24569687247276306,0,0
9798.942549786369,77673.36,0.19372346997261047,0,0
9798.942549786369,77779.98,0.18173038959503174,0,0
9798.942549786369,77655.42,0.24187444150447845,0,0
9798.942549786369,77489.0,0.23373299837112427,0,0
9798.942549786369,77423.41,0.2087838500738144,0,0
9798.942549786369,77408.06,0.23911169171333313,0,0
9798.942549786369,77267.38,0.26497796177864075,0,0
9798.942549786369,77307.11,0.19747957587242126,0,0
9798.942549786369,77312.0,0.16359199583530426,0,0
9798.942549786369,77428.84,0.20828402042388916,0,0
9798.942549786369,77533.9,0.2132279872894287,0,0
9798.942549786369,77290.01,0.21376149356365204,0,0
9798.942549786369,76774.23,0.2573600113391876,0,0
9798.942549786369,76790.59,0.2592361569404602,0,0
9798.942549786369,76950.68,0.23566535115242004,0,0
9798.942549786369,76750.0,0.24254374206066132,0,0
9798.942549786369,76537.47,0.2883475720882416,0,0
9798.942549786369,75860.44,0.3098275065422058,0,0
9798.942549786369,75984.47,0.23955635726451874,0,0
9798.942549786369,75978.83,0.20263853669166565,0,0
9798.942549786369,75737.52,0.2690472900867462,0,0
9798.942549786369,75539.5,0.3047401010990143,0,0
9798.942549786369,75352.64,0.27704766392707825,0,0
9798.942549786369,75489.84,0.2103988230228424,0,0
9798.942549786369,75572.07,0.20263853669166565,0,0
9798.942549786369,75635.22,0.18024760484695435,0,0
9798.942549786369,75539.77,0.17669068276882172,0,0
9798.942549786369,75482.68,0.18338756263256073,0,0
9798.942549786369,75398.33,0.16405418515205383,0,0
9798.942549786369,74609.36,0.31416624784469604,0,1
9798.942549786369,74684.3,0.29833823442459106,0,1
9798.942549786369,74656.91,0.19880862534046173,0,1
9798.942549786369,74705.0,0.21090249717235565,0,1
9798.942549786369,74789.99,0.203523650765419,0,1
9798.942549786369,74753.93,0.21090249717235565,0,1
9798.942549786369,75213.9,0.30106186866760254,0,1
9798.942549786369,75537.72,0.3121231496334076,0,1
9798.942549786369,75520.0,0.25731104612350464,0,1
9798.942549786369,75444.7,0.23156364262104034,0,1
9798.942549786369,75488.18,0.2062961757183075,0,1
9798.942549786369,75845.82,0.27405136823654175,0,1
9798.942549786369,75983.45,0.2418396770954132,0,1
9798.942549786369,77287.58,0.3069232702255249,0,0
9798.942549786369,76804.99,0.2935355603694916,0,0
9798.942549786369,76584.45,0.28009289503097534,0,0
9798.942549786369,76752.01,0.26884517073631287,0,0
9798.942549786369,76835.16,0.26884517073631287,0,0
9798.942549786369,76890.04,0.19354411959648132,0,0
9798.942549786369,76830.0,0.22592219710350037,0,0
9798.942549786369,76750.0,0.21688255667686462,0,0
9798.942549786369,76786.5,0.17828720808029175,0,1
9798.942549786369,76822.23,0.21688255667686462,0,1
9798.942549786369,76987.58,0.25028347969055176,0,0
9798.942549786369,76799.99,0.21359555423259735,0,0
9798.942549786369,76830.69,0.18114854395389557,0,0
9798.942549786369,77020.53,0.25328537821769714,0,0
9798.942549786369,77190.74,0.3104090392589569,0,0
9798.942549786369,77320.06,0.22524653375148773,0,0
9798.942549786369,77118.73,0.25328537821769714,0,0
9798.942549786369,76802.23,0.2823896110057831,0,0
9798.942549786369,76465.16,0.28773075342178345,0,0
9798.942549786369,76371.59,0.20532049238681793,0,0
9798.942549786369,76671.7,0.2444046288728714,0,0
9798.942549786369,76693.34,0.22370661795139313,0,0
9798.942549786369,76665.73,0.20876844227313995,0,1
9798.942549786369,76773.34,0.17913684248924255,0,0
9798.942549786369,76668.4,0.23566535115242004,0,1
9798.942549786369,76151.14,0.2967580556869507,0,1
9798.942549786369,76803.99,0.27861812710762024,0,1
9798.942549786369,77064.96,0.25186893343925476,0,0
9798.942549786369,77153.01,0.24349230527877808,0,0
9798.942549786369,76945.27,0.262118399143219,0,1
9798.942549786369,77108.77,0.26486703753471375,0,0
9798.942549786369,77026.67,0.19721856713294983,0,1
9798.942549786369,77391.07,0.2606154978275299,0,0
9798.942549786369,77407.0,0.20982441306114197,0,0
9798.942549786369,77419.87,0.2615916430950165,0,0
9798.942549786369,77401.12,0.2556193768978119,0,0
9798.942549786369,77456.94,0.23679471015930176,0,0
9798.942549786369,77604.56,0.24187444150447845,0,0
9798.942549786369,77545.65,0.23373299837112427,0,0
9798.942549786369,77357.5,0.22929778695106506,0,0
9798.942549786369,77367.98,0.20146021246910095,0,0
9798.942549786369,77341.05,0.19747957587242126,0,0
9798.942549786369,77714.0,0.27338120341300964,0,0
9798.942549786369,77628.82,0.257986843585968,0,0
9798.942549786369,77735.69,0.2556193768978119,0,0
9798.942549786369,77564.01,0.23373299837112427,0,0
9798.942549786369,77543.39,0.17764721810817719,0,0
9798.942549786369,77441.86,0.2142333835363388,0,0
9798.942549786369,77273.06,0.217378169298172,0,0
9798.942549786369,77367.03,0.168864443898201,0,0
9798.942549786369,77116.21,0.21376149356365204,0,0
9798.942549786369,77322.01,0.20351912081241608,0,0
9798.942549786369,76792.71,0.24737206101417542,0,0
9798.942549786369,76756.98,0.24431128799915314,0,0
9798.942549786369,76660.0,0.24939961731433868,0,0
9798.942549786369,76664.01,0.23566535115242004,0,0
9798.942549786369,76749.5,0.23566535115242004,0,1
9798.942549786369,76930.01,0.24788643419742584,0,0
9798.942549786369,76908.01,0.24939961731433868,0,0
9798.942549786369,76730.84,0.2538108229637146,0,1
9798.942549786369,76726.37,0.192470520734787,0,0
9798.942549786369,76672.19,0.1990743726491928,0,0
9798.942549786369,77430.0,0.2829713523387909,0,0
9798.942549786369,77183.55,0.2556193768978119,0,0
9798.942549786369,77132.5,0.2556193768978119,0,0
9798.942549786369,77231.56,0.27622902393341064,0,0
9798.942549786369,76908.01,0.31957340240478516,0,0
9798.942549786369,76518.1,0.3223669230937958,0,0
9798.942549786369,76558.0,0.31211650371551514,0,0
9798.942549786369,75935.08,0.3223669230937958,0,0
9798.942549786369,75840.55,0.31591376662254333,0,0
9798.942549786369,76052.0,0.25406113266944885,0,0
9798.942549786369,76106.86,0.21477416157722473,0,0
9798.942549786369,75890.0,0.21477416157722473,0,0
9798.942549786369,75749.02,0.25406113266944885,0,0
9798.942549786369,75930.01,0.21477416157722473,0,0
9798.942549786369,76085.01,0.24467633664608002,0,0
9798.942549786369,75877.44,0.258622407913208,0,0
9798.942549786369,75879.0,0.23504450917243958,0,0
9798.942549786369,75683.0,0.258622407913208,0,0
9798.942549786369,75579.01,0.2664257884025574,0,0
9798.942549786369,75697.99,0.2062871754169464,0,0
9798.942549786369,75838.65,0.23504450917243958,0,0
9798.942549786369,75977.17,0.25115519762039185,0,0
9798.942549786369,75873.24,0.20601920783519745,0,0
9798.942549786369,75912.6,0.20601920783519745,0,0
9798.942549786369,75909.82,0.19951243698596954,0,0
9798.942549786369,75769.18,0.2072567641735077,0,0
9798.942549786369,75688.0,0.2496100217103958,0,0
9798.942549786369,75073.4,0.29326361417770386,0,0
9798.942549786369,75031.92,0.2846561670303345,0,0
9798.942549786369,75326.01,0.29171422123908997,0,0
9798.942549786369,75304.01,0.26481926441192627,0,0
9798.942549786369,74860.42,0.3200864791870117,0,0
9798.942549786369,75026.67,0.2562907934188843,0,0
9798.942549786369,75066.08,0.2150719314813614,0,0
9798.942549786369,75274.58,0.2515680193901062,0,0
9798.942549786369,74473.01,0.31491342186927795,0,0
9798.942549786369,74418.13,0.3082919120788574,0,0
9798.942549786369,74449.3,0.2726219892501831,0,0
9798.942549786369,74570.66,0.2366950809955597,0,0
9798.942549786369,74344.08,0.29195141792297363,0,0
9798.942549786369,74287.42,0.2569226622581482,0,0
9798.942549786369,73258.01,0.3461611270904541,0,0
9798.942549786369,73181.95,0.34382209181785583,0,0
9798.942549786369,72990.87,0.2949308454990387,0,1
9798.942549786369,73202.7,0.3369506299495697,0,0
9798.942549786369,73498.0,0.30571678280830383,0,0
9798.942549786369,73325.88,0.2911858558654785,0,0
9798.942549786369,73541.24,0.28430917859077454,0,0
9798.942549786369,73400.01,0.2592161297798157,0,0
9798.942549786369,73505.66,0.23585397005081177,0,0
9798.942549786369,73518.01,0.26597753167152405,0,0
9798.942549786369,73022.02,0.3308926522731781,0,1
9798.942549786369,73033.06,0.3338780701160431,0,1
9798.942549786369,72928.73,0.31700679659843445,0,1
9798.942549786369,73440.67,0.33096131682395935,0,0
9798.942549786369,73554.82,0.3051961362361908,0,0
9798.942549786369,73652.88,0.24057450890541077,0,0
9798.942549786369,73419.32,0.24163292348384857,0,0
9798.942549786369,73579.99,0.29425203800201416,0,0
9798.942549786369,73817.31,0.262869656085968,0,0
9798.942549786369,73464.8,0.2965618073940277,0,0
9798.942549786369,73617.51,0.21477416157722473,0,0
9798.942549786369,73716.37,0.24122858047485352,0,0
9798.942549786369,73586.83,0.276089608669281,0,0
9798.942549786369,73225.06,0.31584882736206055,0,1
9798.942549786369,73301.52,0.21477416157722473,0,1
9798.942549786369,73507.69,0.24029511213302612,0,0
9798.942549786369,73706.0,0.24866890907287598,0,0
9798.942549786369,73786.32,0.2212139517068863,0,0
9798.942549786369,73528.56,0.27051466703414917,0,0
9798.942549786369,73653.4,0.25007176399230957,0,0
9798.942549786369,73744.96,0.2372363954782486,0,0
9798.942549786369,73634.64,0.21534337103366852,0,1
9798.942549786369,73487.98,0.219733327627182,0,1
9798.942549786369,73295.73,0.2003866732120514,0,0
9798.942549786369,73135.7,0.2496100813150406,0,1
9798.942549786369,73096.85,0.276984304189682,0,1
9798.942549786369,73808.26,0.3051536977291107,0,0
9798.942549786369,74056.5,0.2771098017692566,0,0
9798.942549786369,73980.94,0.2926347255706787,0,0
9798.942549786369,73374.52,0.2898576259613037,0,0
9798.942549786369,73520.28,0.2616654932498932,0,0
9798.942549786369,73673.61,0.21477416157722473,0,0
9798.942549786369,73409.27,0.260633260011673,0,0
9798.942549786369,73483.52,0.23889753222465515,0,0
9798.942549786369,73460.78,0.21477416157722473,0,0
9798.942549786369,73498.8,0.21076862514019012,0,0
9798.942549786369,73657.9,0.21572428941726685,0,0
9798.942549786369,73786.69,0.19474518299102783,0,0
9798.942549786369,73524.01,0.22631458938121796,0,0
9798.942549786369,73402.84,0.24569687247276306,0,0
9798.942549786369,73604.99,0.24569687247276306,0,0
9798.942549786369,73584.99,0.19298331439495087,0,0
9798.942549786369,73548.6,0.1687486171722412,0,0
9798.942549786369,73530.07,0.166036456823349,0,1
9798.942549786369,73615.46,0.166036456823349,0,0
9798.942549786369,73655.85,0.1570321023464203,0,0
9798.942549786369,73602.02,0.15642574429512024,0,1
9798.942549786369,73698.18,0.1673227995634079,0,0
9798.942549786369,73829.31,0.1706753820180893,0,0
9798.942549786369,73929.11,0.2067943960428238,0,0
9798.942549786369,73930.14,0.19166110455989838,0,0
9798.942549786369,73934.99,0.15642574429512024,0,0
9798.942549786369,74020.07,0.19733883440494537,0,0
9798.942549786369,74043.38,0.2072567641735077,0,0
9798.942549786369,74016.65,0.16257211565971375,0,0
9798.942549786369,73979.84,0.16257211565971375,0,0
9798.942549786369,73981.99,0.18492460250854492,0,0
9798.942549786369,73883.3,0.21993482112884521,0,0
9798.942549786369,73884.38,0.21993482112884521,0,0
9798.942549786369,74038.2,0.19465717673301697,0,0
9798.942549786369,74058.01,0.20552991330623627,0,0
9798.942549786369,74090.84,0.21150895953178406,0,0
9798.942549786369,74150.64,0.17314940690994263,0,0
9798.942549786369,74178.4,0.1774110496044159,0,0
9798.942549786369,74055.98,0.1811078041791916,0,0
9798.942549786369,74054.87,0.17902611196041107,0,0
9798.942549786369,73871.24,0.2053920328617096,0,0
9798.942549786369,73937.61,0.18657897412776947,0,0
9798.942549786369,73841.79,0.2053920328617096,0,0
9798.942549786369,73900.0,0.2053920328617096,0,0
9798.942549786369,73937.79,0.18064452707767487,0,0
9798.942549786369,73920.0,0.18154098093509674,0,0
9798.942549786369,73872.8,0.21138454973697662,0,0
9798.942549786369,73602.17,0.22763662040233612,0,0
9798.942549786369,73655.21,0.21738015115261078,0,0
9798.942549786369,73526.14,0.20982550084590912,0,1
9798.942549786369,73709.44,0.200194850564003,0,0
9798.942549786369,73603.69,0.2238915115594864,0,0
9798.942549786369,73563.42,0.2389657348394394,0,0
9798.942549786369,73739.66,0.2231043577194214,0,0
9798.942549786369,73892.52,0.23633292317390442,0,0
9798.942549786369,73944.62,0.22748032212257385,0,0
9798.942549786369,73674.39,0.22830133140087128,0,0
9798.942549786369,73885.0,0.2250622808933258,0,0
9798.942549786369,73292.92,0.2611965537071228,0,0
9798.942549786369,73790.0,0.23650741577148438,0,0
9798.942549786369,73769.06,0.2281312346458435,0,0
9798.942549786369,73536.01,0.24915434420108795,0,0
9798.942549786369,73350.0,0.23134608566761017,0,0
9798.942549786369,73135.74,0.298069030046463,0,0
9798.942549786369,72818.0,0.3078606426715851,0,0
9798.942549786369,72902.65,0.26521360874176025,0,0
9798.942549786369,72880.0,0.2970355749130249,0,0
9798.942549786369,72748.88,0.262803316116333,0,0
9798.942549786369,72479.99,0.30421411991119385,0,0
9798.942549786369,72221.73,0.3078821301460266,0,0
9798.942549786369,71711.89,0.3223669230937958,0,0
9798.942549786369,71567.91,0.31914010643959045,0,0
9798.942549786369,71129.62,0.3232111632823944,0,0
9798.942549786369,71564.01,0.3190624713897705,0,0
9798.942549786369,71646.01,0.26861149072647095,0,0
9798.942549786369,71498.64,0.25812995433807373,0,0
9798.942549786369,71595.24,0.24013403058052063,0,0
9798.942549786369,71446.0,0.23406492173671722,0,0
9798.942549786369,71038.01,0.299781858921051,0,0
9798.942549786369,71408.0,0.29892465472221375,0,0
9798.942549786369,71408.9,0.25812995433807373,0,0
9798.942549786369,71289.23,0.26024705171585083,0,0
9798.942549786369,70652.47,0.3168393075466156,0,0
9798.942549786369,70846.49,0.3190624713897705,0,0
9798.942549786369,70953.69,0.21477416157722473,0,0
9798.942549786369,70810.0,0.24013403058052063,0,0
9798.942549786369,70268.96,0.3129395842552185,0,0
9798.942549786369,70106.31,0.3237987756729126,0,0
9798.942549786369,70118.42,0.3229045569896698,0,0
9798.942549786369,69821.99,0.3087906539440155,0,0
9798.942549786369,69426.01,0.3237987756729126,0,0
9798.942549786369,69652.19,0.3084700107574463,0,0
9798.942549786369,69461.72,0.24013403058052063,0,0
9798.942549786369,69010.42,0.3232111632823944,0,0
9798.942549786369,68811.91,0.3171340823173523,0,0
9798.942549786369,68019.3,0.3417947292327881,0,0
9798.942549786369,67304.28,0.3507347106933594,0,0
9798.942549786369,67413.44,0.3479098677635193,0,0
9798.942549786369,67492.34,0.3419460952281952,0,0
9798.942549786369,67341.99,0.3461463749408722,0,0
9798.942549786369,67315.14,0.34262052178382874,0,0
9798.942549786369,67587.77,0.34906113147735596,0,0
9798.942549786369,67566.01,0.33552783727645874,0,0
9798.942549786369,66385.2,0.38383927941322327,0,0
9798.942549786369,66760.83,0.3755723834037781,0,1
9798.942549786369,66938.01,0.40616434812545776,0,0
9798.942549786369,66920.0,0.40350764989852905,0,0
9798.942549786369,66620.01,0.34515130519866943,0,1
9798.942549786369,65849.9,0.4160972833633423,0,1
9798.942549786369,66465.98,0.4415723383426666,0,1
9916.406813025294,67330.01,0.43088194727897644,1,0
9865.338724689227,66983.27,0.43088194727897644,1,0
9900.208888484716,67220.03,0.4375688433647156,1,0
9871.926587616124,67028.0,0.38086411356925964,1,0
9878.87381529915,67075.17,0.41205698251724243,1,0
9911.17982319128,67294.52,0.36163753271102905,1,0
9901.268643368088,67067.37,0.33572667837142944,0,0
9901.268643368088,67078.72,0.3717705309391022,0,0
9901.268643368088,66906.01,0.3832654654979706,0,0
9901.268643368088,66864.95,0.34756243228912354,0,0
9901.268643368088,66076.01,0.39013391733169556,0,0
9901.268643368088,66061.83,0.38539278507232666,0,0
9901.268643368088,65964.08,0.3815446197986603,0,0
9901.268643368088,66036.57,0.34296512603759766,0,0
9901.268643368088,65462.0,0.36635181307792664,0,0
9901.268643368088,65007.27,0.3667167127132416,0,0
9901.268643368088,65768.88,0.38721075654029846,0,0
9901.268643368088,64912.98,0.3895626962184906,0,0
9901.268643368088,64142.75,0.40282002091407776,0,0
9901.268643368088,63344.97,0.40520036220550537,0,1
9901.268643368088,62178.1,0.4345601201057434,0,1
10059.031530014398,63231.99,0.4671645164489746,1,1
10239.032098970258,64363.49,0.4671645164489746,1,0
10244.838568936575,64399.99,0.4671645164489746,1,0
10174.123718815268,63955.47,0.468885600566864,1,0
10185.660299690813,64027.99,0.48706892132759094,1,0
10118.07617091025,63603.15,0.468885600566864,1,1
10107.958094739339,63629.99,0.45902639627456665,0,1
10040.09627529696,63266.0,0.4874807596206665,1,1
9905.838989410368,62420.0,0.4874807596206665,1,1
9925.833168427922,62545.99,0.4907487630844116,1,1
10119.574684183159,63766.82,0.4857539236545563,1,0
10193.079754723292,64230.0,0.46715182065963745,1,0
10150.068227307402,63958.97,0.4606579542160034,1,0
10139.918159080094,63896.17,0.4350496530532837,0,0
10077.051647539847,63563.51,0.43192949891090393,1,0
10073.47826488468,63540.97,0.4350496530532837,1,1
10117.654089057809,63819.62,0.4350496530532837,1,0
10087.494358963797,63629.38,0.42831099033355713,1,0
10088.924346166532,63638.4,0.426527738571167,1,0
10033.089845841627,63286.21,0.4341232180595398,1,0
10023.056755995785,63735.43,0.40798598527908325,0,0
10023.056755995785,63885.99,0.34081411361694336,0,0
10023.056755995785,63426.72,0.3477959930896759,0,0
10023.056755995785,63374.67,0.3437388241291046,0,0
10023.056755995785,62617.72,0.36677736043930054,0,0
10023.056755995785,62730.0,0.38142749667167664,0,0
10023.056755995785,63615.23,0.3740987479686737,0,0
10023.056755995785,62329.35,0.4136247932910919,0,0
10023.056755995785,61946.57,0.42266950011253357,0,0
10202.068763678897,63115.99,0.4024113714694977,1,0
10095.168148211105,62454.64,0.4265593886375427,1,0
10160.705087110955,62860.09,0.3896229565143585,1,0
10108.459805593606,62536.87,0.38720273971557617,1,0
10016.021121124382,61964.99,0.40023481845855713,1,0
10015.170894712708,61959.73,0.4194907546043396,1,0
10005.155723817996,60732.36,0.42266950011253357,0,0
10017.643451858878,60868.97,0.40770742297172546,1,1
9946.717270226214,60438.01,0.44539880752563477,1,1
10104.115593944995,61394.39,0.4525534212589264,1,0
10008.594998484634,60813.99,0.47169029712677,1,0
9775.224556784438,59395.99,0.45297157764434814,1,1
9924.043472092902,60300.24,0.4775988757610321,1,1
9914.11942862081,61620.01,0.4699680805206299,0,0
9912.311208852701,61670.38,0.4270389676094055,1,0
9898.506065934362,61584.49,0.4270389676094055,1,0
9813.637145643967,61056.47,0.4354332387447357,1,0
9848.486733343985,61273.29,0.428327351808548,1,0
9814.035757291858,61058.95,0.41855770349502563,1,0
9796.78776699535,60951.64,0.428327351808548,1,1
9786.990979228354,60687.04,0.41855770349502563,0,0
9786.990979228354,60101.27,0.4341396689414978,0,1
9914.043039284195,60942.38,0.4270389676094055,1,0
9888.759475216537,60786.96,0.4163155257701874,1,0
9924.221861853448,61004.95,0.41283324360847473,1,0
9966.363846615557,61264.0,0.41283324360847473,1,0
9920.364743695913,60981.24,0.4084843695163727,1,0
9857.206264004577,60593.0,0.41858920454978943,1,0
9847.349057740572,60802.91,0.4031677544116974,0,0
9847.349057740572,61030.63,0.41283324360847473,0,0
9847.349057740572,60801.2,0.37518787384033203,0,0
9847.349057740572,60791.05,0.355665922164917,0,0
9847.349057740572,60784.0,0.3437388241291046,0,0
9847.349057740572,60774.0,0.3434782326221466,0,0
9847.349057740572,60576.2,0.30005672574043274,0,1
9847.349057740572,60637.21,0.3028467893600464,0,0
9847.349057740572,60600.01,0.3112628161907196,0,1
9847.349057740572,60711.69,0.319769024848938,0,1
9847.349057740572,60751.21,0.3114129900932312,0,1
9847.349057740572,60543.53,0.3310758173465729,0,1
9847.349057740572,60884.62,0.29939591884613037,0,1
9847.349057740572,60782.01,0.32511261105537415,0,1
9847.349057740572,61479.75,0.3003503978252411,0,1
9847.349057740572,61506.74,0.2784704864025116,0,1
9847.349057740572,61701.07,0.2734893560409546,0,1
9847.349057740572,61890.92,0.2773253321647644,0,1
9847.349057740572,61748.1,0.29144227504730225,0,1
9847.349057740572,62101.0,0.2958959639072418,0,0
9847.349057740572,62404.73,0.28026655316352844,0,0
9847.349057740572,62855.01,0.3014953136444092,0,0
9847.349057740572,62530.0,0.29768988490104675,0,0
9847.349057740572,62370.52,0.26001834869384766,0,0
9847.349057740572,62621.96,0.2761600911617279,0,0
9847.349057740572,61900.67,0.3088403642177582,0,0
9847.349057740572,61700.13,0.2936772406101227,0,0
9847.349057740572,61905.49,0.2858993113040924,0,0
9847.349057740572,62093.99,0.28544557094573975,0,0
9847.349057740572,62083.64,0.2779877781867981,0,1
9847.349057740572,62160.01,0.2894808053970337,0,1
9847.349057740572,62030.14,0.2768271565437317,0,1
9847.349057740572,61328.0,0.3017835319042206,0,1
9847.349057740572,61878.01,0.2893238067626953,0,1
9847.349057740572,61778.41,0.2715679407119751,0,1
9847.349057740572,62865.87,0.3386918008327484,0,0
9847.349057740572,63332.01,0.3162497878074646,0,0
9847.349057740572,63631.42,0.3187882602214813,0,0
9847.349057740572,63211.41,0.3248601257801056,0,0
9847.349057740572,63129.93,0.30747881531715393,0,0
9847.349057740572,63130.12,0.30162909626960754,0,1
9847.349057740572,62684.61,0.31916531920433044,0,1
9847.349057740572,62764.0,0.3111281991004944,0,1
9847.349057740572,62988.03,0.31640592217445374,0,1
9847.349057740572,63283.99,0.3226338326931,0,1
9847.349057740572,63132.83,0.3087989091873169,0,1
9847.349057740572,63502.0,0.3187955617904663,0,0
9847.349057740572,63172.3,0.3275756239891052,0,1
9847.349057740572,63479.61,0.3358963429927826,0,0
9847.349057740572,63872.0,0.3477969169616699,0,0
9847.349057740572,63758.0,0.32903003692626953,0,0
9847.349057740572,63964.08,0.33162131905555725,0,0
9847.349057740572,63774.48,0.3025450110435486,0,0
9847.349057740572,63532.01,0.29151830077171326,0,0
9847.349057740572,63550.0,0.2837679386138916,0,0
9847.349057740572,63466.83,0.2772507071495056,0,0
9847.349057740572,63372.01,0.24570052325725555,0,0
9847.349057740572,63485.49,0.25790247321128845,0,0
9847.349057740572,63728.96,0.2542823255062103,0,0
9847.349057740572,63440.01,0.2735477387905121,0,0
9847.349057740572,63085.99,0.2752591371536255,0,0
9847.349057740572,62562.0,0.32284069061279297,0,1
9847.349057740572,62764.01,0.2591213285923004,0,1
9847.349057740572,62868.0,0.24305926263332367,0,0
9847.349057740572,62875.17,0.26001834869384766,0,0
9847.349057740572,63242.36,0.2861920893192291,0,0
9847.349057740572,63338.68,0.273810476064682,0,0
9847.349057740572,63300.0,0.25832825899124146,0,0
9847.349057740572,63198.44,0.2657029926776886,0,0
9847.349057740572,62849.75,0.27393731474876404,0,0
9847.349057740572,62715.37,0.302471786737442,0,0
9847.349057740572,62786.01,0.24964703619480133,0,0
9847.349057740572,62711.12,0.2627299427986145,0,0
9847.349057740572,62645.15,0.3108098804950714,0,0
9847.349057740572,62273.61,0.33159294724464417,0,0
9847.349057740572,61541.95,0.3418218791484833,0,1
9847.349057740572,61131.84,0.33919432759284973,0,1
9847.349057740572,61390.51,0.33727043867111206,0,1
9847.349057740572,61692.01,0.32659912109375,0,0
9847.349057740572,61792.01,0.3050946891307831,0,0
9847.349057740572,62098.09,0.2924756109714508,0,0
9847.349057740572,62160.0,0.2671617865562439,0,0
9847.349057740572,61761.2,0.3090953826904297,0,0
9847.349057740572,61717.5,0.2822531461715698,0,0
9847.349057740572,61730.0,0.2822531461715698,0,0
9847.349057740572,61923.16,0.33306002616882324,0,0
9847.349057740572,61714.0,0.2937206029891968,0,0
9847.349057740572,61302.36,0.33244603872299194,0,0
9847.349057740572,61549.64,0.2822531461715698,0,0
9847.349057740572,61295.99,0.3107517957687378,0,0
9847.349057740572,61361.17,0.29346680641174316,0,0
9847.349057740572,61472.89,0.3201840817928314,0,0
9847.349057740572,61687.56,0.33302363753318787,0,1
9847.349057740572,61261.55,0.340620756149292,0,1
9847.349057740572,61334.94,0.3448139727115631,0,1
9847.349057740572,61386.09,0.26905080676078796,0,1
9847.349057740572,61034.04,0.33317652344703674,0,1
9847.349057740572,61564.01,0.34601783752441406,0,1
9847.349057740572,62146.42,0.3076992630958557,0,0
9847.349057740572,62195.99,0.2943735718727112,0,0
9847.349057740572,62639.23,0.2984118163585663,0,0
9847.349057740572,62219.33,0.31135281920433044,0,0
9847.349057740572,61969.99,0.3063349723815918,0,0
9847.349057740572,61882.0,0.3039970397949219,0,0
9847.349057740572,61942.44,0.3002602458000183,0,0
9847.349057740572,61805.51,0.28226837515830994,0,1
9847.349057740572,61356.18,0.3036450147628784,0,1
9847.349057740572,61381.46,0.3018306493759155,0,1
9847.349057740572,61510.99,0.2682865262031555,0,1
9847.349057740572,61812.0,0.27540940046310425,0,1
9847.349057740572,62206.01,0.2949727177619934,0,1
9847.349057740572,62148.0,0.28020620346069336,0,1
9847.349057740572,62689.48,0.30567601323127747,0,0
9847.349057740572,62726.86,0.2696070969104767,0,1
9847.349057740572,62610.0,0.28058919310569763,0,1
9847.349057740572,62772.0,0.28675606846809387,0,0
9847.349057740572,62719.39,0.26336121559143066,0,1
9847.349057740572,62957.99,0.26403525471687317,0,0
9847.349057740572,62927.49,0.2633855938911438,0,0
9847.349057740572,63148.0,0.27955275774002075,0,0
9847.349057740572,63108.0,0.26868736743927,0,1
9847.349057740572,63010.01,0.28764626383781433,0,1
9847.349057740572,63077.57,0.2951586842536926,0,1
9847.349057740572,62734.02,0.2801535129547119,0,1
9847.349057740572,62749.44,0.2720971703529358,0,1
9847.349057740572,62582.45,0.25193026661872864,0,1
9847.349057740572,63644.19,0.31296753883361816,0,0
9847.349057740572,63461.12,0.2797597646713257,0,0
9847.349057740572,63605.68,0.2878568768501282,0,0
9847.349057740572,63393.67,0.2779877781867981,0,0
9847.349057740572,63519.99,0.2605886161327362,0,0
9847.349057740572,63500.01,0.2505907118320465,0,0
9847.349057740572,63625.99,0.2517329454421997,0,0
9847.349057740572,63648.8,0.26974427700042725,0,0
9847.349057740572,63426.2,0.26528123021125793,0,0
9847.349057740572,63624.07,0.2626836895942688,0,0
9847.349057740572,63524.82,0.24232026934623718,0,0
9847.349057740572,63700.0,0.2800033390522003,0,0
9847.349057740572,63358.2,0.2647150456905365,0,1
9847.349057740572,62980.45,0.27976614236831665,0,1
9847.349057740572,63100.8,0.2712349593639374,0,0
9847.349057740572,63470.81,0.27671048045158386,0,1
9847.349057740572,63752.93,0.27671048045158386,0,0
9847.349057740572,63702.01,0.2729231119155884,0,0
9847.349057740572,63766.01,0.2809489667415619,0,0
9847.349057740572,63465.51,0.26723021268844604,0,0
9847.349057740572,63229.1,0.28299480676651,0,1
9847.349057740572,63999.99,0.2851605713367462,0,0
9847.349057740572,63593.02,0.29836195707321167,0,0
9847.349057740572,63982.48,0.28464841842651367,0,0
9847.349057740572,63865.44,0.26737645268440247,0,0
9847.349057740572,63694.0,0.25797039270401,0,0
9847.349057740572,63589.27,0.2558653950691223,0,0
9847.349057740572,63449.0,0.2452983558177948,0,0
9847.349057740572,63472.0,0.26818498969078064,0,0
9847.349057740572,63502.0,0.28200793266296387,0,0
9847.349057740572,63580.01,0.24910801649093628,0,0
9847.349057740572,63600.01,0.24094438552856445,0,0
9847.349057740572,63837.89,0.25426506996154785,0,0
9847.349057740572,63646.01,0.24721919000148773,0,0
9847.349057740572,63532.0,0.22775305807590485,0,0
9847.349057740572,63512.01,0.23605836927890778,0,1
9847.349057740572,63584.03,0.23648379743099213,0,1
9847.349057740572,63735.74,0.2616127133369446,0,1
9847.349057740572,63846.0,0.27320733666419983,0,0
9847.349057740572,63806.0,0.19157737493515015,0,1
9847.349057740572,63743.12,0.20350441336631775,0,1
9847.349057740572,63843.01,0.20153342187404633,0,0
9847.349057740572,63971.28,0.2047690898180008,0,0
9847.349057740572,64133.12,0.24788643419742584,0,0
9847.349057740572,64102.69,0.25339898467063904,0,0
9847.349057740572,64220.97,0.1991201788187027,0,0
9847.349057740572,64296.15,0.251272052526474,0,0
9847.349057740572,64029.17,0.26128634810447693,0,1
9847.349057740572,63971.19,0.2323235273361206,0,1
9847.349057740572,64161.46,0.22742022573947906,0,1
9847.349057740572,64296.59,0.23434023559093475,0,0
9847.349057740572,64278.31,0.18144039809703827,0,0
9847.349057740572,64471.04,0.2671269476413727,0,0
9847.349057740572,64456.47,0.23679931461811066,0,0
9847.349057740572,64458.01,0.251272052526474,0,0
9847.349057740572,64565.0,0.2736051678657532,0,0
9847.349057740572,64563.0,0.2736051678657532,0,0
9847.349057740572,64490.01,0.24034921824932098,0,0
9847.349057740572,64545.3,0.18278029561042786,0,0
9847.349057740572,64339.07,0.23532843589782715,0,0
9847.349057740572,64338.0,0.22888600826263428,0,0
9847.349057740572,64286.1,0.26880910992622375,0,0
9847.349057740572,64429.39,0.23387740552425385,0,0
9847.349057740572,64456.33,0.19262100756168365,0,0
9847.349057740572,64616.0,0.22895106673240662,0,0
9847.349057740572,64521.13,0.22756074368953705,0,0
9847.349057740572,64546.0,0.23387740552425385,0,0
9847.349057740572,64327.53,0.306073933839798,0,0
9847.349057740572,64317.99,0.2788049280643463,0,0
9847.349057740572,63983.55,0.31687936186790466,0,0
9847.349057740572,64025.07,0.282570481300354,0,1
9847.349057740572,63942.63,0.2658179998397827,0,1
9847.349057740572,63732.64,0.29572024941444397,0,1
9847.349057740572,63813.3,0.22836628556251526,0,1
9847.349057740572,63802.0,0.21320241689682007,0,1
9847.349057740572,64008.64,0.2658179998397827,0,1
9847.349057740572,65311.59,0.31513065099716187,0,1
9847.349057740572,65426.78,0.29977598786354065,0,0
9847.349057740572,65746.45,0.3115500509738922,0,0
9847.349057740572,65625.99,0.2995123565196991,0,0
9847.349057740572,65525.0,0.28893306851387024,0,0
9847.349057740572,65472.01,0.27488863468170166,0,0
9847.349057740572,65927.1,0.3008222281932831,0,0
9847.349057740572,65644.01,0.27782386541366577,0,0
9847.349057740572,65858.01,0.2775253653526306,0,1
9847.349057740572,65812.01,0.28399813175201416,0,1
9847.349057740572,65674.76,0.28355440497398376,0,1
9847.349057740572,65662.01,0.279725581407547,0,1
9847.349057740572,65596.86,0.2714979946613312,0,1
9847.349057740572,65917.37,0.27005723118782043,0,1
9847.349057740572,66233.9,0.295060396194458,0,1
9847.349057740572,66563.49,0.3050132393836975,0,0
9847.349057740572,66447.05,0.299588143825531,0,0
9847.349057740572,66591.55,0.2910518944263458,0,0
9847.349057740572,67292.14,0.3198094069957733,0,0
9847.349057740572,67157.99,0.3220517039299011,0,0
9847.349057740572,66851.79,0.2855159640312195,0,0
9847.349057740572,66766.12,0.2703258991241455,0,0
9847.349057740572,66614.35,0.2727441191673279,0,0
9847.349057740572,66519.98,0.24867501854896545,0,0
9847.349057740572,66368.15,0.2385731041431427,0,0
9847.349057740572,66206.34,0.26253464818000793,0,0
9847.349057740572,66328.74,0.25406235456466675,0,0
9847.349057740572,66250.0,0.23915010690689087,0,0
9847.349057740572,66346.52,0.23915010690689087,0,0
9847.349057740572,65741.99,0.288734495639801,0,1
9847.349057740572,66165.21,0.27946195006370544,0,1
9847.349057740572,65840.09,0.2675245702266693,0,1
9847.349057740572,66045.0,0.26525241136550903,0,1
9847.349057740572,66446.0,0.26809027791023254,0,0
9847.349057740572,66372.0,0.2619205713272095,0,0
9847.349057740572,66899.61,0.2663666307926178,0,0
9847.349057740572,66510.0,0.26300525665283203,0,0
9847.349057740572,66514.0,0.2641439735889435,0,0
9847.349057740572,66481.73,0.2539230287075043,0,0
9847.349057740572,66429.83,0.2670189142227173,0,0
9847.349057740572,66052.0,0.2965731620788574,0,0
9847.349057740572,65654.9,0.3246924877166748,0,0
9847.349057740572,65859.76,0.3126530349254608,0,0
9847.349057740572,65758.07,0.2704368829727173,0,0
9847.349057740572,65978.79,0.2746216356754303,0,0
9847.349057740572,65847.99,0.2958538830280304,0,0
9847.349057740572,65675.88,0.2782371938228607,0,0
9847.349057740572,65854.0,0.255872517824173,0,0
9847.349057740572,65776.97,0.2746216356754303,0,0
9847.349057740572,65780.0,0.22081750631332397,0,0
9847.349057740572,65675.01,0.22081750631332397,0,0
9847.349057740572,65700.0,0.24148285388946533,0,0
9847.349057740572,65940.0,0.2729547917842865,0,0
9847.349057740572,65904.0,0.28066784143447876,0,0
9847.349057740572,65851.99,0.24889542162418365,0,0
9847.349057740572,65892.0,0.25379738211631775,0,0
9847.349057740572,65836.3,0.2732335031032562,0,0
9847.349057740572,65624.0,0.26781371235847473,0,0
9847.349057740572,65539.5,0.3239649534225464,0,0
9847.349057740572,64926.02,0.32282882928848267,0,0
9847.349057740572,64909.44,0.25645050406455994,0,1
9847.349057740572,64798.0,0.25129184126853943,0,1
9847.349057740572,64810.01,0.2734164297580719,0,1
9847.349057740572,65040.88,0.3135809302330017,0,1
9847.349057740572,65278.0,0.31476151943206787,0,0
9847.349057740572,65101.45,0.3031880259513855,0,0
9847.349057740572,65752.0,0.2873843312263489,0,0
9847.349057740572,65864.12,0.28913068771362305,0,0
9847.349057740572,66104.08,0.2675088346004486,0,0
9847.349057740572,65516.0,0.306426465511322,0,0
9847.349057740572,64301.85,0.343195378780365,0,0
9847.349057740572,64434.36,0.2963775396347046,0,0
9847.349057740572,64257.77,0.2969878613948822,0,0
9847.349057740572,64300.01,0.3215917944908142,0,0
9847.349057740572,64509.4,0.29325252771377563,0,0
9847.349057740572,64468.01,0.29422321915626526,0,0
9847.349057740572,64548.74,0.2886109948158264,0,0
9847.349057740572,64689.5,0.2886109948158264,0,0
9847.349057740572,64282.82,0.3252207338809967,0,0
9847.349057740572,63883.41,0.3321225941181183,0,0
9847.349057740572,63994.0,0.29997169971466064,0,0
9847.349057740572,64083.41,0.3097148835659027,0,0
9847.349057740572,64510.44,0.3236173093318939,0,0
9847.349057740572,64399.92,0.3041137456893921,0,0
9847.349057740572,64199.53,0.27794215083122253,0,0
9847.349057740572,64078.61,0.2976614832878113,0,0
9847.349057740572,63974.4,0.2976614832878113,0,0
9847.349057740572,64378.07,0.31332671642303467,0,0
9847.349057740572,63984.0,0.32993555068969727,0,0
9847.349057740572,63816.61,0.3310861885547638,0,0
9847.349057740572,62369.44,0.33968114852905273,0,1
9847.349057740572,62688.0,0.3342028856277466,0,0
9847.349057740572,62606.0,0.33081144094467163,0,1
9847.349057740572,62708.92,0.3323967158794403,0,0
9847.349057740572,62950.79,0.32995447516441345,0,0
9847.349057740572,63086.0,0.30825600028038025,0,0
9847.349057740572,62971.32,0.30825600028038025,0,0
9847.349057740572,62885.85,0.2761131227016449,0,0
9847.349057740572,62958.01,0.26818153262138367,0,0
9847.349057740572,63020.0,0.31005099415779114,0,0
9847.349057740572,63021.86,0.30030182003974915,0,0
9847.349057740572,63006.0,0.2411244511604309,0,0
9847.349057740572,62773.51,0.3271937966346741,0,0
9847.349057740572,62452.01,0.31985098123550415,0,0
9847.349057740572,62739.2,0.2932675778865814,0,0
9847.349057740572,62894.08,0.2411244511604309,0,0
9847.349057740572,62629.99,0.3309614062309265,0,1
9847.349057740572,62603.99,0.29997169971466064,0,1
9847.349057740572,62390.0,0.31839412450790405,0,1
9847.349057740572,62533.25,0.27387598156929016,0,1
9847.349057740572,62626.0,0.2819400727748871,0,1
9847.349057740572,62830.01,0.31952187418937683,0,0
9847.349057740572,63210.0,0.3121441602706909,0,0
9847.349057740572,63203.53,0.3060688078403473,0,0
9847.349057740572,63214.01,0.2632223963737488,0,0
9847.349057740572,62971.99,0.2844289541244507,0,1
9847.349057740572,63198.01,0.28279435634613037,0,1
9847.349057740572,63110.01,0.24082040786743164,0,1
9847.349057740572,63021.6,0.22081750631332397,0,1
9847.349057740572,63250.01,0.23623192310333252,0,0
9847.349057740572,63075.98,0.22081750631332397,0,1
9847.349057740572,63315.28,0.2559588551521301,0,0
9847.349057740572,63543.91,0.2751924991607666,0,0
9847.349057740572,63530.01,0.26371046900749207,0,0
9847.349057740572,63586.28,0.24774529039859772,0,0
9847.349057740572,63340.57,0.24910521507263184,0,0
9847.349057740572,63476.79,0.22178684175014496,0,0
9847.349057740572,63583.53,0.21515056490898132,0,0
9847.349057740572,63678.07,0.2589665949344635,0,0
9847.349057740572,63744.61,0.18520765006542206,0,0
9847.349057740572,63655.21,0.24371562898159027,0,0
9847.349057740572,63417.97,0.26483601331710815,0,1
9847.349057740572,63741.16,0.26544785499572754,0,1
9847.349057740572,63674.7,0.23915010690689087,0,1
9847.349057740572,63688.0,0.23766368627548218,0,0
9847.349057740572,63655.09,0.24141554534435272,0,0
9847.349057740572,63397.78,0.2877102494239807,0,1
9847.349057740572,63949.9,0.2964946925640106,0,0
9847.349057740572,64160.04,0.28587979078292847,0,0
9847.349057740572,64034.31,0.2570628821849823,0,0
9847.349057740572,63834.7,0.26483601331710815,0,1
9847.349057740572,63805.89,0.18502682447433472,0,1
9847.349057740572,63936.0,0.21515056490898132,0,0
9847.349057740572,63925.99,0.20289833843708038,0,0
9847.349057740572,64012.4,0.23915010690689087,0,1
9847.349057740572,64272.01,0.27338120341300964,0,0
9847.349057740572,64298.01,0.19489271938800812,0,0
9847.349057740572,64294.0,0.22159621119499207,0,0
9847.349057740572,64248.0,0.2270691692829132,0,0
9847.349057740572,64241.25,0.2097821682691574,0,0
9847.349057740572,64426.0,0.2698817253112793,0,0
9847.349057740572,64276.12,0.2698817253112793,0,0
9847.349057740572,64256.55,0.1879565268754959,0,0
9847.349057740572,64303.46,0.19285033643245697,0,0
9847.349057740572,64191.07,0.21389509737491608,0,0
9847.349057740572,64014.0,0.26441895961761475,0,0
9847.349057740572,64209.16,0.2527810335159302,0,0
9847.349057740572,64365.99,0.23845447599887848,0,0
9847.349057740572,64176.0,0.287291556596756,0,0
9847.349057740572,64200.0,0.28666040301322937,0,0
9847.349057740572,64146.0,0.2903096675872803,0,0
9847.349057740572,64145.97,0.2601308822631836,0,0
9847.349057740572,64224.0,0.3149097263813019,0,0
9847.349057740572,64145.31,0.2863648533821106,0,0
9847.349057740572,64151.46,0.25027376413345337,0,0
9847.349057740572,64213.81,0.310111403465271,0,0
9847.349057740572,64207.12,0.23049892485141754,0,1
9847.349057740572,63848.0,0.3456091582775116,0,1
9847.349057740572,63808.01,0.339335560798645,0,0
9847.349057740572,63801.59,0.31786808371543884,0,0
9847.349057740572,63311.99,0.3585050404071808,0,1
9847.349057740572,63896.01,0.2862589359283447,0,0
9847.349057740572,64606.0,0.30339279770851135,0,0
9847.349057740572,64257.99,0.2656556963920593,0,0
9847.349057740572,63974.01,0.292934775352478,0,0
9847.349057740572,64100.02,0.26267820596694946,0,0
9847.349057740572,64247.74,0.27678918838500977,0,1
9847.349057740572,63989.95,0.2656556963920593,0,1
9847.349057740572,64211.19,0.2646417021751404,0,1
9847.349057740572,64165.99,0.26481929421424866,0,1
9847.349057740572,64145.39,0.22878123819828033,0,1
9847.349057740572,64139.21,0.24365395307540894,0,1
9847.349057740572,64657.22,0.28022390604019165,0,0
9847.349057740572,65149.57,0.2914910912513733,0,0
9847.349057740572,65578.0,0.299588143825531,0,0
9847.349057740572,64980.39,0.3052895963191986,0,0
9847.349057740572,64836.95,0.2924002707004547,0,0
9847.349057740572,64719.77,0.29436737298965454,0,0
9847.349057740572,64602.0,0.2852685749530792,0,0
9847.349057740572,64334.01,0.284661203622818,0,0
9847.349057740572,64472.0,0.2556787431240082,0,0
9847.349057740572,64433.8,0.2682318687438965,0,0
9847.349057740572,64320.57,0.24401956796646118,0,0
9847.349057740572,63971.12,0.2707602381706238,0,0
9847.349057740572,64020.01,0.2423221915960312,0,0
9847.349057740572,64154.99,0.2669837772846222,0,0
9847.349057740572,64156.0,0.2756732404232025,0,0
9847.349057740572,64204.01,0.24082040786743164,0,0
9847.349057740572,64065.35,0.23843955993652344,0,0
9847.349057740572,63623.02,0.2860475182533264,0,0
9847.349057740572,63400.0,0.31238704919815063,0,0
9847.349057740572,62936.01,0.3205694854259491,0,0
9847.349057740572,62886.03,0.252869576215744,0,0
9847.349057740572,62385.99,0.3231232762336731,0,0
9847.349057740572,62386.0,0.24316424131393433,0,0
9847.349057740572,62328.01,0.25742125511169434,0,0
9847.349057740572,62507.06,0.26561179757118225,0,0
9847.349057740572,62256.6,0.31138911843299866,0,0
9847.349057740572,62475.99,0.31543388962745667,0,0
9847.349057740572,62493.63,0.3139374256134033,0,0
9847.349057740572,62487.79,0.27197641134262085,0,0
9847.349057740572,62558.0,0.3078334629535675,0,0
9847.349057740572,62358.02,0.30083492398262024,0,1
9847.349057740572,62241.99,0.27831214666366577,0,1
9847.349057740572,62388.49,0.27473804354667664,0,1
9847.349057740572,62470.7,0.20391225814819336,0,0
9847.349057740572,62599.77,0.23625420033931732,0,0
9847.349057740572,62590.0,0.24197770655155182,0,0
9847.349057740572,62734.57,0.24197770655155182,0,0
9847.349057740572,63014.0,0.26842522621154785,0,0
9847.349057740572,62932.19,0.2683837115764618,0,0
9847.349057740572,62630.0,0.2898295223712921,0,0
9847.349057740572,62729.78,0.29706063866615295,0,0
9847.349057740572,62744.42,0.2745278775691986,0,0
9847.349057740572,62890.0,0.24987953901290894,0,0
9847.349057740572,62780.0,0.21345414221286774,0,0
9847.349057740572,62657.99,0.2538101375102997,0,0
9847.349057740572,62800.0,0.2330569475889206,0,0
9847.349057740572,62681.7,0.2330569475889206,0,0
9847.349057740572,62445.99,0.27667543292045593,0,0
9847.349057740572,62921.19,0.28099390864372253,0,0
9847.349057740572,62618.31,0.26953354477882385,0,0
9847.349057740572,61338.01,0.330839604139328,0,0
9847.349057740572,61113.1,0.326921284198761,0,0
9847.349057740572,60250.0,0.3310626745223999,0,1
9847.349057740572,59850.0,0.33968114852905273,0,1
9847.349057740572,59404.0,0.3389110267162323,0,1
9847.349057740572,59599.99,0.34082046151161194,0,1
9847.349057740572,59958.3,0.34320396184921265,0,1
9847.349057740572,60956.0,0.35000208020210266,0,0
9847.349057740572,61110.0,0.3445758819580078,0,0
9847.349057740572,60873.99,0.33278989791870117,0,1
9847.349057740572,61077.99,0.30030161142349243,0,1
9847.349057740572,60832.0,0.32555273175239563,0,1
9847.349057740572,60928.0,0.2913634479045868,0,1
9847.349057740572,60799.08,0.28673964738845825,0,1
9847.349057740572,60883.65,0.28673964738845825,0,1
9847.349057740572,61357.63,0.30540943145751953,0,0
9847.349057740572,61600.01,0.32768309116363525,0,0
9847.349057740572,61732.06,0.28673964738845825,0,0
9847.349057740572,61911.04,0.3106120824813843,0,0
9847.349057740572,61712.35,0.28673964738845825,0,0
9847.349057740572,61739.29,0.23917126655578613,0,0
9847.349057740572,61269.94,0.3235074281692505,0,0
9847.349057740572,61282.01,0.30984461307525635,0,0
9847.349057740572,61244.01,0.3213770389556885,0,0
9847.349057740572,58290.17,0.35712793469429016,0,1
9847.349057740572,59471.5,0.3694024085998535,0,0
9847.349057740572,59557.99,0.3609403669834137,0,1
9847.349057740572,59312.64,0.33974823355674744,0,1
9847.349057740572,59676.01,0.3330099880695343,0,0
9847.349057740572,59512.71,0.337563693523407,0,0
9847.349057740572,59320.0,0.3450104594230652,0,0
9847.349057740572,59456.62,0.3430141806602478,0,0
9847.349057740572,60211.87,0.347804456949234,0,0
9847.349057740572,59851.27,0.3481749892234802,0,0
9847.349057740572,59794.0,0.33341774344444275,0,0
9847.349057740572,59667.09,0.33132055401802063,0,1
9847.349057740572,59431.5,0.3508782982826233,0,1
9847.349057740572,58561.99,0.3775377571582794,0,1
9847.349057740572,60036.01,0.3821938633918762,0,0
9847.349057740572,59920.47,0.3720470070838928,0,0
9847.349057740572,59953.3,0.33855557441711426,0,0
9847.349057740572,60324.0,0.3684840798377991,0,0
9847.349057740572,60532.0,0.35339370369911194,0,0
9847.349057740572,60245.67,0.3574378788471222,0,0
9847.349057740572,59736.01,0.3737030625343323,0,1
9847.349057740572,59313.26,0.37151962518692017,0,1
9847.349057740572,59413.24,0.33855852484703064,0,1
9847.349057740572,59185.02,0.3647385835647583,0,1
9847.349057740572,60175.43,0.3581521511077881,0,0
9847.349057740572,59590.73,0.357538104057312,0,0
9847.349057740572,60328.32,0.32456135749816895,0,0
9847.349057740572,60041.75,0.3565763235092163,0,0
9847.349057740572,60023.97,0.3220408260822296,0,0
9847.349057740572,59668.01,0.34726443886756897,0,1
9847.349057740572,59751.97,0.33093252778053284,0,0
9847.349057740572,59718.0,0.31618717312812805,0,1
9847.349057740572,59918.7,0.31326302886009216,0,1
9847.349057740572,60048.0,0.2821481227874756,0,0
9847.349057740572,60097.27,0.2607693672180176,0,0
9847.349057740572,60059.07,0.28694671392440796,0,1
9847.349057740572,59945.53,0.2042500376701355,0,1
9847.349057740572,60290.01,0.3089659810066223,0,0
9847.349057740572,60305.73,0.28436532616615295,0,0
9847.349057740572,60239.99,0.2696726620197296,0,0
9847.349057740572,60236.76,0.26127931475639343,0,0
9847.349057740572,60370.62,0.2854059338569641,0,0
9847.349057740572,60548.07,0.28907084465026855,0,0
9847.349057740572,60456.0,0.2552558481693268,0,0
9847.349057740572,60414.62,0.2586105465888977,0,1
9847.349057740572,60420.28,0.1842721551656723,0,1
9847.349057740572,60363.65,0.2429613471031189,0,0
9847.349057740572,60430.0,0.23469781875610352,0,0
9847.349057740572,60588.35,0.26756545901298523,0,0
9847.349057740572,60611.5,0.23225395381450653,0,0
9847.349057740572,60840.06,0.2762092351913452,0,0
9847.349057740572,60807.99,0.2302497923374176,0,0
9847.349057740572,60524.88,0.2756136953830719,0,0
9847.349057740572,60570.86,0.19626770913600922,0,0
9847.349057740572,60175.95,0.274668425321579,0,0
9847.349057740572,60300.0,0.20569512248039246,0,0
9847.349057740572,60203.82,0.2603282332420349,0,0
9847.349057740572,60228.95,0.2862515449523926,0,0
9847.349057740572,60029.0,0.29401975870132446,0,0
9847.349057740572,60146.0,0.27503177523612976,0,0
9847.349057740572,60222.22,0.2687850892543793,0,0
9847.349057740572,60150.45,0.29199549555778503,0,0
9847.349057740572,60197.04,0.21843576431274414,0,0
9847.349057740572,60133.0,0.23372143507003784,0,0
9847.349057740572,59989.17,0.2884945273399353,0,1
9847.349057740572,60002.82,0.2622464895248413,0,0
9847.349057740572,60219.99,0.2701117992401123,0,0
9847.349057740572,60370.0,0.28325390815734863,0,0
9847.349057740572,60258.84,0.23062501847743988,0,0
9847.349057740572,60166.71,0.26180827617645264,0,0
9847.349057740572,60342.0,0.24141554534435272,0,0
9847.349057740572,60293.51,0.28783848881721497,0,0
9847.349057740572,60071.88,0.3447836935520172,0,0
9847.349057740572,60033.0,0.3372761309146881,0,0
9847.349057740572,59890.0,0.3372761309146881,0,0
9847.349057740572,59690.62,0.3254918158054352,0,0
9847.349057740572,59586.01,0.31698617339134216,0,0
9847.349057740572,59614.46,0.25980344414711,0,0
9847.349057740572,59481.79,0.30672189593315125,0,0
9847.349057740572,59660.0,0.27188149094581604,0,0
9847.349057740572,59445.95,0.31613022089004517,0,1
9847.349057740572,59067.01,0.34792259335517883,0,1
9847.349057740572,59577.01,0.299749493598938,0,1
9847.349057740572,59667.01,0.29586777091026306,0,1
9847.349057740572,59440.95,0.3075270354747772,0,1
9847.349057740572,59757.46,0.30956345796585083,0,0
9847.349057740572,60049.46,0.2812981605529785,0,0
9847.349057740572,59830.0,0.26724496483802795,0,0
9847.349057740572,60102.8,0.2787971496582031,0,0
9847.349057740572,60075.49,0.2697739899158478,0,0
9847.349057740572,60026.0,0.26083993911743164,0,0
9847.349057740572,59840.0,0.291038453578949,0,0
9847.349057740572,60057.0,0.26213398575782776,0,0
9847.349057740572,60088.0,0.2607946991920471,0,0
9847.349057740572,59956.05,0.27699601650238037,0,1
9847.349057740572,59948.78,0.31483274698257446,0,1
9847.349057740572,59580.0,0.3284434974193573,0,1
9847.349057740572,59469.67,0.30280059576034546,0,1
9847.349057740572,59824.01,0.285066157579422,0,1
9847.349057740572,59892.86,0.26995328068733215,0,1
9847.349057740572,60413.99,0.2994258403778076,0,0
9847.349057740572,60295.0,0.25828808546066284,0,0
9847.349057740572,60433.49,0.26778581738471985,0,0
9847.349057740572,60296.0,0.24811317026615143,0,0
9847.349057740572,60479.72,0.24500538408756256,0,0
9847.349057740572,60352.31,0.2299921065568924,0,0
9847.349057740572,60260.21,0.2299921065568924,0,0
9847.349057740572,59838.01,0.2785782814025879,0,0
9847.349057740572,59939.94,0.24811317026615143,0,0
9847.349057740572,59948.24,0.2520177960395813,0,0
9847.349057740572,59627.48,0.2480013519525528,0,0
9847.349057740572,59492.01,0.2710076570510864,0,0
9847.349057740572,59652.13,0.27628397941589355,0,0
9847.349057740572,59592.0,0.247781440615654,0,0
9847.349057740572,59524.01,0.25116604566574097,0,0
9847.349057740572,59311.92,0.2967835068702698,0,0
9847.349057740572,59374.96,0.24316424131393433,0,0
9847.349057740572,59334.01,0.19437454640865326,0,0
9847.349057740572,59192.7,0.27050289511680603,0,0
9847.349057740572,58412.0,0.314052015542984,0,0
9847.349057740572,58737.18,0.309558629989624,0,0
9847.349057740572,58482.81,0.309558629989624,0,0
9847.349057740572,58381.99,0.31436818838119507,0,0
9847.349057740572,58497.65,0.3068951666355133,0,0
9847.349057740572,58417.99,0.26776811480522156,0,0
9847.349057740572,58680.87,0.28786081075668335,0,0
9847.349057740572,58818.05,0.27212345600128174,0,0
9847.349057740572,58732.01,0.26566052436828613,0,1
9847.349057740572,58639.99,0.2512648105621338,0,1
9847.349057740572,58607.99,0.2512648105621338,0,1
9847.349057740572,58624.71,0.20779064297676086,0,1
9847.349057740572,58576.0,0.30146002769470215,0,0
9847.349057740572,58770.57,0.31011131405830383,0,0
9847.349057740572,59085.0,0.2953851521015167,0,0
9847.349057740572,59197.13,0.28782641887664795,0,0
9847.349057740572,59339.99,0.2667517066001892,0,0
9847.349057740572,59154.33,0.2512648105621338,0,0
9847.349057740572,58755.8,0.3082887828350067,0,0
9847.349057740572,58768.65,0.2719108462333679,0,1
9847.349057740572,58973.99,0.2539759874343872,0,1
9847.349057740572,58944.55,0.26566052436828613,0,1
9847.349057740572,58659.98,0.27150630950927734,0,1
9847.349057740572,58622.03,0.24316424131393433,0,1
9847.349057740572,58538.01,0.28423091769218445,0,1
9847.349057740572,59498.03,0.29821836948394775,0,1
9847.349057740572,59542.0,0.3025582432746887,0,1
9847.349057740572,60147.15,0.3099559247493744,0,1
9847.349057740572,59920.0,0.2826189398765564,0,1
9847.349057740572,60190.6,0.2672210931777954,0,0
9847.349057740572,60171.16,0.2622096836566925,0,0
9847.349057740572,60028.67,0.2779877781867981,0,0
9847.349057740572,60126.0,0.2598714530467987,0,0
9847.349057740572,60815.99,0.3021906614303589,0,0
9847.349057740572,60478.01,0.3216954171657562,0,1
9847.349057740572,60024.0,0.3081144690513611,0,1
9847.349057740572,59761.73,0.3067839741706848,0,1
9847.349057740572,60175.92,0.31373634934425354,0,0
9847.349057740572,60423.1,0.28618451952934265,0,0
9847.349057740572,61058.0,0.32117658853530884,0,0
9847.349057740572,60787.98,0.28729817271232605,0,1
9847.349057740572,60504.54,0.3148868978023529,0,1
9847.349057740572,60274.01,0.30718815326690674,0,1
9847.349057740572,60149.99,0.25698351860046387,0,1
9847.349057740572,60511.99,0.304217129945755,0,1
9847.349057740572,61184.0,0.33365917205810547,0,1
9847.349057740572,61263.68,0.28541696071624756,0,1
9847.349057740572,61358.01,0.2786560654640198,0,1
9847.349057740572,61542.53,0.28910207748413086,0,0
9847.349057740572,61939.04,0.3004828095436096,0,0
9847.349057740572,61696.61,0.30431461334228516,0,0
9847.349057740572,61612.93,0.28315451741218567,0,0
9847.349057740572,61682.34,0.2903527021408081,0,0
9847.349057740572,61667.39,0.2778439223766327,0,0
9847.349057740572,61761.36,0.25995776057243347,0,0
9847.349057740572,61479.6,0.2697361409664154,0,0
9847.349057740572,61584.78,0.25451579689979553,0,0
9847.349057740572,61592.26,0.1951800137758255,0,0
9847.349057740572,61465.26,0.22672820091247559,0,0
9847.349057740572,61560.0,0.23632638156414032,0,0
9847.349057740572,61308.75,0.25342971086502075,0,1
9847.349057740572,61588.0,0.24657796323299408,0,0
9847.349057740572,61440.01,0.25709572434425354,0,0
9847.349057740572,61434.0,0.2511208951473236,0,0
9847.349057740572,61448.0,0.2466527819633484,0,1
9847.349057740572,61700.49,0.258627325296402,0,1
9847.349057740572,61710.01,0.2726746201515198,0,0
9847.349057740572,61750.47,0.27969852089881897,0,1
9847.349057740572,61584.0,0.25812721252441406,0,1
9847.349057740572,61718.68,0.2555397152900696,0,0
9847.349057740572,61916.46,0.2487373650074005,0,0
9847.349057740572,62024.02,0.24721954762935638,0,0
9847.349057740572,61983.99,0.2623205780982971,0,0
9847.349057740572,62116.01,0.2569173574447632,0,0
9847.349057740572,62167.48,0.27632448077201843,0,1
9847.349057740572,61922.72,0.2733525037765503,0,1
9847.349057740572,62104.81,0.2359057366847992,0,1
9847.349057740572,62194.0,0.2359057366847992,0,1
9847.349057740572,62204.01,0.21632371842861176,0,1
9847.349057740572,62210.0,0.2342589795589447,0,0
9847.349057740572,62776.92,0.285092294216156,0,0
9847.349057740572,62732.0,0.2846404016017914,0,0
9847.349057740572,62578.0,0.27232933044433594,0,0
9847.349057740572,62583.26,0.246944859623909,0,0
9847.349057740572,62756.29,0.24995890259742737,0,0
9847.349057740572,62468.44,0.25683629512786865,0,0
9847.349057740572,62538.96,0.21812663972377777,0,0
9847.349057740572,62627.29,0.24044227600097656,0,0
9847.349057740572,62700.0,0.22769354283809662,0,0
9847.349057740572,62471.52,0.24044227600097656,0,0
9847.349057740572,62500.01,0.24044227600097656,0,0
9847.349057740572,62576.0,0.2311880886554718,0,0
9847.349057740572,62553.78,0.22428962588310242,0,0
9847.349057740572,62494.0,0.22428962588310242,0,1
9847.349057740572,62513.0,0.19210630655288696,0,1
9847.349057740572,62482.01,0.19372346997261047,0,1
9847.349057740572,62664.01,0.1978604644536972,0,1
9847.349057740572,62588.84,0.26831623911857605,0,1
9847.349057740572,62693.99,0.2438340187072754,0,1
9847.349057740572,62943.29,0.2866998612880707,0,1
9847.349057740572,62927.29,0.2799808084964752,0,0
9847.349057740572,63280.38,0.2757168114185333,0,0
9847.349057740572,63172.78,0.22587154805660248,0,0
9847.349057740572,63294.72,0.2229597419500351,0,0
9847.349057740572,63233.78,0.22587154805660248,0,0
9847.349057740572,63297.84,0.22400106489658356,0,0
9847.349057740572,63184.99,0.2354164570569992,0,0
9847.349057740572,63144.01,0.25284653902053833,0,0
9847.349057740572,62991.29,0.2544722855091095,0,0
9847.349057740572,62887.94,0.2628661096096039,0,0
9847.349057740572,62693.56,0.24165773391723633,0,0
9847.349057740572,62769.04,0.21136829257011414,0,0
9847.349057740572,62815.99,0.2620638608932495,0,0
9847.349057740572,62740.5,0.2543952763080597,0,0
9847.349057740572,62782.18,0.23025427758693695,0,0
9847.349057740572,63020.21,0.2788526713848114,0,0
9847.349057740572,62915.0,0.2543952763080597,0,0
9847.349057740572,62622.18,0.29261913895606995,0,0
9847.349057740572,62756.12,0.24005956947803497,0,0
9847.349057740572,62658.92,0.2491683065891266,0,0
9847.349057740572,62745.01,0.25118088722229004,0,0
9847.349057740572,62792.0,0.2694219648838043,0,0
9847.349057740572,62812.25,0.22318656742572784,0,0
9847.349057740572,62740.01,0.25316673517227173,0,1
9847.349057740572,62637.48,0.2694219648838043,0,1
9847.349057740572,62624.93,0.24130843579769135,0,1
9847.349057740572,62820.33,0.28182122111320496,0,1
9847.349057740572,62768.88,0.29495638608932495,0,1
9847.349057740572,62730.61,0.23635990917682648,0,1
9847.349057740572,63092.01,0.29529350996017456,0,0
9847.349057740572,63736.0,0.30630138516426086,0,0
9847.349057740572,63650.0,0.27059149742126465,0,0
9847.349057740572,63761.99,0.27163079380989075,0,0
9847.349057740572,63576.0,0.26400238275527954,0,0
9847.349057740572,63460.01,0.252152681350708,0,0
9847.349057740572,63294.0,0.26400238275527954,0,0
9847.349057740572,63267.99,0.23703259229660034,0,0
9847.349057740572,63114.0,0.25621742010116577,0,0
9847.349057740572,62976.0,0.24062579870224,0,0
9847.349057740572,63089.42,0.24062579870224,0,0
9847.349057740572,62904.01,0.26140934228897095,0,0
9847.349057740572,62664.77,0.252152681350708,0,1
9847.349057740572,62822.06,0.2578607201576233,0,1
9847.349057740572,62483.84,0.26957201957702637,0,1
9847.349057740572,61754.01,0.314052015542984,0,1
9847.349057740572,61768.21,0.31138089299201965,0,1
9847.349057740572,62052.0,0.3093426823616028,0,1
9847.349057740572,63545.98,0.329573392868042,0,1
9847.349057740572,63732.0,0.32468461990356445,0,1
9847.349057740572,63587.38,0.3158811628818512,0,1
9847.349057740572,63696.4,0.2726333439350128,0,1
9847.349057740572,63738.52,0.26233726739883423,0,0
9847.349057740572,63828.0,0.26233726739883423,0,0
9847.349057740572,64489.98,0.3310093283653259,0,0
9847.349057740572,64244.0,0.25897473096847534,0,0
9847.349057740572,64042.02,0.2572120428085327,0,0
9847.349057740572,64203.99,0.2812707722187042,0,0
9847.349057740572,63840.0,0.3057146370410919,0,0
9847.349057740572,63322.01,0.30444127321243286,0,0
9847.349057740572,63191.01,0.2572120428085327,0,0
9847.349057740572,63100.01,0.256299763917923,0,0
9847.349057740572,63128.01,0.29498106241226196,0,0
9847.349057740572,63340.0,0.29498106241226196,0,0
9847.349057740572,63083.18,0.2927745282649994,0,0
9847.349057740572,63104.0,0.24707770347595215,0,1
9847.349057740572,63256.0,0.2572120428085327,0,1
9847.349057740572,63284.0,0.2790471613407135,0,1
9847.349057740572,63406.0,0.2515837848186493,0,1
9847.349057740572,63481.39,0.2658369839191437,0,0
9847.349057740572,63056.0,0.2679944336414337,0,1
9847.349057740572,63562.05,0.3033794164657593,0,0
9847.349057740572,63930.51,0.28540515899658203,0,0
9847.349057740572,63983.27,0.27458950877189636,0,0
9847.349057740572,64186.0,0.25798752903938293,0,0
9847.349057740572,63679.99,0.2805446982383728,0,0
9847.349057740572,63817.99,0.2734123766422272,0,0
9847.349057740572,63697.99,0.2604236900806427,0,0
9847.349057740572,63423.94,0.29002028703689575,0,0
9847.349057740572,63551.02,0.2664230465888977,0,0
9847.349057740572,63363.99,0.26483747363090515,0,0
9847.349057740572,63612.77,0.28272339701652527,0,0
9847.349057740572,63038.01,0.30293986201286316,0,0
9847.349057740572,62979.99,0.2964949905872345,0,0
9847.349057740572,62766.0,0.26058608293533325,0,0
9847.349057740572,62800.0,0.24927476048469543,0,0
9847.349057740572,62637.88,0.28045687079429626,0,0
9847.349057740572,62657.81,0.2746216356754303,0,0
9847.349057740572,62888.35,0.25974181294441223,0,0
9847.349057740572,62018.36,0.32269972562789917,0,0
9847.349057740572,62057.67,0.3143175542354584,0,0
9847.349057740572,62183.12,0.29005688428878784,0,0
9847.349057740572,62299.99,0.2771601974964142,0,0
9847.349057740572,61957.73,0.31026700139045715,0,0
9847.349057740572,61945.49,0.30394741892814636,0,1
9847.349057740572,61889.83,0.3047651946544647,0,0
9847.349057740572,61704.01,0.3027596175670624,0,1
9847.349057740572,62113.03,0.3028716742992401,0,0
9847.349057740572,62104.62,0.2982221245765686,0,0
9847.349057740572,62185.32,0.2665634751319885,0,0
9847.349057740572,62277.98,0.23484382033348083,0,0
9847.349057740572,62099.61,0.2581397294998169,0,0
9847.349057740572,62187.17,0.2773186266422272,0,0
9847.349057740572,62330.4,0.22081750631332397,0,0
9847.349057740572,62290.0,0.22081750631332397,0,0
9847.349057740572,62129.99,0.2631140947341919,0,1
9847.349057740572,61916.0,0.30594968795776367,0,1
9847.349057740572,61788.8,0.29623648524284363,0,1
9847.349057740572,61974.34,0.2740338444709778,0,1
9847.349057740572,62453.74,0.2719634771347046,0,1
9847.349057740572,62589.61,0.28277766704559326,0,0
9847.349057740572,62959.96,0.2740488648414612,0,0
9847.349057740572,63000.0,0.2740488648414612,0,0
9847.349057740572,62903.65,0.26450324058532715,0,0
9847.349057740572,62953.4,0.24064785242080688,0,0
9847.349057740572,62786.04,0.2689475417137146,0,0
9847.349057740572,62786.34,0.24271160364151,0,1
9847.349057740572,62614.02,0.2807956039905548,0,1
9847.349057740572,63028.35,0.27132150530815125,0,0
9847.349057740572,63016.0,0.2633044123649597,0,0
9847.349057740572,62868.05,0.27008864283561707,0,1
9847.349057740572,62700.01,0.2633620500564575,0,1
9847.349057740572,63142.79,0.27104905247688293,0,0
9847.349057740572,63219.03,0.2654944956302643,0,0
9847.349057740572,63248.1,0.2537442445755005,0,1
9847.349057740572,63313.38,0.20158706605434418,0,1
9847.349057740572,63274.59,0.2188156545162201,0,1
9847.349057740572,63218.78,0.2188156545162201,0,1
9847.349057740572,63230.0,0.23645910620689392,0,1
9847.349057740572,63113.93,0.2543049156665802,0,1
9847.349057740572,63749.86,0.29412344098091125,0,0
9847.349057740572,63961.99,0.2754846513271332,0,0
9847.349057740572,63947.2,0.25158077478408813,0,1
9847.349057740572,64047.88,0.2558377683162689,0,1
9847.349057740572,64115.99,0.26564255356788635,0,0
9847.349057740572,63854.71,0.2477630227804184,0,1
9847.349057740572,63963.0,0.24064785242080688,0,1
9847.349057740572,64246.01,0.2680647075176239,0,0
9847.349057740572,64385.09,0.2758583724498749,0,0
9847.349057740572,64407.8,0.25480377674102783,0,0
9847.349057740572,64425.18,0.22845768928527832,0,0
9847.349057740572,64286.64,0.2787221074104309,0,0
9847.349057740572,64484.0,0.27885037660598755,0,0
9847.349057740572,63914.87,0.2759833335876465,0,0
9847.349057740572,64040.0,0.25825148820877075,0,0
9847.349057740572,64140.01,0.2661498188972473,0,0
9847.349057740572,63823.99,0.25380051136016846,0,1
9847.349057740572,63810.0,0.2537442445755005,0,0
9847.349057740572,63917.88,0.2603692412376404,0,0
9847.349057740572,63841.25,0.25825148820877075,0,0
9847.349057740572,64011.99,0.23645910620689392,0,0
9847.349057740572,64112.29,0.23703259229660034,0,0
9847.349057740572,64161.72,0.24269182980060577,0,0
9847.349057740572,64124.0,0.18286754190921783,0,0
9847.349057740572,64012.95,0.24044227600097656,0,0
9847.349057740572,64158.04,0.204534649848938,0,0
9847.349057740572,64150.42,0.17953941226005554,0,0
9847.349057740572,64152.0,0.17669068276882172,0,0
9847.349057740572,64176.01,0.19689275324344635,0,0
9847.349057740572,64219.1,0.2119169682264328,0,0
9847.349057740572,64162.18,0.18661440908908844,0,0
9847.349057740572,64265.98,0.18106670677661896,0,0
9847.349057740572,64167.34,0.221684992313385,0,0
9847.349057740572,64196.0,0.21491995453834534,0,0
9847.349057740572,64198.0,0.21491995453834534,0,0
9847.349057740572,64195.49,0.21865533292293549,0,0
9847.349057740572,64235.66,0.217047318816185,0,0
9847.349057740572,64350.07,0.2697466015815735,0,0
9847.349057740572,64175.75,0.29671311378479004,0,0
9847.349057740572,64180.01,0.2626696825027466,0,0
9847.349057740572,64315.53,0.24700488150119781,0,0
9847.349057740572,64327.99,0.2133319079875946,0,0
9847.349057740572,64286.0,0.21159403026103973,0,0
9847.349057740572,64382.45,0.23982040584087372,0,0
9847.349057740572,64355.99,0.21332131326198578,0,0
9847.349057740572,64203.08,0.24700488150119781,0,0
9847.349057740572,63819.0,0.31616196036338806,0,0
9847.349057740572,63828.47,0.2841852009296417,0,0
9847.349057740572,64133.61,0.28296196460723877,0,0
9847.349057740572,64070.39,0.25247135758399963,0,0
9847.349057740572,64223.73,0.2799808084964752,0,0
9847.349057740572,63999.93,0.27148863673210144,0,0
9847.349057740572,63959.93,0.23635990917682648,0,0
9847.349057740572,63762.46,0.26700276136398315,0,0
9847.349057740572,63885.27,0.2575087249279022,0,0
9847.349057740572,63983.18,0.2565059959888458,0,0
9847.349057740572,63961.61,0.2722485363483429,0,0
9847.349057740572,63865.76,0.18935202062129974,0,0
9847.349057740572,64018.01,0.1976117193698883,0,0
9847.349057740572,64026.0,0.20620809495449066,0,0
9847.349057740572,64023.14,0.19723941385746002,0,0
9847.349057740572,64203.08,0.21350713074207306,0,0
9847.349057740572,64176.0,0.19105467200279236,0,0
9847.349057740572,64177.7,0.24156039953231812,0,0
9847.349057740572,64078.0,0.22462338209152222,0,0
9847.349057740572,64147.99,0.21946483850479126,0,0
9847.349057740572,64228.59,0.21613231301307678,0,0
9847.349057740572,64198.89,0.20641019940376282,0,0
9847.349057740572,63920.4,0.2713477313518524,0,0
9847.349057740572,63886.87,0.24700488150119781,0,0
9847.349057740572,63780.0,0.2601245939731598,0,0
9847.349057740572,64072.01,0.3088563084602356,0,0
9847.349057740572,63412.01,0.3003697097301483,0,0
9847.349057740572,63375.99,0.2578276991844177,0,0
9847.349057740572,62806.41,0.30122292041778564,0,0
9847.349057740572,62672.0,0.2545558214187622,0,0
9847.349057740572,62799.0,0.2914503812789917,0,0
9847.349057740572,62797.55,0.23185360431671143,0,0
9847.349057740572,62985.52,0.2545558214187622,0,0
9847.349057740572,63206.97,0.27720579504966736,0,0
9847.349057740572,63100.02,0.20770014822483063,0,0
9847.349057740572,62867.89,0.2545558214187622,0,0
9847.349057740572,62901.99,0.2484995424747467,0,0
9847.349057740572,62625.15,0.28833284974098206,0,0
9847.349057740572,62318.0,0.300683856010437,0,0
9847.349057740572,62791.85,0.3001497685909271,0,0
9847.349057740572,62618.01,0.29399657249450684,0,0
9847.349057740572,62276.0,0.3035055696964264,0,0
9847.349057740572,61904.99,0.30724483728408813,0,1
9847.349057740572,62020.0,0.26845815777778625,0,1
9847.349057740572,62288.23,0.26219460368156433,0,0
9847.349057740572,62210.99,0.2448716163635254,0,1
9847.349057740572,62065.06,0.23042671382427216,0,1
9847.349057740572,61924.0,0.23042671382427216,0,1
9847.349057740572,62334.52,0.2645342946052551,0,1
9847.349057740572,62549.54,0.2935589849948883,0,0
9847.349057740572,62540.42,0.24734579026699066,0,0
9847.349057740572,62544.0,0.2560760974884033,0,0
9847.349057740572,62572.89,0.2446671724319458,0,0
9847.349057740572,62745.23,0.22534184157848358,0,0
9847.349057740572,62737.0,0.23897838592529297,0,0
9847.349057740572,62624.05,0.24062579870224,0,1
9847.349057740572,62560.92,0.2062871754169464,0,1
9847.349057740572,62713.85,0.25207576155662537,0,1
9847.349057740572,62629.55,0.24130995571613312,0,1
9847.349057740572,62800.0,0.2446671724319458,0,1
9847.349057740572,62844.99,0.23703259229660034,0,1
9847.349057740572,63960.0,0.30888742208480835,0,1
9847.349057740572,63840.01,0.27935779094696045,0,1
9847.349057740572,64305.02,0.2908880114555359,0,0
9847.349057740572,64743.99,0.30776461958885193,0,0
9847.349057740572,64730.0,0.2932557761669159,0,0
9847.349057740572,64621.43,0.30776461958885193,0,1
9847.349057740572,64571.98,0.2684077322483063,0,0
9847.349057740572,64569.59,0.24685852229595184,0,0
9847.349057740572,64572.02,0.24685852229595184,0,0
9847.349057740572,64676.9,0.28343477845191956,0,0
9847.349057740572,64860.89,0.2943863570690155,0,0
9847.349057740572,65043.98,0.2683647572994232,0,0
9847.349057740572,64824.58,0.24467380344867706,0,0
9847.349057740572,64674.35,0.2470967322587967,0,0
9847.349057740572,64490.87,0.25918006896972656,0,0
9847.349057740572,64792.01,0.2583041191101074,0,0
9847.349057740572,64746.01,0.24037498235702515,0,0
9847.349057740572,64944.06,0.27528148889541626,0,0
9847.349057740572,64814.0,0.29276636242866516,0,1
9847.349057740572,64549.34,0.2851560711860657,0,1
9847.349057740572,64768.01,0.27711063623428345,0,1
9847.349057740572,64671.83,0.26917824149131775,0,1
9847.349057740572,64663.0,0.284902960062027,0,1
9847.349057740572,64732.15,0.2764829397201538,0,1
9847.349057740572,65164.0,0.2656635046005249,0,0
9847.349057740572,65117.99,0.26697900891304016,0,0
9847.349057740572,65399.81,0.26769766211509705,0,0
9847.349057740572,65427.61,0.2583923637866974,0,0
9847.349057740572,65120.79,0.28079259395599365,0,0
9847.349057740572,65056.1,0.24271160364151,0,0
9847.349057740572,64860.0,0.25825148820877075,0,0
9847.349057740572,64977.34,0.23645910620689392,0,0
9847.349057740572,64968.01,0.2013462781906128,0,0
9847.349057740572,64834.31,0.21318599581718445,0,0
9847.349057740572,64866.93,0.21318599581718445,0,0
9847.349057740572,64756.28,0.23050950467586517,0,0
9847.349057740572,64584.07,0.2520183324813843,0,0
9847.349057740572,64730.01,0.2552458345890045,0,0
9847.349057740572,64642.01,0.21318599581718445,0,0
9847.349057740572,64619.95,0.23653650283813477,0,0
9847.349057740572,64650.05,0.22536969184875488,0,0
9847.349057740572,64917.99,0.26116669178009033,0,0
9847.349057740572,64777.32,0.2299262136220932,0,0
9847.349057740572,64238.0,0.2778913080692291,0,0
9847.349057740572,64126.85,0.2858601212501526,0,1
9847.349057740572,64090.0,0.2429683357477188,0,1
9847.349057740572,64221.34,0.21318599581718445,0,0
9847.349057740572,64256.53,0.21318599581718445,0,0
9847.349057740572,63966.01,0.28841227293014526,0,0
9847.349057740572,64376.0,0.29152292013168335,0,0
9847.349057740572,64543.51,0.2940915822982788,0,0
9847.349057740572,64704.73,0.28933680057525635,0,0
9847.349057740572,64484.0,0.27674275636672974,0,0
9847.349057740572,64069.03,0.29487335681915283,0,0
9847.349057740572,64246.01,0.24510188400745392,0,0
9847.349057740572,64271.84,0.1959298998117447,0,0
9847.349057740572,64114.27,0.21318599581718445,0,0
9847.349057740572,64161.99,0.1962893009185791,0,0
9847.349057740572,63968.0,0.23602651059627533,0,0
9847.349057740572,63830.2,0.2584064304828644,0,0
9847.349057740572,63886.0,0.25438210368156433,0,0
9847.349057740572,63546.24,0.2962530851364136,0,0
9847.349057740572,63482.0,0.2604677677154541,0,0
9847.349057740572,63570.0,0.2604677677154541,0,0
9847.349057740572,63486.01,0.2584064304828644,0,0
9847.349057740572,62839.76,0.3065010905265808,0,1
9847.349057740572,62948.0,0.2622525990009308,0,0
9847.349057740572,62828.11,0.2429683357477188,0,1
9847.349057740572,62888.0,0.2622525990009308,0,0
9847.349057740572,62989.46,0.24130995571613312,0,1
9847.349057740572,63179.92,0.24763838946819305,0,1
9847.349057740572,63298.01,0.25985968112945557,0,1
9847.349057740572,63099.75,0.25985968112945557,0,1
9847.349057740572,63153.99,0.2944602072238922,0,1
9847.349057740572,63174.0,0.288375586271286,0,1
9847.349057740572,63452.0,0.2975505292415619,0,1
9847.349057740572,63594.0,0.2980252206325531,0,1
9847.349057740572,64049.86,0.2740488648414612,0,0
9847.349057740572,64259.73,0.2722066640853882,0,0
9847.349057740572,64160.8,0.2494276762008667,0,0
9847.349057740572,64120.0,0.2386927306652069,0,0
9847.349057740572,64110.0,0.20158706605434418,0,0
9847.349057740572,63986.0,0.22534184157848358,0,0
9847.349057740572,63931.67,0.20420290529727936,0,0
9847.349057740572,63910.04,0.18286754190921783,0,0
9847.349057740572,63952.98,0.174592986702919,0,0
9847.349057740572,63967.61,0.17700430750846863,0,0
9847.349057740572,64017.84,0.19754384458065033,0,0
9847.349057740572,63967.99,0.17435391247272491,0,0
9847.349057740572,63967.95,0.1888754516839981,0,0
9847.349057740572,63979.67,0.1888754516839981,0,0
9847.349057740572,64002.75,0.1980963796377182,0,0
9847.349057740572,64006.01,0.19604191184043884,0,0
9847.349057740572,63987.76,0.20460382103919983,0,0
9847.349057740572,64016.43,0.18152213096618652,0,0
9847.349057740572,64069.89,0.21576188504695892,0,1
9847.349057740572,64218.0,0.27293631434440613,0,0
9847.349057740572,64106.0,0.2568725347518921,0,1
9847.349057740572,64126.0,0.21576188504695892,0,1
9847.349057740572,64123.12,0.22113165259361267,0,1
9847.349057740572,64303.47,0.27293631434440613,0,1
9847.349057740572,64480.29,0.2797883152961731,0,1
9847.349057740572,64512.41,0.2466697245836258,0,0
9847.349057740572,64552.79,0.21701578795909882,0,0
9847.349057740572,64693.01,0.2553368806838989,0,0
9847.349057740572,64731.72,0.2627764344215393,0,0
9847.349057740572,64805.05,0.24905435740947723,0,0
9847.349057740572,64834.22,0.21033309400081635,0,0
9847.349057740572,64792.08,0.22613880038261414,0,0
9847.349057740572,64765.99,0.1971484273672104,0,0
9847.349057740572,64826.01,0.2647382616996765,0,0
9847.349057740572,64706.18,0.24940110743045807,0,0
9847.349057740572,64720.17,0.22164864838123322,0,0
9847.349057740572,64724.01,0.1895212084054947,0,0
9847.349057740572,64711.69,0.18278947472572327,0,0
9847.349057740572,64711.05,0.20821715891361237,0,0
9847.349057740572,64707.49,0.20821715891361237,0,0
9847.349057740572,64509.99,0.2702280879020691,0,0
9847.349057740572,64595.0,0.25110912322998047,0,0
9847.349057740572,64467.64,0.281146377325058,0,0
9847.349057740572,64441.15,0.29879292845726013,0,0
9847.349057740572,64483.31,0.281146377325058,0,0
9847.349057740572,64593.07,0.28909802436828613,0,0
9847.349057740572,64585.32,0.2469502091407776,0,0
9847.349057740572,64538.72,0.25012853741645813,0,0
9847.349057740572,64547.86,0.309546560049057,0,0
9847.349057740572,64419.99,0.3034217059612274,0,0
9847.349057740572,64462.58,0.23720163106918335,0,0
9847.349057740572,64535.99,0.23206691443920135,0,0
9847.349057740572,64415.75,0.2739689350128174,0,1
9847.349057740572,64674.67,0.2944957911968231,0,0
9847.349057740572,64722.54,0.27659881114959717,0,0
9847.349057740572,64553.84,0.29840612411499023,0,0
9847.349057740572,64628.01,0.29671311378479004,0,0
9847.349057740572,64827.2,0.29292014241218567,0,0
9847.349057740572,64869.8,0.2810215651988983,0,0
9847.349057740572,64540.01,0.2810215651988983,0,0
9847.349057740572,64128.0,0.32871901988983154,0,1
9847.349057740572,63917.98,0.32434433698654175,0,1
9847.349057740572,64280.01,0.27321213483810425,0,0
9847.349057740572,64049.99,0.3075317144393921,0,1
9847.349057740572,64199.5,0.2593526840209961,0,1
9847.349057740572,64301.18,0.2553355097770691,0,1
9847.349057740572,65002.01,0.2710968852043152,0,1
9847.349057740572,64640.0,0.268282413482666,0,1
9847.349057740572,64344.01,0.2735039293766022,0,1
9847.349057740572,64416.01,0.2689236104488373,0,1
9847.349057740572,65598.75,0.3140172064304352,0,0
9847.349057740572,65508.5,0.2875470221042633,0,0
9847.349057740572,65587.98,0.275044322013855,0,0
9847.349057740572,65240.01,0.28549277782440186,0,1
9847.349057740572,65142.0,0.25346365571022034,0,0
9847.349057740572,65367.58,0.2657376229763031,0,0
9847.349057740572,65286.02,0.23233573138713837,0,0
9847.349057740572,65141.99,0.23233573138713837,0,1
9847.349057740572,65255.51,0.19398994743824005,0,1
9847.349057740572,65568.01,0.283969521522522,0,1
9847.349057740572,65235.55,0.26515644788742065,0,1
9847.349057740572,65414.01,0.2608397901058197,0,1
9847.349057740572,65566.78,0.25346365571022034,0,1
9847.349057740572,65522.01,0.27519094944000244,0,1
9847.349057740572,65751.56,0.2878614068031311,0,1
9847.349057740572,65913.0,0.2774764895439148,0,1
9847.349057740572,66186.86,0.28214165568351746,0,1
9847.349057740572,66226.44,0.2871219515800476,0,1
9847.349057740572,66291.99,0.2752309739589691,0,1
9847.349057740572,66180.0,0.26793959736824036,0,1
9847.349057740572,66345.59,0.24062579870224,0,0
9847.349057740572,66558.82,0.26641973853111267,0,0
9847.349057740572,66786.0,0.28829023241996765,0,0
9847.349057740572,66842.3,0.2868792414665222,0,0
9847.349057740572,66676.54,0.2650412619113922,0,0
9847.349057740572,66542.01,0.24124270677566528,0,0
9847.349057740572,66207.95,0.2716739773750305,0,1
9847.349057740572,66319.95,0.2501348853111267,0,0
9847.349057740572,66444.76,0.23703259229660034,0,0
9847.349057740572,66406.57,0.18765947222709656,0,0
9847.349057740572,66385.0,0.184541717171669,0,0
9847.349057740572,66304.02,0.22916282713413239,0,0
9847.349057740572,66556.16,0.22912727296352386,0,0
9847.349057740572,66620.97,0.2486359179019928,0,0
9847.349057740572,66433.3,0.27874696254730225,0,0
9847.349057740572,66314.12,0.2491683065891266,0,0
9847.349057740572,66210.0,0.2491683065891266,0,0
9847.349057740572,66381.05,0.26448002457618713,0,0
9847.349057740572,65974.9,0.2635578513145447,0,0
9847.349057740572,65934.33,0.23853445053100586,0,0
9847.349057740572,65843.48,0.26998111605644226,0,0
9847.349057740572,65987.96,0.2910862863063812,0,0
9847.349057740572,65928.0,0.2694219648838043,0,0
9847.349057740572,66046.02,0.25118088722229004,0,0
9847.349057740572,66013.36,0.2694219648838043,0,0
9847.349057740572,65636.01,0.28836238384246826,0,0
9847.349057740572,65951.39,0.286119282245636,0,0
9847.349057740572,65793.98,0.29493448138237,0,0
9847.349057740572,66047.39,0.26378875970840454,0,0
9847.349057740572,66229.01,0.2552458345890045,0,0
9847.349057740572,66024.03,0.23050950467586517,0,0
9847.349057740572,65895.46,0.23038309812545776,0,0
9847.349057740572,65923.19,0.23913663625717163,0,0
9847.349057740572,65919.68,0.21318599581718445,0,0
9847.349057740572,66072.47,0.23006479442119598,0,0
9847.349057740572,66044.17,0.22075827419757843,0,0
9847.349057740572,66114.49,0.2913665771484375,0,0
9847.349057740572,66058.19,0.30156663060188293,0,0
9847.349057740572,65830.0,0.35698509216308594,0,0
9847.349057740572,65805.34,0.26294755935668945,0,0
9847.349057740572,65662.53,0.27501606941223145,0,0
9847.349057740572,65616.48,0.2562048137187958,0,0
9847.349057740572,65691.01,0.2303842306137085,0,0
9847.349057740572,65790.0,0.22356462478637695,0,0
9847.349057740572,65442.13,0.2750927805900574,0,0
9847.349057740572,65633.0,0.29635465145111084,0,0
9847.349057740572,65638.92,0.23872004449367523,0,0
9847.349057740572,65740.0,0.24536286294460297,0,0
9847.349057740572,65555.21,0.24328142404556274,0,0
9847.349057740572,65167.04,0.3159051835536957,0,0
9847.349057740572,64880.0,0.31314167380332947,0,0
9847.349057740572,64909.99,0.3387076258659363,0,0
9847.349057740572,64958.36,0.3040902614593506,0,0
9847.349057740572,64756.84,0.30646467208862305,0,1
9847.349057740572,64681.27,0.2967893183231354,0,1
9847.349057740572,64869.12,0.28256312012672424,0,0
9847.349057740572,64846.94,0.2876441180706024,0,0
9847.349057740572,65147.5,0.3101566731929779,0,0
9847.349057740572,65169.81,0.23860366642475128,0,0
9847.349057740572,65195.43,0.2540677487850189,0,0
9847.349057740572,65098.97,0.2442207634449005,0,0
9847.349057740572,64973.99,0.26310598850250244,0,1
9847.349057740572,65086.0,0.2473040223121643,0,1
9847.349057740572,65116.99,0.2606496512889862,0,0
9847.349057740572,65456.7,0.26017603278160095,0,0
9847.349057740572,65318.0,0.23184670507907867,0,0
9847.349057740572,65325.0,0.19951243698596954,0,0
9847.349057740572,65472.0,0.26200997829437256,0,0
9847.349057740572,65499.95,0.26861444115638733,0,0
9847.349057740572,65302.18,0.22155500948429108,0,0
9847.349057740572,65113.13,0.26604217290878296,0,0
9847.349057740572,64950.0,0.2960747480392456,0,0
9847.349057740572,65083.43,0.2960747480392456,0,0
9847.349057740572,64780.01,0.29299628734588623,0,0
9847.349057740572,64155.46,0.30113959312438965,0,0
9847.349057740572,64055.12,0.2943915128707886,0,0
9847.349057740572,64093.85,0.2943915128707886,0,0
9847.349057740572,63958.0,0.2606496512889862,0,0
9847.349057740572,64180.0,0.2606496512889862,0,0
9847.349057740572,64272.0,0.24148285388946533,0,0
9847.349057740572,64225.32,0.22725792229175568,0,0
9847.349057740572,64170.23,0.21515056490898132,0,0
9847.349057740572,64155.0,0.20669640600681305,0,0
9847.349057740572,64169.01,0.19192509353160858,0,0
9847.349057740572,64139.99,0.18808849155902863,0,0
9847.349057740572,64073.61,0.1987597942352295,0,0
9847.349057740572,64068.01,0.21165156364440918,0,0
9847.349057740572,64052.0,0.18808849155902863,0,0
9847.349057740572,64085.36,0.18461406230926514,0,0
9847.349057740572,64181.46,0.17472627758979797,0,0
9847.349057740572,64024.0,0.203809455037117,0,0
9847.349057740572,64010.0,0.16647113859653473,0,0
9847.349057740572,64003.2,0.17043937742710114,0,0
9847.349057740572,63876.06,0.19166110455989838,0,1
9847.349057740572,63999.99,0.1996174156665802,0,0
9847.349057740572,64070.0,0.15964792668819427,0,0
9847.349057740572,64064.01,0.15964792668819427,0,0
9847.349057740572,64123.8,0.15964792668819427,0,0
9847.349057740572,64172.0,0.19166110455989838,0,0
9847.349057740572,64214.04,0.16160057485103607,0,0
9847.349057740572,64182.0,0.15927185118198395,0,0
9847.349057740572,64206.6,0.16763277351856232,0,0
9847.349057740572,64267.4,0.1922655552625656,0,0
9847.349057740572,64415.99,0.19452479481697083,0,0
9847.349057740572,64388.38,0.16160057485103607,0,0
9847.349057740572,64339.75,0.16160057485103607,0,0
9847.349057740572,64344.02,0.19452479481697083,0,0
9847.349057740572,64412.0,0.16856922209262848,0,0
9847.349057740572,64375.0,0.16856922209262848,0,0
9847.349057740572,64506.99,0.18892095983028412,0,0
9847.349057740572,64462.0,0.17399317026138306,0,0
9847.349057740572,64527.56,0.16687801480293274,0,0
9847.349057740572,64557.0,0.18342578411102295,0,0
9847.349057740572,64530.06,0.18881013989448547,0,0
9847.349057740572,64417.69,0.17424245178699493,0,0
9847.349057740572,64438.0,0.2053920328617096,0,0
9847.349057740572,64370.0,0.17942427098751068,0,0
9847.349057740572,64480.01,0.17424245178699493,0,0
9847.349057740572,64538.0,0.17227666079998016,0,0
9847.349057740572,64515.4,0.17830167710781097,0,0
9847.349057740572,64507.35,0.17830167710781097,0,0
9847.349057740572,64466.67,0.2053920328617096,0,0
9847.349057740572,64518.0,0.18661339581012726,0,0
9847.349057740572,64712.99,0.2113681435585022,0,0
9847.349057740572,64768.0,0.18568845093250275,0,0
9847.349057740572,64734.17,0.20848572254180908,0,1
9847.349057740572,64697.2,0.17906910181045532,0,1
9847.349057740572,64734.38,0.17618966102600098,0,1
9847.349057740572,64695.52,0.18583089113235474,0,1
9847.349057740572,64649.04,0.17618966102600098,0,1
9847.349057740572,64858.02,0.20654192566871643,0,1
9847.349057740572,65412.68,0.2732604146003723,0,0
9847.349057740572,65399.99,0.2584763169288635,0,0
9847.349057740572,65131.95,0.25142380595207214,0,0
9847.349057740572,65206.21,0.24664407968521118,0,0
9847.349057740572,65172.0,0.23301444947719574,0,0
9847.349057740572,65284.0,0.23301444947719574,0,0
9847.349057740572,65282.8,0.2302502542734146,0,0
9847.349057740572,65468.38,0.23754824697971344,0,0
9847.349057740572,65416.76,0.24664407968521118,0,0
9847.349057740572,65221.99,0.23301444947719574,0,0
9847.349057740572,65162.98,0.19788138568401337,0,0
9847.349057740572,65262.17,0.25276410579681396,0,0
9847.349057740572,65333.35,0.22253230214118958,0,0
9847.349057740572,65100.79,0.23645462095737457,0,0
9847.349057740572,65086.0,0.2640639841556549,0,0
9847.349057740572,65217.37,0.270367294549942,0,0
9847.349057740572,64687.45,0.28503909707069397,0,0
9847.349057740572,64554.01,0.2553480267524719,0,0
9847.349057740572,64898.52,0.25799769163131714,0,0
9847.349057740572,65019.81,0.2491191178560257,0,0
9847.349057740572,64878.0,0.24519160389900208,0,0
9847.349057740572,64984.0,0.23383672535419464,0,0
9847.349057740572,64960.65,0.18532919883728027,0,0
9847.349057740572,64821.25,0.21227779984474182,0,0
9847.349057740572,63792.0,0.3161934018135071,0,0
9847.349057740572,63755.86,0.2792009115219116,0,0
9847.349057740572,63487.88,0.3037801682949066,0,0
9847.349057740572,63230.83,0.30768975615501404,0,0
9847.349057740572,63185.59,0.245051309466362,0,0
9847.349057740572,63343.83,0.24839134514331818,0,0
9847.349057740572,63350.95,0.2088116556406021,0,0
9847.349057740572,63451.61,0.2626253664493561,0,0
9847.349057740572,63640.63,0.26666054129600525,0,0
9847.349057740572,63505.99,0.25228267908096313,0,0
9847.349057740572,63428.08,0.18181152641773224,0,0
9847.349057740572,63393.99,0.2496849149465561,0,1
9847.349057740572,63473.47,0.2578563094139099,0,1
9847.349057740572,63450.0,0.2578563094139099,0,0
9847.349057740572,63546.65,0.23602931201457977,0,0
9847.349057740572,63104.0,0.3000224828720093,0,1
9847.349057740572,63412.45,0.2981991767883301,0,1
9847.349057740572,63928.47,0.30457139015197754,0,0
9847.349057740572,64043.26,0.27560973167419434,0,0
9847.349057740572,63685.88,0.31225571036338806,0,0
9847.349057740572,63734.49,0.2329026609659195,0,0
9847.349057740572,63904.0,0.2366950809955597,0,0
9847.349057740572,63917.55,0.2028525322675705,0,0
9847.349057740572,63972.44,0.20922064781188965,0,0
9847.349057740572,63783.71,0.24029511213302612,0,0
9847.349057740572,63915.0,0.26680782437324524,0,0
9847.349057740572,63953.99,0.252897173166275,0,1
9847.349057740572,63705.06,0.24886192381381989,0,1
9847.349057740572,63979.96,0.2620575428009033,0,1
9847.349057740572,63753.03,0.24029511213302612,0,1
9847.349057740572,63968.34,0.26920047402381897,0,1
9847.349057740572,64067.32,0.2388755977153778,0,1
9847.349057740572,64435.62,0.2656995952129364,0,0
9847.349057740572,64561.0,0.25007164478302,0,0
9847.349057740572,64417.31,0.24252864718437195,0,0
9847.349057740572,64698.0,0.2579638361930847,0,0
9847.349057740572,64469.83,0.24569687247276306,0,0
9847.349057740572,64507.54,0.2327548861503601,0,0
9847.349057740572,64276.81,0.25034627318382263,0,0
9847.349057740572,64664.7,0.27247312664985657,0,0
9847.349057740572,64108.01,0.2749437391757965,0,0
9847.349057740572,63964.01,0.2543918192386627,0,0
9847.349057740572,63808.33,0.2755853533744812,0,0
9847.349057740572,64269.83,0.2699742615222931,0,0
9847.349057740572,64501.52,0.29298028349876404,0,0
9847.349057740572,63589.46,0.30256181955337524,0,1
9847.349057740572,63522.01,0.28453367948532104,0,1
9847.349057740572,63860.0,0.2780706584453583,0,0
9847.349057740572,63942.5,0.26350560784339905,0,0
9847.349057740572,63984.28,0.23686842620372772,0,0
9847.349057740572,63696.72,0.27287986874580383,0,0
9847.349057740572,64266.0,0.28171566128730774,0,0
9847.349057740572,64189.99,0.260120153427124,0,0
9847.349057740572,64161.98,0.2452053427696228,0,1
9847.349057740572,64023.99,0.24429765343666077,0,1
9847.349057740572,64033.89,0.2611735165119171,0,1
9847.349057740572,64002.0,0.2174287736415863,0,1
9847.349057740572,64026.0,0.2445749044418335,0,1
9847.349057740572,64308.01,0.267145574092865,0,1
9847.349057740572,64567.56,0.26623931527137756,0,0
9847.349057740572,64570.72,0.19497288763523102,0,0
9847.349057740572,64788.0,0.24433301389217377,0,0
9847.349057740572,64925.0,0.24446462094783783,0,0
9847.349057740572,65022.01,0.27314838767051697,0,0
9847.349057740572,64683.97,0.27314838767051697,0,0
9847.349057740572,64730.3,0.24064810574054718,0,0
9847.349057740572,64818.01,0.2278916984796524,0,0
9847.349057740572,64872.0,0.2235349863767624,0,0
9847.349057740572,64702.8,0.2006891667842865,0,0
9847.349057740572,64800.0,0.20699699223041534,0,0
9847.349057740572,64777.37,0.2006891667842865,0,0
9847.349057740572,64735.53,0.17155121266841888,0,0
9847.349057740572,64851.16,0.22644925117492676,0,0
9847.349057740572,64780.02,0.21822991967201233,0,0
9847.349057740572,64724.91,0.2268998771905899,0,0
9847.349057740572,64564.01,0.2667027413845062,0,0
9847.349057740572,64297.79,0.2544064521789551,0,0
9847.349057740572,64370.0,0.2326194941997528,0,0
9847.349057740572,64300.0,0.22597607970237732,0,0
9847.349057740572,64363.06,0.21160107851028442,0,0
9847.349057740572,64231.97,0.23709921538829803,0,0
9847.349057740572,63950.01,0.2544064521789551,0,0
9847.349057740572,63834.01,0.22891990840435028,0,0
9847.349057740572,63715.9,0.2303662747144699,0,0
9847.349057740572,63918.67,0.24579115211963654,0,0
9847.349057740572,63805.51,0.2109275460243225,0,0
9847.349057740572,63754.01,0.2303662747144699,0,0
9847.349057740572,63270.73,0.2836846113204956,0,0
9847.349057740572,62682.06,0.31001564860343933,0,0
9847.349057740572,62716.57,0.2701753079891205,0,0
9847.349057740572,62870.88,0.2383853793144226,0,0
9847.349057740572,63245.44,0.2955218553543091,0,0
9847.349057740572,63097.57,0.2621433734893799,0,0
9847.349057740572,62972.0,0.20815737545490265,0,0
9847.349057740572,62953.7,0.17932723462581635,0,0
9847.349057740572,62947.78,0.20815737545490265,0,0
9847.349057740572,62950.0,0.21137674152851105,0,0
9847.349057740572,62887.88,0.19075289368629456,0,0
9847.349057740572,62938.01,0.19951243698596954,0,0
9847.349057740572,62975.01,0.16405418515205383,0,0
9847.349057740572,63075.07,0.17669068276882172,0,0
9847.349057740572,63004.48,0.19572708010673523,0,0
9847.349057740572,63115.01,0.17669068276882172,0,0
9847.349057740572,63020.0,0.19951243698596954,0,0
9847.349057740572,63080.64,0.17788159847259521,0,0
9847.349057740572,63050.46,0.16220258176326752,0,0
9847.349057740572,63126.25,0.16066327691078186,0,0
9847.349057740572,63053.17,0.15804284811019897,0,0
9847.349057740572,63056.0,0.1717560589313507,0,0
9847.349057740572,63076.0,0.1555216908454895,0,0
9847.349057740572,63103.68,0.15970385074615479,0,0
9847.349057740572,63069.32,0.15743331611156464,0,0
9847.349057740572,63126.52,0.1642574518918991,0,0
9847.349057740572,63007.06,0.1717560589313507,0,0
9847.349057740572,62932.32,0.18398980796337128,0,0
9847.349057740572,62708.07,0.20331647992134094,0,0
9847.349057740572,62580.56,0.22563199698925018,0,0
9847.349057740572,62529.82,0.2119312733411789,0,1
9847.349057740572,62662.13,0.20992545783519745,0,1
9847.349057740572,62812.75,0.21208705008029938,0,1
9847.349057740572,62831.28,0.1626010537147522,0,1
9847.349057740572,62823.64,0.1788797527551651,0,1
9847.349057740572,62833.99,0.22182835638523102,0,1
9847.349057740572,62981.87,0.2166171818971634,0,1
9847.349057740572,63451.58,0.24899986386299133,0,0
9847.349057740572,63461.95,0.23642170429229736,0,0
9847.349057740572,63590.0,0.21209093928337097,0,0
9847.349057740572,63453.27,0.21388545632362366,0,0
9847.349057740572,63482.49,0.16590756177902222,0,0
9847.349057740572,63506.24,0.18302181363105774,0,0
9847.349057740572,63193.99,0.25107258558273315,0,0
9847.349057740572,63273.94,0.21171048283576965,0,0
9847.349057740572,63205.03,0.19422943890094757,0,0
9847.349057740572,63031.99,0.22148659825325012,0,0
9847.349057740572,63125.49,0.21208705008029938,0,0
9847.349057740572,63126.92,0.18616804480552673,0,1
9847.349057740572,63069.37,0.19470274448394775,0,1
9847.349057740572,63109.14,0.18616804480552673,0,1
9847.349057740572,63180.36,0.21388545632362366,0,0
9847.349057740572,63300.28,0.22148659825325012,0,0
9847.349057740572,63382.01,0.23734638094902039,0,0
9847.349057740572,63456.01,0.21397706866264343,0,0
9847.349057740572,63494.52,0.1626010537147522,0,0
9847.349057740572,63578.0,0.23734638094902039,0,0
9847.349057740572,63424.58,0.24770936369895935,0,0
9847.349057740572,63570.0,0.23734638094902039,0,0
9847.349057740572,63317.6,0.23674225807189941,0,0
9847.349057740572,63212.16,0.22730664908885956,0,0
9847.349057740572,63141.4,0.2119312733411789,0,0
9847.349057740572,62870.49,0.2599187195301056,0,0
9847.349057740572,62790.0,0.2396351844072342,0,0
9847.349057740572,62827.17,0.19789530336856842,0,0
9847.349057740572,62623.6,0.2447422742843628,0,0
9847.349057740572,62621.1,0.20996186137199402,0,1
9847.349057740572,62541.5,0.25714683532714844,0,1
9847.349057740572,62837.4,0.24142219126224518,0,1
9847.349057740572,62742.01,0.24372826516628265,0,1
9847.349057740572,62560.01,0.23917026817798615,0,1
9847.349057740572,62700.0,0.23859666287899017,0,1
9847.349057740572,63351.09,0.2733386754989624,0,1
9847.349057740572,63967.19,0.28560513257980347,0,0
9847.349057740572,63694.91,0.25696253776550293,0,0
9847.349057740572,63776.46,0.24831172823905945,0,0
9847.349057740572,63906.0,0.252890020608902,0,0
9847.349057740572,63870.87,0.22953614592552185,0,0
9847.349057740572,63869.38,0.2443312108516693,0,0
9847.349057740572,63775.43,0.24235571920871735,0,0
9847.349057740572,63590.15,0.24235571920871735,0,0
9847.349057740572,63618.0,0.24235571920871735,0,1
9847.349057740572,63520.0,0.22953614592552185,0,0
9847.349057740572,63361.99,0.2443312108516693,0,0
9847.349057740572,63847.93,0.26922187209129333,0,0
9847.349057740572,63822.44,0.2443312108516693,0,0
9847.349057740572,63800.01,0.23187097907066345,0,0
9847.349057740572,64029.0,0.2658376097679138,0,0
9847.349057740572,63818.48,0.22315901517868042,0,0
9847.349057740572,63670.0,0.2172623723745346,0,0
9847.349057740572,63685.74,0.24831172823905945,0,0
9847.349057740572,63588.94,0.22953614592552185,0,1
9847.349057740572,63603.73,0.17214533686637878,0,1
9847.349057740572,63764.0,0.22571824491024017,0,0
9847.349057740572,63926.0,0.20333223044872284,0,0
9847.349057740572,63906.41,0.229279026389122,0,1
9847.349057740572,63683.94,0.22482216358184814,0,1
9847.349057740572,64128.72,0.2560860812664032,0,0
9847.349057740572,64125.14,0.27059149742126465,0,0
9847.349057740572,63950.93,0.23345045745372772,0,0
9847.349057740572,63972.09,0.24831172823905945,0,0
9847.349057740572,64305.99,0.2634706199169159,0,0
9847.349057740572,64233.36,0.23984448611736298,0,0
9847.349057740572,64341.0,0.2593309283256531,0,0
9847.349057740572,64194.0,0.20623989403247833,0,0
9847.349057740572,64270.61,0.19075289368629456,0,0
9847.349057740572,64106.56,0.2610705494880676,0,0
9847.349057740572,63988.0,0.23305045068264008,0,0
9847.349057740572,64333.84,0.2566152513027191,0,0
9847.349057740572,64368.26,0.2350715696811676,0,0
9847.349057740572,64183.27,0.2615370750427246,0,0
9847.349057740572,64176.7,0.17953941226005554,0,0
9847.349057740572,64330.87,0.2586672604084015,0,0
9847.349057740572,64253.58,0.19747957587242126,0,0
9847.349057740572,64163.99,0.2353716790676117,0,0
9847.349057740572,64120.81,0.21552422642707825,0,1
9847.349057740572,64155.05,0.16392621397972107,0,0
9847.349057740572,64062.23,0.18887077271938324,0,1
9847.349057740572,64075.28,0.17032720148563385,0,1
9847.349057740572,64332.43,0.22118794918060303,0,1
9847.349057740572,64407.99,0.22184957563877106,0,1
9847.349057740572,64476.39,0.2025279551744461,0,1
9847.349057740572,64388.01,0.21365225315093994,0,1
9847.349057740572,64661.99,0.2182917445898056,0,0
9847.349057740572,64770.0,0.22612568736076355,0,0
9847.349057740572,64799.1,0.23467260599136353,0,0
9847.349057740572,64840.28,0.20537883043289185,0,0
9847.349057740572,64822.89,0.22239334881305695,0,0
9847.349057740572,64733.13,0.21919631958007812,0,0
9847.349057740572,64636.0,0.19519595801830292,0,0
9847.349057740572,64665.23,0.22657178342342377,0,0
9847.349057740572,64644.99,0.20298521220684052,0,0
9847.349057740572,64580.07,0.21448452770709991,0,0
9847.349057740572,64579.36,0.2162976861000061,0,1
9847.349057740572,64531.03,0.16717851161956787,0,0
9847.349057740572,64734.65,0.22425369918346405,0,0
9847.349057740572,64908.09,0.2293940931558609,0,0
9847.349057740572,64860.0,0.2055421620607376,0,0
9847.349057740572,64809.7,0.2144414484500885,0,0
9847.349057740572,64941.99,0.19795480370521545,0,0
9847.349057740572,64683.62,0.19492027163505554,0,0
9847.349057740572,64615.95,0.16192485392093658,0,0
9847.349057740572,64622.09,0.17900633811950684,0,0
9847.349057740572,64424.0,0.20059898495674133,0,0
9847.349057740572,64434.01,0.2107333093881607,0,0
9847.349057740572,64778.0,0.21961213648319244,0,0
9847.349057740572,64631.87,0.21648003160953522,0,0
9847.349057740572,64757.99,0.19060395658016205,0,0
9847.349057740572,64621.69,0.19492027163505554,0,0
9847.349057740572,64418.47,0.19492027163505554,0,0
9847.349057740572,64446.0,0.17029960453510284,0,0
9847.349057740572,64439.7,0.1629476547241211,0,0
9847.349057740572,64440.74,0.17954109609127045,0,0
9847.349057740572,64351.49,0.17994874715805054,0,0
9847.349057740572,64323.61,0.21993224322795868,0,0
9847.349057740572,64317.99,0.21592409908771515,0,0
9847.349057740572,64422.55,0.2145644873380661,0,0
9847.349057740572,64399.87,0.21869531273841858,0,0
9847.349057740572,64289.99,0.17710267007350922,0,1
9847.349057740572,64255.13,0.19183358550071716,0,1
9847.349057740572,64336.43,0.18887077271938324,0,1
9847.349057740572,64304.12,0.19673943519592285,0,1
9847.349057740572,64319.84,0.19438523054122925,0,1
9847.349057740572,64600.0,0.2182917445898056,0,1
9847.349057740572,64839.32,0.23797544836997986,0,0
9847.349057740572,64893.98,0.19687268137931824,0,0
9847.349057740572,65029.98,0.23994243144989014,0,0
9847.349057740572,65292.32,0.26116153597831726,0,0
9847.349057740572,65009.24,0.2446344494819641,0,0
9847.349057740572,64957.98,0.253190815448761,0,0
9847.349057740572,64912.72,0.2293940931558609,0,0
9847.349057740572,64814.0,0.2293940931558609,0,0
9847.349057740572,64764.33,0.23994243144989014,0,0
9847.349057740572,64735.51,0.2000035047531128,0,0
9847.349057740572,64960.47,0.22425369918346405,0,0
9847.349057740572,64972.0,0.17115280032157898,0,0
9847.349057740572,64928.01,0.2000035047531128,0,0
9847.349057740572,64888.0,0.17764721810817719,0,0
9847.349057740572,64923.19,0.1745845228433609,0,0
9847.349057740572,64929.01,0.21388545632362366,0,0
9847.349057740572,64911.79,0.17369802296161652,0,0
9847.349057740572,64923.97,0.17877668142318726,0,0
9847.349057740572,65033.0,0.1765190064907074,0,0
9847.349057740572,65013.58,0.16107475757598877,0,0
9847.349057740572,64995.39,0.16107475757598877,0,0
9847.349057740572,65006.61,0.16304147243499756,0,0
9847.349057740572,64960.0,0.16107475757598877,0,0
9847.349057740572,64993.87,0.16107475757598877,0,0
9847.349057740572,64994.31,0.16795793175697327,0,0
9847.349057740572,65005.87,0.16304147243499756,0,0
9847.349057740572,64967.35,0.2007318139076233,0,0
9847.349057740572,65008.34,0.18970289826393127,0,0
9847.349057740572,65015.27,0.2007318139076233,0,0
9847.349057740572,65129.02,0.19950038194656372,0,0
9847.349057740572,65080.82,0.1737930029630661,0,0
9847.349057740572,65086.45,0.1737930029630661,0,0
9847.349057740572,65119.75,0.1737930029630661,0,0
9847.349057740572,65044.07,0.1737930029630661,0,0
9847.349057740572,65075.41,0.17896436154842377,0,0
9847.349057740572,65082.41,0.19542080163955688,0,0
9847.349057740572,65012.96,0.19307857751846313,0,0
9847.349057740572,64950.61,0.1829599291086197,0,0
9847.349057740572,64962.6,0.1910637468099594,0,0
9847.349057740572,64973.65,0.19608914852142334,0,0
9847.349057740572,64861.46,0.21481046080589294,0,0
9847.349057740572,64820.01,0.19430899620056152,0,0
9847.349057740572,64788.8,0.1865149736404419,0,0
9847.349057740572,64785.0,0.1864141970872879,0,0
9847.349057740572,64801.58,0.18358299136161804,0,0
9847.349057740572,64849.99,0.1729131042957306,0,0
9847.349057740572,64826.14,0.17784948647022247,0,1
9847.349057740572,64824.16,0.20846810936927795,0,1
9847.349057740572,64877.85,0.17057590186595917,0,1
9847.349057740572,64959.86,0.18820032477378845,0,0
9847.349057740572,64950.0,0.17057590186595917,0,0
9847.349057740572,64960.11,0.17057590186595917,0,0
9847.349057740572,65219.78,0.20328383147716522,0,0
9847.349057740572,65260.01,0.18836306035518646,0,0
9847.349057740572,65228.68,0.1615036278963089,0,0
9847.349057740572,65232.14,0.1615036278963089,0,0
9847.349057740572,65198.68,0.17099948227405548,0,0
9847.349057740572,65199.68,0.16726750135421753,0,0
9847.349057740572,65180.66,0.1959606260061264,0,0
9847.349057740572,65137.96,0.1988944411277771,0,0
9847.349057740572,65192.99,0.19136077165603638,0,0
9847.349057740572,65077.13,0.24175487458705902,0,0
9847.349057740572,64901.59,0.22588713467121124,0,0
9847.349057740572,64968.01,0.22118794918060303,0,1
9847.349057740572,65189.99,0.21888238191604614,0,0
9847.349057740572,65099.99,0.20383930206298828,0,0
9847.349057740572,64982.01,0.1978529393672943,0,0
9847.349057740572,65006.73,0.19438523054122925,0,0
9847.349057740572,65134.0,0.18887077271938324,0,0
9847.349057740572,65299.4,0.19852714240550995,0,0
9847.349057740572,65202.73,0.19673943519592285,0,0
9847.349057740572,65245.58,0.1717560589313507,0,0
9847.349057740572,64967.24,0.1978529393672943,0,0
9847.349057740572,65013.06,0.1755865514278412,0,0
9847.349057740572,65125.98,0.1668512225151062,0,0
9847.349057740572,64870.75,0.21648003160953522,0,0
9847.349057740572,64561.98,0.25229117274284363,0,0
9847.349057740572,64625.77,0.24763061106204987,0,0
9847.349057740572,64299.99,0.28080785274505615,0,0
9847.349057740572,63904.65,0.29538676142692566,0,0
9847.349057740572,63953.04,0.23490284383296967,0,0
9847.349057740572,63889.39,0.23490284383296967,0,0
9847.349057740572,64045.7,0.23328255116939545,0,0
9847.349057740572,64158.5,0.20943547785282135,0,0
9847.349057740572,63987.0,0.20307238399982452,0,0
9847.349057740572,64016.0,0.1732446253299713,0,0
9847.349057740572,63970.01,0.18808849155902863,0,0
9847.349057740572,64040.0,0.23080945014953613,0,0
9847.349057740572,64060.8,0.18802443146705627,0,0
9847.349057740572,64044.59,0.16437673568725586,0,0
9847.349057740572,64155.01,0.1924181431531906,0,0
9847.349057740572,64023.51,0.18814325332641602,0,0
9847.349057740572,64000.0,0.1626010537147522,0,1
9847.349057740572,63969.28,0.2240777313709259,0,1
9847.349057740572,64065.99,0.21208705008029938,0,0
9847.349057740572,64136.41,0.16648827493190765,0,0
9847.349057740572,64300.0,0.21170809864997864,0,0
9847.349057740572,64233.23,0.1683865487575531,0,0
9847.349057740572,64389.57,0.19673943519592285,0,0
9847.349057740572,64330.01,0.20331647992134094,0,0
9847.349057740572,64200.28,0.1978263556957245,0,0
9847.349057740572,63770.03,0.24227844178676605,0,0
9847.349057740572,63609.87,0.2532874643802643,0,0
9847.349057740572,63512.59,0.22657178342342377,0,0
9847.349057740572,63607.88,0.21919631958007812,0,0
9847.349057740572,63373.07,0.2594800293445587,0,1
9847.349057740572,63536.0,0.23800013959407806,0,0
9847.349057740572,63740.0,0.21448452770709991,0,0
9847.349057740572,63672.73,0.18370123207569122,0,0
9847.349057740572,63668.49,0.1739334911108017,0,0
9847.349057740572,63600.0,0.17199333012104034,0,0
9847.349057740572,63742.07,0.19784218072891235,0,0
9847.349057740572,63813.8,0.21676072478294373,0,0
9847.349057740572,63749.76,0.2240777313709259,0,0
9847.349057740572,63835.59,0.1967466026544571,0,0
9847.349057740572,63769.58,0.20515060424804688,0,1
9847.349057740572,63849.94,0.1944418102502823,0,1
9847.349057740572,63711.97,0.22388049960136414,0,1
9847.349057740572,63837.99,0.21388545632362366,0,0
9847.349057740572,63794.94,0.16608932614326477,0,0
9847.349057740572,64108.81,0.21648083627223969,0,0
9847.349057740572,64143.36,0.2260439544916153,0,0
9847.349057740572,64240.04,0.19308128952980042,0,0
9847.349057740572,64119.71,0.2505175769329071,0,0
9847.349057740572,63840.0,0.236825093626976,0,0
9847.349057740572,63363.39,0.2792283594608307,0,0
9847.349057740572,63441.47,0.2431439459323883,0,0
9847.349057740572,63492.12,0.2162976861000061,0,0
9847.349057740572,63471.0,0.18378061056137085,0,0
9847.349057740572,63386.59,0.1950305849313736,0,0
9847.349057740572,63421.11,0.204290509223938,0,0
9847.349057740572,63599.99,0.21094965934753418,0,0
9847.349057740572,63469.83,0.21922007203102112,0,0
9847.349057740572,63432.28,0.2000035047531128,0,0
9847.349057740572,63479.99,0.19190764427185059,0,1
9847.349057740572,63556.92,0.22275406122207642,0,1
9847.349057740572,63456.11,0.22275406122207642,0,1
9847.349057740572,63550.01,0.21388545632362366,0,0
9847.349057740572,63646.99,0.21208705008029938,0,0
9847.349057740572,63693.74,0.19991083443164825,0,0
9847.349057740572,63878.0,0.2244846522808075,0,0
9847.349057740572,63942.35,0.20829904079437256,0,0
9847.349057740572,63865.84,0.17755921185016632,0,0
9847.349057740572,63766.8,0.21993224322795868,0,0
9847.349057740572,63782.64,0.2042967528104782,0,0
9847.349057740572,63651.19,0.20604637265205383,0,0
9847.349057740572,63484.3,0.21998968720436096,0,0
9847.349057740572,63697.76,0.21869531273841858,0,0
9847.349057740572,63724.0,0.22730664908885956,0,0
9847.349057740572,63859.45,0.22730664908885956,0,0
9847.349057740572,63420.01,0.24278581142425537,0,0
9847.349057740572,63160.13,0.2550162374973297,0,1
9847.349057740572,63144.38,0.22657178342342377,0,1
9847.349057740572,63310.0,0.23054230213165283,0,0
9847.349057740572,63407.99,0.21448452770709991,0,0
9847.349057740572,63415.55,0.18189817667007446,0,0
9847.349057740572,63474.0,0.1705300658941269,0,0
9847.349057740572,63530.01,0.21094965934753418,0,0
9847.349057740572,63490.86,0.19122254848480225,0,0
9847.349057740572,63541.45,0.188604474067688,0,0
9847.349057740572,63575.86,0.18696808815002441,0,0
9847.349057740572,63465.39,0.20760156214237213,0,0
9847.349057740572,63310.0,0.22425369918346405,0,0
9847.349057740572,63372.56,0.22657178342342377,0,0
9847.349057740572,63379.83,0.1638692021369934,0,0
9847.349057740572,62974.14,0.2847667336463928,0,0
9847.349057740572,62920.78,0.23490284383296967,0,0
9847.349057740572,62940.01,0.2385382503271103,0,0
9847.349057740572,62792.75,0.22396008670330048,0,0
9847.349057740572,62814.14,0.22657178342342377,0,1
9847.349057740572,62868.83,0.19457094371318817,0,0
9847.349057740572,62741.69,0.22182835638523102,0,0
9847.349057740572,62668.0,0.2240777313709259,0,0
9847.349057740572,62620.01,0.2389741986989975,0,0
9847.349057740572,62990.95,0.2504867911338806,0,0
9847.349057740572,63133.48,0.236825093626976,0,0
9847.349057740572,63013.69,0.22313514351844788,0,0
9847.349057740572,62930.01,0.21448452770709991,0,0
9847.349057740572,62968.05,0.21448452770709991,0,0
9847.349057740572,62907.59,0.18696808815002441,0,0
9847.349057740572,62928.49,0.15962763130664825,0,0
9847.349057740572,62886.88,0.19784218072891235,0,0
9847.349057740572,63043.56,0.20992545783519745,0,0
9847.349057740572,63019.88,0.15798750519752502,0,0
9847.349057740572,63045.13,0.15970385074615479,0,0
9847.349057740572,63134.41,0.1555216908454895,0,0
9847.349057740572,63051.25,0.172305166721344,0,0
9847.349057740572,63122.0,0.15927185118198395,0,0
9847.349057740572,63089.0,0.1697055548429489,0,0
9847.349057740572,63114.68,0.17078305780887604,0,0
9847.349057740572,63075.43,0.1642574518918991,0,0
9847.349057740572,62935.72,0.172305166721344,0,0
9847.349057740572,63030.38,0.1697055548429489,0,0
9847.349057740572,63046.1,0.1555216908454895,0,0
9847.349057740572,63022.01,0.15743331611156464,0,0
9847.349057740572,63050.13,0.16809086501598358,0,0
9847.349057740572,63060.35,0.16788920760154724,0,0
9847.349057740572,63040.0,0.17292167246341705,0,0
9847.349057740572,63100.55,0.1702800840139389,0,0
9847.349057740572,63096.63,0.19412793219089508,0,0
9847.349057740572,63070.5,0.17824982106685638,0,0
9847.349057740572,63057.58,0.17243948578834534,0,0
9847.349057740572,63126.08,0.17243948578834534,0,0
9847.349057740572,63103.29,0.15826067328453064,0,0
9847.349057740572,63159.04,0.15284186601638794,0,0
9847.349057740572,63135.52,0.14818048477172852,0,0
9847.349057740572,63086.01,0.17197558283805847,0,0
9847.349057740572,63085.82,0.20334187150001526,0,0
9847.349057740572,63084.78,0.21837228536605835,0,0
9847.349057740572,63121.91,0.214238703250885,0,0
9847.349057740572,63130.0,0.20334187150001526,0,0
9847.349057740572,63090.01,0.21837228536605835,0,0
9847.349057740572,63069.43,0.21837228536605835,0,0
9847.349057740572,63069.31,0.21837228536605835,0,0
9847.349057740572,63061.02,0.21837228536605835,0,0
9847.349057740572,63072.42,0.1896277368068695,0,0
9847.349057740572,62992.69,0.22735585272312164,0,0
9847.349057740572,63008.57,0.21837228536605835,0,0
9847.349057740572,63013.66,0.21837228536605835,0,0
9847.349057740572,63021.98,0.22166195511817932,0,0
9847.349057740572,63060.01,0.22166195511817932,0,0
9847.349057740572,63102.85,0.206464946269989,0,0
9847.349057740572,63146.39,0.22166195511817932,0,0
9847.349057740572,63260.01,0.2187786102294922,0,0
9847.349057740572,63159.3,0.23873259127140045,0,0
9847.349057740572,63140.06,0.2105405181646347,0,0
9847.349057740572,63108.81,0.2217157483100891,0,0
9847.349057740572,63067.79,0.22735585272312164,0,1
9847.349057740572,62929.61,0.23544716835021973,0,1
9847.349057740572,62913.7,0.23544716835021973,0,1
9847.349057740572,62900.0,0.24000009894371033,0,1
9847.349057740572,62917.54,0.24000009894371033,0,1
9847.349057740572,63116.12,0.25863415002822876,0,1
9847.349057740572,63403.34,0.2445981800556183,0,0
9847.349057740572,63429.21,0.23439979553222656,0,0
9847.349057740572,63532.44,0.24496372044086456,0,0
9847.349057740572,63520.18,0.2509619891643524,0,0
9847.349057740572,63667.99,0.27301326394081116,0,0
9847.349057740572,63514.45,0.25120189785957336,0,0
9847.349057740572,63380.84,0.25120189785957336,0,1
9847.349057740572,63323.96,0.238714799284935,0,1
9847.349057740572,63692.21,0.27013102173805237,0,1
9847.349057740572,63631.1,0.24876752495765686,0,1
9847.349057740572,63554.69,0.24005718529224396,0,1
9847.349057740572,63672.36,0.26838332414627075,0,1
9847.349057740572,63902.63,0.25981760025024414,0,1
9847.349057740572,64200.0,0.28829634189605713,0,0
9847.349057740572,64115.76,0.25508588552474976,0,0
9847.349057740572,64325.99,0.2937537729740143,0,0
9847.349057740572,64428.87,0.2732808589935303,0,0
9847.349057740572,64309.96,0.25282415747642517,0,0
9847.349057740572,64392.73,0.2430519312620163,0,0
9847.349057740572,64382.02,0.23409351706504822,0,0
9847.349057740572,64291.25,0.23472382128238678,0,0
9847.349057740572,64532.1,0.2586868107318878,0,0
9847.349057740572,64383.71,0.2134675532579422,0,0
9847.349057740572,64200.06,0.21565565466880798,0,0
9847.349057740572,64103.22,0.21747596561908722,0,0
9847.349057740572,64185.01,0.21208494901657104,0,0
9847.349057740572,64210.32,0.2277897745370865,0,0
9847.349057740572,64242.76,0.2155437469482422,0,0
9847.349057740572,64318.03,0.23734638094902039,0,0
9847.349057740572,64198.97,0.22177205979824066,0,0
9847.349057740572,64296.02,0.2280174344778061,0,1
9847.349057740572,64171.95,0.19030077755451202,0,1
9847.349057740572,64202.8,0.17825497686862946,0,1
9847.349057740572,64351.19,0.1921439915895462,0,0
9847.349057740572,64230.02,0.18425911664962769,0,1
9847.349057740572,64219.99,0.2025279551744461,0,1
9847.349057740572,64714.16,0.23315513134002686,0,0
9847.349057740572,64855.06,0.23602335155010223,0,0
9847.349057740572,64840.0,0.2296644002199173,0,0
9847.349057740572,64670.02,0.2180822789669037,0,0
9847.349057740572,64772.0,0.20342127978801727,0,0
9847.349057740572,64643.26,0.19811269640922546,0,0
9847.349057740572,64582.39,0.1775437295436859,0,0
9847.349057740572,64604.58,0.1775437295436859,0,0
9847.349057740572,64634.0,0.1807790845632553,0,0
9847.349057740572,64725.42,0.1892002671957016,0,0
9847.349057740572,64488.0,0.2526808977127075,0,0
9847.349057740572,64400.48,0.2658350467681885,0,0
9847.349057740572,64351.9,0.2522478699684143,0,0
9847.349057740572,64330.71,0.26441115140914917,0,0
9847.349057740572,64316.22,0.2522478699684143,0,0
9847.349057740572,64236.01,0.2518611252307892,0,0
9847.349057740572,64339.8,0.2556037902832031,0,1
9847.349057740572,64296.0,0.2542157769203186,0,1
9847.349057740572,64413.95,0.23366689682006836,0,1
9847.349057740572,64427.06,0.24603131413459778,0,1
9847.349057740572,64456.71,0.23477667570114136,0,1
9847.349057740572,64515.63,0.22867445647716522,0,1
9847.349057740572,64882.15,0.24017198383808136,0,1
9847.349057740572,65012.12,0.2517792284488678,0,1
9847.349057740572,65923.21,0.3088783025741577,0,1
9847.349057740572,68554.0,0.34132543206214905,0,1
9847.349057740572,68465.27,0.3153153955936432,0,1
9847.349057740572,68197.29,0.32017290592193604,0,1
9847.349057740572,68395.99,0.30202215909957886,0,1
9847.349057740572,68429.44,0.30208784341812134,0,1
9847.349057740572,69048.06,0.3342181146144867,0,0
9847.349057740572,69709.46,0.3134940564632416,0,0
9847.349057740572,69258.9,0.3182666301727295,0,0
9847.349057740572,69334.79,0.2891053259372711,0,0
9847.349057740572,69420.0,0.31062087416648865,0,1
9847.349057740572,69721.92,0.31192371249198914,0,0
9847.349057740572,69301.27,0.32140472531318665,0,1
9847.349057740572,69195.64,0.3018648624420166,0,1
9847.349057740572,69492.01,0.29320675134658813,0,1
9847.349057740572,69406.54,0.28776490688323975,0,1
9847.349057740572,69851.99,0.3175921142101288,0,1
9847.349057740572,69816.45,0.3137859106063843,0,1
9847.349057740572,71592.1,0.3334306478500366,0,0
9847.349057740572,71789.97,0.31759780645370483,0,1
9847.349057740572,71995.99,0.31759780645370483,0,1
9847.349057740572,71927.07,0.30408549308776855,0,1
9847.349057740572,71952.04,0.30408549308776855,0,1
9847.349057740572,71691.99,0.3158718943595886,0,1
9847.349057740572,71826.85,0.3030392527580261,0,1
9847.349057740572,72470.83,0.30526280403137207,0,0
9847.349057740572,72837.15,0.29496458172798157,0,0
9847.349057740572,72737.5,0.2977350354194641,0,0
9847.349057740572,72431.36,0.29543477296829224,0,1
9847.349057740572,72690.76,0.29322299361228943,0,1
9847.349057740572,72671.75,0.29618844389915466,0,1
9847.349057740572,72741.81,0.27381378412246704,0,1
9847.349057740572,72676.22,0.27381378412246704,0,1
9847.349057740572,73025.15,0.29745689034461975,0,1
9847.349057740572,73708.02,0.3166210651397705,0,1
9847.349057740572,75129.23,0.33971288800239563,0,1
9847.349057740572,74439.74,0.30884525179862976,0,1
9847.349057740572,74510.77,0.3035750389099121,0,1
9847.349057740572,75026.0,0.3063233196735382,0,1
9847.349057740572,75472.73,0.3040599822998047,0,1
9847.349057740572,75646.21,0.3022005259990692,0,1
9847.349057740572,76308.65,0.33204013109207153,0,1
9847.349057740572,79258.03,0.3382895588874817,0,0
9847.349057740572,77910.71,0.31718385219573975,0,0
9847.349057740572,77810.02,0.30395570397377014,0,0
9847.349057740572,76722.32,0.32573583722114563,0,1
9847.349057740572,77223.66,0.3128965198993683,0,0
9847.349057740572,77266.87,0.32031095027923584,0,0
9847.349057740572,77384.68,0.3056015372276306,0,0
9847.349057740572,77221.98,0.29999229311943054,0,1
9847.349057740572,77486.01,0.29999229311943054,0,1
9847.349057740572,77392.68,0.3033261001110077,0,1
9847.349057740572,77146.0,0.301075279712677,0,1
9847.349057740572,77028.94,0.3084240257740021,0,1
9847.349057740572,77520.19,0.2989398241043091,0,1
9847.349057740572,78505.15,0.3223244249820709,0,0
9847.349057740572,78460.14,0.30078125,0,0
9847.349057740572,78338.03,0.2989398241043091,0,0
9847.349057740572,77953.3,0.2998126149177551,0,0
9847.349057740572,77830.01,0.2871333956718445,0,0
9847.349057740572,78470.0,0.3034699261188507,0,0
9847.349057740572,78410.98,0.29303818941116333,0,0
9847.349057740572,78470.0,0.29472312331199646,0,0
9847.349057740572,77380.75,0.3367290198802948,0,0
9847.349057740572,77486.09,0.31138676404953003,0,0
9847.349057740572,77289.18,0.289758563041687,0,0
9847.349057740572,77210.55,0.291194349527359,0,0
9847.349057740572,77061.99,0.3313947021961212,0,0
9847.349057740572,76976.0,0.33150991797447205,0,0
9847.349057740572,77130.02,0.283524751663208,0,0
9847.349057740572,77300.27,0.2808409631252289,0,0
9847.349057740572,77288.62,0.27538570761680603,0,0
9847.349057740572,77003.62,0.2834288775920868,0,0
9847.349057740572,76978.83,0.28685861825942993,0,0
9847.349057740572,77288.01,0.2830251455307007,0,0
9847.349057740572,77278.01,0.2633293569087982,0,0
9847.349057740572,77257.86,0.2578890025615692,0,0
9847.349057740572,77418.25,0.24949166178703308,0,0
9847.349057740572,77311.69,0.24795997142791748,0,0
9847.349057740572,76856.01,0.3196030259132385,0,0
9847.349057740572,76997.76,0.2848420739173889,0,0
9847.349057740572,77074.93,0.2676607370376587,0,0
9847.349057740572,77302.65,0.28233352303504944,0,0
9847.349057740572,77190.29,0.22672991454601288,0,0
9847.349057740572,77079.46,0.22672991454601288,0,0
9847.349057740572,76927.87,0.23943491280078888,0,0
9847.349057740572,76602.0,0.26375874876976013,0,0
9847.349057740572,76053.37,0.32783013582229614,0,1
9847.349057740572,76096.95,0.307319313287735,0,1
9847.349057740572,76007.13,0.2988060712814331,0,1
9847.349057740572,76486.49,0.29271382093429565,0,1
9847.349057740572,76549.98,0.26021885871887207,0,1
9847.349057740572,76790.35,0.26282355189323425,0,1
9847.349057740572,77311.02,0.28266510367393494,0,0
9847.349057740572,77206.0,0.2575967609882355,0,0
9847.349057740572,77487.62,0.2814006209373474,0,0
9847.349057740572,77186.0,0.28490617871284485,0,0
9847.349057740572,77156.13,0.26819586753845215,0,1
9847.349057740572,77429.88,0.24196192622184753,0,0
9847.349057740572,77176.41,0.2575967609882355,0,1
9847.349057740572,77341.98,0.2704353928565979,0,0
9847.349057740572,77346.01,0.23488405346870422,0,0
9847.349057740572,77401.6,0.23488405346870422,0,0
9847.349057740572,77833.23,0.2873905301094055,0,0
9847.349057740572,77598.88,0.27102869749069214,0,0
9847.349057740572,77734.0,0.28135162591934204,0,0
9847.349057740572,77679.5,0.2792068123817444,0,0
9847.349057740572,76922.1,0.29748985171318054,0,1
9847.349057740572,77478.69,0.29237639904022217,0,0
9847.349057740572,76933.02,0.28700751066207886,0,1
9847.349057740572,76897.44,0.28226348757743835,0,1
9847.349057740572,77149.4,0.2739642262458801,0,1
9847.349057740572,77464.33,0.28157129883766174,0,1
9847.349057740572,77307.15,0.2745608389377594,0,1
9847.349057740572,77041.47,0.2792522609233856,0,1
9847.349057740572,77554.08,0.2688112258911133,0,1
9847.349057740572,77617.22,0.2820037603378296,0,1
9847.349057740572,78443.65,0.29553747177124023,0,0
9847.349057740572,79159.99,0.3488010764122009,0,0
9847.349057740572,78597.99,0.33450180292129517,0,0
9847.349057740572,79510.92,0.3328838646411896,0,0
9847.349057740572,79100.01,0.3218379318714142,0,0
9847.349057740572,79047.6,0.3051038086414337,0,0
9847.349057740572,78761.14,0.29888930916786194,0,0
9847.349057740572,78928.35,0.2824670672416687,0,1
9847.349057740572,78758.0,0.2911073863506317,0,1
9847.349057740572,78932.33,0.2777371108531952,0,1
9847.349057740572,78984.23,0.257575124502182,0,1
9847.349057740572,78740.0,0.27446120977401733,0,1
9847.349057740572,78992.75,0.2704750895500183,0,1
9847.349057740572,79739.99,0.30158841609954834,0,1
9847.349057740572,79828.0,0.2974952161312103,0,0
9847.349057740572,80649.63,0.31846824288368225,0,0
9847.349057740572,80488.01,0.29403483867645264,0,0
9847.349057740572,80363.73,0.29641321301460266,0,0
9847.349057740572,80731.9,0.29195496439933777,0,0
9847.349057740572,80574.09,0.295195996761322,0,0
9847.349057740572,79705.79,0.324373334646225,0,0
9847.349057740572,79930.77,0.28687942028045654,0,0
9847.349057740572,79187.2,0.309146523475647,0,0
9847.349057740572,79309.63,0.28576990962028503,0,0
9847.349057740572,79117.99,0.2806970477104187,0,0
9847.349057740572,78980.0,0.28561535477638245,0,0
9847.349057740572,78647.99,0.29583239555358887,0,0
9847.349057740572,79235.99,0.2867496907711029,0,0
9847.349057740572,79502.01,0.28314584493637085,0,0
9847.349057740572,79156.02,0.2874946594238281,0,0
9847.349057740572,79240.01,0.289758563041687,0,0
9847.349057740572,79128.0,0.2724936008453369,0,0
9847.349057740572,78925.95,0.2874946594238281,0,0
9847.349057740572,78206.13,0.31414276361465454,0,1
9847.349057740572,78570.0,0.2918688654899597,0,1
9847.349057740572,78889.51,0.27750569581985474,0,0
9847.349057740572,78539.14,0.2877907156944275,0,1
9847.349057740572,78631.79,0.2877079248428345,0,0
9847.349057740572,78815.13,0.2753240764141083,0,0
9847.349057740572,79108.0,0.30515363812446594,0,0
9847.349057740572,79088.62,0.26451218128204346,0,0
9847.349057740572,78826.0,0.26761147379875183,0,0
9847.349057740572,79085.98,0.2909865379333496,0,0
9847.349057740572,78947.92,0.2652182877063751,0,0
9847.349057740572,78925.56,0.2581826150417328,0,0
9847.349057740572,78707.59,0.3125705420970917,0,0
9847.349057740572,78444.49,0.287701815366745,0,0
9847.349057740572,78727.45,0.2769186198711395,0,0
9847.349057740572,78487.26,0.2752940058708191,0,0
9847.349057740572,78319.59,0.3035268783569336,0,0
9847.349057740572,78448.66,0.28274157643318176,0,0
9847.349057740572,77790.48,0.321136474609375,0,1
9847.349057740572,78011.65,0.3203701674938202,0,1
9847.349057740572,77991.3,0.2758805453777313,0,1
9847.349057740572,78442.83,0.2962826192378998,0,1
9847.349057740572,78472.41,0.2587496042251587,0,0
9847.349057740572,78475.49,0.26049062609672546,0,1
9847.349057740572,78452.04,0.2472611665725708,0,0
9847.349057740572,78724.01,0.2651323676109314,0,0
9847.349057740572,78700.0,0.2657994031906128,0,0
9847.349057740572,79023.75,0.28010210394859314,0,0
9847.349057740572,78690.01,0.2544355094432831,0,0
9847.349057740572,78898.67,0.2721967101097107,0,0
9847.349057740572,78717.76,0.25411778688430786,0,1
9847.349057740572,78830.68,0.2472611665725708,0,1
9847.349057740572,78783.99,0.23107179999351501,0,1
9847.349057740572,78912.55,0.2442149519920349,0,1
9847.349057740572,78817.49,0.24252864718437195,0,1
9847.349057740572,79082.17,0.24252864718437195,0,1
9847.349057740572,79755.99,0.28798529505729675,0,1
9847.349057740572,79986.0,0.2904856204986572,0,0
9847.349057740572,79626.0,0.2929956316947937,0,1
9847.349057740572,79477.67,0.28256598114967346,0,1
9847.349057740572,79282.31,0.2544355094432831,0,1
9847.349057740572,79533.15,0.28798529505729675,0,0
9847.349057740572,80204.05,0.2871028780937195,0,0
9847.349057740572,80302.32,0.28304439783096313,0,0
9847.349057740572,80374.0,0.26817968487739563,0,0
9847.349057740572,80442.46,0.28304439783096313,0,0
9847.349057740572,80150.69,0.2749366760253906,0,1
9847.349057740572,79910.19,0.2472611665725708,0,1
9847.349057740572,80096.0,0.25140970945358276,0,0
9847.349057740572,80184.0,0.24719879031181335,0,0
9847.349057740572,80303.21,0.26828664541244507,0,0
9847.349057740572,80249.58,0.24995994567871094,0,0
9847.349057740572,80576.0,0.26728975772857666,0,0
9847.349057740572,80500.38,0.29690349102020264,0,0
9847.349057740572,79926.11,0.28835025429725647,0,0
9847.349057740572,79810.49,0.249426931142807,0,0
9847.349057740572,79643.81,0.2524672746658325,0,0
9847.349057740572,79686.0,0.23704437911510468,0,0
9847.349057740572,79904.21,0.24645107984542847,0,0
9847.349057740572,79660.0,0.26326605677604675,0,0
9847.349057740572,79516.78,0.25039204955101013,0,0
9847.349057740572,79285.19,0.25655266642570496,0,0
9847.349057740572,79565.89,0.2698717713356018,0,0
9847.349057740572,79604.13,0.249426931142807,0,0
9847.349057740572,79421.05,0.2503963112831116,0,0
9847.349057740572,79330.75,0.2762714624404907,0,0
9847.349057740572,79542.44,0.3147444427013397,0,0
9847.349057740572,78331.13,0.3321169912815094,0,0
9847.349057740572,77788.46,0.3414653539657593,0,0
9847.349057740572,77904.0,0.31676405668258667,0,0
9847.349057740572,77554.0,0.3212818205356598,0,0
9847.349057740572,77580.03,0.2993084192276001,0,0
9847.349057740572,77407.34,0.2594728171825409,0,0
9847.349057740572,77364.0,0.2466871440410614,0,0
9847.349057740572,77758.69,0.2798366844654083,0,0
9847.349057740572,77845.87,0.2685657739639282,0,0
9847.349057740572,77733.63,0.24041593074798584,0,0
9847.349057740572,77794.11,0.2433052361011505,0,0
9847.349057740572,77671.18,0.23300626873970032,0,0
9847.349057740572,77507.17,0.23037487268447876,0,0
9847.349057740572,77648.91,0.22731861472129822,0,0
9847.349057740572,77632.53,0.21177086234092712,0,0
9847.349057740572,77466.82,0.22310930490493774,0,0
9847.349057740572,77626.01,0.2617250978946686,0,0
9847.349057740572,77633.99,0.22153225541114807,0,0
9847.349057740572,77650.03,0.22360658645629883,0,0
9847.349057740572,77635.17,0.21492686867713928,0,1
9847.349057740572,77584.67,0.21717071533203125,0,1
9847.349057740572,77583.74,0.22567862272262573,0,1
9847.349057740572,77704.32,0.22567862272262573,0,1
9847.349057740572,78014.37,0.2544475197792053,0,0
9847.349057740572,77865.36,0.22527562081813812,0,0
9847.349057740572,78027.17,0.24359333515167236,0,0
9847.349057740572,78100.0,0.24404433369636536,0,0
9847.349057740572,78158.01,0.24760842323303223,0,0
9847.349057740572,78182.0,0.25818315148353577,0,0
9847.349057740572,78129.92,0.2456132471561432,0,0
9847.349057740572,78161.63,0.2382298856973648,0,0
9847.349057740572,78228.34,0.26942670345306396,0,0
9847.349057740572,78230.0,0.25543347001075745,0,0
9847.349057740572,78179.86,0.29784682393074036,0,0
9847.349057740572,78081.5,0.29047074913978577,0,0
9847.349057740572,78106.01,0.2892901301383972,0,0
9847.349057740572,78144.68,0.3191172480583191,0,0
9847.349057740572,78109.75,0.30368688702583313,0,0
9847.349057740572,78127.71,0.2957264184951782,0,0
9847.349057740572,78280.34,0.2944282293319702,0,1
9847.349057740572,78118.0,0.29499539732933044,0,1
9847.349057740572,78074.01,0.29499539732933044,0,1
9847.349057740572,78000.01,0.2988593280315399,0,1
9847.349057740572,78145.29,0.3050338625907898,0,1
9847.349057740572,78166.0,0.2949939966201782,0,1
9847.349057740572,78785.06,0.25951409339904785,0,0
9847.349057740572,78860.0,0.2569991648197174,0,0
9847.349057740572,78783.71,0.32170265913009644,0,0
9847.349057740572,78823.63,0.3096194565296173,0,0
9847.349057740572,79337.93,0.3047834634780884,0,0
9847.349057740572,79021.02,0.29777243733406067,0,0
9847.349057740572,79036.69,0.2704811990261078,0,0
9847.349057740572,78856.39,0.25381147861480713,0,0
9847.349057740572,78597.33,0.2690470516681671,0,0
9847.349057740572,78653.0,0.27704739570617676,0,0
9847.349057740572,78422.01,0.27068209648132324,0,0
9847.349057740572,77682.0,0.30606380105018616,0,0
9847.349057740572,77937.04,0.28144413232803345,0,0
9847.349057740572,77640.94,0.27898287773132324,0,1
9847.349057740572,77473.99,0.3061040937900543,0,1
9847.349057740572,77756.71,0.26501601934432983,0,1
9847.349057740572,77622.28,0.2677329182624817,0,1
9847.349057740572,78016.0,0.2761800289154053,0,0
9847.349057740572,78093.87,0.2621572017669678,0,0
9847.349057740572,78196.01,0.2601715326309204,0,0
9847.349057740572,78480.8,0.2774848937988281,0,0
9847.349057740572,78511.03,0.2601715326309204,0,0
9847.349057740572,78710.01,0.25765466690063477,0,0
9847.349057740572,78315.43,0.2520688772201538,0,1
9847.349057740572,77930.39,0.3117997944355011,0,1
9847.349057740572,77867.39,0.30528131127357483,0,1
9847.349057740572,78600.14,0.2805827856063843,0,0
9847.349057740572,78580.42,0.2771098017692566,0,0
9847.349057740572,78639.57,0.2657053768634796,0,0
9847.349057740572,78897.36,0.2686711847782135,0,0
9847.349057740572,79016.0,0.2507667541503906,0,0
9847.349057740572,78898.06,0.2472611665725708,0,0
9847.349057740572,78864.72,0.2472611665725708,0,0
9847.349057740572,78964.32,0.2472611665725708,0,0
9847.349057740572,78593.15,0.2507667541503906,0,0
9847.349057740572,78581.29,0.24996399879455566,0,1
9847.349057740572,78652.0,0.2520688772201538,0,0
9847.349057740572,78410.62,0.25090491771698,0,0
9847.349057740572,78449.99,0.2600168287754059,0,0
9847.349057740572,78679.01,0.2633766233921051,0,0
9847.349057740572,78727.11,0.2547842264175415,0,0
9847.349057740572,79179.99,0.26544785499572754,0,0
9847.349057740572,78745.39,0.2538808584213257,0,0
9847.349057740572,78632.37,0.24569687247276306,0,0
9847.349057740572,77883.28,0.3061605393886566,0,0
9847.349057740572,77915.0,0.2560451924800873,0,0
9847.349057740572,78029.67,0.2840147018432617,0,0
9847.349057740572,78098.97,0.24569687247276306,0,0
9847.349057740572,78004.0,0.25021255016326904,0,0
9847.349057740572,78071.99,0.2837107479572296,0,0
9847.349057740572,78167.99,0.2657202184200287,0,0
9847.349057740572,77919.06,0.289815217256546,0,0
9847.349057740572,77596.01,0.32011789083480835,0,0
9847.349057740572,77265.79,0.3059893250465393,0,0
9847.349057740572,77153.9,0.32011789083480835,0,0
9847.349057740572,77312.0,0.2587496042251587,0,0
9847.349057740572,77448.45,0.23606517910957336,0,0
9847.349057740572,77211.32,0.296254426240921,0,0
9847.349057740572,77274.02,0.2587496042251587,0,0
9847.349057740572,77439.0,0.2740427255630493,0,0
9847.349057740572,77213.25,0.26613661646842957,0,1
9847.349057740572,77020.68,0.33990615606307983,0,1
9847.349057740572,77329.2,0.26829564571380615,0,0
9847.349057740572,77563.5,0.3385244309902191,0,0
9847.349057740572,77561.82,0.26982226967811584,0,0
9847.349057740572,77651.07,0.27619990706443787,0,0
9847.349057740572,77611.54,0.27556782960891724,0,0
9847.349057740572,77473.85,0.2738691568374634,0,0
9847.349057740572,76854.11,0.3500617742538452,0,0
9847.349057740572,76752.26,0.3405906856060028,0,1
9847.349057740572,76680.88,0.34632396697998047,0,1
9847.349057740572,76828.76,0.3441765010356903,0,1
9847.349057740572,76613.88,0.34632396697998047,0,1
9847.349057740572,77146.0,0.3355991542339325,0,0
9847.349057740572,77066.42,0.339866042137146,0,0
9847.349057740572,77288.98,0.3091789782047272,0,0
9847.349057740572,77171.5,0.27605876326560974,0,0
9847.349057740572,77381.66,0.27424830198287964,0,0
9847.349057740572,77377.76,0.2710183560848236,0,0
9847.349057740572,77341.47,0.24390551447868347,0,0
9847.349057740572,77406.01,0.2544327676296234,0,1
9847.349057740572,77284.0,0.2668682932853699,0,1
9847.349057740572,77034.03,0.24316063523292542,0,1
9847.349057740572,77340.01,0.2300117313861847,0,1
9847.349057740572,77068.01,0.242397740483284,0,1
9847.349057740572,77356.7,0.269885778427124,0,0
9847.349057740572,77816.01,0.2726064920425415,0,0
9847.349057740572,77708.0,0.25917384028434753,0,0
9847.349057740572,77776.0,0.24252864718437195,0,0
9847.349057740572,77809.91,0.282387375831604,0,0
9847.349057740572,77835.19,0.26134446263313293,0,1
9847.349057740572,77663.15,0.27505311369895935,0,1
9847.349057740572,77843.34,0.2473980188369751,0,1
9847.349057740572,77615.24,0.2620207965373993,0,1
9847.349057740572,77735.88,0.26686981320381165,0,1
9847.349057740572,77948.39,0.26686981320381165,0,1
9847.349057740572,78652.38,0.28151658177375793,0,1
9847.349057740572,78840.52,0.2804151177406311,0,1
9847.349057740572,80549.97,0.34889936447143555,0,1
9847.349057740572,81348.0,0.32575514912605286,0,0
9847.349057740572,80969.37,0.32842883467674255,0,0
9847.349057740572,81042.0,0.3007252514362335,0,0
9847.349057740572,81254.32,0.29176273941993713,0,0
9847.349057740572,81755.41,0.3197336792945862,0,0
9847.349057740572,81473.0,0.2955264747142792,0,0
9847.349057740572,81590.0,0.31278195977211,0,0
9847.349057740572,81140.0,0.2884444296360016,0,0
9847.349057740572,81270.37,0.26683077216148376,0,0
9847.349057740572,80972.12,0.29359912872314453,0,0
9847.349057740572,80968.01,0.276178240776062,0,0
9847.349057740572,80831.99,0.2641606628894806,0,0
9847.349057740572,80850.0,0.2647172808647156,0,0
9847.349057740572,81070.54,0.2891239523887634,0,0
9847.349057740572,80996.15,0.2647172808647156,0,0
9847.349057740572,80797.39,0.2722773849964142,0,0
9847.349057740572,80656.87,0.27838778495788574,0,0
9847.349057740572,81147.16,0.285977303981781,0,0
9847.349057740572,81056.63,0.2821674942970276,0,0
9847.349057740572,81179.63,0.2472611665725708,0,0
9847.349057740572,81224.86,0.2472611665725708,0,0
9847.349057740572,79453.96,0.3107012212276459,0,0
9847.349057740572,79378.67,0.29926595091819763,0,1
9847.349057740572,78915.71,0.3259704113006592,0,1
9847.349057740572,79429.33,0.3217601478099823,0,0
9847.349057740572,79745.73,0.31876876950263977,0,0
9847.349057740572,79472.22,0.2712520956993103,0,0
9847.349057740572,79618.15,0.22002901136875153,0,0
9847.349057740572,79793.34,0.23590810596942902,0,0
9847.349057740572,79697.04,0.21728375554084778,0,0
9847.349057740572,79624.0,0.2754592299461365,0,0
9847.349057740572,79636.09,0.23309792578220367,0,0
9847.349057740572,79660.77,0.21342769265174866,0,0
9847.349057740572,79573.36,0.22655926644802094,0,0
9847.349057740572,79533.34,0.22655926644802094,0,0
9847.349057740572,79569.09,0.22655926644802094,0,0
9847.349057740572,79582.0,0.22313229739665985,0,0
9847.349057740572,79500.01,0.21939563751220703,0,0
9847.349057740572,79577.53,0.24557116627693176,0,0
9847.349057740572,79644.01,0.2148669809103012,0,0
9847.349057740572,79709.96,0.2214440256357193,0,0
9847.349057740572,79650.0,0.21717071533203125,0,0
9847.349057740572,79631.28,0.2051294445991516,0,0
9847.349057740572,79618.01,0.2051294445991516,0,1
9847.349057740572,79609.28,0.2051294445991516,0,1
9847.349057740572,79704.14,0.21717071533203125,0,0
9847.349057740572,79613.67,0.2204364389181137,0,0
9847.349057740572,79719.76,0.21313954889774323,0,0
9847.349057740572,79806.01,0.21313954889774323,0,0
9847.349057740572,80042.0,0.22786882519721985,0,0
9847.349057740572,80058.6,0.2193460315465927,0,0
9847.349057740572,79999.98,0.21717071533203125,0,0
9847.349057740572,79754.0,0.2204364389181137,0,0
9847.349057740572,79737.83,0.21717071533203125,0,0
9847.349057740572,79906.02,0.2154484987258911,0,0
9847.349057740572,79783.99,0.2204364389181137,0,0
9847.349057740572,79831.75,0.2204364389181137,0,0
9847.349057740572,79868.0,0.1860213279724121,0,0
9847.349057740572,79951.39,0.2088320553302765,0,0
9847.349057740572,79907.28,0.1957368105649948,0,0
9847.349057740572,80028.01,0.2088320553302765,0,0
9847.349057740572,79866.01,0.20478138327598572,0,0
9847.349057740572,79989.13,0.20134705305099487,0,0
9847.349057740572,79784.65,0.1977795660495758,0,0
9847.349057740572,79805.0,0.2088320553302765,0,0
9847.349057740572,79837.17,0.1957368105649948,0,0
9847.349057740572,79885.77,0.20215271413326263,0,0
9847.349057740572,80003.93,0.1957368105649948,0,0
9847.349057740572,79919.17,0.19325745105743408,0,0
9847.349057740572,79922.04,0.2083873599767685,0,0
9847.349057740572,79829.98,0.2088320553302765,0,0
9847.349057740572,79543.06,0.21921327710151672,0,0
9847.349057740572,79716.5,0.20584526658058167,0,0
9847.349057740572,79682.0,0.21512772142887115,0,0
9847.349057740572,79745.34,0.21770456433296204,0,1
9847.349057740572,79955.34,0.22818176448345184,0,0
9847.349057740572,79829.99,0.21512772142887115,0,0
9847.349057740572,79912.0,0.22818176448345184,0,0
9847.349057740572,79944.38,0.21512772142887115,0,0
9847.349057740572,80055.17,0.2257935106754303,0,0
9847.349057740572,80341.83,0.22221657633781433,0,0
9847.349057740572,80160.01,0.20952026546001434,0,0
9847.349057740572,79926.14,0.20952026546001434,0,0
9847.349057740572,79874.24,0.22402946650981903,0,0
9847.349057740572,79596.39,0.20952026546001434,0,0
9847.349057740572,79724.0,0.1973157525062561,0,0
9847.349057740572,79759.47,0.2070714384317398,0,0
9847.349057740572,79659.27,0.19750481843948364,0,0
9847.349057740572,79397.83,0.24829265475273132,0,0
9847.349057740572,79437.38,0.21553225815296173,0,0
9847.349057740572,79313.85,0.2389439195394516,0,0
9847.349057740572,79360.0,0.21959605813026428,0,0
9847.349057740572,79420.16,0.23444004356861115,0,0
9847.349057740572,79606.84,0.23444004356861115,0,0
9847.349057740572,79352.01,0.2525083124637604,0,0
9847.349057740572,79191.95,0.2540396451950073,0,0
9847.349057740572,78821.99,0.2802969217300415,0,0
9847.349057740572,79028.87,0.2389439195394516,0,0
9847.349057740572,79185.73,0.2306728959083557,0,0
9847.349057740572,79196.16,0.22748900949954987,0,0
9847.349057740572,79365.82,0.2434036284685135,0,0
9847.349057740572,79238.0,0.2386937141418457,0,0
9847.349057740572,79164.0,0.20953893661499023,0,0
9847.349057740572,78952.19,0.2858322858810425,0,0
9847.349057740572,79112.01,0.24776747822761536,0,0
9847.349057740572,79313.08,0.2725786566734314,0,0
9847.349057740572,79441.99,0.24478329718112946,0,0
9847.349057740572,78930.01,0.2700057327747345,0,0
9847.349057740572,78906.28,0.2501486837863922,0,0
9847.349057740572,78678.71,0.26729974150657654,0,0
9847.349057740572,78578.0,0.2847486734390259,0,0
9847.349057740572,78323.59,0.2847486734390259,0,0
9847.349057740572,78482.0,0.2788190245628357,0,0
9847.349057740572,78418.0,0.2847486734390259,0,0
9847.349057740572,78761.99,0.26901692152023315,0,0
9847.349057740572,78568.0,0.26205459237098694,0,0
9847.349057740572,78430.01,0.2822290360927582,0,0
9847.349057740572,78449.99,0.26729974150657654,0,0
9847.349057740572,77961.66,0.3141886293888092,0,1
9847.349057740572,78567.52,0.29372817277908325,0,0
9847.349057740572,78904.0,0.26500314474105835,0,0
9847.349057740572,78735.89,0.22332227230072021,0,0
9847.349057740572,78504.38,0.23176145553588867,0,0
9847.349057740572,78436.0,0.2534729540348053,0,0
9847.349057740572,78446.0,0.23506563901901245,0,1
9847.349057740572,78487.99,0.2127540558576584,0,0
9847.349057740572,78492.18,0.2127540558576584,0,0
9847.349057740572,78562.44,0.2080559879541397,0,1
9847.349057740572,78455.8,0.20586910843849182,0,1
9847.349057740572,78774.65,0.20981809496879578,0,0
9847.349057740572,78891.5,0.23640158772468567,0,0
9847.349057740572,78726.01,0.20901526510715485,0,1
9847.349057740572,78638.01,0.19738374650478363,0,0
9847.349057740572,79171.5,0.26939666271209717,0,0
9847.349057740572,78923.43,0.2669621706008911,0,1
9847.349057740572,79159.03,0.24598906934261322,0,1
9847.349057740572,79277.43,0.2421637326478958,0,0
9847.349057740572,79698.02,0.28066784143447876,0,0
9847.349057740572,78952.01,0.2787206172943115,0,0
9847.349057740572,78920.01,0.25034627318382263,0,0
9847.349057740572,79324.75,0.27622902393341064,0,0
9847.349057740572,79606.14,0.262118399143219,0,0
9847.349057740572,79140.69,0.27278947830200195,0,0
9847.349057740572,78958.01,0.27278947830200195,0,0
9847.349057740572,78596.7,0.3081558346748352,0,0
9847.349057740572,78804.9,0.26760274171829224,0,0
9847.349057740572,78776.01,0.23822474479675293,0,0
9847.349057740572,78414.42,0.23205755650997162,0,0
9847.349057740572,78234.94,0.25501346588134766,0,0
9847.349057740572,78324.07,0.25388026237487793,0,0
9847.349057740572,78145.02,0.2433534562587738,0,0
9847.349057740572,77924.06,0.270487904548645,0,1
9847.349057740572,78306.43,0.2384214997291565,0,0
9847.349057740572,78180.7,0.27519384026527405,0,0
9847.349057740572,78094.0,0.2841021716594696,0,0
9847.349057740572,78357.86,0.23218859732151031,0,0
9847.349057740572,78328.08,0.23656681180000305,0,0
9847.349057740572,78400.0,0.1976560652256012,0,0
9847.349057740572,78536.71,0.25034627318382263,0,0
9847.349057740572,78416.01,0.2673582136631012,0,0
9847.349057740572,78112.0,0.2960951328277588,0,0
9847.349057740572,78110.0,0.22245407104492188,0,0
9847.349057740572,77992.01,0.26038727164268494,0,0
9847.349057740572,77863.21,0.24285173416137695,0,0
9847.349057740572,77840.8,0.25823691487312317,0,0
9847.349057740572,76896.01,0.32124635577201843,0,0
9847.349057740572,77174.44,0.3146154284477234,0,0
9847.349057740572,77412.01,0.3140249252319336,0,0
9847.349057740572,77250.0,0.26933419704437256,0,0
9847.349057740572,77200.01,0.29753026366233826,0,0
9847.349057740572,77328.72,0.27936047315597534,0,0
9847.349057740572,77252.0,0.2377334088087082,0,0
9847.349057740572,77160.83,0.23888227343559265,0,0
9847.349057740572,77268.08,0.2127540558576584,0,0
9847.349057740572,77144.0,0.2127540558576584,0,0
9847.349057740572,76836.45,0.22959701716899872,0,0
9847.349057740572,76568.72,0.27953705191612244,0,1
9847.349057740572,76908.59,0.2562907934188843,0,1
9847.349057740572,76971.43,0.2515680193901062,0,0
9847.349057740572,76838.68,0.2127540558576584,0,1
9847.349057740572,76891.8,0.24862027168273926,0,0
9847.349057740572,77114.01,0.2515680193901062,0,0
9847.349057740572,77252.86,0.21359428763389587,0,0
9847.349057740572,77298.01,0.24370718002319336,0,1
9847.349057740572,77230.7,0.23236706852912903,0,1
9847.349057740572,77364.93,0.2285582274198532,0,1
9847.349057740572,77042.0,0.2632271945476532,0,1
9847.349057740572,76993.25,0.24671697616577148,0,1
9847.349057740572,77036.12,0.2521853446960449,0,1
9847.349057740572,78032.99,0.307038813829422,0,0
9847.349057740572,79242.56,0.33160531520843506,0,0
9847.349057740572,78798.51,0.32060056924819946,0,0
9847.349057740572,77732.25,0.32639846205711365,0,0
9847.349057740572,77916.0,0.30340805649757385,0,0
9847.349057740572,77534.0,0.3147597312927246,0,0
9847.349057740572,77054.0,0.3257124722003937,0,0
9847.349057740572,77286.01,0.2878727614879608,0,0
9847.349057740572,77339.33,0.28037092089653015,0,0
9847.349057740572,77108.01,0.2809617519378662,0,0
9847.349057740572,77150.0,0.26829659938812256,0,0
9847.349057740572,77225.7,0.23388172686100006,0,0
9847.349057740572,77287.43,0.2021779716014862,0,0
9847.349057740572,77272.37,0.2021779716014862,0,0
9847.349057740572,77288.0,0.2021779716014862,0,0
9847.349057740572,77268.09,0.2021779716014862,0,0
9847.349057740572,77222.75,0.20070484280586243,0,0
9847.349057740572,77218.0,0.22479130327701569,0,0
9847.349057740572,77289.73,0.194274440407753,0,0
9847.349057740572,77269.55,0.19334587454795837,0,0
9847.349057740572,77360.01,0.190328910946846,0,0
9847.349057740572,77349.44,0.19644421339035034,0,0
9847.349057740572,77332.94,0.18124091625213623,0,0
9847.349057740572,77356.04,0.1757097989320755,0,0
9847.349057740572,77340.0,0.17781731486320496,0,0
9847.349057740572,77366.52,0.1884460598230362,0,0
9847.349057740572,77461.24,0.17732495069503784,0,0
9847.349057740572,77380.37,0.17781731486320496,0,0
9847.349057740572,77358.01,0.1757097989320755,0,0
9847.349057740572,77210.58,0.19944168627262115,0,0
9847.349057740572,77131.0,0.17781731486320496,0,0
9847.349057740572,77114.99,0.18190845847129822,0,0
9847.349057740572,77170.0,0.19139112532138824,0,0
9847.349057740572,77264.01,0.19086991250514984,0,0
9847.349057740572,77232.17,0.18375973403453827,0,0
9847.349057740572,77278.73,0.20029543340206146,0,0
9847.349057740572,77276.02,0.18252289295196533,0,0
9847.349057740572,77319.97,0.19311976432800293,0,0
9847.349057740572,77289.96,0.18536245822906494,0,0
9847.349057740572,77192.01,0.17914526164531708,0,0
9847.349057740572,77210.01,0.18536245822906494,0,0
9847.349057740572,77322.01,0.18536245822906494,0,0
9847.349057740572,77122.35,0.20651723444461823,0,0
9847.349057740572,77127.99,0.18536245822906494,0,0
9847.349057740572,76813.71,0.22024576365947723,0,1
9847.349057740572,76808.01,0.21312463283538818,0,0
9847.349057740572,76677.29,0.20221538841724396,0,1
9847.349057740572,76792.32,0.23565199971199036,0,1
9847.349057740572,76763.33,0.20958311855793,0,1
9847.349057740572,76853.02,0.23680514097213745,0,1
9847.349057740572,77216.01,0.23680514097213745,0,0
9847.349057740572,77134.83,0.21816053986549377,0,0
9847.349057740572,77276.14,0.24838101863861084,0,0
9847.349057740572,77328.94,0.19406692683696747,0,0
9847.349057740572,77338.87,0.2005966454744339,0,0
9847.349057740572,77284.0,0.21245796978473663,0,0
9847.349057740572,77348.01,0.2005966454744339,0,0
9847.349057740572,77316.0,0.21894580125808716,0,0
9847.349057740572,76714.0,0.2702476680278778,0,1
9847.349057740572,76842.01,0.24683324992656708,0,1
9847.349057740572,76808.0,0.2641433775424957,0,1
9847.349057740572,77118.97,0.27706778049468994,0,1
9847.349057740572,77600.0,0.28356191515922546,0,0
9847.349057740572,77596.33,0.26568877696990967,0,1
9847.349057740572,77681.78,0.23470793664455414,0,0
9847.349057740572,77611.79,0.24090103805065155,0,0
9847.349057740572,77593.15,0.27033567428588867,0,0
9847.349057740572,77892.24,0.2615208923816681,0,0
9847.349057740572,77728.8,0.2615208923816681,0,1
9847.349057740572,78141.57,0.27622902393341064,0,1
9847.349057740572,77906.6,0.24090103805065155,0,1
9847.349057740572,77776.0,0.24090103805065155,0,1
9847.349057740572,77698.01,0.2690470516681671,0,1
9847.349057740572,78168.01,0.29239940643310547,0,1
9847.349057740572,78521.06,0.28006643056869507,0,1
9847.349057740572,78578.02,0.257986843585968,0,0
9847.349057740572,78769.42,0.2758038640022278,0,0
9847.349057740572,78937.98,0.2601988911628723,0,0
9847.349057740572,79226.01,0.2896311283111572,0,0
9847.349057740572,78982.0,0.24109867215156555,0,0
9847.349057740572,79100.0,0.2759462594985962,0,0
9847.349057740572,78757.83,0.25034627318382263,0,0
9847.349057740572,78557.98,0.24569687247276306,0,0
9847.349057740572,78189.21,0.24947087466716766,0,0
9847.349057740572,77952.93,0.24569687247276306,0,0
9847.349057740572,77917.86,0.25034627318382263,0,0
9847.349057740572,77913.72,0.20922064781188965,0,0
9847.349057740572,77676.99,0.2327548861503601,0,0
9847.349057740572,77567.12,0.24232260882854462,0,0
9847.349057740572,77630.0,0.25034627318382263,0,0
9847.349057740572,77286.7,0.2637416422367096,0,0
9847.349057740572,76930.01,0.2760849893093109,0,0
9847.349057740572,77000.01,0.26497796177864075,0,0
9847.349057740572,76984.05,0.23955635726451874,0,0
9847.349057740572,77053.8,0.25593703985214233,0,0
9847.349057740572,76940.01,0.2487567812204361,0,0
9847.349057740572,76957.65,0.23939546942710876,0,0
9847.349057740572,76618.77,0.2932402789592743,0,0
9847.349057740572,75942.01,0.31219959259033203,0,0
9847.349057740572,76512.0,0.3158365488052368,0,0
9847.349057740572,76388.0,0.2609352469444275,0,0
9847.349057740572,76962.0,0.3158365488052368,0,0
9847.349057740572,76000.0,0.34448766708374023,0,0
9847.349057740572,76186.48,0.3253953754901886,0,0
9847.349057740572,75935.24,0.3343978822231293,0,0
9847.349057740572,75453.85,0.3402400612831116,0,0
9847.349057740572,75668.0,0.3368564546108246,0,0
9847.349057740572,75644.48,0.28683364391326904,0,0
9847.349057740572,75772.1,0.2819192111492157,0,0
9847.349057740572,75489.14,0.33250361680984497,0,0
9847.349057740572,75886.35,0.34536081552505493,0,0
9847.349057740572,75824.01,0.2955026626586914,0,0
9847.349057740572,75864.02,0.2524184584617615,0,0
9847.349057740572,75962.01,0.2741047739982605,0,0
9847.349057740572,76030.01,0.24865290522575378,0,0
9847.349057740572,75766.63,0.2959548532962799,0,0
9847.349057740572,75736.01,0.31730085611343384,0,0
9847.349057740572,75993.0,0.27283018827438354,0,0
9847.349057740572,75990.2,0.21623699367046356,0,0
9847.349057740572,76250.0,0.29210469126701355,0,0
9847.349057740572,75967.99,0.31710904836654663,0,0
9847.349057740572,75646.01,0.26525887846946716,0,1
9847.349057740572,75697.82,0.25043824315071106,0,1
9847.349057740572,75788.41,0.24584007263183594,0,0
9847.349057740572,75768.0,0.2279510498046875,0,0
9847.349057740572,75768.01,0.2957206070423126,0,1
9847.349057740572,75632.0,0.24683205783367157,0,1
9847.349057740572,76080.0,0.25069013237953186,0,0
9847.349057740572,76178.34,0.23358964920043945,0,0
9847.349057740572,75976.0,0.23016561567783356,0,1
9847.349057740572,75675.88,0.2288711965084076,0,1
9847.349057740572,76206.01,0.24820952117443085,0,0
9847.349057740572,76342.77,0.24501872062683105,0,0
9847.349057740572,76374.21,0.26694512367248535,0,0
9847.349057740572,76370.01,0.264380544424057,0,0
9847.349057740572,76441.99,0.20557190477848053,0,0
9847.349057740572,76539.81,0.23541498184204102,0,0
9847.349057740572,76333.88,0.23205755650997162,0,0
9847.349057740572,76477.45,0.23205755650997162,0,0
9847.349057740572,76462.76,0.23439429700374603,0,0
9847.349057740572,76574.63,0.2327548861503601,0,0
9847.349057740572,76468.05,0.23336517810821533,0,0
9847.349057740572,76402.01,0.22088253498077393,0,0
9847.349057740572,76482.0,0.23336517810821533,0,0
9847.349057740572,76736.59,0.28121218085289,0,0
9847.349057740572,76694.07,0.2851587235927582,0,0
9847.349057740572,76502.46,0.28821003437042236,0,0
9847.349057740572,76780.01,0.2616752088069916,0,0
9847.349057740572,76753.46,0.2381644994020462,0,0
9847.349057740572,76667.86,0.2534785866737366,0,0
9847.349057740572,76575.96,0.21057142317295074,0,0
9847.349057740572,76594.01,0.20393431186676025,0,0
9847.349057740572,76556.01,0.19788073003292084,0,1
9847.349057740572,76415.85,0.19788073003292084,0,1
9847.349057740572,76420.0,0.2025669813156128,0,1
9847.349057740572,76417.01,0.19532376527786255,0,1
9847.349057740572,76590.0,0.20071056485176086,0,1
9847.349057740572,76744.01,0.20479488372802734,0,1
9847.349057740572,76988.3,0.20546893775463104,0,1
9847.349057740572,77383.47,0.27374476194381714,0,1
9847.349057740572,77575.97,0.25585806369781494,0,1
9847.349057740572,77493.8,0.2523515522480011,0,1
9847.349057740572,77604.0,0.24584537744522095,0,1
9847.349057740572,77798.01,0.24863046407699585,0,1
9847.349057740572,78272.15,0.28555500507354736,0,1
9847.349057740572,78212.01,0.27749741077423096,0,1
9847.349057740572,78285.34,0.251522421836853,0,1
9847.349057740572,78062.0,0.24589784443378448,0,1
9847.349057740572,78043.11,0.234018012881279,0,1
9847.349057740572,80073.09,0.34688588976860046,0,1
9847.349057740572,80937.83,0.3390762507915497,0,0
9847.349057740572,80725.6,0.33979806303977966,0,1
9847.349057740572,80846.74,0.3360103666782379,0,0
9847.349057740572,81019.0,0.3218371570110321,0,0
9847.349057740572,80938.43,0.2989899814128876,0,1
9847.349057740572,81204.76,0.31943538784980774,0,0
9847.349057740572,81110.01,0.2991906404495239,0,0
9847.349057740572,81238.2,0.27349644899368286,0,0
9847.349057740572,81139.02,0.27349644899368286,0,0
9847.349057740572,80883.87,0.2921961843967438,0,0
9847.349057740572,81668.98,0.33720147609710693,0,0
9847.349057740572,81280.99,0.32856619358062744,0,0
9847.349057740572,81304.72,0.23061153292655945,0,0
9847.349057740572,81136.01,0.24468636512756348,0,0
9847.349057740572,81024.0,0.26111671328544617,0,0
9847.349057740572,81040.01,0.19096414744853973,0,0
9847.349057740572,81052.01,0.21143662929534912,0,0
9847.349057740572,81100.16,0.24182167649269104,0,0
9847.349057740572,81312.01,0.27823877334594727,0,0
9847.349057740572,81325.77,0.24059921503067017,0,0
9847.349057740572,81216.7,0.18085384368896484,0,1
9847.349057740572,81302.63,0.18305663764476776,0,0
9847.349057740572,81330.0,0.17951348423957825,0,0
9847.349057740572,81364.01,0.18561533093452454,0,0
9847.349057740572,81586.01,0.22170880436897278,0,0
9847.349057740572,81636.01,0.22573061287403107,0,0
9847.349057740572,81839.49,0.2637537121772766,0,0
9847.349057740572,81464.01,0.2575820982456207,0,0
9847.349057740572,81428.07,0.22929778695106506,0,0
9847.349057740572,81354.01,0.18911103904247284,0,0
9847.349057740572,81155.33,0.23603905737400055,0,0
9847.349057740572,81100.41,0.23603905737400055,0,0
9847.349057740572,81261.35,0.23023055493831635,0,0
9847.349057740572,81249.99,0.19401350617408752,0,0
9847.349057740572,81293.37,0.20504248142242432,0,0
9847.349057740572,81097.99,0.22282952070236206,0,0
9847.349057740572,80331.52,0.31902751326560974,0,0
9847.349057740572,80486.38,0.2668982148170471,0,0
9847.349057740572,80432.4,0.2633292078971863,0,0
9847.349057740572,80494.31,0.26997101306915283,0,0
9847.349057740572,80309.44,0.2627238631248474,0,0
9847.349057740572,80311.61,0.21261627972126007,0,0
9847.349057740572,80264.85,0.2633292078971863,0,1
9847.349057740572,80470.01,0.23557229340076447,0,1
9847.349057740572,80319.58,0.222538560628891,0,1
9847.349057740572,80493.2,0.26997101306915283,0,1
9847.349057740572,80493.76,0.2633292078971863,0,1
9847.349057740572,80564.57,0.24801719188690186,0,1
9847.349057740572,80682.01,0.2442518174648285,0,1
9847.349057740572,80912.0,0.2611515522003174,0,0
9847.349057740572,81334.01,0.28110018372535706,0,0
9847.349057740572,81147.94,0.2583944499492645,0,0
9847.349057740572,81036.0,0.24242082238197327,0,1
9847.349057740572,81177.32,0.23535387217998505,0,0
9847.349057740572,81091.85,0.22623467445373535,0,0
9847.349057740572,80932.01,0.26053470373153687,0,1
9847.349057740572,81222.85,0.24712780117988586,0,0
9847.349057740572,81178.0,0.24046549201011658,0,0
9847.349057740572,81607.72,0.2567591369152069,0,0
9847.349057740572,80996.97,0.2960491478443146,0,1
9847.349057740572,81310.61,0.2720057964324951,0,1
9847.349057740572,81425.23,0.25034627318382263,0,1
9847.349057740572,81400.01,0.24230670928955078,0,1
9847.349057740572,81550.0,0.2672136723995209,0,1
9847.349057740572,81639.9,0.2696496248245239,0,1
9847.349057740572,81720.01,0.24275606870651245,0,1
9847.349057740572,83760.0,0.3446258306503296,0,1
9847.349057740572,84653.71,0.38550034165382385,0,1
9847.349057740572,84441.77,0.34153589606285095,0,1
9847.349057740572,84887.19,0.3348601460456848,0,1
9847.349057740572,85323.0,0.32735010981559753,0,1
9847.349057740572,85466.34,0.3323030471801758,0,1
9847.349057740572,85844.14,0.31297358870506287,0,1
9847.349057740572,85927.71,0.31484702229499817,0,1
9847.349057740572,85961.91,0.31095731258392334,0,1
9847.349057740572,85897.21,0.28638914227485657,0,1
9847.349057740572,86051.75,0.31788691878318787,0,0
9847.349057740572,86490.11,0.31738394498825073,0,0
9847.349057740572,87001.68,0.31738394498825073,0,0
9847.349057740572,86588.29,0.2811315655708313,0,0
9847.349057740572,86453.74,0.2863944470882416,0,0
9847.349057740572,86620.0,0.28637251257896423,0,0
9847.349057740572,85890.71,0.3091994822025299,0,0
9847.349057740572,85616.23,0.2953200936317444,0,0
9847.349057740572,85714.9,0.2953200936317444,0,1
9847.349057740572,85692.83,0.25937747955322266,0,1
9847.349057740572,85452.0,0.2348671406507492,0,1
9847.349057740572,85397.37,0.26467496156692505,0,1
9847.349057740572,85384.01,0.2433534562587738,0,1
9847.349057740572,85344.0,0.2544355094432831,0,1
9847.349057740572,86223.77,0.2746637165546417,0,0
9847.349057740572,86253.99,0.2670189142227173,0,0
9847.349057740572,85904.0,0.26231467723846436,0,1
9847.349057740572,85986.62,0.25193026661872864,0,1
9847.349057740572,86024.01,0.2585242986679077,0,1
9847.349057740572,86346.01,0.2746637165546417,0,0
9847.349057740572,86258.01,0.2746637165546417,0,0
9847.349057740572,86413.12,0.271236389875412,0,0
9847.349057740572,86421.13,0.27547091245651245,0,0
9847.349057740572,86570.24,0.2691623866558075,0,0
9847.349057740572,86461.44,0.2691623866558075,0,0
9847.349057740572,86192.44,0.2691623866558075,0,0
9847.349057740572,86264.01,0.2467164546251297,0,0
9847.349057740572,86184.01,0.21120701730251312,0,1
9847.349057740572,86124.01,0.2443494349718094,0,1
9847.349057740572,86208.56,0.2577374279499054,0,0
9847.349057740572,86457.3,0.26496705412864685,0,0
9847.349057740572,86370.0,0.2724481523036957,0,0
9847.349057740572,86552.26,0.26510587334632874,0,0
9847.349057740572,86704.27,0.2836449146270752,0,0
9847.349057740572,87166.95,0.2659987211227417,0,0
9847.349057740572,86496.01,0.27712199091911316,0,0
9847.349057740572,86469.66,0.2537130117416382,0,0
9847.349057740572,86124.77,0.2783592939376831,0,0
9847.349057740572,85899.99,0.2823852002620697,0,0
9847.349057740572,85854.33,0.2534933090209961,0,0
9847.349057740572,85923.07,0.2582397162914276,0,0
9847.349057740572,85649.95,0.27840736508369446,0,0
9847.349057740572,85510.91,0.2779252827167511,0,0
9847.349057740572,85792.01,0.28478679060935974,0,0
9847.349057740572,84533.99,0.3553319275379181,0,0
9847.349057740572,83996.01,0.34434062242507935,0,1
9847.349057740572,84038.0,0.34659716486930847,0,1
9847.349057740572,84326.56,0.34659716486930847,0,0
9847.349057740572,84330.0,0.25417691469192505,0,0
9847.349057740572,84518.0,0.27090731263160706,0,0
9847.349057740572,84232.86,0.2565920650959015,0,0
9847.349057740572,84419.48,0.23514990508556366,0,0
9847.349057740572,84563.01,0.260567307472229,0,0
9847.349057740572,84397.6,0.2348325550556183,0,0
9847.349057740572,84318.0,0.2465701401233673,0,0
9847.349057740572,84104.35,0.26284828782081604,0,0
9847.349057740572,84365.54,0.29551419615745544,0,0
9847.349057740572,83934.01,0.28040435910224915,0,0
9847.349057740572,84046.0,0.23754660785198212,0,0
9847.349057740572,83978.02,0.24201112985610962,0,0
9847.349057740572,84113.99,0.26101914048194885,0,0
9847.349057740572,84524.02,0.3162400722503662,0,0
9847.349057740572,83660.0,0.32811427116394043,0,0
9847.349057740572,83263.95,0.3227134644985199,0,1
9847.349057740572,83512.2,0.27775076031684875,0,1
9847.349057740572,83494.58,0.24738530814647675,0,1
9847.349057740572,83604.26,0.2650091052055359,0,1
9847.349057740572,84258.43,0.31543388962745667,0,0
9847.349057740572,83673.77,0.3212636411190033,0,1
9847.349057740572,84418.0,0.28283584117889404,0,0
9847.349057740572,84500.33,0.28507769107818604,0,0
9847.349057740572,84110.0,0.2810976803302765,0,0
9847.349057740572,84476.01,0.2821057438850403,0,0
9847.349057740572,84412.65,0.2727486491203308,0,0
9847.349057740572,84371.63,0.26655614376068115,0,0
9847.349057740572,84350.0,0.2513035237789154,0,0
9847.349057740572,84277.32,0.26655614376068115,0,0
9847.349057740572,84410.24,0.23840755224227905,0,0
9847.349057740572,84590.01,0.2529977262020111,0,0
9847.349057740572,84610.73,0.25983330607414246,0,0
9847.349057740572,84226.16,0.2755490243434906,0,0
9847.349057740572,84231.19,0.25789904594421387,0,0
9847.349057740572,84208.01,0.23822474479675293,0,1
9847.349057740572,84194.01,0.21837544441223145,0,0
9847.349057740572,84036.0,0.2442149519920349,0,1
9847.349057740572,84043.96,0.25682303309440613,0,0
9847.349057740572,84417.06,0.25734174251556396,0,0
9847.349057740572,84570.01,0.2460096776485443,0,0
9847.349057740572,84713.66,0.23393672704696655,0,0
9847.349057740572,84582.64,0.22833988070487976,0,0
9847.349057740572,84471.8,0.23015816509723663,0,0
9847.349057740572,83923.71,0.24053184688091278,0,0
9847.349057740572,84016.01,0.24804629385471344,0,0
9847.349057740572,83796.01,0.2720515727996826,0,0
9847.349057740572,83742.22,0.2469860315322876,0,0
9847.349057740572,83785.11,0.22849972546100616,0,0
9847.349057740572,83968.0,0.21475155651569366,0,0
9847.349057740572,84020.01,0.19954773783683777,0,0
9847.349057740572,83886.0,0.22242003679275513,0,0
9847.349057740572,83792.0,0.21475155651569366,0,0
9847.349057740572,84083.05,0.2225472331047058,0,0
9847.349057740572,84099.99,0.19493012130260468,0,0
9847.349057740572,83910.01,0.23218293488025665,0,0
9847.349057740572,84076.66,0.20055566728115082,0,0
9847.349057740572,84010.0,0.18724678456783295,0,0
9847.349057740572,83939.0,0.18724678456783295,0,0
9847.349057740572,83976.0,0.2080669403076172,0,0
9847.349057740572,83919.69,0.17716722190380096,0,0
9847.349057740572,83891.22,0.17042848467826843,0,0
9847.349057740572,84116.8,0.19270789623260498,0,0
9847.349057740572,84220.01,0.19497105479240417,0,0
9847.349057740572,84021.95,0.19497105479240417,0,0
9847.349057740572,84179.92,0.1823035478591919,0,0
9847.349057740572,84176.0,0.1697116494178772,0,0
9847.349057740572,84051.9,0.1823035478591919,0,0
9847.349057740572,83939.1,0.2030302733182907,0,0
9847.349057740572,84020.0,0.1697116494178772,0,0
9847.349057740572,84155.99,0.18996268510818481,0,0
9847.349057740572,84120.0,0.1697116494178772,0,0
9847.349057740572,84132.4,0.17695625126361847,0,0
9847.349057740572,83998.68,0.18996268510818481,0,0
9847.349057740572,84016.63,0.17695625126361847,0,1
9847.349057740572,84030.34,0.1978721022605896,0,0
9847.349057740572,84158.75,0.20058700442314148,0,0
9847.349057740572,84276.01,0.2060205042362213,0,0
9847.349057740572,84433.1,0.19591645896434784,0,0
9847.349057740572,84306.01,0.2295418232679367,0,0
9847.349057740572,84495.01,0.24319946765899658,0,0
9847.349057740572,84450.0,0.2145431935787201,0,0
9847.349057740572,84402.15,0.23109036684036255,0,1
9847.349057740572,84329.6,0.2381051629781723,0,1
9847.349057740572,84478.06,0.24594299495220184,0,0
9847.349057740572,84511.69,0.2295418232679367,0,0
9847.349057740572,84791.0,0.2705107033252716,0,0
9847.349057740572,84800.0,0.25619858503341675,0,0
9847.349057740572,84944.01,0.28806638717651367,0,0
9847.349057740572,84883.0,0.28806638717651367,0,0
9847.349057740572,84898.0,0.2440369427204132,0,0
9847.349057740572,84802.01,0.27369487285614014,0,0
9847.349057740572,85030.41,0.30132779479026794,0,0
9847.349057740572,84538.02,0.29684996604919434,0,0
9847.349057740572,84463.37,0.28049859404563904,0,0
9847.349057740572,84426.0,0.27369487285614014,0,0
9847.349057740572,84574.0,0.26163148880004883,0,0
9847.349057740572,84818.87,0.261159211397171,0,0
9847.349057740572,84736.01,0.23718813061714172,0,0
9847.349057740572,84552.0,0.2467552274465561,0,0
9847.349057740572,84688.07,0.2467552274465561,0,0
9847.349057740572,84195.27,0.27768293023109436,0,0
9847.349057740572,84472.0,0.2751815915107727,0,0
9847.349057740572,84140.0,0.28115326166152954,0,0
