equity,close,probability_up,in_position,target
10000.0,91036.25,0.22681528329849243,0,0
10000.0,91269.58,0.218051940202713,0,0
10000.0,91218.99,0.22540415823459625,0,0
10000.0,91280.31,0.22807252407073975,0,0
10000.0,90958.88,0.3020024597644806,0,0
10000.0,90531.15,0.3362294137477875,0,0
10000.0,90684.95,0.3240285813808441,0,0
10000.0,90165.51,0.35173168778419495,0,0
10000.0,89775.46,0.3624585270881653,0,0
10000.0,89501.0,0.33955124020576477,0,0
10000.0,89725.76,0.3282807171344757,0,0
10000.0,89733.99,0.30642613768577576,0,0
10000.0,89476.01,0.2676674723625183,0,0
10000.0,88509.18,0.37809547781944275,0,1
10000.0,88427.66,0.3644472658634186,0,1
10000.0,88936.01,0.370988130569458,0,1
10000.0,89020.91,0.2532282769680023,0,0
10000.0,89048.57,0.2868773341178894,0,0
10000.0,89432.33,0.2789040505886078,0,0
10000.0,89448.89,0.20926666259765625,0,0
10000.0,89950.04,0.30026695132255554,0,0
10000.0,89649.62,0.2716595232486725,0,0
10000.0,89213.95,0.31865018606185913,0,0
10000.0,89197.35,0.2895054221153259,0,1
10000.0,89112.3,0.26597267389297485,0,1
10000.0,89248.99,0.22487396001815796,0,0
10000.0,88789.99,0.3333117663860321,0,0
10000.0,88736.31,0.33649495244026184,0,0
10000.0,88672.64,0.33044329285621643,0,1
10000.0,89805.43,0.3440878987312317,0,0
10000.0,90288.04,0.34456735849380493,0,0
10000.0,87602.4,0.4508449137210846,0,1
10027.64142217301,87932.38,0.428710013628006,1,1
10090.710192613804,88485.43,0.42608335614204407,1,1
10303.976261982658,90355.56,0.4134073853492737,1,0
10287.834169123253,90214.01,0.4106643497943878,1,0
10291.844889051654,90249.18,0.313292533159256,1,0
10236.460005695753,89763.51,0.36596164107322693,1,0
10226.223545690058,89454.73,0.37171220779418945,0,1
10226.223545690058,89908.49,0.297544926404953,0,0
10226.223545690058,90113.19,0.24978643655776978,0,0
10226.223545690058,89938.3,0.2975774109363556,0,0
10226.223545690058,89899.51,0.3092752993106842,0,0
10226.223545690058,89998.91,0.2707720696926117,0,0
10226.223545690058,90026.3,0.22296929359436035,0,0
10226.223545690058,90172.11,0.2613597512245178,0,0
10226.223545690058,89818.79,0.30757781863212585,0,0
10226.223545690058,89920.16,0.23464073240756989,0,0
10226.223545690058,90033.02,0.24782609939575195,0,0
10226.223545690058,90078.77,0.1995169073343277,0,0
10226.223545690058,89941.26,0.25576749444007874,0,0
10226.223545690058,90021.09,0.23726007342338562,0,0
10226.223545690058,89619.81,0.32720375061035156,0,0
10226.223545690058,89088.59,0.3781801164150238,0,0
10226.223545690058,89000.01,0.35419270396232605,0,0
10226.223545690058,89054.06,0.3029528558254242,0,0
10226.223545690058,89550.01,0.2892993092536926,0,0
10226.223545690058,89333.94,0.2763568162918091,0,0
10226.223545690058,89777.9,0.31838110089302063,0,0
10226.223545690058,89409.72,0.3040786683559418,0,0
10226.223545690058,89268.66,0.2532978653907776,0,1
10226.223545690058,89346.99,0.2516988515853882,0,1
10226.223545690058,89559.67,0.22772426903247833,0,0
10226.223545690058,89520.01,0.1854483038187027,0,0
10226.223545690058,89939.38,0.2410365492105484,0,0
10226.223545690058,89663.48,0.21397580206394196,0,0
10226.223545690058,89924.78,0.19995354115962982,0,0
10226.223545690058,89965.42,0.20959597826004028,0,0
10226.223545690058,89616.03,0.25164827704429626,0,0
10226.223545690058,89509.59,0.2694339454174042,0,0
10226.223545690058,89549.45,0.24742911756038666,0,0
10226.223545690058,89221.46,0.30119970440864563,0,0
10226.223545690058,88977.72,0.2971493899822235,0,1
10226.223545690058,89046.49,0.24675993621349335,0,1
10226.223545690058,89202.48,0.2530099153518677,0,1
10226.223545690058,89267.83,0.24944281578063965,0,1
10226.223545690058,89350.81,0.23128314316272736,0,1
10226.223545690058,89017.85,0.3215271830558777,0,1
10226.223545690058,89761.61,0.3312067687511444,0,0
10226.223545690058,90124.85,0.33670127391815186,0,0
10226.223545690058,90600.0,0.3165626525878906,0,0
10226.223545690058,90530.45,0.31113141775131226,0,0
10226.223545690058,89982.79,0.337388813495636,0,0
10226.223545690058,89503.68,0.3084110915660858,0,0
10226.223545690058,89349.99,0.27419736981391907,0,0
10226.223545690058,89624.61,0.23125483095645905,0,0
10226.223545690058,89600.26,0.20546963810920715,0,0
10226.223545690058,89452.83,0.1975501924753189,0,0
10226.223545690058,89550.24,0.19808536767959595,0,0
10226.223545690058,89702.85,0.17486323416233063,0,0
10226.223545690058,89770.02,0.22335746884346008,0,0
10226.223545690058,89829.35,0.1442716121673584,0,0
10226.223545690058,89775.2,0.1532035619020462,0,0
10226.223545690058,89649.32,0.15949863195419312,0,0
10226.223545690058,89620.1,0.18512670695781708,0,0
10226.223545690058,89660.88,0.19035929441452026,0,0
10226.223545690058,89600.0,0.18845246732234955,0,0
10226.223545690058,89626.8,0.171927347779274,0,0
10226.223545690058,89595.4,0.17717903852462769,0,0
10226.223545690058,89537.82,0.14695501327514648,0,0
10226.223545690058,89368.22,0.15610216557979584,0,0
10226.223545690058,89450.03,0.12752078473567963,0,0
10226.223545690058,89275.77,0.168161079287529,0,0
10226.223545690058,89290.01,0.22277578711509705,0,0
10226.223545690058,89406.5,0.2201402485370636,0,0
10226.223545690058,89395.23,0.217715322971344,0,0
10226.223545690058,89331.36,0.2079257071018219,0,0
10226.223545690058,89380.01,0.18032056093215942,0,0
10226.223545690058,89386.61,0.18976880609989166,0,0
10226.223545690058,89430.0,0.18857121467590332,0,0
10226.223545690058,89225.34,0.19468724727630615,0,0
10226.223545690058,89315.18,0.18852178752422333,0,0
10226.223545690058,89176.31,0.17814089357852936,0,0
10226.223545690058,89139.04,0.1963617354631424,0,0
10226.223545690058,88960.35,0.1826411634683609,0,0
10226.223545690058,89006.96,0.1787041872739792,0,0
10226.223545690058,88990.9,0.17058540880680084,0,0
10226.223545690058,88831.36,0.17667029798030853,0,0
10226.223545690058,88659.99,0.1710798293352127,0,0
10226.223545690058,88300.01,0.24328982830047607,0,0
10226.223545690058,88398.38,0.16814947128295898,0,0
10226.223545690058,88659.51,0.1744714081287384,0,0
10226.223545690058,88570.17,0.17054294049739838,0,0
10226.223545690058,88791.99,0.1916048228740692,0,0
10226.223545690058,88921.0,0.17416824400424957,0,0
10226.223545690058,88710.1,0.18230745196342468,0,0
10226.223545690058,88446.5,0.2034415453672409,0,0
10226.223545690058,88077.26,0.26357024908065796,0,0
10226.223545690058,87892.17,0.2485058754682541,0,0
10226.223545690058,87420.01,0.2898942828178406,0,0
10226.223545690058,86495.16,0.29829102754592896,0,1
10226.223545690058,86654.61,0.31019842624664307,0,1
10226.223545690058,86568.5,0.33433806896209717,0,1
10226.223545690058,86521.39,0.2967236638069153,0,1
10226.223545690058,86670.36,0.31979647278785706,0,1
10226.223545690058,86854.86,0.31637394428253174,0,1
10226.223545690058,87698.73,0.3444650173187256,0,0
10226.223545690058,87563.38,0.3221278190612793,0,0
10226.223545690058,87282.05,0.3356802761554718,0,0
10226.223545690058,87737.06,0.33198729157447815,0,0
10226.223545690058,87826.01,0.2324654757976532,0,0
10226.223545690058,87937.44,0.2549048662185669,0,0
10226.223545690058,88000.64,0.2564012408256531,0,0
10226.223545690058,87975.39,0.3053765594959259,0,0
10226.223545690058,87663.12,0.2855565547943115,0,0
10226.223545690058,87897.55,0.2243247777223587,0,0
10226.223545690058,87855.0,0.23642930388450623,0,0
10226.223545690058,87799.45,0.22738102078437805,0,1
10226.223545690058,87960.01,0.26208919286727905,0,0
10226.223545690058,88178.1,0.33403727412223816,0,0
10226.223545690058,87641.41,0.3668326437473297,0,0
10226.223545690058,87606.99,0.34264424443244934,0,1
10226.223545690058,87700.62,0.32167091965675354,0,1
10226.223545690058,88403.72,0.31364870071411133,0,0
10226.223545690058,88013.19,0.3147449791431427,0,1
10226.223545690058,87629.22,0.28381961584091187,0,1
10226.223545690058,88064.69,0.2772960364818573,0,1
10226.223545690058,88140.01,0.19924679398536682,0,0
10226.223545690058,88347.08,0.24603429436683655,0,0
10226.223545690058,88353.97,0.19698970019817352,0,0
10226.223545690058,88550.61,0.2082228660583496,0,0
10226.223545690058,88831.6,0.19182413816452026,0,0
10226.223545690058,88788.0,0.21561037003993988,0,0
10226.223545690058,88579.58,0.261516273021698,0,0
10226.223545690058,88456.3,0.16569019854068756,0,0
10226.223545690058,88332.67,0.1942509412765503,0,0
10226.223545690058,88320.41,0.18928202986717224,0,0
10226.223545690058,88170.82,0.2143334150314331,0,0
10226.223545690058,87886.82,0.21813562512397766,0,0
10226.223545690058,87786.53,0.21926052868366241,0,1
10226.223545690058,87992.74,0.23565338551998138,0,0
10226.223545690058,87986.96,0.2110876739025116,0,0
10226.223545690058,87982.15,0.2262205183506012,0,0
10226.223545690058,87745.02,0.26473119854927063,0,1
10226.223545690058,88047.46,0.26779812574386597,0,1
10226.223545690058,88641.44,0.29659491777420044,0,1
10226.223545690058,87546.58,0.3376499116420746,0,1
10226.223545690058,88285.05,0.275599867105484,0,1
10226.223545690058,88408.77,0.27715277671813965,0,1
10226.223545690058,89396.16,0.27940312027931213,0,0
10226.223545690058,89081.46,0.2881058156490326,0,0
10226.223545690058,89243.63,0.23518502712249756,0,0
10226.223545690058,89250.0,0.2638149857521057,0,0
10226.223545690058,89467.72,0.22578708827495575,0,0
10226.223545690058,89404.57,0.212643101811409,0,0
10226.223545690058,89285.77,0.22349166870117188,0,0
10226.223545690058,89126.67,0.226863831281662,0,0
10226.223545690058,88975.04,0.22419001162052155,0,0
10226.223545690058,89084.1,0.21368803083896637,0,1
10226.223545690058,89317.47,0.21901972591876984,0,1
10226.223545690058,89134.35,0.20415344834327698,0,1
10226.223545690058,88925.47,0.24386367201805115,0,1
10226.223545690058,89567.25,0.27660125494003296,0,0
10226.223545690058,89403.77,0.29796069860458374,0,0
10226.223545690058,90080.0,0.28619471192359924,0,0
10226.223545690058,89998.69,0.3022518455982208,0,0
10226.223545690058,90257.91,0.27183887362480164,0,0
10226.223545690058,89617.27,0.3028639554977417,0,0
10226.223545690058,89479.66,0.31049951910972595,0,0
10226.223545690058,89629.66,0.27960386872291565,0,0
10226.223545690058,90169.88,0.28574880957603455,0,0
10226.223545690058,89546.24,0.31546857953071594,0,0
10226.223545690058,89402.58,0.30238470435142517,0,0
10226.223545690058,89130.63,0.30229827761650085,0,0
10226.223545690058,89412.17,0.30172544717788696,0,0
10226.223545690058,89396.15,0.22533369064331055,0,0
10226.223545690058,89299.99,0.21822483837604523,0,0
10226.223545690058,89143.91,0.26876044273376465,0,0
10226.223545690058,88603.56,0.3454250693321228,0,0
10226.223545690058,87907.06,0.3638279438018799,0,0
10226.223545690058,88053.71,0.3175543248653412,0,0
10226.223545690058,88315.2,0.2425491213798523,0,0
10226.223545690058,88186.54,0.2148382067680359,0,0
10226.223545690058,88319.35,0.19941391050815582,0,0
10226.223545690058,88352.97,0.20849348604679108,0,0
10226.223545690058,88064.16,0.3009224534034729,0,0
10226.223545690058,87892.01,0.2388400137424469,0,0
10226.223545690058,87946.46,0.2513129413127899,0,0
10226.223545690058,87846.5,0.24726738035678864,0,0
10226.223545690058,88121.21,0.23571768403053284,0,0
10226.223545690058,88052.88,0.23371043801307678,0,0
10226.223545690058,87014.4,0.3426821529865265,0,0
10226.223545690058,84934.02,0.390596479177475,0,0
10226.223545690058,85270.0,0.4243662357330322,0,0
10095.19939938078,84261.66,0.4238913059234619,1,0
10001.193451044013,83477.02,0.4373769760131836,1,1
10065.30137683867,84012.11,0.42371243238449097,1,0
10089.838002831953,84216.91,0.4079102873802185,1,0
10126.937668872384,84526.57,0.3871229887008667,1,0
10132.146909586192,84570.05,0.291221559047699,1,0
10122.014762676607,84650.16,0.296602338552475,0,0
10122.014762676607,84192.0,0.41204944252967834,0,0
10122.014762676607,82468.02,0.45241478085517883,0,0
10074.73425208761,82164.88,0.43739405274391174,1,1
10137.458500046778,82676.43,0.4528193175792694,1,0
10169.643990901635,82938.92,0.4408775866031647,1,0
10166.611695618614,82914.19,0.3804699778556824,1,0
10128.431505354658,82602.81,0.45474645495414734,1,0
10154.692187957366,82816.98,0.4131201505661011,1,0
10144.537495769408,82671.7,0.3983296751976013,0,1
10144.537495769408,82363.72,0.4216988980770111,0,1
10192.259856028058,82833.92,0.4014705717563629,1,0
10231.319108188256,83151.36,0.38123202323913574,1,0
10188.147708197937,82800.5,0.40232136845588684,1,1
10180.81671574675,82740.92,0.41556864976882935,1,1
10224.753452646206,83098.0,0.38783788681030273,1,1
10198.414542876135,82883.94,0.42355233430862427,1,1
10188.216128333259,83149.0,0.41343337297439575,0,1
10188.216128333259,82943.23,0.41722363233566284,0,1
10188.216128333259,83931.13,0.39377933740615845,0,0
10188.216128333259,84242.99,0.41835638880729675,0,0
10188.216128333259,83906.34,0.4061577320098877,0,0
10188.216128333259,84273.7,0.31830695271492004,0,0
10188.216128333259,84219.99,0.2863422930240631,0,0
10188.216128333259,84260.49,0.26515263319015503,0,0
10188.216128333259,84067.83,0.2382940948009491,0,0
10188.216128333259,83999.99,0.25856301188468933,0,0
10188.216128333259,84130.01,0.26710137724876404,0,0
10188.216128333259,84022.69,0.20743697881698608,0,0
10188.216128333259,83992.45,0.20750755071640015,0,0
10188.216128333259,84000.01,0.1972028613090515,0,0
10188.216128333259,83786.09,0.24577483534812927,0,0
10188.216128333259,83546.81,0.26203569769859314,0,0
10188.216128333259,83074.07,0.3380952775478363,0,0
10188.216128333259,83109.1,0.28472647070884705,0,0
10188.216128333259,83160.0,0.20891918241977692,0,0
10188.216128333259,83020.0,0.2418600469827652,0,0
10188.216128333259,82762.0,0.2854272127151489,0,0
10188.216128333259,82767.99,0.2917046546936035,0,0
10188.216128333259,81479.99,0.3652673065662384,0,0
10188.216128333259,81302.15,0.36382195353507996,0,0
10188.216128333259,80365.04,0.3892417550086975,0,0
10188.216128333259,78893.92,0.4632408618927002,0,0
10067.66559629511,78038.38,0.5270000100135803,1,1
10030.463225769176,77750.01,0.4989534020423889,1,1
10062.589085977825,77999.03,0.520835280418396,1,1
10100.384898624712,78292.0,0.5244070887565613,1,1
10082.732575709486,78155.17,0.4656759202480316,1,1
10158.321620820127,78741.09,0.5192073583602905,1,0
10148.163299199306,78902.31,0.5240465402603149,0,0
10090.466607076582,78532.17,0.5176910161972046,1,0
10137.729750788858,78900.01,0.5109410881996155,1,0
10133.652816388058,78868.28,0.37633422017097473,1,0
10146.94750288194,78971.75,0.39954307675361633,1,0
10101.86866061352,78620.91,0.49075862765312195,1,0
10060.635473769493,78300.0,0.5093309879302979,1,0
10050.574838295723,78343.0,0.5216238498687744,0,0
10073.98694512148,78604.02,0.5244001746177673,1,0
10129.151378197404,79034.45,0.3917542099952698,1,0
10032.425543727079,78279.73,0.5596228241920471,1,0
10091.87056148515,78743.56,0.48740994930267334,1,0
10055.486873299093,78459.67,0.44609102606773376,1,0
10037.26747454419,78317.51,0.3222322165966034,1,0
10027.230207069644,78211.12,0.4290978014469147,0,0
9938.095947667074,77593.4,0.4467927813529968,1,0
9925.46350208126,77494.77,0.43060776591300964,1,0
9957.553730627606,77745.32,0.40960225462913513,1,0
9993.92308324393,78029.28,0.37842538952827454,1,0
9884.479458047952,77174.78,0.4310566782951355,1,0
9875.291060538812,77103.04,0.429465115070343,1,0
9865.415769478273,76526.03,0.44909751415252686,0,0
9948.709293157977,77249.31,0.43988746404647827,1,0
9912.507258702179,76968.21,0.47767743468284607,1,0
10003.224843443071,77672.61,0.44387832283973694,1,0
9983.425125274323,77518.87,0.4219379425048828,1,0
9851.070693363172,76491.17,0.4844214618206024,1,1
9825.546391659882,76292.98,0.5403947234153748,1,1
9815.720845268223,75894.15,0.5563371181488037,0,1
9755.260051820385,75502.1,0.5747873187065125,1,1
9890.566267560973,76549.32,0.5693132281303406,1,1
9904.968765477935,76660.79,0.5539830923080444,1,1
9933.457208697739,76881.28,0.4903590679168701,1,1
10042.512814392667,77725.33,0.453905314207077,1,1
10013.985609628277,77504.54,0.39131563901901245,1,1
10003.971624018648,77759.99,0.4245128035545349,0,1
10023.346522812251,77988.51,0.4101680815219879,1,1
10053.714025876614,78224.79,0.3844012916088104,1,0
10004.875143345474,77844.79,0.45410341024398804,1,0
10134.075836614104,78850.06,0.36513668298721313,1,0
10106.404753958961,78634.76,0.37356460094451904,1,0
10151.886605932961,78988.64,0.35141095519065857,1,0
10141.734719327029,78569.84,0.3669431805610657,0,1
10141.734719327029,78341.5,0.34619227051734924,0,1
10141.734719327029,78008.59,0.3846541941165924,0,0
10141.734719327029,78532.06,0.34473827481269836,0,0
10141.734719327029,78795.2,0.277492493391037,0,0
10141.734719327029,78738.61,0.31188398599624634,0,0
10141.734719327029,79065.24,0.3007916212081909,0,0
10141.734719327029,79017.63,0.2861019968986511,0,0
10141.734719327029,77808.01,0.45291832089424133,0,1
10254.693312128335,78753.32,0.4050067663192749,1,0
10260.562004744437,78798.39,0.3993920087814331,1,0
10187.911053818572,78240.45,0.44295984506607056,1,0
10233.96993893435,78594.17,0.42137277126312256,1,0
10260.077612986463,78794.67,0.35514989495277405,1,0
10253.99537131577,78747.96,0.3965294063091278,1,0
10243.741375944455,78400.01,0.41737449169158936,0,0
10243.741375944455,78120.36,0.3643006980419159,0,0
10243.741375944455,78079.5,0.33371075987815857,0,0
10243.741375944455,78330.26,0.3404223918914795,0,0
10243.741375944455,78307.65,0.3150445818901062,0,0
10243.741375944455,77201.22,0.4023842513561249,0,0
10243.741375944455,78132.33,0.38151904940605164,0,0
10243.741375944455,76488.08,0.41757410764694214,0,0
10243.741375944455,74915.79,0.4189343750476837,0,1
10243.741375944455,73139.13,0.5207359790802002,0,1
10484.784505122614,74935.0,0.5375475287437439,1,1
10700.331582267227,76475.52,0.5002319812774658,1,0
10667.298249728165,76239.43,0.5254104137420654,1,1
10593.05755234486,75708.83,0.5161390900611877,1,1
10601.645743082492,75770.21,0.505499005317688,1,1
10621.328062910818,75910.88,0.4913998246192932,1,1
10610.706734847907,76423.73,0.46759867668151855,0,0
10536.251107303611,75963.35,0.4665411710739136,1,1
10638.171942004408,76698.17,0.4656209349632263,1,0
10607.876701380379,76479.75,0.45512670278549194,1,0
10580.169635786315,76279.99,0.4491705596446991,1,0
10631.86239848281,76652.68,0.4663081765174866,1,0
10612.668847537143,76514.3,0.4088309705257416,1,0
10602.056178689605,76587.26,0.4797578454017639,0,0
10526.707739160676,76119.0,0.4756341874599457,1,0
10552.029146260616,76302.1,0.364502489566803,1,0
10512.63644930585,76017.25,0.4804510474205017,1,0
10535.261147293562,76180.85,0.36561712622642517,1,0
10353.565184878182,74867.0,0.4911273717880249,1,0
10283.385750356028,74359.53,0.45440569519996643,1,0
10273.102364605673,74136.36,0.45696380734443665,0,0
10193.558608356232,73636.01,0.4752402901649475,1,0
10046.830688473625,72576.08,0.5364400148391724,1,1
10164.48102816571,73425.96,0.5142009854316711,1,0
10233.327269328067,73923.29,0.5072388052940369,1,0
10176.986948634227,73516.3,0.5133439898490906,1,0
10077.826932132088,72799.99,0.524288535118103,1,0
10067.749105199955,72543.38,0.5388464331626892,0,0
10143.990260359229,73165.83,0.5269936323165894,1,0
10102.700743935544,72868.02,0.5016420483589172,1,0
10040.760230328056,72421.26,0.5415112972259521,1,0
9906.716611011218,71454.44,0.5546393990516663,1,0
9874.66354596306,71223.25,0.5848822593688965,1,0
9828.194296375314,70888.08,0.5656830072402954,1,0
9818.366102078939,70732.72,0.5795592069625854,0,0
9838.895921401707,70951.51,0.5692979097366333,1,0
9811.902281942026,70756.85,0.5687798261642456,1,0
9853.24556596807,71054.99,0.5719845294952393,1,0
9921.888951712122,71550.0,0.5807969570159912,1,0
9825.946850957112,70858.13,0.558749258518219,1,0
9751.0951777446,70318.35,0.5593459010124207,1,0
9741.344082566857,69563.57,0.5949350595474243,0,0
9749.152538079203,69688.94,0.5911921858787537,1,0
9709.397102449511,69404.76,0.5757820010185242,1,0
9441.401147486316,67489.07,0.6390545964241028,1,0
9554.16792049068,68295.15,0.5930454134941101,1,0
9258.504879509876,66181.69,0.6072366237640381,1,0
9281.63096531445,66347.0,0.6238515377044678,1,0
9272.349334349135,65265.65,0.6469982862472534,0,1
9051.613539806838,63775.67,0.64713454246521,1,1
8971.802636340994,63213.34,0.6353741884231567,1,1
9070.375127005014,63907.86,0.6226189732551575,1,1
8928.730040207382,62909.86,0.6387197375297546,1,1
9013.820700415583,63509.39,0.6177966594696045,1,1
9326.854922948907,65714.96,0.6032096147537231,1,0
9317.528068025958,64990.1,0.598967432975769,0,0
9190.520264243618,64168.33,0.6304023861885071,1,1
9296.150262719224,64905.84,0.6310768723487854,1,1
9511.313145676679,66408.11,0.5666586756706238,1,0
9307.954881604881,64988.26,0.6579506993293762,1,1
9289.01192002011,64856.0,0.5609934329986572,1,1
9294.60486308593,64895.05,0.5838955640792847,1,1
9285.310258222844,65799.55,0.5635128617286682,0,1
9299.712238639717,65967.51,0.5562995672225952,1,1
9393.292274950494,66631.32,0.5316519737243652,1,1
9382.946183652006,66557.93,0.5574243664741516,1,1
9489.93004011076,67316.82,0.47657909989356995,1,1
9613.715193216924,68194.89,0.4542817175388336,1,1
9674.490549800792,68626.0,0.3554295599460602,1,1
9664.816059250992,69954.01,0.3617507517337799,0,1
9664.816059250992,70753.53,0.3689069151878357,0,0
9664.816059250992,69776.68,0.36883237957954407,0,0
9664.816059250992,70731.46,0.33034875988960266,0,0
9664.816059250992,70000.13,0.36342090368270874,0,1
9664.816059250992,70358.43,0.3143518269062042,0,1
9664.816059250992,71354.46,0.3199608325958252,0,0
9664.816059250992,70580.26,0.33353376388549805,0,0
9664.816059250992,69958.0,0.36338382959365845,0,0
9664.816059250992,70471.49,0.3000597357749939,0,0
9664.816059250992,70361.37,0.29300978779792786,0,0
9664.816059250992,70918.99,0.340073823928833,0,0
9664.816059250992,70768.13,0.3305842876434326,0,0
9664.816059250992,70161.5,0.41297367215156555,0,0
9664.816059250992,68769.65,0.4488486647605896,0,0
9559.336076529416,68087.14,0.4834102392196655,1,1
9616.600435195885,68495.01,0.4407992959022522,1,0
9566.50482675255,68138.2,0.4572173058986664,1,1
9545.276565222235,67987.0,0.44107964634895325,1,1
9543.261845956626,67972.65,0.4185222089290619,1,1
9691.007457439415,69024.98,0.431549996137619,1,1
9681.316449981976,69093.98,0.4188806116580963,0,0
9681.316449981976,68645.99,0.4282703697681427,0,1
9742.865509209327,69151.5,0.41245415806770325,1,1
9715.484635575931,68957.16,0.45564740896224976,1,1
9748.122174822489,69188.81,0.458133727312088,1,0
9793.954212452125,69514.11,0.38561299443244934,1,0
9774.158942587495,69373.61,0.3980570137500763,1,0
9810.448392117976,69631.18,0.36540350317955017,1,0
9800.637943725858,69497.99,0.3775012493133545,0,0
9800.637943725858,69399.34,0.3951532244682312,0,0
9800.637943725858,69289.38,0.4090019166469574,0,0
9800.637943725858,69133.79,0.3770231306552887,0,0
9800.637943725858,69379.57,0.2992955446243286,0,0
9800.637943725858,69370.7,0.31967225670814514,0,1
9800.637943725858,69099.99,0.363289475440979,0,1
9800.637943725858,69340.16,0.307625412940979,0,1
9800.637943725858,69220.52,0.30920130014419556,0,1
9800.637943725858,69361.18,0.2832808494567871,0,1
9800.637943725858,69710.69,0.2989605963230133,0,1
9800.637943725858,70665.59,0.32343006134033203,0,1
9800.637943725858,70107.19,0.3291842043399811,0,1
9800.637943725858,70266.41,0.3106849193572998,0,0
9800.637943725858,70999.98,0.3064974546432495,0,0
9800.637943725858,71249.95,0.30755725502967834,0,0
9800.637943725858,71514.77,0.30743178725242615,0,0
9800.637943725858,71262.19,0.31274735927581787,0,0
9800.637943725858,71188.99,0.31606385111808777,0,0
9800.637943725858,70416.0,0.3597767651081085,0,1
9800.637943725858,70785.99,0.3234359920024872,0,0
9800.637943725858,71147.25,0.33565962314605713,0,0
9800.637943725858,71422.97,0.3024914264678955,0,0
9800.637943725858,70835.17,0.39059874415397644,0,0
9800.637943725858,70700.0,0.3797854483127594,0,1
9800.637943725858,71066.09,0.31991681456565857,0,0
9800.637943725858,70330.38,0.46296852827072144,0,1
9814.791595444965,70502.38,0.3920433521270752,1,0
9796.297254353856,70369.53,0.40107712149620056,1,0
9832.556464595407,70629.99,0.3617081940174103,1,0
9926.882476587138,71307.56,0.333793044090271,1,0
9884.763824745854,71005.01,0.3571591377258301,1,0
9890.262706741329,71044.51,0.2980279326438904,1,0
9880.372444034587,70667.95,0.37392547726631165,0,0
9880.372444034587,70422.59,0.38111743330955505,0,0
9880.372444034587,69873.99,0.3986469507217407,0,0
9880.372444034587,69630.35,0.37428706884384155,0,0
9880.372444034587,68727.88,0.4058968126773834,0,1
9880.372444034587,68928.72,0.3866521120071411,0,1
9880.372444034587,69147.01,0.3580769896507263,0,1
9880.372444034587,68594.57,0.40271762013435364,0,1
9880.372444034587,69272.0,0.3817403316497803,0,1
9880.372444034587,69563.37,0.37609153985977173,0,1
9880.372444034587,70093.01,0.3526482582092285,0,0
9880.372444034587,70612.29,0.3635711669921875,0,0
9880.372444034587,70418.68,0.3906109631061554,0,0
9880.372444034587,70957.01,0.33734673261642456,0,0
9880.372444034587,70738.71,0.37750890851020813,0,0
9880.372444034587,70400.0,0.38524767756462097,0,0
9880.372444034587,70372.96,0.35282090306282043,0,0
9880.372444034587,70138.0,0.29964110255241394,0,0
9880.372444034587,69827.33,0.41351020336151123,0,0
9880.372444034587,70486.82,0.377015084028244,0,0
9880.372444034587,70102.89,0.3892492651939392,0,0
9880.372444034587,69511.83,0.49773603677749634,0,0
9915.911303579045,69831.62,0.43745750188827515,1,0
9861.387126388996,69447.64,0.47656890749931335,1,0
9786.65529344626,68921.35,0.4751371443271637,1,0
9786.415317771873,68919.66,0.4072277247905731,1,0
9817.987028685035,69142.0,0.4602775573730469,1,0
9819.33600436946,69151.5,0.4148310720920563,1,0
9809.51666836509,68921.68,0.33578845858573914,0,1
9809.51666836509,68535.01,0.4217836856842041,0,1
9810.455384743835,68610.12,0.458619087934494,1,0
9870.200252897506,69027.95,0.4190236032009125,1,0
9789.047152544214,68460.4,0.4806733727455139,1,0
9908.152249894723,69293.37,0.439211368560791,1,0
9940.230280963806,69517.71,0.46667250990867615,1,0
9998.512377173833,69925.31,0.4505864381790161,1,0
9988.51386479666,68894.36,0.49650534987449646,0,0
10002.81745427371,69062.01,0.48120173811912537,1,0
9958.162387771488,68753.7,0.4877139627933502,1,0
9944.042111318238,68656.21,0.48171478509902954,1,0
9951.424514547514,68707.18,0.35043278336524963,1,0
9970.848766010693,68841.29,0.3784940838813782,1,0
10022.968793518154,69201.14,0.3698921501636505,1,0
10012.945824724635,68982.0,0.3215709626674652,0,0
10012.945824724635,68677.33,0.4026110768318176,0,0
10012.945824724635,68187.99,0.45696207880973816,0,0
9914.405659063015,67584.46,0.4409635663032532,1,0
9887.973878567173,67404.28,0.41483625769615173,1,0
9802.308973814417,66820.32,0.4050878584384918,1,0
9833.467316456869,67032.72,0.40023893117904663,1,1
9825.890440762507,66981.07,0.40272438526153564,1,0
9809.894651300487,66872.03,0.40164539217948914,1,0
9800.084756649187,66531.99,0.44211193919181824,0,0
9866.96637635307,67053.03,0.38503414392471313,1,0
9878.80767247802,67133.5,0.39131924510002136,1,0
9926.041891977804,67454.49,0.37403449416160583,1,0
9798.036112356423,66584.6,0.4123918116092682,1,1
9788.49038252387,66519.73,0.38690921664237976,1,1
9717.763396448367,66039.09,0.4075375497341156,1,1
9708.04563305192,66518.26,0.40276625752449036,0,1
9708.04563305192,67275.34,0.44075435400009155,0,0
9743.228314393842,67586.67,0.4172258675098419,1,0
9738.804073978257,67555.98,0.3999263048171997,1,0
9775.59201505525,67811.17,0.39244192838668823,1,0
9721.095579594083,67433.14,0.4263230264186859,1,0
9670.55054295309,67082.52,0.45203331112861633,1,0
9725.075810218856,67460.75,0.438604474067688,1,0
9715.350734408637,67699.01,0.46082624793052673,0,0
9668.388916897278,67439.14,0.42104899883270264,1,0
9688.725192950946,67580.99,0.35636189579963684,1,0
9608.069672718077,67018.4,0.48446497321128845,1,1
9625.779508325475,67141.93,0.454067587852478,1,1
9623.434062599441,67125.57,0.31070542335510254,1,1
9636.645115390033,67217.72,0.352933406829834,1,1
9627.008470274643,67141.15,0.33303025364875793,0,1
9627.008470274643,67550.47,0.32481861114501953,0,0
9627.008470274643,68014.01,0.30525657534599304,0,0
9627.008470274643,68076.01,0.31324300169944763,0,0
9627.008470274643,67865.31,0.31456512212753296,0,0
9627.008470274643,68376.58,0.29599884152412415,0,0
9627.008470274643,67577.02,0.36492806673049927,0,0
9627.008470274643,67134.74,0.35424283146858215,0,0
9627.008470274643,65863.37,0.40926048159599304,0,1
9627.008470274643,65413.99,0.4244421422481537,0,1
9643.406876294901,65590.95,0.4378340542316437,1,0
9672.430772906391,65788.36,0.4116515815258026,1,1
9619.531740431774,65428.56,0.4501102864742279,1,1
9681.474184489252,65849.87,0.41201046109199524,1,1
9745.889562749684,66288.0,0.367567241191864,1,0
9743.562181748925,66272.17,0.3324585556983948,1,0
9733.818619567175,65918.6,0.4478100836277008,0,1
9803.213621418121,66454.95,0.39358988404273987,1,0
9833.916268113751,66663.08,0.3565250635147095,1,0
9817.68943326765,66553.08,0.3211495280265808,1,1
9784.666349189027,66329.22,0.3380984961986542,1,1
9762.03286491232,66175.79,0.33959099650382996,1,1
9789.100700602425,66359.28,0.3718748390674591,1,1
9779.311599901823,66208.96,0.39724183082580566,0,1
9779.311599901823,66699.96,0.38715648651123047,0,1
9779.311599901823,66959.71,0.3990848958492279,0,1
9779.311599901823,66977.66,0.3495500385761261,0,1
9779.311599901823,67171.42,0.3746301233768463,0,1
9779.311599901823,67084.0,0.3411114811897278,0,1
9779.311599901823,67274.15,0.3518679440021515,0,1
9779.311599901823,67733.51,0.3350350260734558,0,1
9779.311599901823,68692.12,0.3384001553058624,0,0
9779.311599901823,68954.69,0.3234359622001648,0,0
9779.311599901823,69047.99,0.30297595262527466,0,0
9779.311599901823,69129.99,0.3028676509857178,0,0
9779.311599901823,68938.91,0.30365750193595886,0,0
9779.311599901823,68777.12,0.3004109561443329,0,0
9779.311599901823,68902.48,0.2967125177383423,0,0
9779.311599901823,68995.28,0.29147276282310486,0,0
9779.311599901823,68853.96,0.25621211528778076,0,0
9779.311599901823,69090.24,0.26844120025634766,0,0
9779.311599901823,68964.51,0.21440373361110687,0,0
9779.311599901823,68884.21,0.19646044075489044,0,1
9779.311599901823,68981.99,0.23295104503631592,0,1
9779.311599901823,68790.0,0.2554427683353424,0,1
9779.311599901823,68773.42,0.22544772922992706,0,1
9779.311599901823,68936.98,0.2507159411907196,0,1
9779.311599901823,69219.26,0.2826656401157379,0,0
9779.311599901823,69746.2,0.32818102836608887,0,0
9779.311599901823,69714.93,0.2991749048233032,0,0
9779.311599901823,69671.86,0.24807856976985931,0,0
9779.311599901823,70505.74,0.3295443058013916,0,0
9779.311599901823,69640.2,0.34425225853919983,0,0
9779.311599901823,69460.0,0.30760979652404785,0,1
9779.311599901823,69701.66,0.28969523310661316,0,0
9779.311599901823,69778.28,0.2861861288547516,0,0
9779.311599901823,69755.1,0.29961055517196655,0,0
9779.311599901823,69739.38,0.3041171133518219,0,0
9779.311599901823,69772.31,0.2277531623840332,0,0
9779.311599901823,69873.99,0.2597450017929077,0,0
9779.311599901823,70023.09,0.2666180431842804,0,0
9779.311599901823,69935.86,0.2772787809371948,0,0
9779.311599901823,69959.75,0.25841042399406433,0,0
9779.311599901823,69822.95,0.2824910283088684,0,1
9779.311599901823,69777.07,0.2423064112663269,0,1
9779.311599901823,69717.65,0.24046386778354645,0,1
9779.311599901823,69480.01,0.24803155660629272,0,1
9779.311599901823,69954.5,0.2975655198097229,0,1
9779.311599901823,70183.99,0.30687645077705383,0,0
9779.311599901823,70267.61,0.27961140871047974,0,0
9779.311599901823,70405.12,0.2678259313106537,0,0
9779.311599901823,70828.42,0.2997496426105499,0,0
9779.311599901823,70446.52,0.30506032705307007,0,0
9779.311599901823,70419.11,0.26480528712272644,0,0
9779.311599901823,70427.02,0.27738022804260254,0,0
9779.311599901823,70295.22,0.28799885511398315,0,0
9779.311599901823,69314.21,0.34732404351234436,0,0
9779.311599901823,68930.0,0.36803293228149414,0,0
9779.311599901823,69170.51,0.3305804431438446,0,0
9779.311599901823,69099.99,0.31391772627830505,0,0
9779.311599901823,69017.75,0.34630900621414185,0,0
9779.311599901823,68641.21,0.36955931782722473,0,0
9779.311599901823,68451.44,0.3611069619655609,0,1
9779.311599901823,68286.63,0.3529571294784546,0,1
9779.311599901823,68450.0,0.2740485370159149,0,0
9779.311599901823,68852.01,0.29220807552337646,0,0
9779.311599901823,68999.96,0.26588594913482666,0,0
9779.311599901823,68832.58,0.343687504529953,0,0
9779.311599901823,68845.81,0.3008654713630676,0,0
9779.311599901823,68630.81,0.3105687201023102,0,0
9779.311599901823,68320.48,0.3516383469104767,0,1
9779.311599901823,68424.82,0.29676342010498047,0,1
9779.311599901823,68870.07,0.29436105489730835,0,0
9779.311599901823,68385.29,0.32301852107048035,0,1
9779.311599901823,68450.8,0.2754741311073303,0,1
9779.311599901823,68587.9,0.275687038898468,0,0
9779.311599901823,68762.85,0.26433271169662476,0,0
9779.311599901823,68992.71,0.29305851459503174,0,0
9779.311599901823,68798.22,0.2968877851963043,0,0
9779.311599901823,68812.83,0.33258122205734253,0,0
9779.311599901823,69763.24,0.31781524419784546,0,0
9779.311599901823,68395.1,0.3921803832054138,0,0
9779.311599901823,68427.64,0.3666113018989563,0,0
9779.311599901823,67539.52,0.39804211258888245,0,1
9779.311599901823,67888.7,0.3804886043071747,0,1
9779.311599901823,67951.86,0.37038174271583557,0,1
9779.311599901823,67860.13,0.3659878075122833,0,1
9779.311599901823,67913.43,0.32837197184562683,0,1
9779.311599901823,68530.0,0.3625144064426422,0,0
9779.311599901823,68862.88,0.35562098026275635,0,0
9779.311599901823,68591.02,0.3571634590625763,0,0
9779.311599901823,68892.43,0.34608888626098633,0,0
9779.311599901823,68878.27,0.33430609107017517,0,0
9779.311599901823,68618.11,0.38314810395240784,0,0
9779.311599901823,68838.48,0.3641117215156555,0,0
9779.311599901823,68474.9,0.35722410678863525,0,0
9779.311599901823,68481.67,0.3543177843093872,0,0
9779.311599901823,68245.71,0.39531925320625305,0,0
9779.311599901823,68400.0,0.3069782257080078,0,0
9779.311599901823,68388.12,0.3464830815792084,0,0
9779.311599901823,68177.53,0.3291981816291809,0,0
9779.311599901823,68126.28,0.3165293037891388,0,0
9779.311599901823,67845.3,0.3645547926425934,0,0
9779.311599901823,67854.6,0.30194538831710815,0,0
9779.311599901823,67919.49,0.3388611078262329,0,0
9779.311599901823,68136.34,0.31225091218948364,0,0
9779.311599901823,66875.06,0.387781023979187,0,1
9779.311599901823,67392.05,0.3518678843975067,0,0
9779.311599901823,67517.36,0.348940908908844,0,0
9779.311599901823,67244.22,0.3462245762348175,0,0
9779.311599901823,68098.62,0.32030847668647766,0,0
9779.311599901823,67793.32,0.3296125829219818,0,0
9779.311599901823,67753.3,0.339469850063324,0,0
9779.311599901823,67680.54,0.3398408889770508,0,0
9779.311599901823,67527.72,0.293761283159256,0,0
9779.311599901823,67503.52,0.29035764932632446,0,0
9779.311599901823,67302.65,0.31941017508506775,0,1
9779.311599901823,67165.2,0.3938145637512207,0,1
9779.311599901823,67335.04,0.2986640930175781,0,1
9779.311599901823,67629.11,0.3145688772201538,0,1
9779.311599901823,67823.54,0.32083240151405334,0,0
9779.311599901823,67654.8,0.32004469633102417,0,0
9779.311599901823,67850.52,0.2851563096046448,0,0
9779.311599901823,68106.44,0.29954957962036133,0,0
9779.311599901823,68132.82,0.33342593908309937,0,0
9779.311599901823,68157.79,0.29285508394241333,0,0
9779.311599901823,67801.26,0.2968437671661377,0,0
9779.311599901823,67369.75,0.34915056824684143,0,0
9779.311599901823,67458.06,0.3388647139072418,0,0
9779.311599901823,67236.88,0.36795759201049805,0,0
9779.311599901823,67223.76,0.3202705681324005,0,0
9779.311599901823,67694.01,0.31243154406547546,0,0
9779.311599901823,67145.34,0.337385356426239,0,0
9779.311599901823,67187.39,0.3058219850063324,0,0
9779.311599901823,66359.99,0.3961581587791443,0,0
9779.311599901823,66177.14,0.3694833517074585,0,1
9779.311599901823,66268.39,0.35144081711769104,0,1
9779.311599901823,66342.76,0.3509193956851959,0,1
9779.311599901823,66408.82,0.2757715582847595,0,1
9779.311599901823,66461.0,0.2287420630455017,0,1
9779.311599901823,66446.49,0.23830340802669525,0,1
9779.311599901823,66866.62,0.2763306796550751,0,1
9779.311599901823,66835.2,0.29672494530677795,0,0
9779.311599901823,66980.91,0.2592724859714508,0,0
9779.311599901823,66802.75,0.29850688576698303,0,0
9779.311599901823,66871.35,0.2441730499267578,0,0
9779.311599901823,67150.12,0.35345110297203064,0,0
9779.311599901823,67206.45,0.3122667968273163,0,0
9779.311599901823,66966.12,0.3716132640838623,0,0
9779.311599901823,66836.0,0.3522249162197113,0,0
9779.311599901823,66843.08,0.26360341906547546,0,0
9779.311599901823,66496.02,0.35076725482940674,0,0
9779.311599901823,66516.67,0.32702356576919556,0,1
9779.311599901823,65913.37,0.3849547803401947,0,1
9779.311599901823,66421.2,0.34765732288360596,0,1
9779.311599901823,66398.0,0.36506059765815735,0,1
9779.311599901823,66293.53,0.3388468325138092,0,1
9779.311599901823,66369.42,0.33415353298187256,0,1
9779.311599901823,67030.49,0.2999504804611206,0,0
9779.311599901823,67050.0,0.2937149107456207,0,0
9779.311599901823,67149.11,0.2828940749168396,0,0
9779.311599901823,66916.51,0.24186813831329346,0,1
9779.311599901823,66915.14,0.2763332426548004,0,1
9779.311599901823,67003.73,0.22738049924373627,0,1
9779.311599901823,67228.91,0.2421199530363083,0,1
9779.311599901823,67279.9,0.18460968136787415,0,1
9779.311599901823,67242.03,0.19054429233074188,0,1
9779.311599901823,67366.25,0.2618900239467621,0,1
9779.311599901823,67264.83,0.2735561430454254,0,1
9779.311599901823,67790.1,0.29520824551582336,0,0
9779.311599901823,67847.47,0.26367276906967163,0,0
9779.311599901823,67825.91,0.2487906515598297,0,0
9779.311599901823,67879.99,0.2333681881427765,0,0
9779.311599901823,68218.85,0.28572994470596313,0,0
9779.311599901823,67948.99,0.29001569747924805,0,0
9779.311599901823,67318.41,0.31551337242126465,0,0
9779.311599901823,67541.77,0.27995583415031433,0,1
9779.311599901823,66801.62,0.3472869098186493,0,1
9779.311599901823,67069.65,0.30318090319633484,0,1
9779.311599901823,67582.95,0.3366842567920685,0,0
9779.311599901823,67795.47,0.30854034423828125,0,0
9779.311599901823,67613.37,0.3406602442264557,0,1
9779.311599901823,67924.21,0.29944348335266113,0,0
9779.311599901823,67646.03,0.30743056535720825,0,0
9779.311599901823,67750.4,0.2729988694190979,0,0
9779.311599901823,67825.87,0.231857031583786,0,0
9779.311599901823,68078.13,0.2513602375984192,0,0
9779.311599901823,68020.01,0.27251389622688293,0,0
9779.311599901823,67841.0,0.23460653424263,0,0
9779.311599901823,67951.24,0.20458298921585083,0,0
9779.311599901823,68001.05,0.22219595313072205,0,0
9779.311599901823,67667.77,0.3057647943496704,0,1
9779.311599901823,67816.97,0.20808114111423492,0,1
9779.311599901823,67851.93,0.14666244387626648,0,0
9779.311599901823,67793.38,0.18715567886829376,0,1
9779.311599901823,67856.01,0.15445315837860107,0,1
9779.311599901823,68055.03,0.1987396478652954,0,1
9779.311599901823,68147.53,0.22610311210155487,0,1
9779.311599901823,68215.54,0.12850823998451233,0,0
9779.311599901823,68092.45,0.1925591677427292,0,1
9779.311599901823,68203.42,0.18439504504203796,0,1
9779.311599901823,68259.99,0.14362679421901703,0,0
9779.311599901823,68450.01,0.23273533582687378,0,0
9779.311599901823,68615.0,0.2790934145450592,0,0
9779.311599901823,68322.6,0.2682749330997467,0,0
9779.311599901823,68437.45,0.2234494835138321,0,0
9779.311599901823,68574.0,0.2319709062576294,0,0
9779.311599901823,68543.51,0.18075717985630035,0,0
9779.311599901823,68211.19,0.2740335762500763,0,0
9779.311599901823,68379.95,0.24172021448612213,0,0
9779.311599901823,67972.0,0.3030681014060974,0,0
9779.311599901823,67975.93,0.26045748591423035,0,0
9779.311599901823,67946.0,0.25668516755104065,0,0
9779.311599901823,68159.31,0.23296552896499634,0,0
9779.311599901823,67909.68,0.2858121395111084,0,0
9779.311599901823,68041.43,0.2420639544725418,0,0
9779.311599901823,67983.5,0.18431314826011658,0,0
9779.311599901823,67977.52,0.19863656163215637,0,0
9779.311599901823,68038.13,0.2609293460845947,0,0
9779.311599901823,68005.3,0.21938471496105194,0,0
9779.311599901823,67950.1,0.2311258167028427,0,0
9779.311599901823,68053.32,0.20876160264015198,0,0
9779.311599901823,68129.56,0.22675570845603943,0,0
9779.311599901823,68219.97,0.2256876528263092,0,0
9779.311599901823,67928.22,0.31116968393325806,0,0
9779.311599901823,67652.38,0.3335703909397125,0,0
9779.311599901823,67443.89,0.34111374616622925,0,0
9779.311599901823,67684.14,0.3245430886745453,0,0
9779.311599901823,67632.76,0.2840780019760132,0,0
9779.311599901823,67384.49,0.3108768165111542,0,0
9779.311599901823,67422.62,0.2079043984413147,0,0
9779.311599901823,67428.32,0.1881474256515503,0,0
9779.311599901823,67401.74,0.21943750977516174,0,0
9779.311599901823,67612.66,0.27143049240112305,0,0
9779.311599901823,67666.16,0.2949599325656891,0,0
9779.311599901823,67643.4,0.30893972516059875,0,0
9779.311599901823,66740.47,0.3831671476364136,0,0
9779.311599901823,64427.65,0.38925617933273315,0,1
9779.311599901823,64783.56,0.3938484489917755,0,1
9779.311599901823,64934.17,0.4029245972633362,0,1
9779.311599901823,64808.31,0.3708917200565338,0,1
9779.311599901823,65070.9,0.4018625020980835,0,1
9779.311599901823,65757.32,0.4040079712867737,0,1
9779.311599901823,65958.94,0.3896144926548004,0,0
9779.311599901823,65676.44,0.39984405040740967,0,0
9779.311599901823,66404.91,0.39613547921180725,0,0
9779.311599901823,66319.69,0.43381232023239136,0,0
9752.975594704221,66207.23,0.4208405017852783,1,0
9763.754254742777,66280.4,0.42363429069519043,1,0
9741.990700907923,66132.66,0.3825308680534363,1,0
9711.183796796084,65923.53,0.40653014183044434,1,0
9672.377969080397,65660.1,0.42674520611763,1,0
9628.855280705495,65364.65,0.43222397565841675,1,0
9619.22642542479,64813.26,0.4253648817539215,0,0
9583.258044797654,64635.49,0.3820989429950714,1,0
9532.789715310733,64295.1,0.41897109150886536,1,0
9559.18702833947,64473.14,0.392674058675766,1,0
9575.128609427145,64580.66,0.3368356227874756,1,0
9596.612380814833,64725.56,0.36188435554504395,1,0
9586.30194974306,64656.02,0.31325972080230713,1,0
9576.715647793317,64941.43,0.3024575114250183,0,0
9576.715647793317,64160.27,0.3580308258533478,0,0
9576.715647793317,64109.81,0.3459044396877289,0,0
9576.715647793317,63595.51,0.398770809173584,0,0
9576.715647793317,63378.84,0.3964028060436249,0,0
9576.715647793317,63104.79,0.4111758768558502,0,0
9576.715647793317,63082.79,0.41975751519203186,0,0
9576.715647793317,63192.96,0.3980330526828766,0,0
9576.715647793317,63392.15,0.37999796867370605,0,0
9576.715647793317,63249.99,0.357820987701416,0,1
9576.715647793317,63284.5,0.27781033515930176,0,1
9576.715647793317,63227.1,0.2841199040412903,0,1
9576.715647793317,62969.05,0.32971110939979553,0,1
9576.715647793317,62900.0,0.35849058628082275,0,1
9576.715647793317,63453.99,0.3821485936641693,0,1
9576.715647793317,63973.97,0.3503580391407013,0,0
9576.715647793317,64265.52,0.3484114706516266,0,0
9576.715647793317,64219.71,0.3605383038520813,0,0
9576.715647793317,64435.06,0.35413816571235657,0,0
9576.715647793317,64435.03,0.302379846572876,0,1
9576.715647793317,64472.9,0.29930704832077026,0,1
9576.715647793317,64042.66,0.41452842950820923,0,1
9576.715647793317,64120.95,0.3022043704986572,0,1
9576.715647793317,64058.15,0.3559035062789917,0,1
9576.715647793317,64224.3,0.29895803332328796,0,1
9576.715647793317,65896.75,0.366620808839798,0,0
9576.715647793317,65884.83,0.3400389552116394,0,0
9576.715647793317,65391.73,0.33121106028556824,0,0
9576.715647793317,65457.99,0.31698232889175415,0,0
9576.715647793317,64882.76,0.39397677779197693,0,1
9576.715647793317,64898.22,0.267106831073761,0,1
9576.715647793317,65028.3,0.32928240299224854,0,1
9576.715647793317,65530.49,0.3198276460170746,0,1
9576.715647793317,65558.71,0.2995327413082123,0,1
9576.715647793317,65400.87,0.28802490234375,0,1
9576.715647793317,65430.04,0.28325778245925903,0,1
9576.715647793317,66068.94,0.3210943639278412,0,1
9576.715647793317,66248.62,0.3242584764957428,0,1
9576.715647793317,66973.2,0.3395213782787323,0,1
9576.715647793317,67412.33,0.3395213782787323,0,1
9576.715647793317,68297.35,0.3395213782787323,0,0
9576.715647793317,68674.2,0.34839746356010437,0,0
9576.715647793317,69328.07,0.33646002411842346,0,0
9576.715647793317,69038.26,0.3488641381263733,0,0
9576.715647793317,69148.69,0.3313092589378357,0,0
9576.715647793317,68919.72,0.37618955969810486,0,0
9576.715647793317,68432.13,0.38232144713401794,0,0
9576.715647793317,67988.04,0.38789594173431396,0,1
9576.715647793317,68335.99,0.29979339241981506,0,0
9576.715647793317,68248.3,0.29397326707839966,0,0
9576.715647793317,68257.45,0.2826179563999176,0,0
9576.715647793317,68216.86,0.2803831696510315,0,1
9576.715647793317,68571.36,0.3010445535182953,0,0
9576.715647793317,68443.81,0.30765095353126526,0,0
9576.715647793317,68176.75,0.30727651715278625,0,0
9576.715647793317,67825.04,0.3224676549434662,0,0
9576.715647793317,67954.01,0.320841521024704,0,0
9576.715647793317,68589.41,0.32453107833862305,0,0
9576.715647793317,68301.62,0.3485892117023468,0,0
9576.715647793317,68051.31,0.3201577067375183,0,0
9576.715647793317,68171.56,0.30195116996765137,0,0
9576.715647793317,67905.35,0.32500845193862915,0,0
9576.715647793317,67697.74,0.3670717179775238,0,0
9576.715647793317,67382.0,0.35764098167419434,0,0
9576.715647793317,66643.55,0.372984915971756,0,1
9576.715647793317,66826.8,0.3532603681087494,0,1
9576.715647793317,67310.53,0.3407575488090515,0,0
9576.715647793317,67589.22,0.3218517303466797,0,0
9576.715647793317,67414.07,0.3262753188610077,0,0
9576.715647793317,67463.65,0.26138031482696533,0,0
9576.715647793317,67572.3,0.25121206045150757,0,0
9576.715647793317,67485.18,0.24928417801856995,0,0
9576.715647793317,67226.5,0.3463026285171509,0,1
9576.715647793317,67352.26,0.32978489995002747,0,1
9576.715647793317,67266.58,0.32539603114128113,0,1
9576.715647793317,67600.84,0.28495150804519653,0,0
9576.715647793317,67747.49,0.3367675244808197,0,0
9576.715647793317,67724.99,0.2281065136194229,0,0
9576.715647793317,67658.14,0.2707189619541168,0,0
9576.715647793317,67690.6,0.26504042744636536,0,0
9576.715647793317,67926.24,0.28068915009498596,0,0
9576.715647793317,67355.73,0.3706473410129547,0,0
9576.715647793317,66604.91,0.3867293894290924,0,0
9576.715647793317,66126.99,0.4025629460811615,0,0
9576.715647793317,65928.01,0.38309407234191895,0,0
9576.715647793317,66270.55,0.3839844763278961,0,0
9576.715647793317,65887.59,0.4091244637966156,0,0
9576.715647793317,66095.4,0.35452473163604736,0,0
9576.715647793317,65475.21,0.4318869709968567,0,0
9600.460626355074,65703.19,0.3607023060321808,1,0
9543.703763848169,65314.76,0.3943789005279541,1,1
9555.016268791876,65392.18,0.33245012164115906,1,1
9584.603831773684,65594.67,0.31763240694999695,1,1
9574.802193545525,65527.59,0.3080084025859833,1,0
9590.933691166108,65637.99,0.38270217180252075,1,0
9581.342757474942,65872.1,0.33109423518180847,0,0
9581.342757474942,65942.0,0.30177757143974304,0,0
9581.342757474942,65770.36,0.22562068700790405,0,0
9581.342757474942,65961.13,0.2534041404724121,0,0
9581.342757474942,65797.42,0.2450101673603058,0,0
9581.342757474942,65663.2,0.2545679807662964,0,0
9581.342757474942,65591.03,0.19979044795036316,0,0
9581.342757474942,63216.01,0.3801042139530182,0,1
9581.342757474942,63826.0,0.37951168417930603,0,1
9581.342757474942,63473.28,0.42355892062187195,0,1
9599.70970794816,63658.54,0.4218153953552246,1,1
9652.768698316797,64010.39,0.40227505564689636,1,1
9627.707241419357,63844.2,0.40754449367523193,1,1
9653.794138517185,64017.19,0.2945822775363922,1,1
9818.053070616203,65106.44,0.42122596502304077,1,1
9716.891886847568,64435.61,0.4483226537704468,1,1
9707.17499496072,64841.18,0.4091048538684845,0,1
9707.17499496072,65094.3,0.3616383671760559,0,1
9707.17499496072,65442.62,0.37472277879714966,0,1
9707.17499496072,65911.84,0.3420298397541046,0,1
9707.17499496072,66362.01,0.357382208108902,0,1
9707.17499496072,66959.62,0.35357123613357544,0,1
9707.17499496072,66723.22,0.3472591042518616,0,1
9707.17499496072,67103.64,0.3473452925682068,0,0
9707.17499496072,66973.26,0.3347432613372803,0,0
9707.17499496072,66791.29,0.28389325737953186,0,0
9707.17499496072,67339.36,0.2995724081993103,0,0
9707.17499496072,67620.65,0.2979241907596588,0,0
9707.17499496072,67502.16,0.30576953291893005,0,0
9707.17499496072,67346.5,0.32879599928855896,0,0
9707.17499496072,67292.09,0.3358179032802582,0,0
9707.17499496072,66926.68,0.3459588885307312,0,0
9707.17499496072,67141.39,0.3146370053291321,0,0
9707.17499496072,66560.14,0.3733997642993927,0,0
9707.17499496072,66410.08,0.3445247411727905,0,1
9707.17499496072,66467.06,0.3086014986038208,0,0
9707.17499496072,66468.03,0.2614801228046417,0,0
9707.17499496072,66296.48,0.2550848424434662,0,0
9707.17499496072,66934.79,0.2913047671318054,0,0
9707.17499496072,66847.8,0.2940150797367096,0,0
9707.17499496072,66842.42,0.2901288568973541,0,0
9707.17499496072,66135.45,0.35366782546043396,0,0
9707.17499496072,65979.61,0.32799217104911804,0,0
9707.17499496072,66316.83,0.30445384979248047,0,0
9707.17499496072,65962.17,0.34257686138153076,0,1
9707.17499496072,65300.0,0.41543689370155334,0,1
9707.17499496072,65666.2,0.33429762721061707,0,1
9707.17499496072,65268.71,0.38933539390563965,0,1
9707.17499496072,65776.47,0.41277286410331726,0,1
9707.17499496072,66501.52,0.4239015579223633,0,0
9701.925131035898,66532.02,0.4064418077468872,1,0
9664.70370908453,66276.77,0.43503424525260925,1,0
9743.923727455931,66820.03,0.3846231997013092,1,0
9750.061434213749,66862.12,0.349850058555603,1,0
9730.908989320145,66730.78,0.36563464999198914,1,0
9654.223381579553,66204.9,0.4124811291694641,1,0
9644.569158197974,66007.52,0.4250485301017761,0,0
9674.958266044992,66282.0,0.40674981474876404,1,1
9658.40857279186,66168.62,0.4014878273010254,1,1
9679.979517129026,66316.4,0.3681166470050812,1,1
9686.296951632426,66359.68,0.3642676770687103,1,1
9628.457685875203,65963.43,0.4107082784175873,1,1
9552.055847433194,65440.01,0.4470509886741638,1,1
9542.503791585761,67177.06,0.378383606672287,0,1
9542.503791585761,69130.2,0.3665054142475128,0,0
9542.503791585761,69428.62,0.33257272839546204,0,0
9542.503791585761,69198.0,0.31232550740242004,0,0
9542.503791585761,68877.67,0.31105831265449524,0,0
9542.503791585761,68966.53,0.3103121817111969,0,0
9542.503791585761,69106.58,0.31112080812454224,0,0
9542.503791585761,69413.82,0.28603997826576233,0,0
9542.503791585761,69440.49,0.3221941292285919,0,0
9542.503791585761,68830.06,0.3348892331123352,0,0
9542.503791585761,69092.88,0.2858341634273529,0,0
9542.503791585761,68760.01,0.29298001527786255,0,0
9542.503791585761,68512.17,0.3348127007484436,0,0
9542.503791585761,68377.94,0.3173808455467224,0,0
9542.503791585761,68123.2,0.3517855107784271,0,0
9542.503791585761,67947.75,0.40509068965911865,0,0
9542.503791585761,68106.73,0.39032262563705444,0,0
9542.503791585761,68172.8,0.35950347781181335,0,0
9542.503791585761,67003.3,0.3871276080608368,0,0
9542.503791585761,66647.98,0.3834286332130432,0,1
9542.503791585761,66860.3,0.3439286947250366,0,1
9542.503791585761,67026.61,0.3343489468097687,0,1
9542.503791585761,67399.85,0.32474252581596375,0,1
9542.503791585761,66931.31,0.3523774743080139,0,1
9542.503791585761,66568.95,0.3871643543243408,0,1
9542.503791585761,67725.81,0.40120750665664673,0,0
9542.503791585761,68175.9,0.3633788824081421,0,0
9542.503791585761,68318.66,0.36255961656570435,0,0
9542.503791585761,68628.49,0.3011103868484497,0,0
9542.503791585761,68435.0,0.35211676359176636,0,0
9542.503791585761,68266.0,0.37723276019096375,0,0
9542.503791585761,68024.62,0.38471925258636475,0,0
9542.503791585761,68327.2,0.36720114946365356,0,0
9542.503791585761,68338.0,0.358441561460495,0,0
9542.503791585761,68093.19,0.44055870175361633,0,1
9576.622467359877,68405.0,0.3523678183555603,1,1
9565.188759927538,68323.33,0.3653795123100281,1,1
9482.431229935131,67732.2,0.4461282193660736,1,1
9489.963168956314,67786.0,0.34404030442237854,1,1
9548.84529224477,68206.59,0.30854931473731995,1,1
9591.045150593376,68508.02,0.3143376410007477,1,1
9581.454105442783,69493.13,0.3218090236186981,0,1
9581.454105442783,71011.4,0.3627418875694275,0,1
9581.454105442783,71520.76,0.36468005180358887,0,1
9581.454105442783,71348.92,0.346967488527298,0,1
9581.454105442783,71111.4,0.34300851821899414,0,1
9581.454105442783,71339.71,0.32744646072387695,0,1
9581.454105442783,71477.17,0.3374931812286377,0,1
9581.454105442783,71621.04,0.3711399734020233,0,1
9581.454105442783,73396.88,0.36952123045921326,0,0
9581.454105442783,73294.84,0.36897504329681396,0,0
9581.454105442783,73218.92,0.36047032475471497,0,0
9581.454105442783,73693.5,0.33855482935905457,0,0
9581.454105442783,73611.1,0.362551748752594,0,0
9581.454105442783,73019.68,0.372776061296463,0,0
9581.454105442783,73309.72,0.32283899188041687,0,0
9581.454105442783,72705.86,0.3398275375366211,0,0
9581.454105442783,72666.77,0.3266090452671051,0,0
9581.454105442783,72760.0,0.29705166816711426,0,0
9581.454105442783,72538.72,0.3091220259666443,0,0
9581.454105442783,72506.19,0.2826522886753082,0,0
9581.454105442783,72497.89,0.28862884640693665,0,0
9581.454105442783,72815.7,0.3008345067501068,0,1
9581.454105442783,72412.15,0.2831040024757385,0,1
9581.454105442783,72553.62,0.3039945363998413,0,0
9581.454105442783,72055.5,0.35798466205596924,0,1
9581.454105442783,72333.7,0.3450227975845337,0,0
9581.454105442783,72591.59,0.3184894323348999,0,0
9581.454105442783,73388.92,0.32421043515205383,0,0
9581.454105442783,72915.79,0.3125511705875397,0,0
9581.454105442783,72890.73,0.3328644931316376,0,0
9581.454105442783,72467.79,0.32675686478614807,0,0
9581.454105442783,72609.29,0.3068300485610962,0,0
9581.454105442783,71652.77,0.4288494884967804,0,0
9525.547554662802,71305.92,0.40544337034225464,1,0
9445.193607759024,70704.41,0.43298688530921936,1,0
9483.431565169103,70990.65,0.3850787580013275,1,0
9473.735817024808,70918.07,0.38509657979011536,1,0
9516.27527746942,71236.51,0.37506160140037537,1,0
9503.640614208362,71141.93,0.3601786494255066,1,0
9494.136973594153,71208.54,0.2879774570465088,0,0
9494.136973594153,70890.72,0.36269840598106384,0,0
9494.136973594153,70988.19,0.2850589156150818,0,0
9494.136973594153,71257.2,0.3611324429512024,0,0
9494.136973594153,71252.43,0.34914642572402954,0,0
9494.136973594153,71080.38,0.2874605655670166,0,0
9494.136973594153,70613.61,0.40940824151039124,0,0
9494.136973594153,70436.19,0.38790246844291687,0,0
9494.136973594153,70597.23,0.37657374143600464,0,0
9494.136973594153,71056.44,0.36956435441970825,0,0
9494.136973594153,70789.49,0.349033385515213,0,0
9494.136973594153,70565.56,0.3735261559486389,0,0
9494.136973594153,70527.93,0.36525070667266846,0,0
9494.136973594153,70212.95,0.4067886173725128,0,0
9494.136973594153,69907.0,0.41615262627601624,0,0
9494.136973594153,69208.0,0.40446582436561584,0,0
9494.136973594153,68409.89,0.400519460439682,0,0
9494.136973594153,68504.71,0.3829798102378845,0,0
9494.136973594153,68446.52,0.41873809695243835,0,0
9494.136973594153,67955.1,0.4364286959171295,0,0
9516.209627344679,68181.2,0.39982306957244873,1,0
9509.31335802576,68131.79,0.39658322930336,1,0
9506.415836247563,68111.03,0.3801635503768921,1,0
9531.269482829632,68289.1,0.35218948125839233,1,0
9535.566915177931,68319.89,0.25866782665252686,1,0
9506.833157544133,68114.02,0.29484397172927856,1,0
9497.32632438659,68290.45,0.2958349883556366,0,0
9497.32632438659,68262.01,0.26050081849098206,0,0
9497.32632438659,68350.04,0.2744276523590088,0,0
9497.32632438659,68095.5,0.332700252532959,0,0
9497.32632438659,68063.43,0.29511141777038574,0,0
9497.32632438659,68018.26,0.2339143455028534,0,0
9497.32632438659,67690.86,0.34097200632095337,0,0
9497.32632438659,67842.67,0.31686070561408997,0,0
9497.32632438659,67795.4,0.2754964530467987,0,0
9497.32632438659,68000.0,0.2497418224811554,0,0
9497.32632438659,67880.31,0.23995472490787506,0,0
9497.32632438659,68010.01,0.2954109311103821,0,0
9497.32632438659,67992.54,0.2178153395652771,0,0
9497.32632438659,67931.06,0.22567419707775116,0,0
9497.32632438659,68016.7,0.2739957273006439,0,0
9497.32632438659,67877.45,0.24308504164218903,0,0
9497.32632438659,67783.63,0.23680557310581207,0,0
9497.32632438659,67788.41,0.19551968574523926,0,0
9497.32632438659,67568.13,0.2971138060092926,0,0
9497.32632438659,67080.34,0.3471382260322571,0,0
9497.32632438659,67402.98,0.33207476139068604,0,0
9497.32632438659,67452.98,0.27956312894821167,0,0
9497.32632438659,67258.65,0.3224519193172455,0,0
9497.32632438659,67262.91,0.2468286007642746,0,0
9497.32632438659,67194.77,0.28595733642578125,0,0
9497.32632438659,67297.27,0.2781502306461334,0,0
9497.32632438659,66925.44,0.38217175006866455,0,1
9497.32632438659,67000.26,0.2786840796470642,0,1
9497.32632438659,66637.36,0.395834743976593,0,1
9497.32632438659,67149.93,0.335962176322937,0,1
9497.32632438659,67161.52,0.2702209949493408,0,0
9497.32632438659,67319.91,0.3140861988067627,0,0
9497.32632438659,67539.33,0.3068871796131134,0,0
9497.32632438659,67681.0,0.3084733784198761,0,0
9497.32632438659,67904.14,0.2887130379676819,0,0
9497.32632438659,67515.0,0.3792625367641449,0,0
9497.32632438659,67324.72,0.41992709040641785,0,0
9497.32632438659,67234.86,0.402217298746109,0,0
9497.32632438659,67339.76,0.37344658374786377,0,0
9497.32632438659,67218.23,0.36408668756484985,0,0
9497.32632438659,66872.15,0.424419105052948,0,0
9515.200095360024,67065.0,0.3649681806564331,1,0
9478.169345715813,66804.0,0.3408275246620178,1,0
9553.851117651502,67337.42,0.3043246865272522,1,0
9539.85888573613,67238.8,0.3173712491989136,1,0
9508.81690215507,67020.01,0.34405434131622314,1,0
9397.694858366403,66236.8,0.4605364501476288,1,1
9388.297163508038,65971.2,0.41621217131614685,0,1
9388.297163508038,66370.01,0.45336446166038513,0,1
9354.329853989733,66196.01,0.4258658289909363,1,1
9402.561255285149,66537.32,0.3738952577114105,1,1
9496.919913358415,67205.05,0.4036792516708374,1,1
9486.33418697759,67130.14,0.3844633102416992,1,1
9596.702148771104,67911.16,0.3619218170642853,1,0
9505.699664794012,67267.18,0.3678669333457947,1,1
9496.193965129218,67555.13,0.33603185415267944,0,1
9496.193965129218,67814.69,0.32138729095458984,0,1
9496.193965129218,67981.02,0.29939785599708557,0,1
9496.193965129218,67608.13,0.38222283124923706,0,1
9496.193965129218,67764.98,0.3560749590396881,0,1
9496.193965129218,68151.93,0.35040056705474854,0,0
9496.193965129218,68976.0,0.3323438763618469,0,0
9496.193965129218,69151.5,0.32548514008522034,0,0
9496.193965129218,68863.66,0.3221967816352844,0,0
9496.193965129218,68960.12,0.3357146084308624,0,0
9496.193965129218,68600.71,0.34029075503349304,0,0
9496.193965129218,68356.37,0.3464181423187256,0,1
9496.193965129218,68991.93,0.336217999458313,0,0
9496.193965129218,68961.71,0.3280186057090759,0,1
9496.193965129218,68919.72,0.32846733927726746,0,1
9496.193965129218,68635.88,0.32793647050857544,0,1
9496.193965129218,68432.16,0.31581804156303406,0,1
9496.193965129218,69157.37,0.26190903782844543,0,1
9496.193965129218,69260.01,0.2905195653438568,0,1
9496.193965129218,70272.01,0.29554951190948486,0,1
9496.193965129218,69429.85,0.3384096622467041,0,1
9496.193965129218,70072.94,0.32049888372421265,0,1
9496.193965129218,69971.34,0.3141784369945526,0,1
9496.193965129218,69910.91,0.32579633593559265,0,1
9496.193965129218,70406.01,0.306855171918869,0,0
9496.193965129218,70709.37,0.30058014392852783,0,1
9496.193965129218,71078.92,0.2909049689769745,0,0
9496.193965129218,70774.04,0.3128291666507721,0,1
9496.193965129218,70580.94,0.2716675102710724,0,0
9496.193965129218,70519.86,0.28280675411224365,0,0
9496.193965129218,69921.12,0.37459632754325867,0,0
9496.193965129218,71467.81,0.36799681186676025,0,0
9496.193965129218,71346.16,0.3177533745765686,0,0
9496.193965129218,71268.59,0.3092620074748993,0,0
9496.193965129218,70868.61,0.34969279170036316,0,0
9496.193965129218,70013.87,0.36680516600608826,0,0
9496.193965129218,70043.63,0.33148202300071716,0,0
9496.193965129218,70235.6,0.27166807651519775,0,0
9496.193965129218,69763.01,0.34300661087036133,0,0
9496.193965129218,69721.58,0.3054140508174896,0,1
9496.193965129218,69948.63,0.28206098079681396,0,0
9496.193965129218,70044.87,0.36168232560157776,0,0
9496.193965129218,70071.26,0.2974089980125427,0,0
9496.193965129218,69810.72,0.37529057264328003,0,0
9496.193965129218,69551.91,0.3935739994049072,0,0
9496.193965129218,70130.99,0.37357422709465027,0,0
9496.193965129218,69510.36,0.40060868859291077,0,0
9496.193965129218,69950.01,0.37039434909820557,0,0
9496.193965129218,69648.29,0.4080420732498169,0,1
9496.193965129218,69662.24,0.3174600303173065,0,1
9496.193965129218,69466.75,0.33065083622932434,0,1
9496.193965129218,69604.9,0.3169635534286499,0,1
9496.193965129218,69173.0,0.4180854260921478,0,1
9496.193965129218,69361.13,0.3857622444629669,0,1
9496.193965129218,70186.09,0.3575463891029358,0,1
9496.193965129218,70578.7,0.3683454990386963,0,0
9496.193965129218,70227.91,0.41912880539894104,0,1
9496.193965129218,70570.71,0.3862827718257904,0,0
9496.193965129218,70785.99,0.2967386245727539,0,0
9496.193965129218,70617.64,0.33848345279693604,0,0
9496.193965129218,70641.82,0.3137706220149994,0,0
9496.193965129218,70634.96,0.3005444407463074,0,0
9496.193965129218,70741.26,0.29242822527885437,0,0
9496.193965129218,70373.01,0.34241700172424316,0,0
9496.193965129218,70191.86,0.350982666015625,0,0
9496.193965129218,70225.34,0.22644829750061035,0,0
9496.193965129218,69841.31,0.34889355301856995,0,0
9496.193965129218,69286.56,0.4041040241718292,0,1
9496.193965129218,69446.61,0.3375876247882843,0,1
9496.193965129218,69372.0,0.3731183111667633,0,1
9496.193965129218,69480.54,0.34366899728775024,0,1
9496.193965129218,69501.44,0.28324881196022034,0,1
9496.193965129218,69826.19,0.3288111388683319,0,0
9496.193965129218,69917.37,0.33064720034599304,0,0
9496.193965129218,69952.51,0.3416931629180908,0,1
9496.193965129218,70412.11,0.3239887058734894,0,0
9496.193965129218,70427.91,0.3350849151611328,0,0
9496.193965129218,70381.8,0.3267301023006439,0,0
9496.193965129218,69972.15,0.38101521134376526,0,1
9496.193965129218,69590.09,0.47095683217048645,0,1
9588.2390233654,70334.88,0.38656067848205566,1,0
9594.548036788063,70381.16,0.37541502714157104,1,0
9571.495872359104,70212.06,0.41336047649383545,1,0
9518.000128034964,69819.64,0.438877671957016,1,1
9601.522304867221,70432.32,0.33731791377067566,1,1
9565.011002685033,70164.49,0.3357102870941162,1,1
9555.445991682347,70268.55,0.28756994009017944,0,1
9555.445991682347,70175.64,0.2899974286556244,0,1
9555.445991682347,70541.34,0.33606311678886414,0,1
9555.445991682347,71475.61,0.33338838815689087,0,0
9555.445991682347,71672.39,0.28766128420829773,0,0
9555.445991682347,71143.8,0.2952624559402466,0,1
9555.445991682347,71405.75,0.30757907032966614,0,1
9555.445991682347,71393.94,0.28586074709892273,0,1
9555.445991682347,71546.29,0.3164680600166321,0,1
9555.445991682347,71342.0,0.3351568877696991,0,1
9555.445991682347,71612.22,0.31520140171051025,0,1
9555.445991682347,71821.02,0.29010722041130066,0,1
9555.445991682347,72006.57,0.3116578161716461,0,0
9555.445991682347,72458.12,0.3095177114009857,0,0
9555.445991682347,72228.82,0.2870854139328003,0,0
9555.445991682347,72784.73,0.3155079185962677,0,0
9555.445991682347,73379.18,0.3349308371543884,0,0
9555.445991682347,72382.72,0.3703174889087677,0,0
9555.445991682347,71831.46,0.35945725440979004,0,0
9555.445991682347,71885.57,0.3114551901817322,0,0
9555.445991682347,71037.93,0.3545862138271332,0,0
9555.445991682347,71055.45,0.3054656982421875,0,0
9555.445991682347,71189.95,0.2577163875102997,0,0
9555.445991682347,71346.84,0.26830893754959106,0,0
9555.445991682347,71104.65,0.28623640537261963,0,0
9555.445991682347,70814.0,0.3020961284637451,0,0
9555.445991682347,70930.0,0.27502715587615967,0,0
9555.445991682347,70631.97,0.3302863836288452,0,0
9555.445991682347,70831.7,0.29349011182785034,0,0
9555.445991682347,70783.27,0.19606834650039673,0,0
9555.445991682347,71081.3,0.3019448518753052,0,0
9555.445991682347,71039.58,0.27746129035949707,0,0
9555.445991682347,71013.75,0.23735257983207703,0,0
9555.445991682347,70622.08,0.35102954506874084,0,0
9555.445991682347,70596.68,0.2522258162498474,0,0
9555.445991682347,70585.63,0.24804078042507172,0,0
9555.445991682347,70501.16,0.2962726652622223,0,0
9555.445991682347,70570.44,0.25100183486938477,0,0
9555.445991682347,70751.42,0.2616339325904846,0,0
9555.445991682347,70780.59,0.2705608606338501,0,0
9555.445991682347,70847.35,0.26356449723243713,0,0
9555.445991682347,70599.22,0.30433160066604614,0,0
9555.445991682347,70580.09,0.24807994067668915,0,0
9555.445991682347,70672.53,0.22576375305652618,0,0
9555.445991682347,70617.01,0.17046745121479034,0,1
9555.445991682347,70668.23,0.17454586923122406,0,0
9555.445991682347,70700.0,0.15617838501930237,0,0
9555.445991682347,70805.71,0.13949869573116302,0,1
9555.445991682347,70799.99,0.13238941133022308,0,1
9555.445991682347,70710.91,0.1268622875213623,0,1
9555.445991682347,71211.95,0.17576563358306885,0,0
9555.445991682347,70985.28,0.20454907417297363,0,1
9555.445991682347,70985.83,0.2002301812171936,0,1
9555.445991682347,71450.53,0.2667015492916107,0,0
9555.445991682347,71363.14,0.29042336344718933,0,1
9555.445991682347,71606.32,0.2705190181732178,0,0
9555.445991682347,71489.68,0.28292903304100037,0,0
9555.445991682347,71458.41,0.23288166522979736,0,0
9555.445991682347,71453.59,0.22882746160030365,0,0
9555.445991682347,71717.5,0.2572624385356903,0,0
9555.445991682347,71791.1,0.24891787767410278,0,0
9555.445991682347,71783.09,0.246879443526268,0,0
9555.445991682347,71839.42,0.2286785989999771,0,0
9555.445991682347,71610.33,0.2709656357765198,0,0
9555.445991682347,71607.54,0.2888112962245941,0,0
9555.445991682347,71622.03,0.2695714235305786,0,0
9555.445991682347,71481.24,0.2537136375904083,0,1
9555.445991682347,71437.35,0.2984720766544342,0,1
9555.445991682347,71819.95,0.2667771577835083,0,1
9555.445991682347,71390.53,0.2985643446445465,0,1
9555.445991682347,71549.94,0.22197557985782623,0,1
9555.445991682347,71730.81,0.266566663980484,0,1
9555.445991682347,72109.58,0.23859603703022003,0,1
9555.445991682347,72749.44,0.34027954936027527,0,1
9555.445991682347,72815.24,0.3072926104068756,0,1
9555.445991682347,72531.26,0.24382968246936798,0,1
9555.445991682347,72752.9,0.2383241057395935,0,1
9555.445991682347,72514.69,0.2481488138437271,0,1
9555.445991682347,73573.32,0.36267855763435364,0,0
9555.445991682347,73835.62,0.3271122872829437,0,0
9555.445991682347,74207.49,0.3087559938430786,0,0
9555.445991682347,73714.36,0.2835802435874939,0,0
9555.445991682347,73456.68,0.3022485375404358,0,1
9555.445991682347,73135.0,0.32623091340065,0,1
9555.445991682347,73260.92,0.2804582118988037,0,0
9555.445991682347,73783.42,0.32618117332458496,0,0
9555.445991682347,73552.77,0.28660669922828674,0,1
9555.445991682347,73864.8,0.3204152584075928,0,0
9555.445991682347,74109.55,0.3441535532474518,0,0
9555.445991682347,73565.54,0.39025190472602844,0,1
9555.445991682347,73274.76,0.3318178653717041,0,1
9555.445991682347,73760.63,0.30304956436157227,0,1
9555.445991682347,73943.18,0.3072531521320343,0,1
9555.445991682347,73913.6,0.30152544379234314,0,1
9555.445991682347,73963.0,0.31930720806121826,0,1
9555.445991682347,74236.9,0.23370924592018127,0,1
9555.445991682347,74401.36,0.2961367964744568,0,0
9555.445991682347,74772.66,0.28859907388687134,0,0
9555.445991682347,74884.67,0.28060221672058105,0,0
9555.445991682347,75318.48,0.2818111181259155,0,0
9555.445991682347,75623.91,0.2631542384624481,0,0
9555.445991682347,75198.02,0.2437845766544342,0,0
9555.445991682347,74463.98,0.2958422303199768,0,0
9555.445991682347,74252.01,0.31901681423187256,0,0
9555.445991682347,74036.74,0.33533215522766113,0,0
9555.445991682347,74085.45,0.28043919801712036,0,0
9555.445991682347,74249.32,0.24424993991851807,0,0
9555.445991682347,74188.38,0.24171926081180573,0,0
9555.445991682347,73937.16,0.26985055208206177,0,0
9555.445991682347,73729.45,0.2819206416606903,0,1
9555.445991682347,74033.11,0.24190866947174072,0,1
9555.445991682347,73739.74,0.25922906398773193,0,1
9555.445991682347,73615.48,0.29471078515052795,0,1
9555.445991682347,74381.7,0.2650248110294342,0,0
9555.445991682347,73914.39,0.2957076132297516,0,1
9555.445991682347,74155.69,0.2579399347305298,0,0
9555.445991682347,74523.75,0.25157707929611206,0,0
9555.445991682347,74683.04,0.2657543420791626,0,0
9555.445991682347,74512.17,0.28011906147003174,0,0
9555.445991682347,74506.75,0.22668452560901642,0,0
9555.445991682347,74685.42,0.2511516213417053,0,0
9555.445991682347,74307.08,0.3333297371864319,0,0
9555.445991682347,73909.36,0.3528168201446533,0,0
9555.445991682347,73867.88,0.36668387055397034,0,0
9555.445991682347,74072.3,0.29280856251716614,0,0
9555.445991682347,74338.93,0.2788512408733368,0,0
9555.445991682347,74446.14,0.27407774329185486,0,0
9555.445991682347,74175.49,0.2601746618747711,0,0
9555.445991682347,73950.0,0.2915371358394623,0,0
9555.445991682347,73954.03,0.2537660598754883,0,0
9555.445991682347,73883.8,0.2757541239261627,0,0
9555.445991682347,74044.89,0.23167641460895538,0,0
9555.445991682347,74181.08,0.21286237239837646,0,0
9555.445991682347,73946.35,0.2897709012031555,0,0
9555.445991682347,72952.85,0.39862799644470215,0,0
9555.445991682347,72361.24,0.4380565583705902,0,0
9515.869760432995,72133.49,0.38335782289505005,1,0
9391.83040366619,71193.23,0.4505380094051361,1,0
9428.054391685035,71467.82,0.4303836524486542,1,0
9407.772968770809,71314.08,0.40896984934806824,1,0
9444.859715381164,71595.21,0.33671340346336365,1,0
9379.101416434543,71096.74,0.39252492785453796,1,0
9369.722315018109,71072.38,0.33666881918907166,0,0
9369.722315018109,71214.67,0.351472944021225,0,0
9369.722315018109,71263.67,0.2818911671638489,0,0
9369.722315018109,71153.66,0.27755865454673767,0,0
9369.722315018109,71246.54,0.257725328207016,0,0
9369.722315018109,71002.17,0.28337132930755615,0,0
9369.722315018109,71115.23,0.23020553588867188,0,0
9369.722315018109,71055.44,0.2744390666484833,0,0
9369.722315018109,71215.39,0.3149348199367523,0,0
9369.722315018109,70822.07,0.3313308656215668,0,0
9369.722315018109,70826.54,0.22964277863502502,0,0
9369.722315018109,70583.22,0.3419419825077057,0,0
9369.722315018109,70191.17,0.3961517810821533,0,0
9369.722315018109,69985.19,0.4068906903266907,0,0
9369.722315018109,70513.0,0.35968440771102905,0,0
9369.722315018109,70133.72,0.33087819814682007,0,0
9369.722315018109,69952.75,0.3239009976387024,0,0
9369.722315018109,69290.27,0.4276995360851288,0,1
9443.491735987807,69905.65,0.41517043113708496,1,1
9386.2950086701,69482.25,0.4659145176410675,1,1
9376.873894444456,69412.51,0.40938127040863037,1,1
9382.7300071729,69455.86,0.3723462224006653,1,1
9436.535997939654,69854.16,0.32026612758636475,1,0
9432.084811909615,69821.21,0.2751547694206238,1,1
9422.652727097706,70271.99,0.32967397570610046,0,0
9422.652727097706,70483.03,0.29597941040992737,0,0
9422.652727097706,70413.47,0.28116554021835327,0,0
9422.652727097706,70183.99,0.3183912932872772,0,1
9422.652727097706,69930.0,0.34525448083877563,0,1
9422.652727097706,70181.0,0.2872908115386963,0,0
9422.652727097706,70403.79,0.31123971939086914,0,1
9422.652727097706,70415.47,0.33323705196380615,0,1
9422.652727097706,70729.92,0.30758723616600037,0,0
9422.652727097706,70783.69,0.29065027832984924,0,0
9422.652727097706,70606.24,0.28247690200805664,0,0
9422.652727097706,70502.9,0.2964716851711273,0,0
9422.652727097706,70854.66,0.2977670133113861,0,0
9422.652727097706,71042.23,0.3003692030906677,0,0
9422.652727097706,70583.8,0.33356741070747375,0,0
9422.652727097706,70611.68,0.29913291335105896,0,0
9422.652727097706,70478.71,0.27220556139945984,0,0
9422.652727097706,70342.63,0.2813437879085541,0,0
9422.652727097706,69863.84,0.3219199776649475,0,0
9422.652727097706,69731.21,0.3147963583469391,0,0
9422.652727097706,69860.09,0.2950872778892517,0,1
9422.652727097706,69829.26,0.30147650837898254,0,1
9422.652727097706,70000.0,0.30125173926353455,0,1
9422.652727097706,69770.0,0.3040480613708496,0,1
9422.652727097706,70177.86,0.27293556928634644,0,0
9422.652727097706,70057.66,0.29863157868385315,0,1
9422.652727097706,70540.73,0.27123600244522095,0,0
9422.652727097706,70767.85,0.2539844810962677,0,0
9422.652727097706,70510.73,0.2495213747024536,0,0
9422.652727097706,70682.19,0.20732834935188293,0,0
9422.652727097706,70464.59,0.21321327984333038,0,0
9422.652727097706,70737.6,0.18902170658111572,0,0
9422.652727097706,70657.35,0.19938534498214722,0,0
9422.652727097706,70642.13,0.21805189549922943,0,0
9422.652727097706,70697.94,0.21625837683677673,0,0
9422.652727097706,70774.65,0.19284380972385406,0,0
9422.652727097706,70727.33,0.23917195200920105,0,0
9422.652727097706,70594.43,0.300123393535614,0,0
9422.652727097706,70661.59,0.20381462574005127,0,0
9422.652727097706,70605.64,0.1939217448234558,0,0
9422.652727097706,70652.72,0.1755952090024948,0,0
9422.652727097706,70722.61,0.21262630820274353,0,0
9422.652727097706,70740.18,0.1658620685338974,0,0
9422.652727097706,70629.1,0.29054102301597595,0,0
9422.652727097706,70630.02,0.26460596919059753,0,0
9422.652727097706,70301.66,0.23747578263282776,0,0
9422.652727097706,70304.08,0.19203563034534454,0,0
9422.652727097706,70389.19,0.21044515073299408,0,0
9422.652727097706,70396.0,0.16037236154079437,0,0
9422.652727097706,70462.28,0.1638038009405136,0,0
9422.652727097706,70345.57,0.20600205659866333,0,0
9422.652727097706,70277.22,0.1631099134683609,0,0
9422.652727097706,68918.12,0.3277588188648224,0,0
9422.652727097706,68954.71,0.34546682238578796,0,0
9422.652727097706,68962.4,0.32142189145088196,0,0
9422.652727097706,69278.12,0.2890755534172058,0,0
9422.652727097706,69339.99,0.2968367338180542,0,0
9422.652727097706,69358.0,0.2690390646457672,0,0
9422.652727097706,69153.41,0.25058916211128235,0,0
9422.652727097706,69164.06,0.23064382374286652,0,0
9422.652727097706,68919.38,0.2911546528339386,0,0
9422.652727097706,68804.77,0.3324551284313202,0,0
9422.652727097706,68826.2,0.29192861914634705,0,0
9422.652727097706,68648.17,0.2877512574195862,0,0
9422.652727097706,68217.95,0.3690051734447479,0,1
9422.652727097706,68654.83,0.30171459913253784,0,0
9422.652727097706,68700.02,0.2981258034706116,0,0
9422.652727097706,68711.66,0.27752938866615295,0,0
9422.652727097706,68847.96,0.27453380823135376,0,0
9422.652727097706,68805.58,0.24567386507987976,0,0
9422.652727097706,68673.02,0.26097631454467773,0,0
9422.652727097706,68618.58,0.35112178325653076,0,0
9422.652727097706,68199.93,0.3949282169342041,0,0
9422.652727097706,68176.46,0.3648333251476288,0,0
9422.652727097706,67899.97,0.4246700704097748,0,0
9474.15523515543,68339.37,0.40495163202285767,1,0
9407.559655618896,67859.0,0.41224581003189087,1,1
9381.356457067362,67669.99,0.3682937026023865,1,0
9413.93681626315,67905.0,0.3741655647754669,1,1
9471.569712415967,68320.72,0.36443206667900085,1,0
9437.449130290664,68074.6,0.36556312441825867,1,0
9428.011681160373,68541.0,0.3187689781188965,0,0
9428.011681160373,68899.92,0.2992000877857208,0,1
9428.011681160373,67874.19,0.42380398511886597,0,1
9482.280873470901,68333.16,0.41397354006767273,1,1
9496.310059247,68434.26,0.3709894120693207,1,1
9482.398824093152,68334.01,0.40309885144233704,1,1
9512.512311781296,68551.02,0.3404217064380646,1,1
9730.530854297644,70122.15,0.36010560393333435,1,1
9817.953080202118,70752.15,0.34368881583213806,1,0
9808.135127121916,71481.13,0.3314105272293091,0,0
9808.135127121916,71446.46,0.31979262828826904,0,0
9808.135127121916,70131.48,0.34492337703704834,0,1
9808.135127121916,70561.54,0.3247624337673187,0,0
9808.135127121916,71085.16,0.3437047600746155,0,0
9808.135127121916,71076.22,0.3123437464237213,0,0
9808.135127121916,70679.05,0.32210803031921387,0,0
9808.135127121916,70915.59,0.30469515919685364,0,0
9808.135127121916,70851.35,0.26438671350479126,0,0
9808.135127121916,70780.22,0.28418636322021484,0,0
9808.135127121916,70906.45,0.3012377619743347,0,0
9808.135127121916,70679.2,0.27059414982795715,0,0
9808.135127121916,70516.57,0.2757103741168976,0,1
9808.135127121916,70453.37,0.25745248794555664,0,1
9808.135127121916,70542.9,0.19391605257987976,0,1
9808.135127121916,70372.44,0.3048490583896637,0,1
9808.135127121916,70283.85,0.2285078763961792,0,1
9808.135127121916,70541.38,0.2766290605068207,0,1
9808.135127121916,71291.7,0.31387943029403687,0,0
9808.135127121916,70964.15,0.304535835981369,0,0
9808.135127121916,71316.97,0.27391186356544495,0,0
9808.135127121916,71272.87,0.2543824315071106,0,0
9808.135127121916,71157.77,0.26559925079345703,0,0
9808.135127121916,70956.48,0.2717248201370239,0,0
9808.135127121916,70100.46,0.37363332509994507,0,0
9808.135127121916,69869.93,0.3411739766597748,0,0
9808.135127121916,69873.04,0.2946547567844391,0,1
9808.135127121916,69476.87,0.36573392152786255,0,1
9808.135127121916,69238.43,0.3470935523509979,0,1
9808.135127121916,69430.24,0.32934877276420593,0,1
9808.135127121916,69377.33,0.30840396881103516,0,1
9808.135127121916,70093.19,0.3085418939590454,0,1
9808.135127121916,70332.93,0.2844325304031372,0,1
9808.135127121916,70316.96,0.284599244594574,0,1
9808.135127121916,70556.74,0.25791677832603455,0,1
9808.135127121916,70840.75,0.2527182102203369,0,0
9808.135127121916,70677.18,0.2699897289276123,0,0
9808.135127121916,70531.09,0.272235631942749,0,1
9808.135127121916,70716.7,0.2601971924304962,0,1
9808.135127121916,70968.64,0.233843132853508,0,1
9808.135127121916,71117.66,0.26835018396377563,0,1
9808.135127121916,70991.83,0.27071040868759155,0,1
9808.135127121916,70926.88,0.2905930280685425,0,1
9808.135127121916,71248.39,0.2632478177547455,0,0
9808.135127121916,71345.91,0.25600698590278625,0,0
9808.135127121916,71501.39,0.25728076696395874,0,0
9808.135127121916,71678.97,0.26654234528541565,0,0
9808.135127121916,71715.24,0.29309335350990295,0,0
9808.135127121916,71581.42,0.283084511756897,0,0
9808.135127121916,71234.28,0.3109044134616852,0,0
9808.135127121916,70832.99,0.33841976523399353,0,0
9808.135127121916,71324.01,0.29842135310173035,0,0
9808.135127121916,70779.0,0.29506248235702515,0,1
9808.135127121916,70810.34,0.25874096155166626,0,1
9808.135127121916,70883.31,0.24449890851974487,0,1
9808.135127121916,71009.5,0.26484525203704834,0,0
9808.135127121916,71035.24,0.2130117267370224,0,0
9808.135127121916,71369.08,0.2519891560077667,0,0
9808.135127121916,71336.53,0.23668096959590912,0,0
9808.135127121916,71299.27,0.22940503060817719,0,0
9808.135127121916,71252.11,0.20549523830413818,0,0
9808.135127121916,70893.01,0.24845093488693237,0,0
9808.135127121916,70921.47,0.247894287109375,0,0
9808.135127121916,70772.01,0.22041171789169312,0,0
9808.135127121916,70016.98,0.3421078622341156,0,0
9808.135127121916,70097.18,0.3199896812438965,0,0
9808.135127121916,70087.44,0.2970147430896759,0,0
9808.135127121916,70024.77,0.30426260828971863,0,0
9808.135127121916,69562.41,0.380418062210083,0,0
9808.135127121916,69517.68,0.3089120388031006,0,0
9808.135127121916,69276.01,0.35421907901763916,0,0
9808.135127121916,69436.42,0.29269254207611084,0,0
9808.135127121916,69646.59,0.35947930812835693,0,0
9808.135127121916,69479.92,0.3456088602542877,0,0
9808.135127121916,69082.64,0.35611286759376526,0,0
9808.135127121916,68932.52,0.3248108923435211,0,0
9808.135127121916,68486.86,0.35916557908058167,0,0
9808.135127121916,68497.25,0.34657832980155945,0,0
9808.135127121916,68534.36,0.3110462725162506,0,1
9808.135127121916,69005.21,0.3503900468349457,0,0
9808.135127121916,68921.1,0.305540531873703,0,0
9808.135127121916,68892.67,0.3077961206436157,0,0
9808.135127121916,68820.31,0.2892589867115021,0,0
9808.135127121916,68785.01,0.30964919924736023,0,0
9808.135127121916,69051.27,0.26055803894996643,0,0
9808.135127121916,68903.59,0.2626153230667114,0,0
9808.135127121916,68767.51,0.2759552001953125,0,0
9808.135127121916,68578.0,0.3185165226459503,0,0
9808.135127121916,68630.77,0.2793004810810089,0,0
9808.135127121916,68656.15,0.24573509395122528,0,0
9808.135127121916,68540.48,0.3359381854534149,0,0
9808.135127121916,67920.5,0.37258413434028625,0,0
9808.135127121916,67695.81,0.3713999092578888,0,0
9808.135127121916,66502.41,0.44311657547950745,0,0
9827.85891956989,66702.78,0.40102511644363403,1,0
9815.626912935342,66619.76,0.37280628085136414,1,0
9752.059375686384,66188.32,0.4433130919933319,1,0
9754.525814990913,66205.06,0.4234241843223572,1,0
9740.935351343956,66112.82,0.3899461030960083,1,0
9721.26129875529,65979.29,0.35774025321006775,1,0
9711.540037456534,65632.92,0.3893192708492279,0,1
9711.540037456534,65836.69,0.343048632144928,0,1
9711.540037456534,66040.66,0.3761654198169708,0,0
9711.540037456534,66020.76,0.3164859712123871,0,0
9711.540037456534,66098.0,0.2662551999092102,0,0
9711.540037456534,66020.79,0.26186415553092957,0,0
9711.540037456534,66407.28,0.341949999332428,0,0
9711.540037456534,66431.55,0.2675758898258209,0,0
9711.540037456534,66178.85,0.37960106134414673,0,1
9711.540037456534,66053.2,0.3476913869380951,0,1
9711.540037456534,66240.0,0.2765743136405945,0,0
9711.540037456534,66285.01,0.2746777832508087,0,0
9711.540037456534,66341.9,0.27376803755760193,0,0
9711.540037456534,66382.0,0.25641587376594543,0,0
9711.540037456534,66561.48,0.2734445333480835,0,0
9711.540037456534,66409.33,0.2831191122531891,0,1
9711.540037456534,66311.32,0.2727595865726471,0,1
9711.540037456534,66221.38,0.3357818126678467,0,1
9711.540037456534,66319.47,0.27708202600479126,0,1
9711.540037456534,66455.09,0.3375614881515503,0,1
9711.540037456534,66835.1,0.29010289907455444,0,0
9711.540037456534,66742.1,0.2955833971500397,0,0
9711.540037456534,67014.91,0.3055957555770874,0,0
9711.540037456534,66926.95,0.2793152332305908,0,0
9711.540037456534,66846.21,0.32602590322494507,0,0
9711.540037456534,66908.03,0.23054899275302887,0,0
9711.540037456534,66916.52,0.2017943263053894,0,0
9711.540037456534,66906.0,0.20444095134735107,0,0
9711.540037456534,66685.53,0.2811892330646515,0,0
9711.540037456534,66755.88,0.24564042687416077,0,0
9711.540037456534,66377.03,0.31837964057922363,0,1
9711.540037456534,66487.93,0.2753443419933319,0,0
9711.540037456534,66569.22,0.27962779998779297,0,0
9711.540037456534,66818.0,0.3012121021747589,0,0
9711.540037456534,66912.0,0.32987743616104126,0,0
9711.540037456534,66735.14,0.258652925491333,0,0
9711.540037456534,66771.94,0.25064796209335327,0,0
9711.540037456534,66738.5,0.29583418369293213,0,0
9711.540037456534,66671.0,0.2543894052505493,0,0
9711.540037456534,66724.0,0.2347494661808014,0,0
9711.540037456534,66634.01,0.2198852151632309,0,0
9711.540037456534,66502.79,0.27341771125793457,0,0
9711.540037456534,66816.28,0.23143868148326874,0,0
9711.540037456534,66849.88,0.22376582026481628,0,0
9711.540037456534,66580.36,0.30230700969696045,0,0
9711.540037456534,66589.64,0.2816174030303955,0,0
9711.540037456534,66523.0,0.3197748064994812,0,0
9711.540037456534,66499.35,0.2468438744544983,0,0
9711.540037456534,66385.84,0.3020128309726715,0,0
9711.540037456534,66427.26,0.2142566293478012,0,0
9711.540037456534,66348.62,0.24677735567092896,0,0
9711.540037456534,66614.05,0.22432167828083038,0,1
9711.540037456534,66710.12,0.20900008082389832,0,1
9711.540037456534,65860.31,0.36244580149650574,0,1
9711.540037456534,66010.93,0.31409773230552673,0,1
9711.540037456534,66280.25,0.30187809467315674,0,1
9711.540037456534,66653.74,0.2800985872745514,0,1
9711.540037456534,67121.01,0.28591445088386536,0,1
9711.540037456534,67173.8,0.25872406363487244,0,0
9711.540037456534,67616.29,0.2750217020511627,0,0
9711.540037456534,67492.46,0.3022139072418213,0,0
9711.540037456534,67305.14,0.2944265604019165,0,1
9711.540037456534,67624.39,0.283084511756897,0,0
9711.540037456534,67666.44,0.30575406551361084,0,0
9711.540037456534,67495.46,0.2845407724380493,0,0
9711.540037456534,67488.53,0.2377782166004181,0,0
9711.540037456534,67680.45,0.27424344420433044,0,0
9711.540037456534,67899.59,0.28978970646858215,0,0
9711.540037456534,67529.52,0.3301457166671753,0,0
9711.540037456534,67799.54,0.3110296428203583,0,0
9711.540037456534,67629.4,0.3054501712322235,0,0
9711.540037456534,67368.1,0.2831660807132721,0,0
9711.540037456534,66828.02,0.31269362568855286,0,0
9711.540037456534,66653.46,0.2911362946033478,0,1
9711.540037456534,66550.05,0.295574426651001,0,1
9711.540037456534,66651.4,0.24262171983718872,0,1
9711.540037456534,66809.3,0.2757887840270996,0,1
9711.540037456534,66784.98,0.2673881947994232,0,1
9711.540037456534,66797.37,0.2709962725639343,0,1
9711.540037456534,67208.75,0.2500654458999634,0,0
9711.540037456534,67938.54,0.3085530698299408,0,0
9711.540037456534,67943.43,0.2473113238811493,0,0
9711.540037456534,67704.74,0.286163330078125,0,0
9711.540037456534,67544.01,0.30242472887039185,0,0
9711.540037456534,67681.68,0.2762909233570099,0,0
9711.540037456534,67492.85,0.29098454117774963,0,0
9711.540037456534,67367.69,0.30393052101135254,0,0
9711.540037456534,66778.33,0.3698543906211853,0,0
9711.540037456534,66124.99,0.3599300682544708,0,1
9711.540037456534,66363.38,0.33193814754486084,0,1
9711.540037456534,66685.69,0.32522615790367126,0,1
9711.540037456534,66653.26,0.31110063195228577,0,1
9711.540037456534,67302.29,0.3042975962162018,0,1
9711.540037456534,66587.45,0.39110222458839417,0,1
9711.540037456534,66736.8,0.3558141589164734,0,1
9711.540037456534,67665.83,0.34895551204681396,0,1
9711.540037456534,67526.75,0.3652074933052063,0,1
9711.540037456534,67854.05,0.31254464387893677,0,1
9711.540037456534,67838.8,0.2923780083656311,0,0
9711.540037456534,68265.53,0.29433152079582214,0,0
9711.540037456534,68277.99,0.2893546223640442,0,0
9711.540037456534,68172.87,0.2830452024936676,0,0
9711.540037456534,68284.48,0.2564547061920166,0,0
9711.540037456534,68330.75,0.28027623891830444,0,1
9711.540037456534,67782.73,0.3647225797176361,0,1
9711.540037456534,67668.89,0.332999587059021,0,1
9711.540037456534,68170.67,0.29196301102638245,0,1
9711.540037456534,68303.83,0.29214781522750854,0,0
9711.540037456534,68456.02,0.3082558512687683,0,0
9711.540037456534,69102.85,0.30209529399871826,0,0
9711.540037456534,68692.0,0.33038330078125,0,0
9711.540037456534,68670.16,0.3354148864746094,0,0
9711.540037456534,68644.0,0.281511515378952,0,0
9711.540037456534,68585.55,0.2687802314758301,0,0
9711.540037456534,68712.52,0.24635854363441467,0,0
9711.540037456534,68393.6,0.33143168687820435,0,0
9711.540037456534,68116.07,0.34962233901023865,0,0
9711.540037456534,68593.55,0.30767565965652466,0,0
9711.540037456534,68918.52,0.2918819487094879,0,0
9711.540037456534,68816.34,0.3029557466506958,0,0
9711.540037456534,68266.62,0.30991557240486145,0,0
9711.540037456534,68084.76,0.28978171944618225,0,1
9711.540037456534,68176.84,0.2606302499771118,0,0
9711.540037456534,68191.09,0.2533501982688904,0,0
9711.540037456534,68362.53,0.25323718786239624,0,0
9711.540037456534,68122.99,0.24983732402324677,0,0
9711.540037456534,68113.92,0.2550497055053711,0,0
9711.540037456534,68600.29,0.24906139075756073,0,0
9711.540037456534,67359.27,0.3975849449634552,0,0
9711.540037456534,66852.99,0.36065515875816345,0,0
9711.540037456534,66576.25,0.36424413323402405,0,0
9711.540037456534,66330.27,0.3453937768936157,0,0
9711.540037456534,66591.54,0.28564468026161194,0,0
9711.540037456534,66681.49,0.3100380599498749,0,0
9711.540037456534,66930.79,0.3164806067943573,0,0
9711.540037456534,66439.12,0.3438212275505066,0,1
9711.540037456534,66469.6,0.29596444964408875,0,1
9711.540037456534,66457.28,0.309391587972641,0,1
9711.540037456534,66220.28,0.30755752325057983,0,1
9711.540037456534,66052.71,0.37877893447875977,0,1
9711.540037456534,66270.87,0.3852253556251526,0,1
9711.540037456534,66868.18,0.41294217109680176,0,0
9711.540037456534,66852.91,0.36141225695610046,0,0
9711.540037456534,67095.85,0.4069855213165283,0,0
9711.540037456534,66679.16,0.4245120584964752,0,0
9745.900056993356,66981.99,0.4127644896507263,1,0
9745.027055155966,66975.99,0.32208794355392456,1,0
9739.681373905021,66939.25,0.3268794119358063,1,0
9739.198312888331,66935.93,0.30369335412979126,1,0
9745.971352143408,66982.48,0.2770186960697174,1,0
9734.260032494838,66901.99,0.2757740020751953,1,0
9724.525772462343,66785.86,0.2949521243572235,0,0
9724.525772462343,66630.0,0.3524544835090637,0,1
9724.525772462343,66533.81,0.31115132570266724,0,1
9724.525772462343,66579.97,0.27319297194480896,0,0
9724.525772462343,66602.66,0.23927752673625946,0,0
9724.525772462343,66600.35,0.3259909451007843,0,1
9724.525772462343,66796.79,0.2415156066417694,0,0
9724.525772462343,67042.08,0.2962228059768677,0,0
9724.525772462343,66965.39,0.31775200366973877,0,0
9724.525772462343,66859.58,0.25811949372291565,0,0
9724.525772462343,66883.08,0.23044955730438232,0,0
9724.525772462343,67017.44,0.20531216263771057,0,0
9724.525772462343,66722.16,0.2622123956680298,0,0
9724.525772462343,66672.0,0.24253560602664948,0,0
9724.525772462343,66929.81,0.24984432756900787,0,0
9724.525772462343,66827.15,0.22629956901073456,0,0
9724.525772462343,67010.46,0.20733030140399933,0,0
9724.525772462343,66855.01,0.21527789533138275,0,0
9724.525772462343,66812.03,0.15541137754917145,0,0
9724.525772462343,66885.74,0.1625135987997055,0,0
9724.525772462343,66831.98,0.1459221988916397,0,0
9724.525772462343,66964.21,0.15830086171627045,0,0
9724.525772462343,66888.76,0.1540425568819046,0,0
9724.525772462343,66964.3,0.1444031000137329,0,0
9724.525772462343,66893.39,0.15319699048995972,0,0
9724.525772462343,66852.0,0.14033956825733185,0,0
9724.525772462343,66844.83,0.13852715492248535,0,0
9724.525772462343,66832.18,0.12854953110218048,0,0
9724.525772462343,66860.73,0.12383870780467987,0,0
9724.525772462343,66916.29,0.14696070551872253,0,0
9724.525772462343,67013.24,0.1440776288509369,0,0
9724.525772462343,67014.96,0.15012922883033752,0,0
9724.525772462343,66940.0,0.16496838629245758,0,0
9724.525772462343,66988.05,0.13289014995098114,0,1
9724.525772462343,67167.0,0.18513895571231842,0,0
9724.525772462343,67156.93,0.1477031260728836,0,0
9724.525772462343,67097.87,0.15827828645706177,0,0
9724.525772462343,67193.44,0.1894455850124359,0,0
9724.525772462343,67215.24,0.1925138384103775,0,0
9724.525772462343,67383.66,0.19795989990234375,0,0
9724.525772462343,67366.68,0.24701792001724243,0,0
9724.525772462343,67329.4,0.18584008514881134,0,0
9724.525772462343,67295.47,0.20239685475826263,0,0
9724.525772462343,67288.42,0.24214263260364532,0,0
9724.525772462343,67268.4,0.186733677983284,0,0
9724.525772462343,67359.2,0.2278212010860443,0,0
9724.525772462343,67399.92,0.1835317313671112,0,0
9724.525772462343,67300.42,0.17820876836776733,0,0
9724.525772462343,67225.0,0.1678113043308258,0,0
9724.525772462343,67085.0,0.162616565823555,0,0
9724.525772462343,67170.16,0.18423989415168762,0,0
9724.525772462343,67145.98,0.14537110924720764,0,0
9724.525772462343,67101.65,0.15918223559856415,0,0
9724.525772462343,66931.65,0.2184019684791565,0,0
9724.525772462343,66802.24,0.2517692744731903,0,0
9724.525772462343,66820.64,0.21790942549705505,0,0
9724.525772462343,66933.18,0.1799667924642563,0,0
9724.525772462343,67035.15,0.20923152565956116,0,0
9724.525772462343,67046.01,0.25273582339286804,0,0
9724.525772462343,66999.0,0.20170435309410095,0,1
9724.525772462343,66783.58,0.2803254723548889,0,1
9724.525772462343,66890.7,0.2525307238101959,0,1
9724.525772462343,66918.03,0.20351454615592957,0,1
9724.525772462343,67306.64,0.2475045919418335,0,0
9724.525772462343,67212.62,0.3068626821041107,0,1
9724.525772462343,67373.64,0.23513838648796082,0,1
9724.525772462343,67413.78,0.24607791006565094,0,1
9724.525772462343,67361.01,0.2684336304664612,0,1
9724.525772462343,67658.35,0.25813183188438416,0,1
9724.525772462343,67553.43,0.28055375814437866,0,1
9724.525772462343,68338.43,0.2996564209461212,0,1
9724.525772462343,69034.18,0.29196909070014954,0,0
9724.525772462343,69083.78,0.26715099811553955,0,0
9724.525772462343,68810.18,0.2868224084377289,0,0
9724.525772462343,69207.99,0.27864593267440796,0,0
9724.525772462343,69123.69,0.2965957522392273,0,1
9724.525772462343,69141.8,0.25448504090309143,0,1
9724.525772462343,69199.31,0.2663905620574951,0,1
9724.525772462343,68976.67,0.2744610607624054,0,1
9724.525772462343,69115.91,0.287875235080719,0,0
9724.525772462343,69224.63,0.2642604410648346,0,1
9724.525772462343,69728.0,0.31552234292030334,0,0
9724.525772462343,69770.88,0.2775070071220398,0,0
9724.525772462343,69614.91,0.2967236638069153,0,0
9724.525772462343,69366.75,0.2875434160232544,0,1
9724.525772462343,69428.23,0.2622315287590027,0,0
9724.525772462343,69654.38,0.27399682998657227,0,0
9724.525772462343,69968.87,0.2965470552444458,0,0
9724.525772462343,69799.14,0.2995557188987732,0,0
9724.525772462343,69574.61,0.287431538105011,0,0
9724.525772462343,69888.97,0.2632616460323334,0,0
9724.525772462343,69739.53,0.25955140590667725,0,0
9724.525772462343,69826.01,0.243749737739563,0,0
9724.525772462343,69504.99,0.24064013361930847,0,0
9724.525772462343,68811.0,0.2972029447555542,0,0
9724.525772462343,68853.66,0.3027860224246979,0,0
9724.525772462343,68775.7,0.3257039487361908,0,0
9724.525772462343,68400.01,0.3275652527809143,0,0
9724.525772462343,68674.0,0.2920153737068176,0,0
9724.525772462343,68779.21,0.2165098935365677,0,1
9724.525772462343,68854.65,0.2688829004764557,0,0
9724.525772462343,68669.0,0.2580682933330536,0,0
9724.525772462343,68568.35,0.2613680362701416,0,0
9724.525772462343,68624.61,0.23726998269557953,0,0
9724.525772462343,68936.71,0.2703254520893097,0,0
9724.525772462343,69150.05,0.27069929242134094,0,0
9724.525772462343,68237.93,0.3557997941970825,0,0
9724.525772462343,68345.75,0.30203279852867126,0,1
9724.525772462343,68392.18,0.3266902565956116,0,0
9724.525772462343,68231.99,0.33865705132484436,0,1
9724.525772462343,67860.48,0.3782779276371002,0,1
9724.525772462343,68168.1,0.3405570387840271,0,1
9724.525772462343,68229.99,0.3564302325248718,0,1
9724.525772462343,68705.81,0.3608110845088959,0,1
9724.525772462343,68442.53,0.33628058433532715,0,1
9724.525772462343,69011.29,0.3448462188243866,0,1
9724.525772462343,69319.39,0.34817036986351013,0,1
9724.525772462343,69927.64,0.32642412185668945,0,1
9724.525772462343,71514.09,0.4021877348423004,0,0
9724.525772462343,71924.22,0.40517646074295044,0,0
9724.525772462343,71710.19,0.2881247401237488,0,0
9724.525772462343,71476.97,0.23914794623851776,0,0
9724.525772462343,71364.94,0.31088754534721375,0,1
9724.525772462343,71287.39,0.22523608803749084,0,1
9724.525772462343,71566.18,0.2777608036994934,0,0
9724.525772462343,71731.1,0.260723352432251,0,0
9724.525772462343,71732.69,0.29196667671203613,0,0
9724.525772462343,71627.59,0.28873780369758606,0,0
9724.525772462343,71800.0,0.2420949935913086,0,0
9724.525772462343,71678.87,0.27897971868515015,0,0
9724.525772462343,71476.98,0.2595025599002838,0,0
9724.525772462343,71675.12,0.2790308892726898,0,0
9724.525772462343,72071.95,0.28499600291252136,0,0
9724.525772462343,71600.01,0.35157495737075806,0,0
9724.525772462343,70912.88,0.3584589660167694,0,1
9724.525772462343,71310.0,0.31547173857688904,0,0
9724.525772462343,71602.1,0.3058871328830719,0,0
9724.525772462343,71888.19,0.3068639934062958,0,0
9724.525772462343,71099.63,0.30662909150123596,0,0
9724.525772462343,71318.48,0.2618781328201294,0,0
9724.525772462343,71372.93,0.22455154359340668,0,0
9724.525772462343,71551.39,0.24674443900585175,0,0
9724.525772462343,71064.84,0.3110754191875458,0,0
9724.525772462343,71069.93,0.2748134434223175,0,0
9724.525772462343,70815.5,0.3683168590068817,0,0
9724.525772462343,70928.89,0.31597083806991577,0,0
9724.525772462343,71060.64,0.2620573341846466,0,0
9724.525772462343,70992.39,0.24559037387371063,0,1
9724.525772462343,70782.0,0.244884192943573,0,1
9724.525772462343,70984.0,0.2786746025085449,0,0
9724.525772462343,71031.84,0.24193529784679413,0,0
9724.525772462343,70982.01,0.19653503596782684,0,0
9724.525772462343,71249.51,0.2817603349685669,0,0
9724.525772462343,71534.68,0.2822200655937195,0,1
9724.525772462343,71276.45,0.2898479700088501,0,1
9724.525772462343,71150.17,0.2967354655265808,0,1
9724.525772462343,71279.63,0.24132190644741058,0,1
9724.525772462343,70801.98,0.3316889703273773,0,1
9724.525772462343,71123.71,0.28916534781455994,0,1
9724.525772462343,72141.99,0.31584230065345764,0,0
9724.525772462343,72080.87,0.31420883536338806,0,0
9724.525772462343,72347.49,0.296688050031662,0,0
9724.525772462343,71888.69,0.31162992119789124,0,0
9724.525772462343,72096.32,0.27247491478919983,0,0
9724.525772462343,72413.97,0.27600258588790894,0,0
9724.525772462343,72264.95,0.30542224645614624,0,0
9724.525772462343,71946.01,0.31394055485725403,0,0
9724.525772462343,71787.97,0.2911195755004883,0,0
9724.525772462343,71963.03,0.25177958607673645,0,0
9724.525772462343,72157.93,0.24244509637355804,0,0
9724.525772462343,71965.36,0.24020907282829285,0,0
9724.525772462343,71868.67,0.2470061331987381,0,0
9724.525772462343,72117.29,0.26612481474876404,0,0
9724.525772462343,72127.84,0.2246542125940323,0,0
9724.525772462343,71805.38,0.2697002589702606,0,1
9724.525772462343,71481.85,0.2842353582382202,0,1
9724.525772462343,71606.07,0.26837512850761414,0,1
9724.525772462343,71787.41,0.23513413965702057,0,1
9724.525772462343,71910.09,0.23228231072425842,0,1
9724.525772462343,72127.59,0.2668914794921875,0,1
9724.525772462343,72258.68,0.28597521781921387,0,1
9724.525772462343,72321.4,0.26811981201171875,0,1
9724.525772462343,72909.0,0.2930351495742798,0,1
9724.525772462343,72460.51,0.30163002014160156,0,1
9724.525772462343,72992.33,0.27429884672164917,0,0
9724.525772462343,73121.66,0.26549673080444336,0,0
9724.525772462343,73107.07,0.26844802498817444,0,0
9724.525772462343,73236.11,0.2701532244682312,0,0
9724.525772462343,73361.68,0.27537834644317627,0,0
9724.525772462343,73190.67,0.27976611256599426,0,0
9724.525772462343,72877.0,0.30328482389450073,0,0
9724.525772462343,72962.7,0.2515517771244049,0,0
9724.525772462343,72828.42,0.2047334611415863,0,0
9724.525772462343,72954.39,0.23355832695960999,0,0
9724.525772462343,72966.57,0.213394895195961,0,0
9724.525772462343,72866.63,0.24304835498332977,0,0
9724.525772462343,72806.08,0.29471588134765625,0,0
9724.525772462343,72722.28,0.20278456807136536,0,0
9724.525772462343,72762.0,0.20945388078689575,0,0
9724.525772462343,72745.38,0.2147032767534256,0,0
9724.525772462343,72664.17,0.2065938115119934,0,0
9724.525772462343,72907.11,0.26578858494758606,0,0
9724.525772462343,72843.71,0.206650048494339,0,0
9724.525772462343,72907.05,0.15936483442783356,0,0
9724.525772462343,72940.49,0.20048031210899353,0,1
9724.525772462343,72658.07,0.34000033140182495,0,1
9724.525772462343,72704.67,0.20959261059761047,0,1
9724.525772462343,72858.17,0.24742785096168518,0,1
9724.525772462343,73034.33,0.2949792146682739,0,0
9724.525772462343,73095.97,0.23091034591197968,0,0
9724.525772462343,73547.89,0.29211023449897766,0,0
9724.525772462343,73687.15,0.3159430921077728,0,0
9724.525772462343,73290.43,0.3203766644001007,0,0
9724.525772462343,73427.04,0.29339712858200073,0,0
9724.525772462343,73376.01,0.2806812524795532,0,0
9724.525772462343,73043.16,0.32732319831848145,0,0
9724.525772462343,73079.96,0.24184361100196838,0,0
9724.525772462343,71643.69,0.4039285182952881,0,0
9724.525772462343,71761.35,0.3681579828262329,0,0
9724.525772462343,71593.19,0.3698520362377167,0,0
9724.525772462343,71466.53,0.29787856340408325,0,0
9724.525772462343,71710.2,0.31145352125167847,0,0
9724.525772462343,71668.01,0.22638118267059326,0,0
9724.525772462343,71665.0,0.23597103357315063,0,0
9724.525772462343,71629.21,0.2973750829696655,0,0
9724.525772462343,71531.94,0.2456328123807907,0,0
9724.525772462343,71452.89,0.31190216541290283,0,0
9724.525772462343,71468.55,0.23368848860263824,0,0
9724.525772462343,71084.01,0.36561864614486694,0,0
9724.525772462343,70889.42,0.3637162446975708,0,0
9724.525772462343,70748.34,0.34679168462753296,0,1
9724.525772462343,70892.03,0.32273685932159424,0,1
9724.525772462343,70936.27,0.2674967050552368,0,0
9724.525772462343,71140.51,0.3431258201599121,0,0
9724.525772462343,71137.64,0.25645026564598083,0,0
9724.525772462343,71084.18,0.2416871190071106,0,0
9724.525772462343,71335.43,0.33229291439056396,0,0
9724.525772462343,71364.02,0.318411648273468,0,0
9724.525772462343,70912.73,0.3665161430835724,0,0
9724.525772462343,70740.98,0.3109948933124542,0,0
9724.525772462343,71172.62,0.36817467212677,0,0
9724.525772462343,71197.64,0.2776159644126892,0,0
9724.525772462343,71073.14,0.30145832896232605,0,0
9724.525772462343,70976.0,0.2595161199569702,0,0
9724.525772462343,70890.3,0.2910294234752655,0,0
9724.525772462343,70878.82,0.25833940505981445,0,0
9724.525772462343,71017.66,0.23868073523044586,0,0
9724.525772462343,70813.88,0.31155040860176086,0,1
9724.525772462343,70680.7,0.29763123393058777,0,1
9724.525772462343,70792.88,0.23360203206539154,0,1
9724.525772462343,70755.88,0.21098490059375763,0,1
9724.525772462343,70929.68,0.27087658643722534,0,1
9724.525772462343,71074.91,0.3160147964954376,0,1
9724.525772462343,71662.65,0.30699795484542847,0,1
9724.525772462343,72400.15,0.32972830533981323,0,1
9724.525772462343,71866.59,0.32462891936302185,0,1
9724.525772462343,72202.36,0.3154328763484955,0,1
9724.525772462343,72148.87,0.33554285764694214,0,1
9724.525772462343,72424.86,0.3140435218811035,0,1
9724.525772462343,73322.82,0.37441083788871765,0,1
9724.525772462343,73149.36,0.3184375464916229,0,1
9724.525772462343,73179.71,0.2760113775730133,0,1
9724.525772462343,74627.04,0.3378569781780243,0,0
9724.525772462343,74417.99,0.34173062443733215,0,0
9724.525772462343,74163.82,0.3028155267238617,0,0
9724.525772462343,74386.02,0.28923165798187256,0,0
9724.525772462343,74330.98,0.25053003430366516,0,1
9724.525772462343,74444.43,0.27009817957878113,0,0
9724.525772462343,74387.85,0.23406068980693817,0,0
9724.525772462343,74210.11,0.26579371094703674,0,0
9724.525772462343,74522.73,0.26686057448387146,0,0
9724.525772462343,74546.0,0.3412948250770569,0,1
9724.525772462343,74750.0,0.29877904057502747,0,0
9724.525772462343,74500.0,0.27270305156707764,0,1
9724.525772462343,74350.01,0.27611956000328064,0,0
9724.525772462343,74376.52,0.19793196022510529,0,1
9724.525772462343,74452.0,0.22536209225654602,0,0
9724.525772462343,75525.94,0.34262987971305847,0,0
9724.525772462343,75013.62,0.3396463692188263,0,0
9724.525772462343,75317.07,0.3054839074611664,0,0
9724.525772462343,74652.2,0.3532463014125824,0,0
9724.525772462343,74748.9,0.30887290835380554,0,0
9724.525772462343,74093.19,0.32254746556282043,0,1
9724.525772462343,74223.18,0.30190137028694153,0,1
9724.525772462343,74102.29,0.26633504033088684,0,0
9724.525772462343,74277.15,0.2534720003604889,0,0
9724.525772462343,74023.15,0.3421519696712494,0,0
9724.525772462343,74131.55,0.22025492787361145,0,0
9724.525772462343,74568.36,0.2656894028186798,0,0
9724.525772462343,74613.28,0.23064997792243958,0,0
9724.525772462343,74322.0,0.25108540058135986,0,0
9724.525772462343,74345.97,0.20944277942180634,0,0
9724.525772462343,74340.38,0.21185100078582764,0,0
9724.525772462343,74021.5,0.3010803163051605,0,0
9724.525772462343,73891.62,0.21722744405269623,0,1
9724.525772462343,73730.43,0.37711623311042786,0,0
9724.525772462343,74110.51,0.3291691541671753,0,0
9724.525772462343,74011.69,0.22202575206756592,0,0
9724.525772462343,73864.75,0.31378960609436035,0,0
9724.525772462343,74201.78,0.28626373410224915,0,0
9724.525772462343,74273.77,0.3059956729412079,0,0
9724.525772462343,74063.92,0.3945218026638031,0,1
9724.525772462343,74151.81,0.379345566034317,0,1
9724.525772462343,73844.08,0.41665419936180115,0,1
9724.525772462343,73941.09,0.3531745672225952,0,1
9724.525772462343,74134.95,0.32684749364852905,0,1
9724.525772462343,74390.29,0.28051888942718506,0,1
9724.525772462343,75002.6,0.3098291754722595,0,0
9724.525772462343,74841.68,0.3237316906452179,0,0
9724.525772462343,74743.1,0.27079448103904724,0,0
9724.525772462343,74964.0,0.30017682909965515,0,0
9724.525772462343,74809.99,0.28337645530700684,0,0
9724.525772462343,74815.1,0.2584744095802307,0,0
9724.525772462343,74657.66,0.22155150771141052,0,0
9724.525772462343,74887.24,0.2655814290046692,0,0
9724.525772462343,74888.21,0.2403712272644043,0,0
9724.525772462343,74944.15,0.2765142023563385,0,0
9724.525772462343,75043.48,0.20767903327941895,0,0
9724.525772462343,75045.01,0.21733982861042023,0,0
9724.525772462343,74707.03,0.3140595257282257,0,0
9724.525772462343,74677.91,0.23598892986774445,0,0
9724.525772462343,74594.02,0.2660912275314331,0,0
9724.525772462343,74313.0,0.2947198748588562,0,0
9724.525772462343,74574.79,0.2931361794471741,0,0
9724.525772462343,74624.0,0.299578458070755,0,1
9724.525772462343,73788.03,0.37436094880104065,0,1
9724.525772462343,73973.33,0.3264395296573639,0,1
9724.525772462343,74697.19,0.3299592137336731,0,0
9724.525772462343,74175.57,0.3232680857181549,0,1
9724.525772462343,74343.25,0.2918902635574341,0,1
9724.525772462343,75026.71,0.26711970567703247,0,0
9724.525772462343,75342.99,0.26244449615478516,0,0
9724.525772462343,75223.47,0.29814696311950684,0,0
9724.525772462343,74934.24,0.29954594373703003,0,0
9724.525772462343,74867.92,0.24356871843338013,0,0
9724.525772462343,75154.29,0.2457888126373291,0,0
9724.525772462343,74944.98,0.20528997480869293,0,0
9724.525772462343,74750.0,0.24467557668685913,0,0
9724.525772462343,74700.0,0.17846211791038513,0,1
9724.525772462343,74615.82,0.22208018600940704,0,1
9724.525772462343,74791.39,0.2244441658258438,0,1
9724.525772462343,74637.77,0.20479823648929596,0,1
9724.525772462343,74938.52,0.2367890179157257,0,1
9724.525772462343,75074.77,0.20503398776054382,0,1
9724.525772462343,75780.38,0.2921343147754669,0,1
9724.525772462343,75779.99,0.30551961064338684,0,1
9724.525772462343,75278.77,0.31434166431427,0,1
9724.525772462343,75589.7,0.24686044454574585,0,1
9724.525772462343,76233.05,0.2880212962627411,0,1
9724.525772462343,77340.12,0.36789652705192566,0,0
9724.525772462343,77886.77,0.3515932261943817,0,0
9724.525772462343,77785.02,0.37895408272743225,0,0
9724.525772462343,77857.14,0.3555583655834198,0,0
9724.525772462343,77520.59,0.308247447013855,0,0
9724.525772462343,77159.89,0.2984609007835388,0,0
9724.525772462343,77393.58,0.3011077344417572,0,0
9724.525772462343,77337.64,0.29827576875686646,0,0
9724.525772462343,77445.73,0.21437320113182068,0,0
9724.525772462343,77301.25,0.22106048464775085,0,0
9724.525772462343,77072.0,0.28413766622543335,0,0
9724.525772462343,77168.0,0.21954134106636047,0,0
9724.525772462343,77218.07,0.2094568908214569,0,0
9724.525772462343,77292.52,0.23145180940628052,0,0
9724.525772462343,77005.47,0.281221866607666,0,0
9724.525772462343,77100.74,0.2065635770559311,0,0
9724.525772462343,77134.66,0.18015065789222717,0,0
9724.525772462343,77136.01,0.19999544322490692,0,0
9724.525772462343,76997.8,0.20682339370250702,0,0
9724.525772462343,76738.63,0.27526921033859253,0,0
9724.525772462343,76599.89,0.25927814841270447,0,0
9724.525772462343,76189.56,0.2818981111049652,0,0
9724.525772462343,76039.05,0.27175286412239075,0,0
9724.525772462343,76206.97,0.2629886269569397,0,0
9724.525772462343,76122.87,0.3279857039451599,0,0
9724.525772462343,76249.99,0.2900818884372711,0,0
9724.525772462343,76167.34,0.2975078821182251,0,0
9724.525772462343,75943.35,0.3595702350139618,0,0
9724.525772462343,75828.51,0.2671666145324707,0,0
9724.525772462343,75651.78,0.3245157301425934,0,0
9724.525772462343,75649.85,0.2491433024406433,0,0
9724.525772462343,75754.78,0.2560296058654785,0,0
9724.525772462343,75821.34,0.23403368890285492,0,0
9724.525772462343,75813.53,0.23773163557052612,0,0
9724.525772462343,75691.76,0.23239821195602417,0,0
9724.525772462343,75693.01,0.2707951068878174,0,0
9724.525772462343,75621.95,0.2889876663684845,0,0
9724.525772462343,75496.0,0.25560975074768066,0,0
9724.525772462343,75515.77,0.2487478107213974,0,0
9724.525772462343,75664.62,0.2562194764614105,0,0
9724.525772462343,75545.6,0.20350375771522522,0,0
9724.525772462343,75400.09,0.23885062336921692,0,0
9724.525772462343,75252.34,0.3608073592185974,0,1
9724.525772462343,75257.6,0.2519005537033081,0,1
9724.525772462343,75015.0,0.2913576066493988,0,1
9724.525772462343,75222.45,0.2849709093570709,0,0
9724.525772462343,75604.11,0.31279420852661133,0,0
9724.525772462343,75571.6,0.2681494951248169,0,0
9724.525772462343,75921.75,0.3030802011489868,0,0
9724.525772462343,76024.01,0.3098408877849579,0,0
9724.525772462343,75846.63,0.3230995237827301,0,0
9724.525772462343,75382.86,0.4127054512500763,0,0
9724.525772462343,74791.26,0.4568409323692322,0,0
9712.062440183508,74770.11,0.3545977473258972,1,0
9737.438202213472,74965.47,0.30307143926620483,1,0
9693.863228379565,74630.0,0.39102903008461,1,0
9667.254788310778,74425.15,0.3761117458343506,1,0
9618.18017399597,74047.34,0.4493645131587982,1,1
9586.285116837607,73801.79,0.27269837260246277,1,1
9576.69883172077,74280.01,0.3845410645008087,0,1
9576.69883172077,74595.13,0.357970267534256,0,0
9576.69883172077,74410.01,0.2975325286388397,0,0
9576.69883172077,74634.0,0.293050080537796,0,1
9576.69883172077,74567.64,0.23805241286754608,0,1
9576.69883172077,74264.15,0.3554837107658386,0,1
9576.69883172077,74786.59,0.3388238549232483,0,1
9576.69883172077,74837.17,0.3523930013179779,0,1
9576.69883172077,74728.91,0.31384462118148804,0,0
9576.69883172077,75062.77,0.2905507981777191,0,1
9576.69883172077,75027.26,0.29914435744285583,0,0
9576.69883172077,75192.71,0.2851532995700836,0,1
9576.69883172077,75289.9,0.31157630681991577,0,1
9576.69883172077,75269.38,0.36670562624931335,0,1
9576.69883172077,75034.79,0.39121079444885254,0,1
9576.69883172077,75716.77,0.34134405851364136,0,0
9576.69883172077,75338.74,0.3266632556915283,0,1
9576.69883172077,75898.14,0.29968181252479553,0,0
9576.69883172077,76423.69,0.3077430725097656,0,0
9576.69883172077,76296.96,0.2962453067302704,0,0
9576.69883172077,76276.17,0.3091132938861847,0,0
9576.69883172077,75954.71,0.3291464149951935,0,0
9576.69883172077,75974.24,0.23670223355293274,0,0
9576.69883172077,75840.97,0.27666717767715454,0,0
9576.69883172077,76092.45,0.22855059802532196,0,0
9576.69883172077,75927.59,0.21445819735527039,0,0
9576.69883172077,75581.33,0.24541641771793365,0,1
9576.69883172077,75710.3,0.21106597781181335,0,1
9576.69883172077,75813.81,0.20783750712871552,0,1
9576.69883172077,75802.0,0.23305609822273254,0,1
9576.69883172077,75974.11,0.28801774978637695,0,0
9576.69883172077,76084.34,0.3084176182746887,0,0
9576.69883172077,76507.21,0.2996380031108856,0,0
9576.69883172077,76362.77,0.30030104517936707,0,0
9576.69883172077,76746.41,0.27850714325904846,0,0
9576.69883172077,76452.94,0.30594784021377563,0,0
9576.69883172077,76009.46,0.3534526526927948,0,0
9576.69883172077,75899.98,0.35020363330841064,0,0
9576.69883172077,75675.05,0.36584508419036865,0,0
9576.69883172077,75834.65,0.32731908559799194,0,0
9576.69883172077,75781.18,0.3302074074745178,0,0
9576.69883172077,75545.62,0.3378513753414154,0,1
9576.69883172077,75610.21,0.31492727994918823,0,1
9576.69883172077,75023.43,0.448574036359787,0,1
9653.219196527507,75698.51,0.37780070304870605,1,1
9634.279641243418,75549.99,0.27458104491233826,1,1
9647.038209154629,75650.04,0.26408401131629944,1,1
9734.532272418615,76336.15,0.29486486315727234,1,1
9738.906274211266,76370.45,0.22552606463432312,1,1
9729.666036021896,76297.99,0.2144799381494522,1,1
9719.936369985873,77604.71,0.3564566373825073,0,1
9719.936369985873,77521.48,0.3321457505226135,0,1
9719.936369985873,77523.0,0.32055413722991943,0,1
9719.936369985873,77994.93,0.38220667839050293,0,0
9719.936369985873,78010.72,0.30385297536849976,0,0
9719.936369985873,78012.79,0.33344030380249023,0,1
9719.936369985873,78010.92,0.30020102858543396,0,1
9719.936369985873,78001.95,0.27553293108940125,0,1
9719.936369985873,78157.41,0.3256109654903412,0,1
9719.936369985873,78300.0,0.33642613887786865,0,1
9719.936369985873,78236.05,0.3190128207206726,0,1
9719.936369985873,78840.94,0.35471877455711365,0,0
9719.936369985873,79045.75,0.3804034888744354,0,0
9719.936369985873,79272.9,0.3437259793281555,0,0
9719.936369985873,78743.59,0.3205640912055969,0,0
9719.936369985873,78900.0,0.2567027509212494,0,0
9719.936369985873,79022.39,0.25961896777153015,0,0
9719.936369985873,78846.62,0.2613314390182495,0,0
9719.936369985873,78436.68,0.2794173061847687,0,0
9719.936369985873,78762.69,0.25217750668525696,0,0
9719.936369985873,78607.95,0.25499293208122253,0,0
9719.936369985873,78178.23,0.2676895260810852,0,0
9719.936369985873,78424.29,0.27250105142593384,0,0
9719.936369985873,78359.23,0.2201836258172989,0,0
9719.936369985873,77939.92,0.264497846364975,0,0
9719.936369985873,77746.46,0.3028438091278076,0,0
9719.936369985873,77920.09,0.21589800715446472,0,0
9719.936369985873,78033.87,0.26520904898643494,0,0
9719.936369985873,78211.43,0.2540542185306549,0,0
9719.936369985873,78048.62,0.21918834745883942,0,0
9719.936369985873,77858.35,0.29104846715927124,0,0
9719.936369985873,77655.34,0.28616437315940857,0,1
9719.936369985873,77403.63,0.3555079698562622,0,1
9719.936369985873,77704.62,0.2906420826911926,0,0
9719.936369985873,77870.53,0.29507020115852356,0,0
9719.936369985873,77532.23,0.3676570653915405,0,0
9719.936369985873,78180.77,0.356650710105896,0,0
9719.936369985873,78376.76,0.34972530603408813,0,0
9719.936369985873,78103.72,0.3720851242542267,0,0
9719.936369985873,77769.21,0.3860374689102173,0,1
9719.936369985873,77678.65,0.38672369718551636,0,1
9719.936369985873,77727.26,0.31894999742507935,0,1
9719.936369985873,77886.97,0.2919771373271942,0,0
9719.936369985873,77864.83,0.22306713461875916,0,0
9719.936369985873,78235.3,0.27590784430503845,0,0
9719.936369985873,78257.48,0.2021416425704956,0,0
9719.936369985873,78417.22,0.24891822040081024,0,0
9719.936369985873,78429.73,0.3069324791431427,0,0
9719.936369985873,78125.65,0.3178772032260895,0,0
9719.936369985873,77737.85,0.3514311909675598,0,0
9719.936369985873,77670.0,0.314759761095047,0,0
9719.936369985873,77953.48,0.32113659381866455,0,0
9719.936369985873,77789.75,0.23949457705020905,0,1
9719.936369985873,77644.6,0.3174775242805481,0,1
9719.936369985873,77785.71,0.3247653841972351,0,0
9719.936369985873,77527.69,0.3102387487888336,0,1
9719.936369985873,77752.36,0.29545730352401733,0,0
9719.936369985873,78240.26,0.34396031498908997,0,0
9719.936369985873,78275.66,0.3183988928794861,0,0
9719.936369985873,78093.79,0.3445451557636261,0,0
9719.936369985873,78037.64,0.3225128948688507,0,0
9719.936369985873,78038.62,0.3415433466434479,0,0
9719.936369985873,77777.28,0.3477960228919983,0,0
9719.936369985873,77681.71,0.3172825872898102,0,0
9719.936369985873,77618.24,0.30311357975006104,0,0
9719.936369985873,77628.85,0.25872403383255005,0,0
9719.936369985873,77718.31,0.3081410229206085,0,0
9719.936369985873,77536.48,0.266675740480423,0,0
9719.936369985873,77328.91,0.3335513770580292,0,0
9719.936369985873,77437.13,0.2563074827194214,0,0
9719.936369985873,77456.88,0.20366141200065613,0,0
9719.936369985873,77541.63,0.19442014396190643,0,0
9719.936369985873,77607.8,0.17190775275230408,0,0
9719.936369985873,77679.07,0.18335598707199097,0,0
9719.936369985873,77619.05,0.19111482799053192,0,0
9719.936369985873,77510.28,0.17804580926895142,0,0
9719.936369985873,77503.63,0.1891068071126938,0,0
9719.936369985873,77501.19,0.1859285533428192,0,0
9719.936369985873,77643.37,0.1917990893125534,0,0
9719.936369985873,77714.55,0.19932067394256592,0,0
9719.936369985873,77787.77,0.21437831223011017,0,0
9719.936369985873,77682.3,0.23865696787834167,0,0
9719.936369985873,77557.14,0.22799719870090485,0,0
9719.936369985873,77691.69,0.2255309671163559,0,0
9719.936369985873,77656.75,0.25285083055496216,0,0
9719.936369985873,77330.26,0.3040783107280731,0,0
9719.936369985873,77397.27,0.2903885841369629,0,0
9719.936369985873,77245.77,0.28666776418685913,0,0
9719.936369985873,77313.0,0.27977460622787476,0,0
9719.936369985873,77330.01,0.27802586555480957,0,0
9719.936369985873,77479.13,0.23321782052516937,0,0
9719.936369985873,77525.84,0.2436707764863968,0,0
9719.936369985873,77557.01,0.251605749130249,0,0
9719.936369985873,77625.0,0.23750995099544525,0,0
9719.936369985873,77502.4,0.19630222022533417,0,1
9719.936369985873,77461.16,0.18056747317314148,0,1
9719.936369985873,77512.67,0.16437774896621704,0,1
9719.936369985873,77400.21,0.21270601451396942,0,1
9719.936369985873,77774.29,0.20692867040634155,0,0
9719.936369985873,77983.31,0.19639717042446136,0,0
9719.936369985873,77999.04,0.28953778743743896,0,0
9719.936369985873,78102.53,0.31490713357925415,0,0
9719.936369985873,78032.59,0.3238134980201721,0,0
9719.936369985873,77999.99,0.31199678778648376,0,0
9719.936369985873,78002.43,0.3240656554698944,0,0
9719.936369985873,78101.44,0.3168467581272125,0,0
9719.936369985873,77833.08,0.3375939726829529,0,1
9719.936369985873,77977.79,0.3243568241596222,0,0
9719.936369985873,78095.66,0.27362075448036194,0,0
9719.936369985873,78049.0,0.309953898191452,0,0
9719.936369985873,77919.43,0.2907482981681824,0,1
9719.936369985873,78018.57,0.2516099810600281,0,1
9719.936369985873,78283.96,0.23754921555519104,0,1
9719.936369985873,78221.16,0.25833970308303833,0,1
9719.936369985873,78194.22,0.2312038093805313,0,1
9719.936369985873,78417.41,0.2699471414089203,0,1
9719.936369985873,78313.52,0.2838286757469177,0,1
9719.936369985873,78657.55,0.24488359689712524,0,0
9719.936369985873,79308.6,0.33221372961997986,0,0
9719.936369985873,79283.66,0.303131103515625,0,0
9719.936369985873,79130.01,0.20930145680904388,0,0
9719.936369985873,79105.49,0.2444225698709488,0,0
9719.936369985873,78924.22,0.24065236747264862,0,0
9719.936369985873,77785.54,0.3283865451812744,0,0
9719.936369985873,77700.12,0.3038121461868286,0,0
9719.936369985873,77606.6,0.2548026144504547,0,0
9719.936369985873,77804.34,0.21856050193309784,0,0
9719.936369985873,77900.01,0.22875238955020905,0,0
9719.936369985873,77850.01,0.1862250119447708,0,0
9719.936369985873,77844.26,0.17349088191986084,0,0
9719.936369985873,77667.36,0.23368340730667114,0,0
9719.936369985873,77746.74,0.280081182718277,0,0
9719.936369985873,77815.25,0.28226304054260254,0,0
9719.936369985873,76793.09,0.36873799562454224,0,0
9719.936369985873,76618.59,0.3087341785430908,0,1
9719.936369985873,76743.24,0.28650152683258057,0,1
9719.936369985873,76834.06,0.2013588696718216,0,1
9719.936369985873,76878.07,0.31500980257987976,0,0
9719.936369985873,76960.43,0.20776285231113434,0,0
9719.936369985873,76786.81,0.2116222083568573,0,0
9719.936369985873,77066.42,0.23388947546482086,0,0
9719.936369985873,77371.32,0.28948715329170227,0,0
9719.936369985873,77379.62,0.28231289982795715,0,0
9719.936369985873,77084.68,0.3028915226459503,0,0
9719.936369985873,76890.93,0.38444948196411133,0,0
9719.936369985873,76815.18,0.257004052400589,0,0
9719.936369985873,76888.08,0.2563132047653198,0,0
9719.936369985873,76885.98,0.32499176263809204,0,0
9719.936369985873,76720.0,0.3743632137775421,0,0
9719.936369985873,76879.28,0.37887242436408997,0,0
9719.936369985873,76858.59,0.2521604597568512,0,0
9719.936369985873,76598.0,0.2996516525745392,0,0
9719.936369985873,76618.35,0.23366309702396393,0,0
9719.936369985873,76229.0,0.3440357446670532,0,0
9719.936369985873,76372.05,0.2566765546798706,0,0
9719.936369985873,76189.84,0.349791944026947,0,0
9719.936369985873,75949.99,0.3465329110622406,0,1
9719.936369985873,76066.38,0.25938642024993896,0,0
9719.936369985873,76125.04,0.2632042169570923,0,0
9719.936369985873,76187.3,0.243058443069458,0,0
9719.936369985873,76242.18,0.21250681579113007,0,0
9719.936369985873,76330.97,0.21893028914928436,0,0
9719.936369985873,76463.95,0.19247232377529144,0,0
9719.936369985873,76357.15,0.21245910227298737,0,1
9719.936369985873,76242.17,0.217179536819458,0,1
9719.936369985873,76342.77,0.18295995891094208,0,1
9719.936369985873,76512.0,0.2126958817243576,0,1
9719.936369985873,76571.0,0.24591456353664398,0,1
9719.936369985873,76531.29,0.21058033406734467,0,1
9719.936369985873,76994.78,0.2690335810184479,0,1
9719.936369985873,77269.76,0.29856371879577637,0,0
9719.936369985873,77288.38,0.2154940366744995,0,0
9719.936369985873,77031.06,0.28121769428253174,0,0
9719.936369985873,77053.64,0.23739159107208252,0,0
9719.936369985873,77046.32,0.21995367109775543,0,0
9719.936369985873,77642.0,0.27247101068496704,0,0
9719.936369985873,77619.61,0.2836155295372009,0,0
9719.936369985873,77590.03,0.2670341730117798,0,0
9719.936369985873,77143.68,0.3323466181755066,0,0
9719.936369985873,76783.43,0.32811516523361206,0,0
9719.936369985873,76570.0,0.3010267913341522,0,0
9719.936369985873,75924.25,0.33793383836746216,0,0
9719.936369985873,75803.54,0.3100225329399109,0,0
9719.936369985873,76184.01,0.27438321709632874,0,0
9719.936369985873,75513.91,0.36992594599723816,0,1
9719.936369985873,75563.86,0.2980392873287201,0,1
9719.936369985873,75676.79,0.31224218010902405,0,0
9719.936369985873,75933.93,0.28854644298553467,0,0
9719.936369985873,75927.38,0.24109424650669098,0,0
9719.936369985873,75780.0,0.25960373878479004,0,0
9719.936369985873,76248.74,0.29022660851478577,0,0
9719.936369985873,76232.8,0.26070377230644226,0,0
9719.936369985873,75704.74,0.3683822751045227,0,0
9719.936369985873,75928.1,0.26763030886650085,0,0
9719.936369985873,75497.0,0.3698428273200989,0,1
9719.936369985873,75600.09,0.30486249923706055,0,1
9719.936369985873,75753.53,0.27620255947113037,0,1
9719.936369985873,76161.67,0.3186396658420563,0,0
9719.936369985873,76058.17,0.2683793008327484,0,0
9719.936369985873,76097.19,0.2830682694911957,0,0
9719.936369985873,76028.66,0.2558865249156952,0,0
9719.936369985873,76059.43,0.30238285660743713,0,0
9719.936369985873,76308.48,0.33235785365104675,0,0
9719.936369985873,76420.44,0.3168282210826874,0,0
9719.936369985873,76301.24,0.32550284266471863,0,0
9719.936369985873,76473.6,0.30206647515296936,0,0
9719.936369985873,76261.03,0.24498268961906433,0,0
9719.936369985873,76250.01,0.24276098608970642,0,0
9719.936369985873,76350.0,0.2593790888786316,0,0
9719.936369985873,76412.8,0.27533116936683655,0,0
9719.936369985873,76492.46,0.2623899579048157,0,0
9719.936369985873,76241.78,0.2686510384082794,0,1
9719.936369985873,76237.06,0.22236347198486328,0,1
9719.936369985873,76346.57,0.18490415811538696,0,1
9719.936369985873,76458.05,0.20051665604114532,0,1
9719.936369985873,76686.13,0.18083612620830536,0,1
9719.936369985873,76592.54,0.1486140340566635,0,1
9719.936369985873,77131.08,0.26091793179512024,0,0
9719.936369985873,77042.44,0.26656439900398254,0,0
9719.936369985873,77165.98,0.1812337189912796,0,0
9719.936369985873,76993.48,0.2325165718793869,0,1
9719.936369985873,77130.54,0.2096511274576187,0,1
9719.936369985873,77377.47,0.2461959719657898,0,1
9719.936369985873,77268.55,0.20629893243312836,0,1
9719.936369985873,77304.34,0.22587239742279053,0,1
9719.936369985873,77463.98,0.23652863502502441,0,1
9719.936369985873,77896.01,0.29473474621772766,0,1
9719.936369985873,78737.25,0.3330767750740051,0,0
9719.936369985873,78358.75,0.33006832003593445,0,0
9719.936369985873,78445.89,0.3274737298488617,0,0
9719.936369985873,78214.36,0.32350754737854004,0,0
9719.936369985873,78552.94,0.2812436521053314,0,0
9719.936369985873,78423.9,0.24281293153762817,0,0
9719.936369985873,78360.0,0.2580185830593109,0,0
9719.936369985873,77880.18,0.330230712890625,0,1
9719.936369985873,78199.99,0.24784688651561737,0,0
9719.936369985873,78153.38,0.22433137893676758,0,0
9719.936369985873,78231.13,0.20174431800842285,0,0
9719.936369985873,78341.75,0.1713787317276001,0,0
9719.936369985873,78355.0,0.16186803579330444,0,0
9719.936369985873,78353.93,0.16012516617774963,0,0
9719.936369985873,78400.0,0.1789124310016632,0,0
9719.936369985873,78175.5,0.24820490181446075,0,0
9719.936369985873,78174.0,0.20603621006011963,0,0
9719.936369985873,78327.8,0.1860915571451187,0,0
9719.936369985873,78220.0,0.14879432320594788,0,0
9719.936369985873,78315.37,0.15509875118732452,0,0
9719.936369985873,78293.57,0.1495935618877411,0,0
9719.936369985873,78249.3,0.14627502858638763,0,0
9719.936369985873,78143.08,0.159214586019516,0,0
9719.936369985873,78211.24,0.17477735877037048,0,0
9719.936369985873,78367.06,0.20203523337841034,0,0
9719.936369985873,78423.98,0.19238930940628052,0,0
9719.936369985873,78487.67,0.17547300457954407,0,0
9719.936369985873,78455.02,0.21800610423088074,0,0
9719.936369985873,78398.02,0.22772817313671112,0,0
9719.936369985873,78466.62,0.20631274580955505,0,0
9719.936369985873,78486.0,0.21201257407665253,0,0
9719.936369985873,78451.38,0.18471327424049377,0,0
9719.936369985873,78719.78,0.2383192777633667,0,0
9719.936369985873,78832.98,0.18338049948215485,0,0
9719.936369985873,78686.85,0.17425991594791412,0,0
9719.936369985873,78542.32,0.19852450489997864,0,0
9719.936369985873,78240.83,0.19110848009586334,0,0
9719.936369985873,78171.85,0.19491475820541382,0,0
9719.936369985873,78203.08,0.18558621406555176,0,0
9719.936369985873,78163.19,0.19116173684597015,0,0
9719.936369985873,78249.42,0.18380914628505707,0,1
9719.936369985873,78288.3,0.19768759608268738,0,1
9719.936369985873,78363.25,0.1830776184797287,0,0
9719.936369985873,78387.86,0.18625353276729584,0,0
9719.936369985873,78529.57,0.16572324931621552,0,0
9719.936369985873,78408.01,0.18417203426361084,0,0
9719.936369985873,78656.01,0.21811465919017792,0,0
9719.936369985873,78747.09,0.2074071764945984,0,0
9719.936369985873,78670.01,0.20829898118972778,0,0
9719.936369985873,78741.0,0.23275309801101685,0,0
9719.936369985873,78668.36,0.2304348200559616,0,0
9719.936369985873,78654.0,0.22985711693763733,0,1
9719.936369985873,78725.76,0.2642815411090851,0,0
9719.936369985873,78739.67,0.22206296026706696,0,0
9719.936369985873,78760.32,0.22340287268161774,0,1
9719.936369985873,78915.99,0.2999478876590729,0,1
9719.936369985873,78831.59,0.28969553112983704,0,1
9719.936369985873,79177.29,0.32239001989364624,0,1
9719.936369985873,78568.57,0.31034019589424133,0,1
9719.936369985873,78547.14,0.2443924844264984,0,1
9719.936369985873,79769.43,0.2638700306415558,0,0
9719.936369985873,80173.3,0.28170379996299744,0,0
9719.936369985873,80316.31,0.2747797966003418,0,0
9719.936369985873,80332.06,0.2900051772594452,0,0
9719.936369985873,80027.26,0.28490108251571655,0,0
9719.936369985873,79877.9,0.3034142553806305,0,0
9719.936369985873,79696.75,0.26178762316703796,0,0
9719.936369985873,79708.3,0.2588869631290436,0,1
9719.936369985873,79838.48,0.25935542583465576,0,0
9719.936369985873,78940.26,0.3551258146762848,0,1
9719.936369985873,78793.67,0.2793094515800476,0,1
9719.936369985873,78857.18,0.29551777243614197,0,1
9719.936369985873,78790.0,0.3021736741065979,0,1
9719.936369985873,80216.16,0.3699682950973511,0,0
9719.936369985873,80028.85,0.38662853837013245,0,0
9719.936369985873,80025.03,0.3718811869621277,0,0
9719.936369985873,80390.81,0.37922632694244385,0,0
9719.936369985873,80114.91,0.3635956645011902,0,0
9719.936369985873,80053.31,0.2890560030937195,0,0
9719.936369985873,79936.7,0.2759407162666321,0,1
9719.936369985873,80259.17,0.295494019985199,0,1
9719.936369985873,80067.23,0.2772786617279053,0,1
9719.936369985873,79861.01,0.2947982847690582,0,1
9719.936369985873,80170.66,0.22740375995635986,0,1
9719.936369985873,80352.0,0.21540415287017822,0,1
9719.936369985873,80554.68,0.26391875743865967,0,0
9719.936369985873,80893.08,0.2919067442417145,0,0
9719.936369985873,80902.44,0.23034797608852386,0,0
9719.936369985873,80970.0,0.3083096444606781,0,0
9719.936369985873,80976.0,0.20223082602024078,0,0
9719.936369985873,80855.59,0.27777159214019775,0,1
9719.936369985873,80815.24,0.19420315325260162,0,1
9719.936369985873,80586.02,0.2425113171339035,0,1
9719.936369985873,80823.61,0.24333171546459198,0,1
9719.936369985873,81014.05,0.24812951683998108,0,0
9719.936369985873,81279.41,0.25032082200050354,0,0
9719.936369985873,81330.0,0.25989073514938354,0,0
9719.936369985873,81336.59,0.2804737687110901,0,0
9719.936369985873,81525.19,0.27410751581192017,0,0
9719.936369985873,81285.75,0.29138442873954773,0,0
9719.936369985873,81270.6,0.20790031552314758,0,0
9719.936369985873,81515.0,0.2289050668478012,0,0
9719.936369985873,81606.35,0.22903089225292206,0,0
9719.936369985873,81646.38,0.22775155305862427,0,0
9719.936369985873,81407.11,0.2641340494155884,0,0
9719.936369985873,81111.27,0.2934431731700897,0,0
9719.936369985873,80905.52,0.2671484351158142,0,1
9719.936369985873,81030.01,0.25316643714904785,0,1
9719.936369985873,81439.34,0.289075642824173,0,0
9719.936369985873,81363.54,0.24009692668914795,0,1
9719.936369985873,81581.69,0.27982279658317566,0,1
9719.936369985873,81331.1,0.30548474192619324,0,1
9719.936369985873,81333.0,0.29918989539146423,0,1
9719.936369985873,81476.71,0.22392667829990387,0,1
9719.936369985873,81359.82,0.2615452706813812,0,0
9719.936369985873,81945.66,0.2985996603965759,0,0
9719.936369985873,81997.0,0.3210321366786957,0,0
9719.936369985873,82290.04,0.32313889265060425,0,0
9719.936369985873,82522.89,0.36712196469306946,0,0
9719.936369985873,82220.47,0.3186914026737213,0,0
9719.936369985873,81670.89,0.376996785402298,0,0
9719.936369985873,81526.73,0.38454487919807434,0,0
9719.936369985873,81704.25,0.3539995551109314,0,0
9719.936369985873,81630.94,0.36324116587638855,0,0
9719.936369985873,81452.63,0.26916107535362244,0,0
9719.936369985873,81353.14,0.25113463401794434,0,0
9719.936369985873,81464.87,0.2689880132675171,0,0
9719.936369985873,81427.52,0.28627610206604004,0,0
9719.936369985873,81539.16,0.26044610142707825,0,0
9719.936369985873,81342.39,0.2689402997493744,0,0
9719.936369985873,81447.01,0.32387781143188477,0,0
9719.936369985873,81016.96,0.2949773669242859,0,1
9719.936369985873,81167.8,0.2704167664051056,0,0
9719.936369985873,81113.34,0.19876982271671295,0,0
9719.936369985873,80834.91,0.1960867941379547,0,0
9719.936369985873,80979.19,0.21453608572483063,0,0
9719.936369985873,81088.0,0.19597633183002472,0,0
9719.936369985873,81438.61,0.2898510694503784,0,0
9719.936369985873,81518.58,0.27191147208213806,0,0
9719.936369985873,81231.24,0.29285603761672974,0,0
9719.936369985873,80929.0,0.3010745346546173,0,0
9719.936369985873,80850.75,0.3055998980998993,0,0
9719.936369985873,80866.65,0.2541482746601105,0,0
9719.936369985873,81162.01,0.2607274353504181,0,0
9719.936369985873,80503.68,0.3782559633255005,0,0
9719.936369985873,80171.38,0.3744063079357147,0,0
9719.936369985873,79890.63,0.36468085646629333,0,0
9719.936369985873,79801.08,0.3242584764957428,0,0
9719.936369985873,80094.52,0.33625757694244385,0,0
9719.936369985873,80200.59,0.2632731795310974,0,0
9719.936369985873,80146.11,0.24720796942710876,0,0
9719.936369985873,79879.99,0.3248421847820282,0,0
9719.936369985873,79735.01,0.27158963680267334,0,0
9719.936369985873,79919.01,0.29109182953834534,0,0
9719.936369985873,80006.0,0.20894061028957367,0,0
9719.936369985873,79831.99,0.28232312202453613,0,0
9719.936369985873,79740.01,0.21224232017993927,0,0
9719.936369985873,79488.46,0.3450343906879425,0,1
9719.936369985873,79578.85,0.31364691257476807,0,0
9719.936369985873,79655.23,0.19723419845104218,0,1
9719.936369985873,79600.01,0.20219556987285614,0,1
9719.936369985873,79525.76,0.23923498392105103,0,1
9719.936369985873,79682.4,0.3411927819252014,0,0
9719.936369985873,79886.01,0.24137692153453827,0,0
9719.936369985873,79872.72,0.20592650771141052,0,0
9719.936369985873,80212.56,0.22417594492435455,0,0
9719.936369985873,80231.22,0.24728944897651672,0,0
9719.936369985873,80025.82,0.3030066192150116,0,0
9719.936369985873,79647.8,0.3083220422267914,0,1
9719.936369985873,80150.97,0.29621046781539917,0,0
9719.936369985873,80142.14,0.29143908619880676,0,0
9719.936369985873,79802.34,0.28037112951278687,0,1
9719.936369985873,80060.0,0.2983289659023285,0,0
9719.936369985873,80078.4,0.2582995593547821,0,0
9719.936369985873,80179.94,0.2385149747133255,0,0
9719.936369985873,80133.09,0.22766301035881042,0,0
9719.936369985873,80263.99,0.1945120394229889,0,0
9719.936369985873,80262.0,0.21305838227272034,0,0
9719.936369985873,80193.17,0.20913060009479523,0,0
9719.936369985873,80238.76,0.18163946270942688,0,0
9719.936369985873,80327.75,0.21969559788703918,0,0
9719.936369985873,80417.87,0.16242504119873047,0,0
9719.936369985873,80383.95,0.20331713557243347,0,0
9719.936369985873,80379.9,0.18582308292388916,0,0
9719.936369985873,80379.49,0.17256098985671997,0,0
9719.936369985873,80263.92,0.2185705006122589,0,0
9719.936369985873,80228.89,0.17845682799816132,0,0
9719.936369985873,80407.12,0.16986411809921265,0,0
9719.936369985873,80242.53,0.1703033596277237,0,0
9719.936369985873,80264.02,0.15809719264507294,0,0
9719.936369985873,80345.46,0.1738746017217636,0,1
9719.936369985873,80397.97,0.1859411746263504,0,1
9719.936369985873,80391.18,0.1819288581609726,0,1
9719.936369985873,80332.22,0.16778463125228882,0,1
9719.936369985873,80527.92,0.18398049473762512,0,0
9719.936369985873,80625.01,0.19320011138916016,0,0
9719.936369985873,80812.7,0.1798946112394333,0,0
9719.936369985873,80907.65,0.1999787986278534,0,0
9719.936369985873,80938.53,0.2305876761674881,0,0
9719.936369985873,80805.5,0.27564260363578796,0,0
9719.936369985873,80780.83,0.2641180455684662,0,0
9719.936369985873,80782.38,0.2858273386955261,0,0
9719.936369985873,80678.4,0.30852025747299194,0,0
9719.936369985873,80680.04,0.20090168714523315,0,0
9719.936369985873,80685.56,0.2080012857913971,0,0
9719.936369985873,80777.42,0.1996176391839981,0,0
9719.936369985873,80775.0,0.16524586081504822,0,0
9719.936369985873,80759.93,0.15404388308525085,0,0
9719.936369985873,80700.77,0.1486852765083313,0,0
9719.936369985873,80733.75,0.13483713567256927,0,0
9719.936369985873,80736.03,0.11980851739645004,0,0
9719.936369985873,80830.33,0.129063218832016,0,0
9719.936369985873,80807.96,0.13284361362457275,0,1
9719.936369985873,80873.79,0.1393308788537979,0,1
9719.936369985873,80821.21,0.14527936279773712,0,1
9719.936369985873,80927.72,0.1369997262954712,0,0
9719.936369985873,80971.67,0.13082465529441833,0,1
9719.936369985873,80990.11,0.1401565670967102,0,0
9719.936369985873,81418.01,0.23608002066612244,0,0
9719.936369985873,81378.25,0.23390504717826843,0,1
9719.936369985873,81476.18,0.3054373264312744,0,1
9719.936369985873,81271.96,0.2505996525287628,0,0
9719.936369985873,81437.83,0.2758837044239044,0,0
9719.936369985873,80734.88,0.28167685866355896,0,1
9719.936369985873,80720.47,0.24798545241355896,0,0
9719.936369985873,82044.49,0.30660051107406616,0,0
9719.936369985873,82210.07,0.28441503643989563,0,0
9719.936369985873,81471.13,0.29216891527175903,0,0
9719.936369985873,81501.72,0.26621052622795105,0,0
9719.936369985873,81169.08,0.27329421043395996,0,0
9719.936369985873,80736.01,0.3337303102016449,0,0
9719.936369985873,80824.61,0.24768829345703125,0,0
9719.936369985873,80832.33,0.24594397842884064,0,0
9719.936369985873,80822.86,0.20054909586906433,0,0
9719.936369985873,80740.4,0.19145461916923523,0,0
9719.936369985873,80767.97,0.20390038192272186,0,0
9719.936369985873,80966.57,0.2021695077419281,0,1
9719.936369985873,80940.0,0.24467280507087708,0,1
9719.936369985873,81196.94,0.22893713414669037,0,1
9719.936369985873,81054.65,0.31371715664863586,0,1
9719.936369985873,81072.0,0.3174421489238739,0,1
9719.936369985873,80953.38,0.3238527774810791,0,1
9719.936369985873,81445.9,0.31182846426963806,0,0
9719.936369985873,81575.85,0.3213194012641907,0,0
9719.936369985873,81941.09,0.29334622621536255,0,0
9719.936369985873,81858.96,0.2811722755432129,0,0
9719.936369985873,81961.99,0.2625744938850403,0,0
9719.936369985873,81821.02,0.26776573061943054,0,0
9719.936369985873,81821.18,0.2425421178340912,0,0
9719.936369985873,81833.92,0.2543664276599884,0,0
9719.936369985873,81745.65,0.24387036263942719,0,0
9719.936369985873,81545.2,0.23868133127689362,0,0
9719.936369985873,81199.18,0.29613378643989563,0,0
9719.936369985873,81249.93,0.20488210022449493,0,0
9719.936369985873,81058.8,0.21257969737052917,0,0
9719.936369985873,81240.01,0.2209199070930481,0,0
9719.936369985873,81224.03,0.17355267703533173,0,0
9719.936369985873,81022.44,0.2160743921995163,0,0
9719.936369985873,80865.4,0.2511496841907501,0,0
9719.936369985873,80843.31,0.21935322880744934,0,0
9719.936369985873,80837.15,0.22049930691719055,0,0
9719.936369985873,80666.37,0.24020010232925415,0,0
9719.936369985873,80784.87,0.22926855087280273,0,0
9719.936369985873,80881.26,0.2668881416320801,0,0
9719.936369985873,80466.91,0.31539586186408997,0,0
9719.936369985873,80540.0,0.2828438878059387,0,0
9719.936369985873,80336.01,0.31594204902648926,0,0
9719.936369985873,80000.01,0.3425602614879608,0,1
9719.936369985873,80527.69,0.28851649165153503,0,0
9719.936369985873,80679.12,0.2379099577665329,0,0
9719.936369985873,80834.64,0.19991150498390198,0,0
9719.936369985873,80696.87,0.2061307281255722,0,0
9719.936369985873,80587.44,0.20092296600341797,0,1
9719.936369985873,80656.43,0.19796517491340637,0,1
9719.936369985873,80504.47,0.20619994401931763,0,1
9719.936369985873,80718.0,0.2062963992357254,0,0
9719.936369985873,81006.0,0.26795586943626404,0,0
9719.936369985873,81050.0,0.22405652701854706,0,0
9719.936369985873,81249.99,0.23177078366279602,0,0
9719.936369985873,81231.96,0.18022845685482025,0,0
9719.936369985873,81019.99,0.20854870975017548,0,0
9719.936369985873,80980.05,0.20440903306007385,0,0
9719.936369985873,81026.92,0.18888577818870544,0,0
9719.936369985873,81196.57,0.190535768866539,0,0
9719.936369985873,81291.38,0.21568089723587036,0,0
9719.936369985873,80809.01,0.2639434337615967,0,0
9719.936369985873,80501.22,0.2615221440792084,0,0
9719.936369985873,80202.78,0.3079683780670166,0,0
9719.936369985873,79656.01,0.31469598412513733,0,0
9719.936369985873,79756.01,0.27329105138778687,0,0
9719.936369985873,78827.21,0.34827834367752075,0,1
9719.936369985873,79108.39,0.301471471786499,0,0
9719.936369985873,79514.97,0.2715601921081543,0,0
9719.936369985873,79598.15,0.23763331770896912,0,0
9719.936369985873,79642.41,0.22210675477981567,0,0
9719.936369985873,79698.95,0.1656396985054016,0,0
9719.936369985873,79398.54,0.2358030378818512,0,0
9719.936369985873,79428.46,0.20402629673480988,0,0
9719.936369985873,79313.61,0.20854468643665314,0,1
9719.936369985873,79580.0,0.2419123500585556,0,0
9719.936369985873,79604.6,0.20256435871124268,0,0
9719.936369985873,79370.24,0.30735647678375244,0,1
9719.936369985873,79044.85,0.33887720108032227,0,1
9719.936369985873,79451.63,0.2826235294342041,0,0
9719.936369985873,79809.16,0.3304450213909149,0,0
9719.936369985873,79804.71,0.25111281871795654,0,0
9719.936369985873,79745.98,0.24497458338737488,0,0
9719.936369985873,79821.56,0.24276408553123474,0,1
9719.936369985873,79635.52,0.2622527778148651,0,1
9719.936369985873,79570.01,0.27826809883117676,0,1
9719.936369985873,79258.27,0.2790982127189636,0,1
9719.936369985873,79767.11,0.2644617557525635,0,1
9719.936369985873,79701.73,0.26795682311058044,0,1
9719.936369985873,80964.85,0.3210875391960144,0,1
9719.936369985873,81301.23,0.31336280703544617,0,0
9719.936369985873,81888.4,0.33904126286506653,0,0
9719.936369985873,81668.48,0.35530444979667664,0,0
9719.936369985873,81581.99,0.316522479057312,0,0
9719.936369985873,81419.74,0.3003627061843872,0,0
9719.936369985873,81412.04,0.2629843056201935,0,0
9719.936369985873,81396.61,0.23814834654331207,0,0
9719.936369985873,81456.0,0.23330079019069672,0,0
9719.936369985873,81089.99,0.2588091492652893,0,0
9719.936369985873,81518.67,0.2504887878894806,0,0
9719.936369985873,81131.01,0.25298067927360535,0,0
9719.936369985873,81299.14,0.2907470166683197,0,0
9719.936369985873,81059.15,0.2975299060344696,0,0
9719.936369985873,80724.71,0.2439144402742386,0,0
9719.936369985873,80360.01,0.2994832694530487,0,0
9719.936369985873,80580.0,0.26239800453186035,0,0
9719.936369985873,80814.88,0.25462812185287476,0,0
9719.936369985873,80638.0,0.2563953995704651,0,0
9719.936369985873,80489.8,0.23291492462158203,0,0
9719.936369985873,80716.23,0.2430897206068039,0,0
9719.936369985873,80628.53,0.18927252292633057,0,0
9719.936369985873,80385.11,0.2414635568857193,0,0
9719.936369985873,78758.59,0.35914936661720276,0,0
9719.936369985873,79150.37,0.3414870798587799,0,0
9719.936369985873,79150.27,0.31714922189712524,0,0
9719.936369985873,79294.31,0.29118219017982483,0,0
9719.936369985873,79460.0,0.27174612879753113,0,0
9719.936369985873,79284.0,0.3120410144329071,0,0
9719.936369985873,79146.5,0.23279640078544617,0,0
9719.936369985873,79123.12,0.2008536159992218,0,0
9719.936369985873,78973.5,0.19932375848293304,0,0
9719.936369985873,79107.38,0.15331368148326874,0,0
9719.936369985873,79113.21,0.14892131090164185,0,0
9719.936369985873,79111.92,0.1749444305896759,0,0
9719.936369985873,79168.0,0.18780577182769775,0,0
9719.936369985873,79155.54,0.17769023776054382,0,0
9719.936369985873,79083.18,0.1754186898469925,0,0
9719.936369985873,79035.26,0.24819841980934143,0,0
9719.936369985873,79027.37,0.18450897932052612,0,0
9719.936369985873,78648.0,0.35386139154434204,0,0
9719.936369985873,78369.77,0.40277010202407837,0,0
9719.936369985873,78426.56,0.26583096385002136,0,0
9719.936369985873,78083.48,0.37041226029396057,0,0
9719.936369985873,77960.0,0.3455082178115845,0,0
9719.936369985873,78081.71,0.2679761052131653,0,0
9719.936369985873,78007.23,0.24409426748752594,0,0
9719.936369985873,78014.6,0.24427899718284607,0,0
9719.936369985873,78130.55,0.29934972524642944,0,0
9719.936369985873,78238.67,0.22781719267368317,0,0
9719.936369985873,78205.96,0.22264540195465088,0,0
9719.936369985873,78201.5,0.18294748663902283,0,0
9719.936369985873,78229.81,0.21325311064720154,0,0
9719.936369985873,78259.66,0.17543070018291473,0,0
9719.936369985873,78261.0,0.1774236261844635,0,0
9719.936369985873,78265.73,0.2009650468826294,0,0
9719.936369985873,78186.25,0.20299293100833893,0,0
9719.936369985873,78148.05,0.19086524844169617,0,0
9719.936369985873,77945.85,0.1969042867422104,0,0
9719.936369985873,77725.71,0.18719564378261566,0,1
9719.936369985873,77895.51,0.13177353143692017,0,0
9719.936369985873,78028.88,0.13477350771427155,0,0
9719.936369985873,78158.09,0.1660606861114502,0,0
9719.936369985873,78121.41,0.14197741448879242,0,0
9719.936369985873,78104.8,0.1420334130525589,0,0
9719.936369985873,78180.01,0.14485928416252136,0,0
9719.936369985873,78089.8,0.16973687708377838,0,0
9719.936369985873,78249.33,0.16398058831691742,0,0
9719.936369985873,78465.99,0.16302558779716492,0,0
9719.936369985873,78415.99,0.16043886542320251,0,0
9719.936369985873,78364.83,0.16064448654651642,0,0
9719.936369985873,78202.91,0.16324679553508759,0,0
9719.936369985873,78051.51,0.19105090200901031,0,0
9719.936369985873,78051.41,0.16182278096675873,0,0
9719.936369985873,78034.36,0.17796099185943604,0,0
9719.936369985873,78089.98,0.1759728342294693,0,0
9719.936369985873,78268.05,0.1599135547876358,0,0
9719.936369985873,78415.3,0.15494652092456818,0,0
9719.936369985873,78277.36,0.15990948677062988,0,0
9719.936369985873,78405.72,0.15266036987304688,0,0
9719.936369985873,77997.24,0.2731412947177887,0,0
9719.936369985873,77457.67,0.2971452474594116,0,0
9719.936369985873,77209.95,0.29768604040145874,0,0
9719.936369985873,77109.22,0.30169472098350525,0,0
9719.936369985873,76835.41,0.30159181356430054,0,0
9719.936369985873,76924.65,0.21522845327854156,0,0
9719.936369985873,77038.49,0.2266843318939209,0,0
9719.936369985873,76931.4,0.2259245663881302,0,0
9719.936369985873,76912.52,0.2630401849746704,0,1
9719.936369985873,77073.69,0.24460342526435852,0,0
9719.936369985873,77040.42,0.2273309826850891,0,0
9719.936369985873,76933.16,0.18631301820278168,0,0
9719.936369985873,76764.74,0.21751633286476135,0,0
9719.936369985873,77285.83,0.31621089577674866,0,0
9719.936369985873,77639.98,0.31157904863357544,0,0
9719.936369985873,76937.7,0.35650840401649475,0,0
9719.936369985873,76393.65,0.3608423173427582,0,1
9719.936369985873,76409.46,0.32617294788360596,0,1
9719.936369985873,76410.01,0.3181270658969879,0,1
9719.936369985873,76706.39,0.271659791469574,0,0
9719.936369985873,76252.5,0.3152131140232086,0,1
9719.936369985873,76928.0,0.32743561267852783,0,0
9719.936369985873,76909.92,0.2966550886631012,0,0
9719.936369985873,77103.05,0.26306748390197754,0,0
9719.936369985873,77078.22,0.2405051440000534,0,0
9719.936369985873,77001.87,0.21189141273498535,0,0
9719.936369985873,77140.87,0.2658536732196808,0,0
9719.936369985873,76667.01,0.3102497160434723,0,1
9719.936369985873,76617.47,0.2854515016078949,0,1
9719.936369985873,76787.11,0.20029284060001373,0,0
9719.936369985873,76927.25,0.20215192437171936,0,0
9719.936369985873,76911.24,0.23699921369552612,0,0
9719.936369985873,77029.4,0.20994676649570465,0,0
9719.936369985873,77233.69,0.2452109009027481,0,0
9719.936369985873,77048.71,0.24384337663650513,0,0
9719.936369985873,76818.8,0.273011177778244,0,0
9719.936369985873,77041.87,0.2605096995830536,0,0
9719.936369985873,76714.62,0.2739696502685547,0,0
9719.936369985873,76940.21,0.24265745282173157,0,0
9719.936369985873,76872.75,0.2817990481853485,0,0
9719.936369985873,76392.43,0.3155485987663269,0,1
9719.936369985873,76521.23,0.26024776697158813,0,1
9719.936369985873,76894.59,0.2653510272502899,0,0
9719.936369985873,76856.76,0.22855842113494873,0,0
9719.936369985873,76803.28,0.20708975195884705,0,0
9719.936369985873,76818.74,0.2060718834400177,0,0
9719.936369985873,77022.23,0.2256757766008377,0,0
9719.936369985873,76982.34,0.16062331199645996,0,0
9719.936369985873,76712.21,0.22637538611888885,0,0
9719.936369985873,76834.36,0.205037459731102,0,0
9719.936369985873,76788.83,0.2091350108385086,0,1
9719.936369985873,76820.98,0.20396362245082855,0,1
9719.936369985873,76690.42,0.21778084337711334,0,1
9719.936369985873,76723.54,0.2156399041414261,0,1
9719.936369985873,76780.37,0.18175111711025238,0,1
9719.936369985873,77196.99,0.2984194755554199,0,0
9719.936369985873,77414.11,0.2792833149433136,0,0
9719.936369985873,77282.64,0.2845710217952728,0,0
9719.936369985873,77458.04,0.2601463198661804,0,0
9719.936369985873,77485.13,0.24066464602947235,0,0
9719.936369985873,77517.45,0.2644423246383667,0,0
9719.936369985873,77382.49,0.2580057382583618,0,0
9719.936369985873,77617.26,0.23454642295837402,0,0
9719.936369985873,77204.61,0.3042773902416229,0,1
9719.936369985873,77446.08,0.2953801453113556,0,0
9719.936369985873,77455.46,0.27635520696640015,0,0
9719.936369985873,77338.6,0.26340293884277344,0,0
9719.936369985873,77568.95,0.26839229464530945,0,0
9719.936369985873,77415.09,0.24541087448596954,0,1
9719.936369985873,77667.49,0.3007298707962036,0,0
9719.936369985873,77720.01,0.2931620180606842,0,0
9719.936369985873,77500.01,0.24998456239700317,0,1
9719.936369985873,77504.69,0.2628665566444397,0,1
9719.936369985873,77552.23,0.18624405562877655,0,0
9719.936369985873,77967.09,0.23381008207798004,0,0
9719.936369985873,77863.85,0.20195960998535156,0,0
9719.936369985873,77955.78,0.18373186886310577,0,0
9719.936369985873,78078.72,0.1884814351797104,0,0
9719.936369985873,78035.8,0.21318352222442627,0,0
9719.936369985873,77828.0,0.24282704293727875,0,0
9719.936369985873,77622.14,0.23533213138580322,0,0
9719.936369985873,77889.01,0.22957193851470947,0,0
9719.936369985873,77924.63,0.2690027356147766,0,0
9719.936369985873,77633.02,0.23029440641403198,0,0
9719.936369985873,77198.08,0.2679309844970703,0,0
9719.936369985873,77189.1,0.21335646510124207,0,1
9719.936369985873,77278.53,0.22389163076877594,0,0
9719.936369985873,77122.68,0.3004418611526489,0,1
9719.936369985873,76984.61,0.2870745062828064,0,1
9719.936369985873,77259.46,0.2709454894065857,0,1
9719.936369985873,77207.93,0.25253942608833313,0,1
9719.936369985873,77869.38,0.29004397988319397,0,0
9719.936369985873,77387.74,0.30194565653800964,0,0
9719.936369985873,77690.56,0.25562843680381775,0,0
9719.936369985873,77705.81,0.17555129528045654,0,0
9719.936369985873,77672.29,0.16818100214004517,0,0
9719.936369985873,77628.0,0.20853520929813385,0,0
9719.936369985873,77615.52,0.19932518899440765,0,0
9719.936369985873,77373.57,0.15934273600578308,0,0
9719.936369985873,77616.0,0.1682031750679016,0,0
9719.936369985873,77673.36,0.15628373622894287,0,0
9719.936369985873,77779.98,0.1701490730047226,0,0
9719.936369985873,77655.42,0.21950538456439972,0,0
9719.936369985873,77489.0,0.22342196106910706,0,0
9719.936369985873,77423.41,0.2247237116098404,0,0
9719.936369985873,77408.06,0.25084683299064636,0,0
9719.936369985873,77267.38,0.2801060676574707,0,0
9719.936369985873,77307.11,0.20434437692165375,0,0
9719.936369985873,77312.0,0.16019916534423828,0,0
9719.936369985873,77428.84,0.19314797222614288,0,0
9719.936369985873,77533.9,0.1969003975391388,0,0
9719.936369985873,77290.01,0.20054130256175995,0,0
9719.936369985873,76774.23,0.2617521286010742,0,0
9719.936369985873,76790.59,0.28849393129348755,0,0
9719.936369985873,76950.68,0.26500704884529114,0,0
9719.936369985873,76750.0,0.30002930760383606,0,0
9719.936369985873,76537.47,0.32873696088790894,0,0
9719.936369985873,75860.44,0.3447590470314026,0,0
9719.936369985873,75984.47,0.2584706246852875,0,0
9719.936369985873,75978.83,0.2068195641040802,0,0
9719.936369985873,75737.52,0.2807929217815399,0,0
9719.936369985873,75539.5,0.3259023427963257,0,0
9719.936369985873,75352.64,0.29852354526519775,0,0
9719.936369985873,75489.84,0.1962483823299408,0,0
9719.936369985873,75572.07,0.18148933351039886,0,0
9719.936369985873,75635.22,0.16601748764514923,0,0
9719.936369985873,75539.77,0.16895322501659393,0,0
9719.936369985873,75482.68,0.16849000751972198,0,0
9719.936369985873,75398.33,0.1734292209148407,0,0
9719.936369985873,74609.36,0.32953590154647827,0,1
9719.936369985873,74684.3,0.3074184060096741,0,1
9719.936369985873,74656.91,0.18414196372032166,0,1
9719.936369985873,74705.0,0.18140378594398499,0,1
9719.936369985873,74789.99,0.17709536850452423,0,1
9719.936369985873,74753.93,0.18079861998558044,0,1
9719.936369985873,75213.9,0.2898463010787964,0,1
9719.936369985873,75537.72,0.2870735228061676,0,1
9719.936369985873,75520.0,0.2415996938943863,0,1
9719.936369985873,75444.7,0.23356907069683075,0,1
9719.936369985873,75488.18,0.19240142405033112,0,1
9719.936369985873,75845.82,0.30483999848365784,0,1
9719.936369985873,75983.45,0.24019773304462433,0,1
9719.936369985873,77287.58,0.34429192543029785,0,0
9719.936369985873,76804.99,0.3512965738773346,0,0
9719.936369985873,76584.45,0.3070192337036133,0,0
9719.936369985873,76752.01,0.2934207320213318,0,0
9719.936369985873,76835.16,0.26891422271728516,0,0
9719.936369985873,76890.04,0.19973360002040863,0,0
9719.936369985873,76830.0,0.2293495088815689,0,0
9719.936369985873,76750.0,0.27065223455429077,0,0
9719.936369985873,76786.5,0.20926976203918457,0,1
9719.936369985873,76822.23,0.22620953619480133,0,1
9719.936369985873,76987.58,0.26976078748703003,0,0
9719.936369985873,76799.99,0.21800480782985687,0,0
9719.936369985873,76830.69,0.17669717967510223,0,0
9719.936369985873,77020.53,0.20847469568252563,0,0
9719.936369985873,77190.74,0.2583373486995697,0,0
9719.936369985873,77320.06,0.18881399929523468,0,0
9719.936369985873,77118.73,0.24323181807994843,0,0
9719.936369985873,76802.23,0.26048946380615234,0,0
9719.936369985873,76465.16,0.275396466255188,0,0
9719.936369985873,76371.59,0.19960971176624298,0,0
9719.936369985873,76671.7,0.2272081822156906,0,0
9719.936369985873,76693.34,0.20274274051189423,0,0
9719.936369985873,76665.73,0.21359913051128387,0,1
9719.936369985873,76773.34,0.19090062379837036,0,0
9719.936369985873,76668.4,0.2503048777580261,0,1
9719.936369985873,76151.14,0.36931928992271423,0,1
9719.936369985873,76803.99,0.2833368480205536,0,1
9719.936369985873,77064.96,0.25409653782844543,0,0
9719.936369985873,77153.01,0.21631397306919098,0,0
9719.936369985873,76945.27,0.27122655510902405,0,1
9719.936369985873,77108.77,0.2470984309911728,0,0
9719.936369985873,77026.67,0.19621293246746063,0,1
9719.936369985873,77391.07,0.25882700085639954,0,0
9719.936369985873,77407.0,0.20409069955348969,0,0
9719.936369985873,77419.87,0.2728935480117798,0,0
9719.936369985873,77401.12,0.2764449715614319,0,0
9719.936369985873,77456.94,0.23097272217273712,0,0
9719.936369985873,77604.56,0.23305028676986694,0,0
9719.936369985873,77545.65,0.2448672354221344,0,0
9719.936369985873,77357.5,0.2212682068347931,0,0
9719.936369985873,77367.98,0.19236691296100616,0,0
9719.936369985873,77341.05,0.1841040998697281,0,0
9719.936369985873,77714.0,0.2788721024990082,0,0
9719.936369985873,77628.82,0.277090847492218,0,0
9719.936369985873,77735.69,0.24270401895046234,0,0
9719.936369985873,77564.01,0.21657565236091614,0,0
9719.936369985873,77543.39,0.17457234859466553,0,0
9719.936369985873,77441.86,0.20311415195465088,0,0
9719.936369985873,77273.06,0.21116633713245392,0,0
9719.936369985873,77367.03,0.16930225491523743,0,0
9719.936369985873,77116.21,0.23801863193511963,0,0
9719.936369985873,77322.01,0.17852187156677246,0,0
9719.936369985873,76792.71,0.2526436746120453,0,0
9719.936369985873,76756.98,0.22437232732772827,0,0
9719.936369985873,76660.0,0.2252131551504135,0,0
9719.936369985873,76664.01,0.2002929449081421,0,0
9719.936369985873,76749.5,0.19959282875061035,0,1
9719.936369985873,76930.01,0.22345981001853943,0,0
9719.936369985873,76908.01,0.25678449869155884,0,0
9719.936369985873,76730.84,0.2440548986196518,0,1
9719.936369985873,76726.37,0.19127073884010315,0,0
9719.936369985873,76672.19,0.18627038598060608,0,0
9719.936369985873,77430.0,0.2842617928981781,0,0
9719.936369985873,77183.55,0.25944241881370544,0,0
9719.936369985873,77132.5,0.2682455778121948,0,0
9719.936369985873,77231.56,0.29202765226364136,0,0
9719.936369985873,76908.01,0.33351555466651917,0,0
9719.936369985873,76518.1,0.4249964952468872,0,0
9715.28949516857,76558.0,0.3417454957962036,1,0
9636.24030197739,75935.08,0.355718195438385,1,0
9624.244347067672,75840.55,0.3396886885166168,1,0
9651.077571077616,76052.0,0.28425151109695435,1,0
9658.039361899018,76106.86,0.23386827111244202,1,0
9630.519603285651,75890.0,0.2247227281332016,1,0
9620.889083682365,75749.02,0.26810044050216675,0,0
9620.889083682365,75930.01,0.212688148021698,0,0
9620.889083682365,76085.01,0.20380747318267822,0,0
9620.889083682365,75877.44,0.2180638611316681,0,0
9620.889083682365,75879.0,0.2047896385192871,0,0
9620.889083682365,75683.0,0.2587226927280426,0,0
9620.889083682365,75579.01,0.27970144152641296,0,0
9620.889083682365,75697.99,0.19347132742404938,0,0
9620.889083682365,75838.65,0.19992107152938843,0,0
9620.889083682365,75977.17,0.2047017216682434,0,0
9620.889083682365,75873.24,0.22019200026988983,0,0
9620.889083682365,75912.6,0.19182924926280975,0,0
9620.889083682365,75909.82,0.21339161694049835,0,0
9620.889083682365,75769.18,0.21899616718292236,0,0
9620.889083682365,75688.0,0.28034836053848267,0,0
9620.889083682365,75073.4,0.32356786727905273,0,0
9620.889083682365,75031.92,0.2978101670742035,0,0
9620.889083682365,75326.01,0.30580347776412964,0,0
9620.889083682365,75304.01,0.286734014749527,0,0
9620.889083682365,74860.42,0.32366836071014404,0,0
9620.889083682365,75026.67,0.2784614861011505,0,0
9620.889083682365,75066.08,0.2247098684310913,0,0
9620.889083682365,75274.58,0.24267087876796722,0,0
9620.889083682365,74473.01,0.36566656827926636,0,0
9620.889083682365,74418.13,0.33058831095695496,0,0
9620.889083682365,74449.3,0.2841164469718933,0,0
9620.889083682365,74570.66,0.21895213425159454,0,0
9620.889083682365,74344.08,0.28797778487205505,0,0
9620.889083682365,74287.42,0.24345052242279053,0,0
9620.889083682365,73258.01,0.3532413840293884,0,0
9620.889083682365,73181.95,0.3409880995750427,0,0
9620.889083682365,72990.87,0.29494646191596985,0,1
9620.889083682365,73202.7,0.313802033662796,0,0
9620.889083682365,73498.0,0.2863815426826477,0,0
9620.889083682365,73325.88,0.2741362154483795,0,0
9620.889083682365,73541.24,0.24948729574680328,0,0
9620.889083682365,73400.01,0.2493964433670044,0,0
9620.889083682365,73505.66,0.23177911341190338,0,0
9620.889083682365,73518.01,0.2787571847438812,0,0
9620.889083682365,73022.02,0.3908016085624695,0,1
9620.889083682365,73033.06,0.36119338870048523,0,1
9620.889083682365,72928.73,0.3620169162750244,0,1
9620.889083682365,73440.67,0.3500293493270874,0,0
9620.889083682365,73554.82,0.32366102933883667,0,0
9620.889083682365,73652.88,0.25924673676490784,0,0
9620.889083682365,73419.32,0.28585678339004517,0,0
9620.889083682365,73579.99,0.3447903096675873,0,0
9620.889083682365,73817.31,0.29047977924346924,0,0
9620.889083682365,73464.8,0.3668476343154907,0,0
9620.889083682365,73617.51,0.2613780200481415,0,0
9620.889083682365,73716.37,0.23673591017723083,0,0
9620.889083682365,73586.83,0.28060659766197205,0,0
9620.889083682365,73225.06,0.36079326272010803,0,1
9620.889083682365,73301.52,0.21831029653549194,0,1
9620.889083682365,73507.69,0.25502702593803406,0,0
9620.889083682365,73706.0,0.24018210172653198,0,0
9620.889083682365,73786.32,0.24120157957077026,0,0
9620.889083682365,73528.56,0.2878612279891968,0,0
9620.889083682365,73653.4,0.2566308379173279,0,0
9620.889083682365,73744.96,0.22826746106147766,0,0
9620.889083682365,73634.64,0.21461886167526245,0,1
9620.889083682365,73487.98,0.18592001497745514,0,1
9620.889083682365,73295.73,0.19783340394496918,0,0
9620.889083682365,73135.7,0.24868957698345184,0,1
9620.889083682365,73096.85,0.31616201996803284,0,1
9620.889083682365,73808.26,0.3208842873573303,0,0
9620.889083682365,74056.5,0.294719398021698,0,0
9620.889083682365,73980.94,0.30327120423316956,0,0
9620.889083682365,73374.52,0.3323480486869812,0,0
9620.889083682365,73520.28,0.28856396675109863,0,0
9620.889083682365,73673.61,0.22798416018486023,0,0
9620.889083682365,73409.27,0.28878748416900635,0,0
9620.889083682365,73483.52,0.23880045115947723,0,0
9620.889083682365,73460.78,0.2240891456604004,0,0
9620.889083682365,73498.8,0.2318989485502243,0,0
9620.889083682365,73657.9,0.21397195756435394,0,0
9620.889083682365,73786.69,0.20581333339214325,0,0
9620.889083682365,73524.01,0.23930779099464417,0,0
9620.889083682365,73402.84,0.28654664754867554,0,0
9620.889083682365,73604.99,0.26072487235069275,0,0
9620.889083682365,73584.99,0.2503463625907898,0,0
9620.889083682365,73548.6,0.21110519766807556,0,0
9620.889083682365,73530.07,0.17877615988254547,0,1
9620.889083682365,73615.46,0.2080538421869278,0,0
9620.889083682365,73655.85,0.1749139130115509,0,0
9620.889083682365,73602.02,0.17680305242538452,0,1
9620.889083682365,73698.18,0.14168626070022583,0,0
9620.889083682365,73829.31,0.1507834643125534,0,0
9620.889083682365,73929.11,0.18682560324668884,0,0
9620.889083682365,73930.14,0.1794692426919937,0,0
9620.889083682365,73934.99,0.19324736297130585,0,0
9620.889083682365,74020.07,0.2128450870513916,0,0
9620.889083682365,74043.38,0.23675739765167236,0,0
9620.889083682365,74016.65,0.21232281625270844,0,0
9620.889083682365,73979.84,0.21729600429534912,0,0
9620.889083682365,73981.99,0.22292442619800568,0,0
9620.889083682365,73883.3,0.2500656843185425,0,0
9620.889083682365,73884.38,0.250586599111557,0,0
9620.889083682365,74038.2,0.15602830052375793,0,0
9620.889083682365,74058.01,0.16239725053310394,0,0
9620.889083682365,74090.84,0.18437069654464722,0,0
9620.889083682365,74150.64,0.18527401983737946,0,0
9620.889083682365,74178.4,0.19584663212299347,0,0
9620.889083682365,74055.98,0.2019762396812439,0,0
9620.889083682365,74054.87,0.23251831531524658,0,0
9620.889083682365,73871.24,0.23216885328292847,0,0
9620.889083682365,73937.61,0.20907926559448242,0,0
9620.889083682365,73841.79,0.226771742105484,0,0
9620.889083682365,73900.0,0.2185772806406021,0,0
9620.889083682365,73937.79,0.1956939697265625,0,0
9620.889083682365,73920.0,0.1971333622932434,0,0
9620.889083682365,73872.8,0.2124294489622116,0,0
9620.889083682365,73602.17,0.2313632071018219,0,0
9620.889083682365,73655.21,0.2139153927564621,0,0
9620.889083682365,73526.14,0.2199784219264984,0,1
9620.889083682365,73709.44,0.19242864847183228,0,0
9620.889083682365,73603.69,0.2144881635904312,0,0
9620.889083682365,73563.42,0.19674880802631378,0,0
9620.889083682365,73739.66,0.1965324729681015,0,0
9620.889083682365,73892.52,0.19722583889961243,0,0
9620.889083682365,73944.62,0.20032334327697754,0,0
9620.889083682365,73674.39,0.22824788093566895,0,0
9620.889083682365,73885.0,0.19714903831481934,0,0
9620.889083682365,73292.92,0.2550202012062073,0,0
9620.889083682365,73790.0,0.21851588785648346,0,0
9620.889083682365,73769.06,0.2296501100063324,0,0
9620.889083682365,73536.01,0.25912198424339294,0,0
9620.889083682365,73350.0,0.23690979182720184,0,0
9620.889083682365,73135.74,0.2737574875354767,0,0
9620.889083682365,72818.0,0.2723245322704315,0,0
9620.889083682365,72902.65,0.27605724334716797,0,0
9620.889083682365,72880.0,0.2868051826953888,0,0
9620.889083682365,72748.88,0.27698519825935364,0,0
9620.889083682365,72479.99,0.32034990191459656,0,0
9620.889083682365,72221.73,0.30981096625328064,0,0
9620.889083682365,71711.89,0.3448556661605835,0,0
9620.889083682365,71567.91,0.3408294916152954,0,0
9620.889083682365,71129.62,0.3614749610424042,0,0
9620.889083682365,71564.01,0.3383621871471405,0,0
9620.889083682365,71646.01,0.30274105072021484,0,0
9620.889083682365,71498.64,0.30353543162345886,0,0
9620.889083682365,71595.24,0.26967549324035645,0,0
9620.889083682365,71446.0,0.259005606174469,0,0
9620.889083682365,71038.01,0.3583163917064667,0,0
9620.889083682365,71408.0,0.3240276575088501,0,0
9620.889083682365,71408.9,0.2883097231388092,0,0
9620.889083682365,71289.23,0.2692437767982483,0,0
9620.889083682365,70652.47,0.3911735713481903,0,0
9620.889083682365,70846.49,0.37588557600975037,0,0
9620.889083682365,70953.69,0.24847187101840973,0,0
9620.889083682365,70810.0,0.29056134819984436,0,0
9620.889083682365,70268.96,0.373173326253891,0,0
9620.889083682365,70106.31,0.3749784529209137,0,0
9620.889083682365,70118.42,0.3542974293231964,0,0
9620.889083682365,69821.99,0.34986230731010437,0,0
9620.889083682365,69426.01,0.36717885732650757,0,0
9620.889083682365,69652.19,0.3343139886856079,0,0
9620.889083682365,69461.72,0.2995883524417877,0,0
9620.889083682365,69010.42,0.37236225605010986,0,0
9620.889083682365,68811.91,0.3264911472797394,0,0
9620.889083682365,68019.3,0.37583473324775696,0,0
9620.889083682365,67304.28,0.3857591152191162,0,0
9620.889083682365,67413.44,0.36438268423080444,0,0
9620.889083682365,67492.34,0.33769023418426514,0,0
9620.889083682365,67341.99,0.35151052474975586,0,0
9620.889083682365,67315.14,0.36362072825431824,0,0
9620.889083682365,67587.77,0.3425763249397278,0,0
9620.889083682365,67566.01,0.32686370611190796,0,0
9620.889083682365,66385.2,0.43189963698387146,0,0
9665.661678821383,66760.83,0.42454367876052856,1,1
9691.3138754201,66938.01,0.4262427091598511,1,0
9688.706379874651,66920.0,0.40180113911628723,1,0
9645.273698659788,66620.01,0.3526051640510559,1,1
9533.776841663295,65849.9,0.45962095260620117,1,1
9622.973169017048,66465.98,0.4911005198955536,1,1
9613.350195848032,67330.01,0.47610315680503845,0,0
9554.289936604931,66983.27,0.5146731734275818,1,0
9588.06066301752,67220.03,0.4574848711490631,1,0
9560.670087780954,67028.0,0.36333635449409485,1,0
9567.398273136934,67075.17,0.4554489552974701,1,0
9598.685690093353,67294.52,0.3865152895450592,1,0
9566.285704856742,67067.37,0.36166685819625854,1,0
9556.719419151885,67078.72,0.39288777112960815,0,0
9556.719419151885,66906.01,0.432393878698349,0,0
9541.314604530075,66864.95,0.3677188456058502,1,0
9428.736568591994,66076.01,0.4696159064769745,1,0
9426.713149130943,66061.83,0.4716099798679352,1,0
9412.764682817982,65964.08,0.4361463189125061,1,0
9423.108665662245,66036.57,0.39524897933006287,1,0
9341.120222803542,65462.0,0.45808839797973633,1,0
9331.779102580738,65007.27,0.4451906979084015,0,0
9431.676371761016,65768.88,0.4493653178215027,1,0
9308.934859261635,64912.98,0.49832993745803833,1,0
9198.47897052183,64142.75,0.49742045998573303,1,0
9084.072236275124,63344.97,0.5519407987594604,1,1
8916.735644745562,62178.1,0.546139657497406,1,1
9067.870184537562,63231.99,0.5455634593963623,1,1
9058.802314353024,64363.49,0.5407148599624634,0,0
9054.884601220812,64399.99,0.5554946660995483,1,0
8992.383391159527,63955.47,0.5629773736000061,1,0
9002.579980185092,64027.99,0.5472354888916016,1,0
8942.84585330118,63603.15,0.55991530418396,1,1
8946.619659829672,63629.99,0.5690754652023315,1,1
8895.441275392059,63266.0,0.563217043876648,1,1
8886.545834116667,62420.0,0.5635353326797485,0,1
8895.585635613832,62545.99,0.5173572897911072,1,1
9069.217835080599,63766.82,0.4974891245365143,1,0
9135.093478822166,64230.0,0.5000573396682739,1,0
9096.546314170677,63958.97,0.5022741556167603,1,0
9087.61460203507,63896.17,0.43775326013565063,1,0
9040.302128165149,63563.51,0.4427012503147125,1,0
9031.261826036984,63540.97,0.4461252987384796,0,1
9061.806777175387,63819.62,0.4349689185619354,1,0
9034.7944239008,63629.38,0.45097705721855164,1,0
9036.075182030198,63638.4,0.48790985345840454,1,0
8986.067398705049,63286.21,0.502410888671875,1,0
9049.852561331256,63735.43,0.4822196364402771,1,0
9071.230714763875,63885.99,0.45036643743515015,1,0
9062.15948404911,63426.72,0.44683411717414856,0,0
9045.67568215834,63374.67,0.44779250025749207,1,0
8937.63371195779,62617.72,0.46808889508247375,1,0
8953.65980669868,62730.0,0.46284452080726624,1,0
9080.01160441403,63615.23,0.43441641330718994,1,0
8896.473710707069,62329.35,0.4697986841201782,1,0
8841.838258757314,61946.57,0.4380495250225067,1,0
8832.996420498557,63115.99,0.43521106243133545,0,0
8731.70968343305,62454.64,0.4184522330760956,1,0
8788.395170550546,62860.09,0.4226946234703064,1,0
8743.206162914297,62536.87,0.4255303740501404,1,0
8663.25229345381,61964.99,0.44041720032691956,1,0
8662.516899047008,61959.73,0.44572344422340393,1,0
8490.919744469618,60732.36,0.46018433570861816,1,0
8482.428824725148,60868.97,0.4867723882198334,0,1
8413.956816162567,60438.01,0.5426913499832153,1,1
8547.10051198977,61394.39,0.5146324634552002,1,0
8466.299364895405,60813.99,0.5488610863685608,1,0
8268.890635433292,59395.99,0.5565739870071411,1,1
8394.776984951004,60300.24,0.5735089182853699,1,1
8578.510496151437,61620.01,0.5753681659698486,1,0
8569.931985655287,61670.38,0.5485416054725647,0,0
8549.446963489441,61584.49,0.4791010916233063,1,0
8476.144757273854,61056.47,0.5168152451515198,1,0
8506.244723850241,61273.29,0.44224706292152405,1,0
8476.489042474064,61058.95,0.4940628409385681,1,0
8461.591766331125,60951.64,0.47501859068870544,1,1
8424.858756663605,60687.04,0.4792324900627136,1,0
8416.433897906942,60101.27,0.5262572765350342,0,1
8525.693757992885,60942.38,0.41194042563438416,1,0
8503.950870303444,60786.96,0.48223599791526794,1,0
8534.44715191084,61004.95,0.47194206714630127,1,0
8570.687629686863,61264.0,0.4211583137512207,1,0
8531.130179403332,60981.24,0.44856688380241394,1,0
8476.81632844111,60593.0,0.48006412386894226,1,0
8468.339512112669,60802.91,0.42406797409057617,0,0
8491.56510124409,61030.63,0.43804842233657837,1,0
8459.64310107502,60801.2,0.4263211488723755,1,0
8458.230869450053,60791.05,0.35771963000297546,1,0
8457.249959799216,60784.0,0.4136017858982086,1,0
8455.858598592351,60774.0,0.361762672662735,1,0
8428.33747392059,60576.2,0.32481056451797485,1,1
8419.90913644667,60637.21,0.3508011996746063,0,0
8419.90913644667,60600.01,0.31866371631622314,0,1
8419.90913644667,60711.69,0.34137916564941406,0,1
8419.90913644667,60751.21,0.31891050934791565,0,1
8419.90913644667,60543.53,0.38958823680877686,0,1
8419.90913644667,60884.62,0.2796284854412079,0,1
8419.90913644667,60782.01,0.30651140213012695,0,1
8419.90913644667,61479.75,0.3205312490463257,0,1
8419.90913644667,61506.74,0.2860530614852905,0,1
8419.90913644667,61701.07,0.27242371439933777,0,1
8419.90913644667,61890.92,0.28341057896614075,0,1
8419.90913644667,61748.1,0.30684933066368103,0,1
8419.90913644667,62101.0,0.31397125124931335,0,0
8419.90913644667,62404.73,0.2912565767765045,0,0
8419.90913644667,62855.01,0.3527684509754181,0,0
8419.90913644667,62530.0,0.3097313940525055,0,0
8419.90913644667,62370.52,0.2967192530632019,0,0
8419.90913644667,62621.96,0.30592602491378784,0,0
8419.90913644667,61900.67,0.3749311566352844,0,0
8419.90913644667,61700.13,0.37187138199806213,0,0
8419.90913644667,61905.49,0.3326534032821655,0,0
8419.90913644667,62093.99,0.3191036283969879,0,0
8419.90913644667,62083.64,0.31288859248161316,0,1
8419.90913644667,62160.01,0.33444035053253174,0,1
8419.90913644667,62030.14,0.28390035033226013,0,1
8419.90913644667,61328.0,0.3577038049697876,0,1
8419.90913644667,61878.01,0.3419424295425415,0,1
8419.90913644667,61778.41,0.29888319969177246,0,1
8419.90913644667,62865.87,0.4032655656337738,0,0
8419.90913644667,63332.01,0.35404160618782043,0,0
8419.90913644667,63631.42,0.32680225372314453,0,0
8419.90913644667,63211.41,0.3286421597003937,0,0
8419.90913644667,63129.93,0.31763744354248047,0,0
8419.90913644667,63130.12,0.3136442303657532,0,1
8419.90913644667,62684.61,0.4021938145160675,0,1
8419.90913644667,62764.0,0.38424524664878845,0,1
8419.90913644667,62988.03,0.34846436977386475,0,1
8419.90913644667,63283.99,0.34995037317276,0,1
8419.90913644667,63132.83,0.34801235795021057,0,1
8419.90913644667,63502.0,0.3614419996738434,0,0
8419.90913644667,63172.3,0.38926804065704346,0,1
8419.90913644667,63479.61,0.3397457003593445,0,0
8419.90913644667,63872.0,0.34660255908966064,0,0
8419.90913644667,63758.0,0.3367694616317749,0,0
8419.90913644667,63964.08,0.3301005959510803,0,0
8419.90913644667,63774.48,0.3462725579738617,0,0
8419.90913644667,63532.01,0.35857799649238586,0,0
8419.90913644667,63550.0,0.3212180435657501,0,0
8419.90913644667,63466.83,0.29170265793800354,0,0
8419.90913644667,63372.01,0.24212752282619476,0,0
8419.90913644667,63485.49,0.2899564206600189,0,0
8419.90913644667,63728.96,0.2786830961704254,0,0
8419.90913644667,63440.01,0.30443668365478516,0,0
8419.90913644667,63085.99,0.31791308522224426,0,0
8419.90913644667,62562.0,0.3737104535102844,0,1
8419.90913644667,62764.01,0.3107341229915619,0,1
8419.90913644667,62868.0,0.2933320999145508,0,0
8419.90913644667,62875.17,0.27463826537132263,0,0
8419.90913644667,63242.36,0.2862668037414551,0,0
8419.90913644667,63338.68,0.28863778710365295,0,0
8419.90913644667,63300.0,0.26264041662216187,0,0
8419.90913644667,63198.44,0.30208584666252136,0,0
8419.90913644667,62849.75,0.3206633925437927,0,0
8419.90913644667,62715.37,0.32979679107666016,0,0
8419.90913644667,62786.01,0.27889174222946167,0,0
8419.90913644667,62711.12,0.3007630705833435,0,0
8419.90913644667,62645.15,0.3378567099571228,0,0
8419.90913644667,62273.61,0.37460464239120483,0,0
8419.90913644667,61541.95,0.374535471200943,0,1
8419.90913644667,61131.84,0.3767319321632385,0,1
8419.90913644667,61390.51,0.3551972508430481,0,1
8419.90913644667,61692.01,0.33732685446739197,0,0
8419.90913644667,61792.01,0.33712413907051086,0,0
8419.90913644667,62098.09,0.32614022493362427,0,0
8419.90913644667,62160.0,0.3051169216632843,0,0
8419.90913644667,61761.2,0.3483004868030548,0,0
8419.90913644667,61717.5,0.31732529401779175,0,0
8419.90913644667,61730.0,0.33556047081947327,0,0
8419.90913644667,61923.16,0.3484167158603668,0,0
8419.90913644667,61714.0,0.3432287871837616,0,0
8419.90913644667,61302.36,0.4024069607257843,0,0
8419.90913644667,61549.64,0.2960921823978424,0,0
8419.90913644667,61295.99,0.3608989417552948,0,0
8419.90913644667,61361.17,0.3391547203063965,0,0
8419.90913644667,61472.89,0.34329697489738464,0,0
8419.90913644667,61687.56,0.3551509380340576,0,1
8419.90913644667,61261.55,0.3814690411090851,0,1
8419.90913644667,61334.94,0.3703407347202301,0,1
8419.90913644667,61386.09,0.35448983311653137,0,1
8419.90913644667,61034.04,0.3860713541507721,0,1
8419.90913644667,61564.01,0.3766764998435974,0,1
8419.90913644667,62146.42,0.32098454236984253,0,0
8419.90913644667,62195.99,0.3231029212474823,0,0
8419.90913644667,62639.23,0.3331186771392822,0,0
8419.90913644667,62219.33,0.3410608768463135,0,0
8419.90913644667,61969.99,0.3560190200805664,0,0
8419.90913644667,61882.0,0.3306420147418976,0,0
8419.90913644667,61942.44,0.32719331979751587,0,0
8419.90913644667,61805.51,0.28886833786964417,0,1
8419.90913644667,61356.18,0.36699894070625305,0,1
8419.90913644667,61381.46,0.32762783765792847,0,1
8419.90913644667,61510.99,0.3253830075263977,0,1
8419.90913644667,61812.0,0.3324345052242279,0,1
8419.90913644667,62206.01,0.3001333773136139,0,1
8419.90913644667,62148.0,0.308137446641922,0,1
8419.90913644667,62689.48,0.3117240071296692,0,0
8419.90913644667,62726.86,0.28817012906074524,0,1
8419.90913644667,62610.0,0.23126620054244995,0,1
8419.90913644667,62772.0,0.30138736963272095,0,0
8419.90913644667,62719.39,0.29760271310806274,0,1
8419.90913644667,62957.99,0.3032112717628479,0,0
8419.90913644667,62927.49,0.27420711517333984,0,0
8419.90913644667,63148.0,0.27197346091270447,0,0
8419.90913644667,63108.0,0.28069445490837097,0,1
8419.90913644667,63010.01,0.3317340016365051,0,1
8419.90913644667,63077.57,0.2883612811565399,0,1
8419.90913644667,62734.02,0.332015722990036,0,1
8419.90913644667,62749.44,0.3344151973724365,0,1
8419.90913644667,62582.45,0.3132443130016327,0,1
8419.90913644667,63644.19,0.3478706181049347,0,0
8419.90913644667,63461.12,0.2952398657798767,0,0
8419.90913644667,63605.68,0.2992810904979706,0,0
8419.90913644667,63393.67,0.276388555765152,0,0
8419.90913644667,63519.99,0.256785124540329,0,0
8419.90913644667,63500.01,0.2712225019931793,0,0
8419.90913644667,63625.99,0.2965763807296753,0,0
8419.90913644667,63648.8,0.2968243956565857,0,0
8419.90913644667,63426.2,0.30892714858055115,0,0
8419.90913644667,63624.07,0.2707131803035736,0,0
8419.90913644667,63524.82,0.27365806698799133,0,0
8419.90913644667,63700.0,0.2913062274456024,0,0
8419.90913644667,63358.2,0.2994341254234314,0,1
8419.90913644667,62980.45,0.3321610987186432,0,1
8419.90913644667,63100.8,0.3058934211730957,0,0
8419.90913644667,63470.81,0.29041311144828796,0,1
8419.90913644667,63752.93,0.2914870083332062,0,0
8419.90913644667,63702.01,0.33412617444992065,0,0
8419.90913644667,63766.01,0.30061089992523193,0,0
8419.90913644667,63465.51,0.3340980112552643,0,0
8419.90913644667,63229.1,0.3026253581047058,0,1
8419.90913644667,63999.99,0.3230278491973877,0,0
8419.90913644667,63593.02,0.3440949320793152,0,0
8419.90913644667,63982.48,0.29098838567733765,0,0
8419.90913644667,63865.44,0.30428436398506165,0,0
8419.90913644667,63694.0,0.29072046279907227,0,0
8419.90913644667,63589.27,0.2941388487815857,0,0
8419.90913644667,63449.0,0.2886976897716522,0,0
8419.90913644667,63472.0,0.23840589821338654,0,0
8419.90913644667,63502.0,0.236463263630867,0,0
8419.90913644667,63580.01,0.2094452828168869,0,0
8419.90913644667,63600.01,0.18371357023715973,0,0
8419.90913644667,63837.89,0.236227884888649,0,0
8419.90913644667,63646.01,0.2399705946445465,0,0
8419.90913644667,63532.0,0.26457104086875916,0,0
8419.90913644667,63512.01,0.20984767377376556,0,1
8419.90913644667,63584.03,0.17126800119876862,0,1
8419.90913644667,63735.74,0.24150337278842926,0,1
8419.90913644667,63846.0,0.26546305418014526,0,0
8419.90913644667,63806.0,0.20809893310070038,0,1
8419.90913644667,63743.12,0.20370523631572723,0,1
8419.90913644667,63843.01,0.24329954385757446,0,0
8419.90913644667,63971.28,0.23686949908733368,0,0
8419.90913644667,64133.12,0.2864078879356384,0,0
8419.90913644667,64102.69,0.2932196855545044,0,0
8419.90913644667,64220.97,0.24416974186897278,0,0
8419.90913644667,64296.15,0.2959577739238739,0,0
8419.90913644667,64029.17,0.3219499886035919,0,1
8419.90913644667,63971.19,0.3305555582046509,0,1
8419.90913644667,64161.46,0.3290204405784607,0,1
8419.90913644667,64296.59,0.3392753601074219,0,0
8419.90913644667,64278.31,0.2624916434288025,0,0
8419.90913644667,64471.04,0.29206356406211853,0,0
8419.90913644667,64456.47,0.32012635469436646,0,0
8419.90913644667,64458.01,0.34003931283950806,0,0
8419.90913644667,64565.0,0.2502637505531311,0,0
8419.90913644667,64563.0,0.25939443707466125,0,0
8419.90913644667,64490.01,0.21886210143566132,0,0
8419.90913644667,64545.3,0.225620836019516,0,0
8419.90913644667,64339.07,0.2783798277378082,0,0
8419.90913644667,64338.0,0.1855517476797104,0,0
8419.90913644667,64286.1,0.2640407979488373,0,0
8419.90913644667,64429.39,0.236674964427948,0,0
8419.90913644667,64456.33,0.17962248623371124,0,0
8419.90913644667,64616.0,0.23700740933418274,0,0
8419.90913644667,64521.13,0.22640855610370636,0,0
8419.90913644667,64546.0,0.21734753251075745,0,0
8419.90913644667,64327.53,0.29989245533943176,0,0
8419.90913644667,64317.99,0.26299044489860535,0,0
8419.90913644667,63983.55,0.3169459402561188,0,0
8419.90913644667,64025.07,0.26288896799087524,0,1
8419.90913644667,63942.63,0.2821393609046936,0,1
8419.90913644667,63732.64,0.3125580847263336,0,1
8419.90913644667,63813.3,0.19969843327999115,0,1
8419.90913644667,63802.0,0.1767432987689972,0,1
8419.90913644667,64008.64,0.2895473837852478,0,1
8419.90913644667,65311.59,0.3350483477115631,0,1
8419.90913644667,65426.78,0.3453196585178375,0,0
8419.90913644667,65746.45,0.3523660898208618,0,0
8419.90913644667,65625.99,0.3444843888282776,0,0
8419.90913644667,65525.0,0.31506526470184326,0,0
8419.90913644667,65472.01,0.27818772196769714,0,0
8419.90913644667,65927.1,0.31056851148605347,0,0
8419.90913644667,65644.01,0.32040852308273315,0,0
8419.90913644667,65858.01,0.297172874212265,0,1
8419.90913644667,65812.01,0.27185606956481934,0,1
8419.90913644667,65674.76,0.3170616924762726,0,1
8419.90913644667,65662.01,0.2511340379714966,0,1
8419.90913644667,65596.86,0.2740119397640228,0,1
8419.90913644667,65917.37,0.26513445377349854,0,1
8419.90913644667,66233.9,0.3261548578739166,0,1
8419.90913644667,66563.49,0.3120793104171753,0,0
8419.90913644667,66447.05,0.32383260130882263,0,0
8419.90913644667,66591.55,0.3380769193172455,0,0
8419.90913644667,67292.14,0.3400626480579376,0,0
8419.90913644667,67157.99,0.3934004306793213,0,0
8419.90913644667,66851.79,0.3181280195713043,0,0
8419.90913644667,66766.12,0.25773483514785767,0,0
8419.90913644667,66614.35,0.3257133662700653,0,0
8419.90913644667,66519.98,0.22380630671977997,0,0
8419.90913644667,66368.15,0.22223857045173645,0,0
8419.90913644667,66206.34,0.30560606718063354,0,0
8419.90913644667,66328.74,0.2377735823392868,0,0
8419.90913644667,66250.0,0.19230754673480988,0,0
8419.90913644667,66346.52,0.16691625118255615,0,0
8419.90913644667,65741.99,0.2784025967121124,0,1
8419.90913644667,66165.21,0.2941553592681885,0,1
8419.90913644667,65840.09,0.3174627721309662,0,1
8419.90913644667,66045.0,0.2435566633939743,0,1
8419.90913644667,66446.0,0.2784280478954315,0,0
8419.90913644667,66372.0,0.24402160942554474,0,0
8419.90913644667,66899.61,0.28702908754348755,0,0
8419.90913644667,66510.0,0.31374943256378174,0,0
8419.90913644667,66514.0,0.2842799127101898,0,0
8419.90913644667,66481.73,0.27255165576934814,0,0
8419.90913644667,66429.83,0.3182761073112488,0,0
8419.90913644667,66052.0,0.37761634588241577,0,0
8419.90913644667,65654.9,0.3907955288887024,0,0
8419.90913644667,65859.76,0.3437003195285797,0,0
8419.90913644667,65758.07,0.31606602668762207,0,0
8419.90913644667,65978.79,0.2636464238166809,0,0
8419.90913644667,65847.99,0.32887426018714905,0,0
8419.90913644667,65675.88,0.3130934536457062,0,0
8419.90913644667,65854.0,0.2520304024219513,0,0
8419.90913644667,65776.97,0.27128878235816956,0,0
8419.90913644667,65780.0,0.21833966672420502,0,0
8419.90913644667,65675.01,0.21033300459384918,0,0
8419.90913644667,65700.0,0.18749895691871643,0,0
8419.90913644667,65940.0,0.2751489579677582,0,0
8419.90913644667,65904.0,0.2632865011692047,0,0
8419.90913644667,65851.99,0.20678159594535828,0,0
8419.90913644667,65892.0,0.21038678288459778,0,0
8419.90913644667,65836.3,0.21030965447425842,0,0
8419.90913644667,65624.0,0.24763968586921692,0,0
8419.90913644667,65539.5,0.3131960928440094,0,0
8419.90913644667,64926.02,0.356901615858078,0,0
8419.90913644667,64909.44,0.23361098766326904,0,1
8419.90913644667,64798.0,0.28535333275794983,0,1
8419.90913644667,64810.01,0.2980400025844574,0,1
8419.90913644667,65040.88,0.32272598147392273,0,1
8419.90913644667,65278.0,0.30092093348503113,0,0
8419.90913644667,65101.45,0.34780290722846985,0,0
8419.90913644667,65752.0,0.30086010694503784,0,0
8419.90913644667,65864.12,0.3067816197872162,0,0
8419.90913644667,66104.08,0.2829710841178894,0,0
8419.90913644667,65516.0,0.35278815031051636,0,0
8419.90913644667,64301.85,0.47221115231513977,0,0
8428.831627676276,64434.36,0.37632453441619873,1,0
8405.731415660026,64257.77,0.36798879504203796,1,0
8411.256943467753,64300.01,0.43562403321266174,1,0
8438.64781154682,64509.4,0.33594614267349243,1,0
8433.23347452121,64468.01,0.2926650047302246,1,0
8443.793982568504,64548.74,0.29441002011299133,1,0
8435.350188585935,64689.5,0.2819496989250183,0,0
8435.350188585935,64282.82,0.35217058658599854,0,0
8435.350188585935,63883.41,0.39194729924201965,0,0
8435.350188585935,63994.0,0.3383035659790039,0,0
8435.350188585935,64083.41,0.31628140807151794,0,0
8435.350188585935,64510.44,0.37335073947906494,0,0
8435.350188585935,64399.92,0.33415019512176514,0,0
8435.350188585935,64199.53,0.2971492111682892,0,0
8435.350188585935,64078.61,0.3397345542907715,0,0
8435.350188585935,63974.4,0.3272189497947693,0,0
8435.350188585935,64378.07,0.35322263836860657,0,0
8435.350188585935,63984.0,0.387743204832077,0,0
8435.350188585935,63816.61,0.37054991722106934,0,0
8435.350188585935,62369.44,0.4028230607509613,0,1
8435.350188585935,62688.0,0.3757186532020569,0,0
8435.350188585935,62606.0,0.39003461599349976,0,1
8435.350188585935,62708.92,0.3684411346912384,0,0
8435.350188585935,62950.79,0.35882002115249634,0,0
8435.350188585935,63086.0,0.3200598657131195,0,0
8435.350188585935,62971.32,0.2895139753818512,0,0
8435.350188585935,62885.85,0.2764313220977783,0,0
8435.350188585935,62958.01,0.24923743307590485,0,0
8435.350188585935,63020.0,0.26745298504829407,0,0
8435.350188585935,63021.86,0.2668894827365875,0,0
8435.350188585935,63006.0,0.22438254952430725,0,0
8435.350188585935,62773.51,0.38820680975914,0,0
8435.350188585935,62452.01,0.39907199144363403,0,0
8435.350188585935,62739.2,0.2926751673221588,0,0
8435.350188585935,62894.08,0.22119826078414917,0,0
8435.350188585935,62629.99,0.36318179965019226,0,1
8435.350188585935,62603.99,0.2641091048717499,0,1
8435.350188585935,62390.0,0.33673131465911865,0,1
8435.350188585935,62533.25,0.28174275159835815,0,1
8435.350188585935,62626.0,0.2730139195919037,0,1
8435.350188585935,62830.01,0.35169777274131775,0,0
8435.350188585935,63210.0,0.3477737605571747,0,0
8435.350188585935,63203.53,0.3631843328475952,0,0
8435.350188585935,63214.01,0.3093301057815552,0,0
8435.350188585935,62971.99,0.32574182748794556,0,1
8435.350188585935,63198.01,0.30610063672065735,0,1
8435.350188585935,63110.01,0.23788326978683472,0,1
8435.350188585935,63021.6,0.24437369406223297,0,1
8435.350188585935,63250.01,0.25426334142684937,0,0
8435.350188585935,63075.98,0.2295999377965927,0,1
8435.350188585935,63315.28,0.258282333612442,0,0
8435.350188585935,63543.91,0.2664535343647003,0,0
8435.350188585935,63530.01,0.24550950527191162,0,0
8435.350188585935,63586.28,0.19046898186206818,0,0
8435.350188585935,63340.57,0.22434651851654053,0,0
8435.350188585935,63476.79,0.19906605780124664,0,0
8435.350188585935,63583.53,0.20811845362186432,0,0
8435.350188585935,63678.07,0.2491898089647293,0,0
8435.350188585935,63744.61,0.18527339398860931,0,0
8435.350188585935,63655.21,0.21525608003139496,0,0
8435.350188585935,63417.97,0.25821661949157715,0,1
8435.350188585935,63741.16,0.2433536946773529,0,1
8435.350188585935,63674.7,0.23313967883586884,0,1
8435.350188585935,63688.0,0.21997293829917908,0,0
8435.350188585935,63655.09,0.23400793969631195,0,0
8435.350188585935,63397.78,0.2660115957260132,0,1
8435.350188585935,63949.9,0.3027415871620178,0,0
8435.350188585935,64160.04,0.2799641191959381,0,0
8435.350188585935,64034.31,0.2678709924221039,0,0
8435.350188585935,63834.7,0.2975424528121948,0,1
8435.350188585935,63805.89,0.17596662044525146,0,1
8435.350188585935,63936.0,0.2085360586643219,0,0
8435.350188585935,63925.99,0.17958207428455353,0,0
8435.350188585935,64012.4,0.20848558843135834,0,1
8435.350188585935,64272.01,0.2739081382751465,0,0
8435.350188585935,64298.01,0.17630188167095184,0,0
8435.350188585935,64294.0,0.17575190961360931,0,0
8435.350188585935,64248.0,0.18544404208660126,0,0
8435.350188585935,64241.25,0.130691796541214,0,0
8435.350188585935,64426.0,0.23236431181430817,0,0
8435.350188585935,64276.12,0.25197023153305054,0,0
8435.350188585935,64256.55,0.175003319978714,0,0
8435.350188585935,64303.46,0.16303718090057373,0,0
8435.350188585935,64191.07,0.17982707917690277,0,0
8435.350188585935,64014.0,0.2425883412361145,0,0
8435.350188585935,64209.16,0.22447896003723145,0,0
8435.350188585935,64365.99,0.19981548190116882,0,0
8435.350188585935,64176.0,0.28252318501472473,0,0
8435.350188585935,64200.0,0.21935062110424042,0,0
8435.350188585935,64146.0,0.17905330657958984,0,0
8435.350188585935,64145.97,0.17047028243541718,0,0
8435.350188585935,64224.0,0.18584072589874268,0,0
8435.350188585935,64145.31,0.18200601637363434,0,0
8435.350188585935,64151.46,0.13312414288520813,0,0
8435.350188585935,64213.81,0.1923670768737793,0,0
8435.350188585935,64207.12,0.1337699443101883,0,1
8435.350188585935,63848.0,0.24164612591266632,0,1
8435.350188585935,63808.01,0.24723684787750244,0,0
8435.350188585935,63801.59,0.2466876059770584,0,0
8435.350188585935,63311.99,0.2825988829135895,0,1
8435.350188585935,63896.01,0.3272518515586853,0,0
8435.350188585935,64606.0,0.27977487444877625,0,0
8435.350188585935,64257.99,0.29457756876945496,0,0
8435.350188585935,63974.01,0.33259716629981995,0,0
8435.350188585935,64100.02,0.26188549399375916,0,0
8435.350188585935,64247.74,0.25672855973243713,0,1
8435.350188585935,63989.95,0.26233628392219543,0,1
8435.350188585935,64211.19,0.27274832129478455,0,1
8435.350188585935,64165.99,0.27257394790649414,0,1
8435.350188585935,64145.39,0.20193348824977875,0,1
8435.350188585935,64139.21,0.22004078328609467,0,1
8435.350188585935,64657.22,0.28505194187164307,0,0
8435.350188585935,65149.57,0.3026857078075409,0,0
8435.350188585935,65578.0,0.3188498616218567,0,0
8435.350188585935,64980.39,0.3588784337043762,0,0
8435.350188585935,64836.95,0.3100573420524597,0,0
8435.350188585935,64719.77,0.30605417490005493,0,0
8435.350188585935,64602.0,0.3197064697742462,0,0
8435.350188585935,64334.01,0.32636359333992004,0,0
8435.350188585935,64472.0,0.27915266156196594,0,0
8435.350188585935,64433.8,0.2579140067100525,0,0
8435.350188585935,64320.57,0.24372339248657227,0,0
8435.350188585935,63971.12,0.3004979193210602,0,0
8435.350188585935,64020.01,0.23158395290374756,0,0
8435.350188585935,64154.99,0.2393500953912735,0,0
8435.350188585935,64156.0,0.25848808884620667,0,0
8435.350188585935,64204.01,0.17631399631500244,0,0
8435.350188585935,64065.35,0.2169535905122757,0,0
8435.350188585935,63623.02,0.33957988023757935,0,0
8435.350188585935,63400.0,0.3348052501678467,0,0
8435.350188585935,62936.01,0.34530678391456604,0,0
8435.350188585935,62886.03,0.2737826406955719,0,0
8435.350188585935,62385.99,0.3643963038921356,0,0
8435.350188585935,62386.0,0.260017454624176,0,0
8435.350188585935,62328.01,0.2910313010215759,0,0
8435.350188585935,62507.06,0.28116926550865173,0,0
8435.350188585935,62256.6,0.3365837037563324,0,0
8435.350188585935,62475.99,0.3397928774356842,0,0
8435.350188585935,62493.63,0.3355806767940521,0,0
8435.350188585935,62487.79,0.3024764358997345,0,0
8435.350188585935,62558.0,0.34141936898231506,0,0
8435.350188585935,62358.02,0.30924415588378906,0,1
8435.350188585935,62241.99,0.3041222095489502,0,1
8435.350188585935,62388.49,0.2902368903160095,0,1
8435.350188585935,62470.7,0.2263495922088623,0,0
8435.350188585935,62599.77,0.23392032086849213,0,0
8435.350188585935,62590.0,0.27235475182533264,0,0
8435.350188585935,62734.57,0.2746240794658661,0,0
8435.350188585935,63014.0,0.2827320098876953,0,0
8435.350188585935,62932.19,0.28714612126350403,0,0
8435.350188585935,62630.0,0.3504408299922943,0,0
8435.350188585935,62729.78,0.32945236563682556,0,0
8435.350188585935,62744.42,0.30266451835632324,0,0
8435.350188585935,62890.0,0.3137708008289337,0,0
8435.350188585935,62780.0,0.250736266374588,0,0
8435.350188585935,62657.99,0.29295164346694946,0,0
8435.350188585935,62800.0,0.22937501966953278,0,0
8435.350188585935,62681.7,0.2446216344833374,0,0
8435.350188585935,62445.99,0.301523357629776,0,0
8435.350188585935,62921.19,0.32352396845817566,0,0
8435.350188585935,62618.31,0.32244783639907837,0,0
8435.350188585935,61338.01,0.38932716846466064,0,0
8435.350188585935,61113.1,0.36617955565452576,0,0
8435.350188585935,60250.0,0.39853528141975403,0,1
8435.350188585935,59850.0,0.4219457805156708,0,1
8364.126142909035,59404.0,0.4124419093132019,1,1
8391.721676589405,59599.99,0.44067710638046265,1,1
8442.171983610242,59958.3,0.4219070076942444,1,1
8582.648864843497,60956.0,0.4221607744693756,1,0
8604.33217616947,61110.0,0.42746564745903015,1,0
8571.101797558804,60873.99,0.40397682785987854,1,1
8562.530695761245,61077.99,0.3559969961643219,0,1
8562.530695761245,60832.0,0.3955661952495575,0,1
8562.530695761245,60928.0,0.3187926709651947,0,1
8562.530695761245,60799.08,0.3482917547225952,0,1
8562.530695761245,60883.65,0.316850483417511,0,1
8562.530695761245,61357.63,0.3789529800415039,0,0
8562.530695761245,61600.01,0.4035206437110901,0,0
8562.530695761245,61732.06,0.331054151058197,0,0
8562.530695761245,61911.04,0.3311495780944824,0,0
8562.530695761245,61712.35,0.3182849884033203,0,0
8562.530695761245,61739.29,0.2629525065422058,0,0
8562.530695761245,61269.94,0.4600576162338257,0,0
8555.660431191985,61282.01,0.42300087213516235,1,0
8550.355202195984,61244.01,0.4631836414337158,1,0
8137.965791207797,58290.17,0.4833061099052429,1,1
8302.892795677462,59471.5,0.4763416051864624,1,0
8314.967776094942,59557.99,0.4879700839519501,1,1
8280.714146248385,59312.64,0.42915108799934387,1,1
8272.433432102136,59676.01,0.4087776243686676,0,0
8272.433432102136,59512.71,0.3984784483909607,0,0
8272.433432102136,59320.0,0.42404767870903015,0,0
8283.203882473956,59456.62,0.41023537516593933,1,0
8388.42159804942,60211.87,0.4245803952217102,1,0
8338.184579530369,59851.27,0.4540018141269684,1,0
8330.206004792195,59794.0,0.40741005539894104,1,0
8312.525527753223,59667.09,0.38425225019454956,1,1
8279.70428761761,59431.5,0.4219391942024231,1,1
8271.424583329992,58561.99,0.4535909593105316,0,1
8471.145824208324,60036.01,0.4279383420944214,1,0
8454.843005474551,59920.47,0.4203249216079712,1,0
8459.475353916907,59953.3,0.3472551107406616,1,0
8511.781524114327,60324.0,0.39794185757637024,1,0
8541.130548665347,60532.0,0.41620001196861267,1,0
8500.729076551435,60245.67,0.41840463876724243,1,0
8492.228347474884,59736.01,0.42167362570762634,0,1
8423.705389826746,59313.26,0.4361707270145416,1,1
8437.904610454221,59413.24,0.41443508863449097,1,1
8405.492666749453,59185.02,0.43228432536125183,1,1
8546.151299492592,60175.43,0.41269081830978394,1,0
8463.111848593559,59590.73,0.4169502854347229,1,0
8567.864830616167,60328.32,0.4137763977050781,1,0
8559.29696578555,60041.75,0.3753640055656433,0,0
8559.29696578555,60023.97,0.33571675419807434,0,0
8559.29696578555,59668.01,0.37504830956459045,0,1
8559.29696578555,59751.97,0.3584247827529907,0,0
8559.29696578555,59718.0,0.3552255928516388,0,1
8559.29696578555,59918.7,0.36431387066841125,0,1
8559.29696578555,60048.0,0.27827104926109314,0,0
8559.29696578555,60097.27,0.23893499374389648,0,0
8559.29696578555,60059.07,0.22752292454242706,0,1
8559.29696578555,59945.53,0.16424860060214996,0,1
8559.29696578555,60290.01,0.2762775421142578,0,0
8559.29696578555,60305.73,0.2647358179092407,0,0
8559.29696578555,60239.99,0.3108847737312317,0,0
8559.29696578555,60236.76,0.24700215458869934,0,0
8559.29696578555,60370.62,0.3036244511604309,0,0
8559.29696578555,60548.07,0.3222673833370209,0,0
8559.29696578555,60456.0,0.2587130665779114,0,0
8559.29696578555,60414.62,0.28163591027259827,0,1
8559.29696578555,60420.28,0.22524458169937134,0,1
8559.29696578555,60363.65,0.2985771596431732,0,0
8559.29696578555,60430.0,0.26336225867271423,0,0
8559.29696578555,60588.35,0.281524121761322,0,0
8559.29696578555,60611.5,0.2571318745613098,0,0
8559.29696578555,60840.06,0.27606815099716187,0,0
8559.29696578555,60807.99,0.25671911239624023,0,0
8559.29696578555,60524.88,0.2994725704193115,0,0
8559.29696578555,60570.86,0.2391005903482437,0,0
8559.29696578555,60175.95,0.2954636514186859,0,0
8559.29696578555,60300.0,0.1911873072385788,0,0
8559.29696578555,60203.82,0.2655164301395416,0,0
8559.29696578555,60228.95,0.2826576828956604,0,0
8559.29696578555,60029.0,0.2825824022293091,0,0
8559.29696578555,60146.0,0.23542656004428864,0,0
8559.29696578555,60222.22,0.2657313346862793,0,0
8559.29696578555,60150.45,0.2801709473133087,0,0
8559.29696578555,60197.04,0.1975446194410324,0,0
8559.29696578555,60133.0,0.2087818682193756,0,0
8559.29696578555,59989.17,0.2782996892929077,0,1
8559.29696578555,60002.82,0.240576833486557,0,0
8559.29696578555,60219.99,0.2500235140323639,0,0
8559.29696578555,60370.0,0.27134981751441956,0,0
8559.29696578555,60258.84,0.24895434081554413,0,0
8559.29696578555,60166.71,0.26810020208358765,0,0
8559.29696578555,60342.0,0.25366634130477905,0,0
8559.29696578555,60293.51,0.26758453249931335,0,0
8559.29696578555,60071.88,0.31812193989753723,0,0
8559.29696578555,60033.0,0.2756398916244507,0,0
8559.29696578555,59890.0,0.3313356041908264,0,0
8559.29696578555,59690.62,0.3436405658721924,0,0
8559.29696578555,59586.01,0.30799031257629395,0,0
8559.29696578555,59614.46,0.2518862783908844,0,0
8559.29696578555,59481.79,0.283130019903183,0,0
8559.29696578555,59660.0,0.2526906430721283,0,0
8559.29696578555,59445.95,0.30404773354530334,0,1
8559.29696578555,59067.01,0.380214124917984,0,1
8559.29696578555,59577.01,0.31973958015441895,0,1
8559.29696578555,59667.01,0.32103288173675537,0,1
8559.29696578555,59440.95,0.3351624608039856,0,1
8559.29696578555,59757.46,0.32211586833000183,0,0
8559.29696578555,60049.46,0.28612858057022095,0,0
8559.29696578555,59830.0,0.26509711146354675,0,0
8559.29696578555,60102.8,0.3051742911338806,0,0
8559.29696578555,60075.49,0.28105491399765015,0,0
8559.29696578555,60026.0,0.2857401669025421,0,0
8559.29696578555,59840.0,0.3370266854763031,0,0
8559.29696578555,60057.0,0.30056944489479065,0,0
8559.29696578555,60088.0,0.2885613441467285,0,0
8559.29696578555,59956.05,0.31407880783081055,0,1
8559.29696578555,59948.78,0.32599762082099915,0,1
8559.29696578555,59580.0,0.38762378692626953,0,1
8559.29696578555,59469.67,0.37207117676734924,0,1
8559.29696578555,59824.01,0.32245832681655884,0,1
8559.29696578555,59892.86,0.2852267324924469,0,1
8559.29696578555,60413.99,0.3061716556549072,0,0
8559.29696578555,60295.0,0.29270967841148376,0,0
8559.29696578555,60433.49,0.2797844707965851,0,0
8559.29696578555,60296.0,0.26628726720809937,0,0
8559.29696578555,60479.72,0.2472398281097412,0,0
8559.29696578555,60352.31,0.22883979976177216,0,0
8559.29696578555,60260.21,0.2173823118209839,0,0
8559.29696578555,59838.01,0.2530447840690613,0,0
8559.29696578555,59939.94,0.18948060274124146,0,0
8559.29696578555,59948.24,0.18664664030075073,0,0
8559.29696578555,59627.48,0.2629956305027008,0,0
8559.29696578555,59492.01,0.27820199728012085,0,0
8559.29696578555,59652.13,0.26827865839004517,0,0
8559.29696578555,59592.0,0.22620739042758942,0,0
8559.29696578555,59524.01,0.23709899187088013,0,0
8559.29696578555,59311.92,0.31236618757247925,0,0
8559.29696578555,59374.96,0.2356725037097931,0,0
8559.29696578555,59334.01,0.21014456450939178,0,0
8559.29696578555,59192.7,0.28614503145217896,0,0
8559.29696578555,58412.0,0.36736661195755005,0,0
8559.29696578555,58737.18,0.31660157442092896,0,0
8559.29696578555,58482.81,0.32835015654563904,0,0
8559.29696578555,58381.99,0.32501688599586487,0,0
8559.29696578555,58497.65,0.31527093052864075,0,0
8559.29696578555,58417.99,0.2985832989215851,0,0
8559.29696578555,58680.87,0.31915172934532166,0,0
8559.29696578555,58818.05,0.3075385093688965,0,0
8559.29696578555,58732.01,0.281697541475296,0,1
8559.29696578555,58639.99,0.2932116985321045,0,1
8559.29696578555,58607.99,0.2630175054073334,0,1
8559.29696578555,58624.71,0.2089616358280182,0,1
8559.29696578555,58576.0,0.321792870759964,0,0
8559.29696578555,58770.57,0.36330646276474,0,0
8559.29696578555,59085.0,0.3277268409729004,0,0
8559.29696578555,59197.13,0.3022879660129547,0,0
8559.29696578555,59339.99,0.29276007413864136,0,0
8559.29696578555,59154.33,0.28766223788261414,0,0
8559.29696578555,58755.8,0.3560335338115692,0,0
8559.29696578555,58768.65,0.2930019199848175,0,1
8559.29696578555,58973.99,0.29595962166786194,0,1
8559.29696578555,58944.55,0.29570677876472473,0,1
8559.29696578555,58659.98,0.3167880177497864,0,1
8559.29696578555,58622.03,0.27425599098205566,0,1
8559.29696578555,58538.01,0.3322158455848694,0,1
8559.29696578555,59498.03,0.3444562554359436,0,1
8559.29696578555,59542.0,0.32433271408081055,0,1
8559.29696578555,60147.15,0.3244328796863556,0,1
8559.29696578555,59920.0,0.29078206419944763,0,1
8559.29696578555,60190.6,0.267318993806839,0,0
8559.29696578555,60171.16,0.26821213960647583,0,0
8559.29696578555,60028.67,0.2882787883281708,0,0
8559.29696578555,60126.0,0.25138404965400696,0,0
8559.29696578555,60815.99,0.316678911447525,0,0
8559.29696578555,60478.01,0.3347887694835663,0,1
8559.29696578555,60024.0,0.35422804951667786,0,1
8559.29696578555,59761.73,0.307047575712204,0,1
8559.29696578555,60175.92,0.2648250460624695,0,0
8559.29696578555,60423.1,0.24550645053386688,0,0
8559.29696578555,61058.0,0.2871282398700714,0,0
8559.29696578555,60787.98,0.29047921299934387,0,1
8559.29696578555,60504.54,0.29546380043029785,0,1
8559.29696578555,60274.01,0.3503362536430359,0,1
8559.29696578555,60149.99,0.26025816798210144,0,1
8559.29696578555,60511.99,0.31417766213417053,0,1
8559.29696578555,61184.0,0.321052610874176,0,1
8559.29696578555,61263.68,0.2755642235279083,0,1
8559.29696578555,61358.01,0.28044262528419495,0,1
8559.29696578555,61542.53,0.2902264893054962,0,0
8559.29696578555,61939.04,0.33424317836761475,0,0
8559.29696578555,61696.61,0.3238775134086609,0,0
8559.29696578555,61612.93,0.28778690099716187,0,0
8559.29696578555,61682.34,0.2928677201271057,0,0
8559.29696578555,61667.39,0.2679824233055115,0,0
8559.29696578555,61761.36,0.20778006315231323,0,0
8559.29696578555,61479.6,0.27084285020828247,0,0
8559.29696578555,61584.78,0.21870744228363037,0,0
8559.29696578555,61592.26,0.16808946430683136,0,0
8559.29696578555,61465.26,0.20299281179904938,0,0
8559.29696578555,61560.0,0.19790597259998322,0,0
8559.29696578555,61308.75,0.22448770701885223,0,1
8559.29696578555,61588.0,0.22156012058258057,0,0
8559.29696578555,61440.01,0.21787510812282562,0,0
8559.29696578555,61434.0,0.18109764158725739,0,0
8559.29696578555,61448.0,0.16601398587226868,0,1
8559.29696578555,61700.49,0.2710196077823639,0,1
8559.29696578555,61710.01,0.23393985629081726,0,0
8559.29696578555,61750.47,0.20779985189437866,0,1
8559.29696578555,61584.0,0.25352826714515686,0,1
8559.29696578555,61718.68,0.161126509308815,0,0
8559.29696578555,61916.46,0.20407108962535858,0,0
8559.29696578555,62024.02,0.2211480736732483,0,0
8559.29696578555,61983.99,0.20971037447452545,0,0
8559.29696578555,62116.01,0.21919457614421844,0,0
8559.29696578555,62167.48,0.23838375508785248,0,1
8559.29696578555,61922.72,0.2474394142627716,0,1
8559.29696578555,62104.81,0.18415546417236328,0,1
8559.29696578555,62194.0,0.17730258405208588,0,1
8559.29696578555,62204.01,0.16102012991905212,0,1
8559.29696578555,62210.0,0.20155508816242218,0,0
8559.29696578555,62776.92,0.2565269470214844,0,0
8559.29696578555,62732.0,0.27007701992988586,0,0
8559.29696578555,62578.0,0.18912023305892944,0,0
8559.29696578555,62583.26,0.17023608088493347,0,0
8559.29696578555,62756.29,0.20825496315956116,0,0
8559.29696578555,62468.44,0.29243797063827515,0,0
8559.29696578555,62538.96,0.17949211597442627,0,0
8559.29696578555,62627.29,0.23911429941654205,0,0
8559.29696578555,62700.0,0.18845772743225098,0,0
8559.29696578555,62471.52,0.2245868444442749,0,0
8559.29696578555,62500.01,0.23013028502464294,0,0
8559.29696578555,62576.0,0.1772499680519104,0,0
8559.29696578555,62553.78,0.18527738749980927,0,0
8559.29696578555,62494.0,0.19410023093223572,0,1
8559.29696578555,62513.0,0.1503361314535141,0,1
8559.29696578555,62482.01,0.1676298826932907,0,1
8559.29696578555,62664.01,0.1661544293165207,0,1
8559.29696578555,62588.84,0.20290644466876984,0,1
8559.29696578555,62693.99,0.18874946236610413,0,1
8559.29696578555,62943.29,0.2539324462413788,0,1
8559.29696578555,62927.29,0.21324951946735382,0,0
8559.29696578555,63280.38,0.28670990467071533,0,0
8559.29696578555,63172.78,0.24390950798988342,0,0
8559.29696578555,63294.72,0.24728292226791382,0,0
8559.29696578555,63233.78,0.25080886483192444,0,0
8559.29696578555,63297.84,0.25573498010635376,0,0
8559.29696578555,63184.99,0.2226649969816208,0,0
8559.29696578555,63144.01,0.25190410017967224,0,0
8559.29696578555,62991.29,0.28209418058395386,0,0
8559.29696578555,62887.94,0.25210168957710266,0,0
8559.29696578555,62693.56,0.23242317140102386,0,0
8559.29696578555,62769.04,0.2153974324464798,0,0
8559.29696578555,62815.99,0.27142995595932007,0,0
8559.29696578555,62740.5,0.24097196757793427,0,0
8559.29696578555,62782.18,0.2036963850259781,0,0
8559.29696578555,63020.21,0.24081721901893616,0,0
8559.29696578555,62915.0,0.21493257582187653,0,0
8559.29696578555,62622.18,0.27530357241630554,0,0
8559.29696578555,62756.12,0.19551874697208405,0,0
8559.29696578555,62658.92,0.21987749636173248,0,0
8559.29696578555,62745.01,0.2098945826292038,0,0
8559.29696578555,62792.0,0.2110753208398819,0,0
8559.29696578555,62812.25,0.20731514692306519,0,0
8559.29696578555,62740.01,0.24356187880039215,0,1
8559.29696578555,62637.48,0.22095772624015808,0,1
8559.29696578555,62624.93,0.2378019392490387,0,1
8559.29696578555,62820.33,0.23260213434696198,0,1
8559.29696578555,62768.88,0.25252869725227356,0,1
8559.29696578555,62730.61,0.16986393928527832,0,1
8559.29696578555,63092.01,0.2440752387046814,0,0
8559.29696578555,63736.0,0.2765762507915497,0,0
8559.29696578555,63650.0,0.2789594233036041,0,0
8559.29696578555,63761.99,0.23576697707176208,0,0
8559.29696578555,63576.0,0.23177437484264374,0,0
8559.29696578555,63460.01,0.230795755982399,0,0
8559.29696578555,63294.0,0.28073397278785706,0,0
8559.29696578555,63267.99,0.22032207250595093,0,0
8559.29696578555,63114.0,0.25849223136901855,0,0
8559.29696578555,62976.0,0.23944388329982758,0,0
8559.29696578555,63089.42,0.22488851845264435,0,0
8559.29696578555,62904.01,0.28548476099967957,0,0
8559.29696578555,62664.77,0.25357308983802795,0,1
8559.29696578555,62822.06,0.2601759731769562,0,1
8559.29696578555,62483.84,0.29354503750801086,0,1
8559.29696578555,61754.01,0.32592734694480896,0,1
8559.29696578555,61768.21,0.3233189284801483,0,1
8559.29696578555,62052.0,0.32283419370651245,0,1
8559.29696578555,63545.98,0.31255820393562317,0,1
8559.29696578555,63732.0,0.31352895498275757,0,1
8559.29696578555,63587.38,0.319556325674057,0,1
8559.29696578555,63696.4,0.2584401071071625,0,1
8559.29696578555,63738.52,0.2605002820491791,0,0
8559.29696578555,63828.0,0.25506582856178284,0,0
8559.29696578555,64489.98,0.3048405647277832,0,0
8559.29696578555,64244.0,0.27183136343955994,0,0
8559.29696578555,64042.02,0.2745867669582367,0,0
8559.29696578555,64203.99,0.22480829060077667,0,0
8559.29696578555,63840.0,0.31465113162994385,0,0
8559.29696578555,63322.01,0.32163700461387634,0,0
8559.29696578555,63191.01,0.30767306685447693,0,0
8559.29696578555,63100.01,0.2270154058933258,0,0
8559.29696578555,63128.01,0.28693073987960815,0,0
8559.29696578555,63340.0,0.28299155831336975,0,0
8559.29696578555,63083.18,0.29001879692077637,0,0
8559.29696578555,63104.0,0.19147035479545593,0,1
8559.29696578555,63256.0,0.23789295554161072,0,1
8559.29696578555,63284.0,0.24189117550849915,0,1
8559.29696578555,63406.0,0.22549904882907867,0,1
8559.29696578555,63481.39,0.25834494829177856,0,0
8559.29696578555,63056.0,0.27692827582359314,0,1
8559.29696578555,63562.05,0.28382837772369385,0,0
8559.29696578555,63930.51,0.2644951045513153,0,0
8559.29696578555,63983.27,0.2830808758735657,0,0
8559.29696578555,64186.0,0.2634907066822052,0,0
8559.29696578555,63679.99,0.29644662141799927,0,0
8559.29696578555,63817.99,0.28188109397888184,0,0
8559.29696578555,63697.99,0.22730907797813416,0,0
8559.29696578555,63423.94,0.31112179160118103,0,0
8559.29696578555,63551.02,0.2785246968269348,0,0
8559.29696578555,63363.99,0.25955674052238464,0,0
8559.29696578555,63612.77,0.2894597053527832,0,0
8559.29696578555,63038.01,0.37877175211906433,0,0
8559.29696578555,62979.99,0.31711545586586,0,0
8559.29696578555,62766.0,0.29043686389923096,0,0
8559.29696578555,62800.0,0.22762490808963776,0,0
8559.29696578555,62637.88,0.28971078991889954,0,0
8559.29696578555,62657.81,0.26797160506248474,0,0
8559.29696578555,62888.35,0.2595261335372925,0,0
8559.29696578555,62018.36,0.36916762590408325,0,0
8559.29696578555,62057.67,0.32286202907562256,0,0
8559.29696578555,62183.12,0.3000383675098419,0,0
8559.29696578555,62299.99,0.2942173182964325,0,0
8559.29696578555,61957.73,0.34383994340896606,0,0
8559.29696578555,61945.49,0.3178844451904297,0,1
8559.29696578555,61889.83,0.3382064700126648,0,0
8559.29696578555,61704.01,0.33480310440063477,0,1
8559.29696578555,62113.03,0.3302173614501953,0,0
8559.29696578555,62104.62,0.3099046051502228,0,0
8559.29696578555,62185.32,0.27761849761009216,0,0
8559.29696578555,62277.98,0.23505929112434387,0,0
8559.29696578555,62099.61,0.23493777215480804,0,0
8559.29696578555,62187.17,0.2995486855506897,0,0
8559.29696578555,62330.4,0.21975566446781158,0,0
8559.29696578555,62290.0,0.22626245021820068,0,0
8559.29696578555,62129.99,0.25044503808021545,0,1
8559.29696578555,61916.0,0.355130136013031,0,1
8559.29696578555,61788.8,0.34495359659194946,0,1
8559.29696578555,61974.34,0.28835833072662354,0,1
8559.29696578555,62453.74,0.27534401416778564,0,1
8559.29696578555,62589.61,0.3012376129627228,0,0
8559.29696578555,62959.96,0.289603054523468,0,0
8559.29696578555,63000.0,0.31306886672973633,0,0
8559.29696578555,62903.65,0.266799658536911,0,0
8559.29696578555,62953.4,0.23976872861385345,0,0
8559.29696578555,62786.04,0.27968910336494446,0,0
8559.29696578555,62786.34,0.23527738451957703,0,1
8559.29696578555,62614.02,0.30660441517829895,0,1
8559.29696578555,63028.35,0.28308308124542236,0,0
8559.29696578555,63016.0,0.28653383255004883,0,0
8559.29696578555,62868.05,0.2861537039279938,0,1
8559.29696578555,62700.01,0.28124138712882996,0,1
8559.29696578555,63142.79,0.2797894775867462,0,0
8559.29696578555,63219.03,0.2760170102119446,0,0
8559.29696578555,63248.1,0.24250610172748566,0,1
8559.29696578555,63313.38,0.19230221211910248,0,1
8559.29696578555,63274.59,0.2037484496831894,0,1
8559.29696578555,63218.78,0.1996930092573166,0,1
8559.29696578555,63230.0,0.22380098700523376,0,1
8559.29696578555,63113.93,0.2392606884241104,0,1
8559.29696578555,63749.86,0.30420851707458496,0,0
8559.29696578555,63961.99,0.3002063035964966,0,0
8559.29696578555,63947.2,0.22247961163520813,0,1
8559.29696578555,64047.88,0.2425001561641693,0,1
8559.29696578555,64115.99,0.24776053428649902,0,0
8559.29696578555,63854.71,0.24191634356975555,0,1
8559.29696578555,63963.0,0.20227687060832977,0,1
8559.29696578555,64246.01,0.28098300099372864,0,0
8559.29696578555,64385.09,0.2783423662185669,0,0
8559.29696578555,64407.8,0.23553544282913208,0,0
8559.29696578555,64425.18,0.19530178606510162,0,0
8559.29696578555,64286.64,0.2603784501552582,0,0
8559.29696578555,64484.0,0.28337791562080383,0,0
8559.29696578555,63914.87,0.3090188503265381,0,0
8559.29696578555,64040.0,0.2527308762073517,0,0
8559.29696578555,64140.01,0.262123703956604,0,0
8559.29696578555,63823.99,0.25901472568511963,0,1
8559.29696578555,63810.0,0.22372198104858398,0,0
8559.29696578555,63917.88,0.2311987429857254,0,0
8559.29696578555,63841.25,0.24496282637119293,0,0
8559.29696578555,64011.99,0.22639164328575134,0,0
8559.29696578555,64112.29,0.2197670191526413,0,0
8559.29696578555,64161.72,0.22162923216819763,0,0
8559.29696578555,64124.0,0.14524231851100922,0,0
8559.29696578555,64012.95,0.1873471438884735,0,0
8559.29696578555,64158.04,0.1563541442155838,0,0
8559.29696578555,64150.42,0.16290174424648285,0,0
8559.29696578555,64152.0,0.14800696074962616,0,0
8559.29696578555,64176.01,0.15047867596149445,0,0
8559.29696578555,64219.1,0.15873496234416962,0,0
8559.29696578555,64162.18,0.16041946411132812,0,0
8559.29696578555,64265.98,0.17088110744953156,0,0
8559.29696578555,64167.34,0.17035458981990814,0,0
8559.29696578555,64196.0,0.15723425149917603,0,0
8559.29696578555,64198.0,0.15399454534053802,0,0
8559.29696578555,64195.49,0.1690223515033722,0,0
8559.29696578555,64235.66,0.17582513391971588,0,0
8559.29696578555,64350.07,0.2150455117225647,0,0
8559.29696578555,64175.75,0.30474963784217834,0,0
8559.29696578555,64180.01,0.21690505743026733,0,0
8559.29696578555,64315.53,0.19840338826179504,0,0
8559.29696578555,64327.99,0.14349786937236786,0,0
8559.29696578555,64286.0,0.15156854689121246,0,0
8559.29696578555,64382.45,0.17292778193950653,0,0
8559.29696578555,64355.99,0.13123677670955658,0,0
8559.29696578555,64203.08,0.2261456996202469,0,0
8559.29696578555,63819.0,0.26248371601104736,0,0
8559.29696578555,63828.47,0.24115099012851715,0,0
8559.29696578555,64133.61,0.265397846698761,0,0
8559.29696578555,64070.39,0.20347237586975098,0,0
8559.29696578555,64223.73,0.19812248647212982,0,0
8559.29696578555,63999.93,0.21109291911125183,0,0
8559.29696578555,63959.93,0.16357804834842682,0,0
8559.29696578555,63762.46,0.256686806678772,0,0
8559.29696578555,63885.27,0.20225849747657776,0,0
8559.29696578555,63983.18,0.2277728021144867,0,0
8559.29696578555,63961.61,0.2461767941713333,0,0
8559.29696578555,63865.76,0.1774321049451828,0,0
8559.29696578555,64018.01,0.19562163949012756,0,0
8559.29696578555,64026.0,0.21249058842658997,0,0
8559.29696578555,64023.14,0.16851504147052765,0,0
8559.29696578555,64203.08,0.20756840705871582,0,0
8559.29696578555,64176.0,0.1682494580745697,0,0
8559.29696578555,64177.7,0.20690928399562836,0,0
8559.29696578555,64078.0,0.1706092804670334,0,0
8559.29696578555,64147.99,0.16444586217403412,0,0
8559.29696578555,64228.59,0.1637585461139679,0,0
8559.29696578555,64198.89,0.13873523473739624,0,0
8559.29696578555,63920.4,0.23744018375873566,0,0
8559.29696578555,63886.87,0.23622006177902222,0,0
8559.29696578555,63780.0,0.2132571041584015,0,0
8559.29696578555,64072.01,0.3059923052787781,0,0
8559.29696578555,63412.01,0.3346793055534363,0,0
8559.29696578555,63375.99,0.2604357600212097,0,0
8559.29696578555,62806.41,0.3211005628108978,0,0
8559.29696578555,62672.0,0.26036494970321655,0,0
8559.29696578555,62799.0,0.29803651571273804,0,0
8559.29696578555,62797.55,0.21501678228378296,0,0
8559.29696578555,62985.52,0.23986530303955078,0,0
8559.29696578555,63206.97,0.2694258391857147,0,0
8559.29696578555,63100.02,0.21588756144046783,0,0
8559.29696578555,62867.89,0.2637811601161957,0,0
8559.29696578555,62901.99,0.260730117559433,0,0
8559.29696578555,62625.15,0.3195190131664276,0,0
8559.29696578555,62318.0,0.3266529440879822,0,0
8559.29696578555,62791.85,0.3096616864204407,0,0
8559.29696578555,62618.01,0.3010072112083435,0,0
8559.29696578555,62276.0,0.32761627435684204,0,0
8559.29696578555,61904.99,0.3363710045814514,0,1
8559.29696578555,62020.0,0.2680746018886566,0,1
8559.29696578555,62288.23,0.2290220558643341,0,0
8559.29696578555,62210.99,0.23414458334445953,0,1
8559.29696578555,62065.06,0.21769091486930847,0,1
8559.29696578555,61924.0,0.24218185245990753,0,1
8559.29696578555,62334.52,0.24589550495147705,0,1
8559.29696578555,62549.54,0.2550385892391205,0,0
8559.29696578555,62540.42,0.18930748105049133,0,0
8559.29696578555,62544.0,0.21790525317192078,0,0
8559.29696578555,62572.89,0.21412983536720276,0,0
8559.29696578555,62745.23,0.1947828233242035,0,0
8559.29696578555,62737.0,0.20952999591827393,0,0
8559.29696578555,62624.05,0.20509172976016998,0,1
8559.29696578555,62560.92,0.15825693309307098,0,1
8559.29696578555,62713.85,0.2155410647392273,0,1
8559.29696578555,62629.55,0.1864260733127594,0,1
8559.29696578555,62800.0,0.22123415768146515,0,1
8559.29696578555,62844.99,0.20308464765548706,0,1
8559.29696578555,63960.0,0.3443564474582672,0,1
8559.29696578555,63840.01,0.2932080626487732,0,1
8559.29696578555,64305.02,0.2934514880180359,0,0
8559.29696578555,64743.99,0.32578548789024353,0,0
8559.29696578555,64730.0,0.2713804543018341,0,0
8559.29696578555,64621.43,0.2951430380344391,0,1
8559.29696578555,64571.98,0.19666863977909088,0,0
8559.29696578555,64569.59,0.2000572383403778,0,0
8559.29696578555,64572.02,0.20237556099891663,0,0
8559.29696578555,64676.9,0.22796310484409332,0,0
8559.29696578555,64860.89,0.2859345078468323,0,0
8559.29696578555,65043.98,0.24167007207870483,0,0
8559.29696578555,64824.58,0.2205081433057785,0,0
8559.29696578555,64674.35,0.19566895067691803,0,0
8559.29696578555,64490.87,0.20781780779361725,0,0
8559.29696578555,64792.01,0.23161576688289642,0,0
8559.29696578555,64746.01,0.19745756685733795,0,0
8559.29696578555,64944.06,0.22588956356048584,0,0
8559.29696578555,64814.0,0.2608644962310791,0,1
8559.29696578555,64549.34,0.2666369378566742,0,1
8559.29696578555,64768.01,0.20145665109157562,0,1
8559.29696578555,64671.83,0.17723557353019714,0,1
8559.29696578555,64663.0,0.1566714197397232,0,1
8559.29696578555,64732.15,0.1489977091550827,0,1
8559.29696578555,65164.0,0.2698456943035126,0,0
8559.29696578555,65117.99,0.28133586049079895,0,0
8559.29696578555,65399.81,0.2556684911251068,0,0
8559.29696578555,65427.61,0.25645866990089417,0,0
8559.29696578555,65120.79,0.27248480916023254,0,0
8559.29696578555,65056.1,0.22705309092998505,0,0
8559.29696578555,64860.0,0.22814582288265228,0,0
8559.29696578555,64977.34,0.20253680646419525,0,0
8559.29696578555,64968.01,0.17711910605430603,0,0
8559.29696578555,64834.31,0.1673351675271988,0,0
8559.29696578555,64866.93,0.1626940816640854,0,0
8559.29696578555,64756.28,0.18818145990371704,0,0
8559.29696578555,64584.07,0.2230122685432434,0,0
8559.29696578555,64730.01,0.20134608447551727,0,0
8559.29696578555,64642.01,0.1476745307445526,0,0
8559.29696578555,64619.95,0.15148288011550903,0,0
8559.29696578555,64650.05,0.1580836921930313,0,0
8559.29696578555,64917.99,0.2162744551897049,0,0
8559.29696578555,64777.32,0.2087564617395401,0,0
8559.29696578555,64238.0,0.2774030268192291,0,0
8559.29696578555,64126.85,0.30006837844848633,0,1
8559.29696578555,64090.0,0.21032238006591797,0,1
8559.29696578555,64221.34,0.18439209461212158,0,0
8559.29696578555,64256.53,0.1900552213191986,0,0
8559.29696578555,63966.01,0.2858654260635376,0,0
8559.29696578555,64376.0,0.2826633155345917,0,0
8559.29696578555,64543.51,0.2919324040412903,0,0
8559.29696578555,64704.73,0.26644933223724365,0,0
8559.29696578555,64484.0,0.26640042662620544,0,0
8559.29696578555,64069.03,0.31890398263931274,0,0
8559.29696578555,64246.01,0.21527816355228424,0,0
8559.29696578555,64271.84,0.1634874790906906,0,0
8559.29696578555,64114.27,0.18203428387641907,0,0
8559.29696578555,64161.99,0.16393040120601654,0,0
8559.29696578555,63968.0,0.21932615339756012,0,0
8559.29696578555,63830.2,0.2234390527009964,0,0
8559.29696578555,63886.0,0.22545886039733887,0,0
8559.29696578555,63546.24,0.31239667534828186,0,0
8559.29696578555,63482.0,0.2529165744781494,0,0
8559.29696578555,63570.0,0.19258925318717957,0,0
8559.29696578555,63486.01,0.2078401893377304,0,0
8559.29696578555,62839.76,0.31640908122062683,0,1
8559.29696578555,62948.0,0.264987975358963,0,0
8559.29696578555,62828.11,0.230018749833107,0,1
8559.29696578555,62888.0,0.2446299046278,0,0
8559.29696578555,62989.46,0.19230611622333527,0,1
8559.29696578555,63179.92,0.19771511852741241,0,1
8559.29696578555,63298.01,0.22569827735424042,0,1
8559.29696578555,63099.75,0.2379642128944397,0,1
8559.29696578555,63153.99,0.3175136148929596,0,1
8559.29696578555,63174.0,0.31477242708206177,0,1
8559.29696578555,63452.0,0.3150821626186371,0,1
8559.29696578555,63594.0,0.30738580226898193,0,1
8559.29696578555,64049.86,0.3063407242298126,0,0
8559.29696578555,64259.73,0.3040428161621094,0,0
8559.29696578555,64160.8,0.2819405794143677,0,0
8559.29696578555,64120.0,0.20587177574634552,0,0
8559.29696578555,64110.0,0.1947638839483261,0,0
8559.29696578555,63986.0,0.20903362333774567,0,0
8559.29696578555,63931.67,0.1706819385290146,0,0
8559.29696578555,63910.04,0.16585883498191833,0,0
8559.29696578555,63952.98,0.1431795060634613,0,0
8559.29696578555,63967.61,0.15418602526187897,0,0
8559.29696578555,64017.84,0.15396703779697418,0,0
8559.29696578555,63967.99,0.15770533680915833,0,0
8559.29696578555,63967.95,0.15924926102161407,0,0
8559.29696578555,63979.67,0.16717879474163055,0,0
8559.29696578555,64002.75,0.18269720673561096,0,0
8559.29696578555,64006.01,0.18583981692790985,0,0
8559.29696578555,63987.76,0.17801600694656372,0,0
8559.29696578555,64016.43,0.16499260067939758,0,0
8559.29696578555,64069.89,0.1473202407360077,0,1
8559.29696578555,64218.0,0.21514485776424408,0,0
8559.29696578555,64106.0,0.20348197221755981,0,1
8559.29696578555,64126.0,0.18857784569263458,0,1
8559.29696578555,64123.12,0.1904143989086151,0,1
8559.29696578555,64303.47,0.1926887184381485,0,1
8559.29696578555,64480.29,0.2258516252040863,0,1
8559.29696578555,64512.41,0.22508040070533752,0,0
8559.29696578555,64552.79,0.20032687485218048,0,0
8559.29696578555,64693.01,0.2209264636039734,0,0
8559.29696578555,64731.72,0.23376785218715668,0,0
8559.29696578555,64805.05,0.24006184935569763,0,0
8559.29696578555,64834.22,0.20395216345787048,0,0
8559.29696578555,64792.08,0.18674492835998535,0,0
8559.29696578555,64765.99,0.15007267892360687,0,0
8559.29696578555,64826.01,0.21765165030956268,0,0
8559.29696578555,64706.18,0.19146376848220825,0,0
8559.29696578555,64720.17,0.16645532846450806,0,0
8559.29696578555,64724.01,0.14866507053375244,0,0
8559.29696578555,64711.69,0.14247772097587585,0,0
8559.29696578555,64711.05,0.15173310041427612,0,0
8559.29696578555,64707.49,0.16768485307693481,0,0
8559.29696578555,64509.99,0.19202803075313568,0,0
8559.29696578555,64595.0,0.1936170756816864,0,0
8559.29696578555,64467.64,0.17697399854660034,0,0
8559.29696578555,64441.15,0.1964682936668396,0,0
8559.29696578555,64483.31,0.18136359751224518,0,0
8559.29696578555,64593.07,0.2015864998102188,0,0
8559.29696578555,64585.32,0.16259469091892242,0,0
8559.29696578555,64538.72,0.16530707478523254,0,0
8559.29696578555,64547.86,0.22003832459449768,0,0
8559.29696578555,64419.99,0.21957238018512726,0,0
8559.29696578555,64462.58,0.14577041566371918,0,0
8559.29696578555,64535.99,0.13773949444293976,0,0
8559.29696578555,64415.75,0.21443237364292145,0,1
8559.29696578555,64674.67,0.31877297163009644,0,0
8559.29696578555,64722.54,0.21021220088005066,0,0
8559.29696578555,64553.84,0.2961617708206177,0,0
8559.29696578555,64628.01,0.2735661268234253,0,0
8559.29696578555,64827.2,0.23285715281963348,0,0
8559.29696578555,64869.8,0.19849896430969238,0,0
8559.29696578555,64540.01,0.23894555866718292,0,0
8559.29696578555,64128.0,0.2982643246650696,0,1
8559.29696578555,63917.98,0.2680840492248535,0,1
8559.29696578555,64280.01,0.2403733879327774,0,0
8559.29696578555,64049.99,0.3247637152671814,0,1
8559.29696578555,64199.5,0.22291550040245056,0,1
8559.29696578555,64301.18,0.22826671600341797,0,1
8559.29696578555,65002.01,0.26850613951683044,0,1
8559.29696578555,64640.0,0.2679448425769806,0,1
8559.29696578555,64344.01,0.2659482955932617,0,1
8559.29696578555,64416.01,0.2708033621311188,0,1
8559.29696578555,65598.75,0.3237491250038147,0,0
8559.29696578555,65508.5,0.29629141092300415,0,0
8559.29696578555,65587.98,0.2771875262260437,0,0
8559.29696578555,65240.01,0.31599658727645874,0,1
8559.29696578555,65142.0,0.29521939158439636,0,0
8559.29696578555,65367.58,0.28316929936408997,0,0
8559.29696578555,65286.02,0.26354140043258667,0,0
8559.29696578555,65141.99,0.2722138464450836,0,1
8559.29696578555,65255.51,0.23072390258312225,0,1
8559.29696578555,65568.01,0.27029386162757874,0,1
8559.29696578555,65235.55,0.30683353543281555,0,1
8559.29696578555,65414.01,0.25480028986930847,0,1
8559.29696578555,65566.78,0.21978527307510376,0,1
8559.29696578555,65522.01,0.28232327103614807,0,1
8559.29696578555,65751.56,0.3086317479610443,0,1
8559.29696578555,65913.0,0.2734425365924835,0,1
8559.29696578555,66186.86,0.2746811807155609,0,1
8559.29696578555,66226.44,0.25679850578308105,0,1
8559.29696578555,66291.99,0.2238006293773651,0,1
8559.29696578555,66180.0,0.26507827639579773,0,1
8559.29696578555,66345.59,0.2158774584531784,0,0
8559.29696578555,66558.82,0.2787920832633972,0,0
8559.29696578555,66786.0,0.3228590190410614,0,0
8559.29696578555,66842.3,0.3046111762523651,0,0
8559.29696578555,66676.54,0.28062373399734497,0,0
8559.29696578555,66542.01,0.2589513659477234,0,0
8559.29696578555,66207.95,0.30825355648994446,0,1
8559.29696578555,66319.95,0.2656514048576355,0,0
8559.29696578555,66444.76,0.2394299954175949,0,0
8559.29696578555,66406.57,0.16897355020046234,0,0
8559.29696578555,66385.0,0.16411107778549194,0,0
8559.29696578555,66304.02,0.184518963098526,0,0
8559.29696578555,66556.16,0.20040802657604218,0,0
8559.29696578555,66620.97,0.20286795496940613,0,0
8559.29696578555,66433.3,0.23069451749324799,0,0
8559.29696578555,66314.12,0.17730771005153656,0,0
8559.29696578555,66210.0,0.19776558876037598,0,0
8559.29696578555,66381.05,0.18173810839653015,0,0
8559.29696578555,65974.9,0.2890486419200897,0,0
8559.29696578555,65934.33,0.22475208342075348,0,0
8559.29696578555,65843.48,0.2742895483970642,0,0
8559.29696578555,65987.96,0.2605781555175781,0,0
8559.29696578555,65928.0,0.23870466649532318,0,0
8559.29696578555,66046.02,0.20435866713523865,0,0
8559.29696578555,66013.36,0.21178685128688812,0,0
8559.29696578555,65636.01,0.28404510021209717,0,0
8559.29696578555,65951.39,0.2879844009876251,0,0
8559.29696578555,65793.98,0.3049042820930481,0,0
8559.29696578555,66047.39,0.25909534096717834,0,0
8559.29696578555,66229.01,0.26713407039642334,0,0
8559.29696578555,66024.03,0.23887492716312408,0,0
8559.29696578555,65895.46,0.2451503574848175,0,0
8559.29696578555,65923.19,0.2176460474729538,0,0
8559.29696578555,65919.68,0.17982538044452667,0,0
8559.29696578555,66072.47,0.19210277497768402,0,0
8559.29696578555,66044.17,0.15530505776405334,0,0
8559.29696578555,66114.49,0.2131178379058838,0,0
8559.29696578555,66058.19,0.21481096744537354,0,0
8559.29696578555,65830.0,0.2933342754840851,0,0
8559.29696578555,65805.34,0.18336910009384155,0,0
8559.29696578555,65662.53,0.23105396330356598,0,0
8559.29696578555,65616.48,0.17273229360580444,0,0
8559.29696578555,65691.01,0.19362451136112213,0,0
8559.29696578555,65790.0,0.1915648877620697,0,0
8559.29696578555,65442.13,0.3323442339897156,0,0
8559.29696578555,65633.0,0.2528260350227356,0,0
8559.29696578555,65638.92,0.2052178531885147,0,0
8559.29696578555,65740.0,0.24199998378753662,0,0
8559.29696578555,65555.21,0.2273220419883728,0,0
8559.29696578555,65167.04,0.330595999956131,0,0
8559.29696578555,64880.0,0.2956079840660095,0,0
8559.29696578555,64909.99,0.3334791958332062,0,0
8559.29696578555,64958.36,0.29903873801231384,0,0
8559.29696578555,64756.84,0.2952316999435425,0,1
8559.29696578555,64681.27,0.29173925518989563,0,1
8559.29696578555,64869.12,0.25105753540992737,0,0
8559.29696578555,64846.94,0.26482564210891724,0,0
8559.29696578555,65147.5,0.2921280562877655,0,0
8559.29696578555,65169.81,0.2500113546848297,0,0
8559.29696578555,65195.43,0.25376808643341064,0,0
8559.29696578555,65098.97,0.2357947677373886,0,0
8559.29696578555,64973.99,0.2595537602901459,0,1
8559.29696578555,65086.0,0.2095220983028412,0,1
8559.29696578555,65116.99,0.23399849236011505,0,0
8559.29696578555,65456.7,0.2729357182979584,0,0
8559.29696578555,65318.0,0.24089202284812927,0,0
8559.29696578555,65325.0,0.17165106534957886,0,0
8559.29696578555,65472.0,0.2570285499095917,0,0
8559.29696578555,65499.95,0.3090190291404724,0,0
8559.29696578555,65302.18,0.22892415523529053,0,0
8559.29696578555,65113.13,0.2710514962673187,0,0
8559.29696578555,64950.0,0.27140170335769653,0,0
8559.29696578555,65083.43,0.23985785245895386,0,0
8559.29696578555,64780.01,0.2829801142215729,0,0
8559.29696578555,64155.46,0.31627902388572693,0,0
8559.29696578555,64055.12,0.3063839077949524,0,0
8559.29696578555,64093.85,0.29966744780540466,0,0
8559.29696578555,63958.0,0.2579808533191681,0,0
8559.29696578555,64180.0,0.23872555792331696,0,0
8559.29696578555,64272.0,0.21054962277412415,0,0
8559.29696578555,64225.32,0.2268410474061966,0,0
8559.29696578555,64170.23,0.2056105136871338,0,0
8559.29696578555,64155.0,0.19594846665859222,0,0
8559.29696578555,64169.01,0.17350457608699799,0,0
8559.29696578555,64139.99,0.16423732042312622,0,0
8559.29696578555,64073.61,0.19600476324558258,0,0
8559.29696578555,64068.01,0.17788301408290863,0,0
8559.29696578555,64052.0,0.1501501500606537,0,0
8559.29696578555,64085.36,0.14782774448394775,0,0
8559.29696578555,64181.46,0.16073203086853027,0,0
8559.29696578555,64024.0,0.20561359822750092,0,0
8559.29696578555,64010.0,0.15588539838790894,0,0
8559.29696578555,64003.2,0.1485794335603714,0,0
8559.29696578555,63876.06,0.17339815199375153,0,1
8559.29696578555,63999.99,0.17327313125133514,0,0
8559.29696578555,64070.0,0.11891809850931168,0,0
8559.29696578555,64064.01,0.13072997331619263,0,0
8559.29696578555,64123.8,0.12579184770584106,0,0
8559.29696578555,64172.0,0.15303756296634674,0,0
8559.29696578555,64214.04,0.14238157868385315,0,0
8559.29696578555,64182.0,0.13701750338077545,0,0
8559.29696578555,64206.6,0.14606177806854248,0,0
8559.29696578555,64267.4,0.15590393543243408,0,0
8559.29696578555,64415.99,0.1612328290939331,0,0
8559.29696578555,64388.38,0.13360656797885895,0,0
8559.29696578555,64339.75,0.12217887490987778,0,0
8559.29696578555,64344.02,0.1529286950826645,0,0
8559.29696578555,64412.0,0.15672381222248077,0,0
8559.29696578555,64375.0,0.15975803136825562,0,0
8559.29696578555,64506.99,0.18157336115837097,0,0
8559.29696578555,64462.0,0.14579053223133087,0,0
8559.29696578555,64527.56,0.15451517701148987,0,0
8559.29696578555,64557.0,0.1610356718301773,0,0
8559.29696578555,64530.06,0.14882692694664001,0,0
8559.29696578555,64417.69,0.15269894897937775,0,0
8559.29696578555,64438.0,0.15514013171195984,0,0
8559.29696578555,64370.0,0.16852760314941406,0,0
8559.29696578555,64480.01,0.17408961057662964,0,0
8559.29696578555,64538.0,0.15356211364269257,0,0
8559.29696578555,64515.4,0.157880961894989,0,0
8559.29696578555,64507.35,0.16030669212341309,0,0
8559.29696578555,64466.67,0.16341200470924377,0,0
8559.29696578555,64518.0,0.1630997508764267,0,0
8559.29696578555,64712.99,0.2163652926683426,0,0
8559.29696578555,64768.0,0.13639932870864868,0,0
8559.29696578555,64734.17,0.15295527875423431,0,1
8559.29696578555,64697.2,0.1394505649805069,0,1
8559.29696578555,64734.38,0.1675516813993454,0,1
8559.29696578555,64695.52,0.18637715280056,0,1
8559.29696578555,64649.04,0.16202951967716217,0,1
8559.29696578555,64858.02,0.19665543735027313,0,1
8559.29696578555,65412.68,0.27779844403266907,0,0
8559.29696578555,65399.99,0.2831662893295288,0,0
8559.29696578555,65131.95,0.26474758982658386,0,0
8559.29696578555,65206.21,0.22148963809013367,0,0
8559.29696578555,65172.0,0.18950168788433075,0,0
8559.29696578555,65284.0,0.19015023112297058,0,0
8559.29696578555,65282.8,0.21512344479560852,0,0
8559.29696578555,65468.38,0.1978255808353424,0,0
8559.29696578555,65416.76,0.24482999742031097,0,0
8559.29696578555,65221.99,0.23347026109695435,0,0
8559.29696578555,65162.98,0.19293415546417236,0,0
8559.29696578555,65262.17,0.2179776430130005,0,0
8559.29696578555,65333.35,0.19123946130275726,0,0
8559.29696578555,65100.79,0.22261805832386017,0,0
8559.29696578555,65086.0,0.25892212986946106,0,0
8559.29696578555,65217.37,0.26854830980300903,0,0
8559.29696578555,64687.45,0.31095853447914124,0,0
8559.29696578555,64554.01,0.26244962215423584,0,0
8559.29696578555,64898.52,0.2543121576309204,0,0
8559.29696578555,65019.81,0.23542116582393646,0,0
8559.29696578555,64878.0,0.23846940696239471,0,0
8559.29696578555,64984.0,0.22536179423332214,0,0
8559.29696578555,64960.65,0.17085716128349304,0,0
8559.29696578555,64821.25,0.1928522139787674,0,0
8559.29696578555,63792.0,0.33572134375572205,0,0
8559.29696578555,63755.86,0.27490636706352234,0,0
8559.29696578555,63487.88,0.3104596436023712,0,0
8559.29696578555,63230.83,0.31406810879707336,0,0
8559.29696578555,63185.59,0.22463606297969818,0,0
8559.29696578555,63343.83,0.22440548241138458,0,0
8559.29696578555,63350.95,0.17782683670520782,0,0
8559.29696578555,63451.61,0.24416327476501465,0,0
8559.29696578555,63640.63,0.23345139622688293,0,0
8559.29696578555,63505.99,0.234158456325531,0,0
8559.29696578555,63428.08,0.16942967474460602,0,0
8559.29696578555,63393.99,0.2223213016986847,0,1
8559.29696578555,63473.47,0.24894830584526062,0,1
8559.29696578555,63450.0,0.25470197200775146,0,0
8559.29696578555,63546.65,0.204352006316185,0,0
8559.29696578555,63104.0,0.35389092564582825,0,1
8559.29696578555,63412.45,0.3162382245063782,0,1
8559.29696578555,63928.47,0.333054780960083,0,0
8559.29696578555,64043.26,0.3014169931411743,0,0
8559.29696578555,63685.88,0.39965391159057617,0,0
8559.29696578555,63734.49,0.23926997184753418,0,0
8559.29696578555,63904.0,0.23926997184753418,0,0
8559.29696578555,63917.55,0.23497506976127625,0,0
8559.29696578555,63972.44,0.2344665229320526,0,0
8559.29696578555,63783.71,0.23760999739170074,0,0
8559.29696578555,63915.0,0.27027758955955505,0,0
8559.29696578555,63953.99,0.25706955790519714,0,1
8559.29696578555,63705.06,0.2642945945262909,0,1
8559.29696578555,63979.96,0.2549646198749542,0,1
8559.29696578555,63753.03,0.26975226402282715,0,1
8559.29696578555,63968.34,0.27742454409599304,0,1
8559.29696578555,64067.32,0.26402369141578674,0,1
8559.29696578555,64435.62,0.2701135575771332,0,0
8559.29696578555,64561.0,0.25676730275154114,0,0
8559.29696578555,64417.31,0.2837773859500885,0,0
8559.29696578555,64698.0,0.28703951835632324,0,0
8559.29696578555,64469.83,0.2886889576911926,0,0
8559.29696578555,64507.54,0.26923441886901855,0,0
8559.29696578555,64276.81,0.2956179082393646,0,0
8559.29696578555,64664.7,0.2978801727294922,0,0
8559.29696578555,64108.01,0.3263925313949585,0,0
8559.29696578555,63964.01,0.2971044182777405,0,0
8559.29696578555,63808.33,0.3061163127422333,0,0
8559.29696578555,64269.83,0.26886141300201416,0,0
8559.29696578555,64501.52,0.30514174699783325,0,0
8559.29696578555,63589.46,0.3246877193450928,0,1
8559.29696578555,63522.01,0.32159942388534546,0,1
8559.29696578555,63860.0,0.29654330015182495,0,0
8559.29696578555,63942.5,0.2868083119392395,0,0
8559.29696578555,63984.28,0.2715054452419281,0,0
8559.29696578555,63696.72,0.2887897193431854,0,0
8559.29696578555,64266.0,0.31854426860809326,0,0
8559.29696578555,64189.99,0.3242163062095642,0,0
8559.29696578555,64161.98,0.2660439908504486,0,1
8559.29696578555,64023.99,0.2767155170440674,0,1
8559.29696578555,64033.89,0.3055364787578583,0,1
8559.29696578555,64002.0,0.23758913576602936,0,1
8559.29696578555,64026.0,0.2714872360229492,0,1
8559.29696578555,64308.01,0.3267748951911926,0,1
8559.29696578555,64567.56,0.3040411174297333,0,0
8559.29696578555,64570.72,0.22838832437992096,0,0
8559.29696578555,64788.0,0.26311883330345154,0,0
8559.29696578555,64925.0,0.2924591302871704,0,0
8559.29696578555,65022.01,0.29885971546173096,0,0
8559.29696578555,64683.97,0.310636967420578,0,0
8559.29696578555,64730.3,0.2628910541534424,0,0
8559.29696578555,64818.01,0.2605709135532379,0,0
8559.29696578555,64872.0,0.28786396980285645,0,0
8559.29696578555,64702.8,0.27636879682540894,0,0
8559.29696578555,64800.0,0.23219984769821167,0,0
8559.29696578555,64777.37,0.2947668135166168,0,0
8559.29696578555,64735.53,0.22448712587356567,0,0
8559.29696578555,64851.16,0.2603601813316345,0,0
8559.29696578555,64780.02,0.2805801033973694,0,0
8559.29696578555,64724.91,0.23829664289951324,0,0
8559.29696578555,64564.01,0.2990935444831848,0,0
8559.29696578555,64297.79,0.26073288917541504,0,0
8559.29696578555,64370.0,0.23460060358047485,0,0
8559.29696578555,64300.0,0.21532006561756134,0,0
8559.29696578555,64363.06,0.22461648285388947,0,0
8559.29696578555,64231.97,0.2533520460128784,0,0
8559.29696578555,63950.01,0.2558995187282562,0,0
8559.29696578555,63834.01,0.22021371126174927,0,0
8559.29696578555,63715.9,0.21495899558067322,0,0
8559.29696578555,63918.67,0.22035464644432068,0,0
8559.29696578555,63805.51,0.21180281043052673,0,0
8559.29696578555,63754.01,0.20831060409545898,0,0
8559.29696578555,63270.73,0.28812554478645325,0,0
8559.29696578555,62682.06,0.31604236364364624,0,0
8559.29696578555,62716.57,0.29342350363731384,0,0
8559.29696578555,62870.88,0.26141107082366943,0,0
8559.29696578555,63245.44,0.282012403011322,0,0
8559.29696578555,63097.57,0.24654944241046906,0,0
8559.29696578555,62972.0,0.22607992589473724,0,0
8559.29696578555,62953.7,0.16788940131664276,0,0
8559.29696578555,62947.78,0.21658264100551605,0,0
8559.29696578555,62950.0,0.21784758567810059,0,0
8559.29696578555,62887.88,0.21251271665096283,0,0
8559.29696578555,62938.01,0.14343379437923431,0,0
8559.29696578555,62975.01,0.12246617674827576,0,0
8559.29696578555,63075.07,0.1405802220106125,0,0
8559.29696578555,63004.48,0.1400723159313202,0,0
8559.29696578555,63115.01,0.14638540148735046,0,0
8559.29696578555,63020.0,0.16235636174678802,0,0
8559.29696578555,63080.64,0.14150822162628174,0,0
8559.29696578555,63050.46,0.16349370777606964,0,0
8559.29696578555,63126.25,0.10548557341098785,0,0
8559.29696578555,63053.17,0.13371674716472626,0,0
8559.29696578555,63056.0,0.13441485166549683,0,0
8559.29696578555,63076.0,0.0958394706249237,0,0
8559.29696578555,63103.68,0.09187884628772736,0,0
8559.29696578555,63069.32,0.07691475003957748,0,0
8559.29696578555,63126.52,0.09596949815750122,0,0
8559.29696578555,63007.06,0.10152004659175873,0,0
8559.29696578555,62932.32,0.12347161024808884,0,0
8559.29696578555,62708.07,0.17222562432289124,0,0
8559.29696578555,62580.56,0.2263467013835907,0,0
8559.29696578555,62529.82,0.16756053268909454,0,1
8559.29696578555,62662.13,0.16597415506839752,0,1
8559.29696578555,62812.75,0.171549990773201,0,1
8559.29696578555,62831.28,0.13434454798698425,0,1
8559.29696578555,62823.64,0.14127708971500397,0,1
8559.29696578555,62833.99,0.17425239086151123,0,1
8559.29696578555,62981.87,0.2010957896709442,0,1
8559.29696578555,63451.58,0.28750550746917725,0,0
8559.29696578555,63461.95,0.20077362656593323,0,0
8559.29696578555,63590.0,0.1730567067861557,0,0
8559.29696578555,63453.27,0.20164091885089874,0,0
8559.29696578555,63482.49,0.17859524488449097,0,0
8559.29696578555,63506.24,0.20022505521774292,0,0
8559.29696578555,63193.99,0.26254594326019287,0,0
8559.29696578555,63273.94,0.24741676449775696,0,0
8559.29696578555,63205.03,0.23431886732578278,0,0
8559.29696578555,63031.99,0.27714595198631287,0,0
8559.29696578555,63125.49,0.24188894033432007,0,0
8559.29696578555,63126.92,0.22509345412254333,0,1
8559.29696578555,63069.37,0.2328256070613861,0,1
8559.29696578555,63109.14,0.2222670614719391,0,1
8559.29696578555,63180.36,0.22117522358894348,0,0
8559.29696578555,63300.28,0.22606347501277924,0,0
8559.29696578555,63382.01,0.2496383637189865,0,0
8559.29696578555,63456.01,0.2240063101053238,0,0
8559.29696578555,63494.52,0.1874513030052185,0,0
8559.29696578555,63578.0,0.2576763927936554,0,0
8559.29696578555,63424.58,0.28498584032058716,0,0
8559.29696578555,63570.0,0.24398566782474518,0,0
8559.29696578555,63317.6,0.23022376000881195,0,0
8559.29696578555,63212.16,0.20710600912570953,0,0
8559.29696578555,63141.4,0.20603860914707184,0,0
8559.29696578555,62870.49,0.29250165820121765,0,0
8559.29696578555,62790.0,0.2420576959848404,0,0
8559.29696578555,62827.17,0.1926206797361374,0,0
8559.29696578555,62623.6,0.24334047734737396,0,0
8559.29696578555,62621.1,0.20935632288455963,0,1
8559.29696578555,62541.5,0.23790013790130615,0,1
8559.29696578555,62837.4,0.2212429940700531,0,1
8559.29696578555,62742.01,0.21626946330070496,0,1
8559.29696578555,62560.01,0.2110891193151474,0,1
8559.29696578555,62700.0,0.23087196052074432,0,1
8559.29696578555,63351.09,0.26708975434303284,0,1
8559.29696578555,63967.19,0.2830612063407898,0,0
8559.29696578555,63694.91,0.2735729515552521,0,0
8559.29696578555,63776.46,0.262813925743103,0,0
8559.29696578555,63906.0,0.24809952080249786,0,0
8559.29696578555,63870.87,0.21925358474254608,0,0
8559.29696578555,63869.38,0.24904486536979675,0,0
8559.29696578555,63775.43,0.2312449812889099,0,0
8559.29696578555,63590.15,0.24845503270626068,0,0
8559.29696578555,63618.0,0.23579616844654083,0,1
8559.29696578555,63520.0,0.1806059181690216,0,0
8559.29696578555,63361.99,0.2440846711397171,0,0
8559.29696578555,63847.93,0.2726842164993286,0,0
8559.29696578555,63822.44,0.21100479364395142,0,0
8559.29696578555,63800.01,0.17880640923976898,0,0
8559.29696578555,64029.0,0.2340749055147171,0,0
8559.29696578555,63818.48,0.21845269203186035,0,0
8559.29696578555,63670.0,0.20852887630462646,0,0
8559.29696578555,63685.74,0.2303343564271927,0,0
8559.29696578555,63588.94,0.19665145874023438,0,1
8559.29696578555,63603.73,0.1574590504169464,0,1
8559.29696578555,63764.0,0.2475726157426834,0,0
8559.29696578555,63926.0,0.18571911752223969,0,0
8559.29696578555,63906.41,0.20057570934295654,0,1
8559.29696578555,63683.94,0.2403073012828827,0,1
8559.29696578555,64128.72,0.2810463607311249,0,0
8559.29696578555,64125.14,0.294569730758667,0,0
8559.29696578555,63950.93,0.26042458415031433,0,0
8559.29696578555,63972.09,0.26471880078315735,0,0
8559.29696578555,64305.99,0.2800483703613281,0,0
8559.29696578555,64233.36,0.27091068029403687,0,0
8559.29696578555,64341.0,0.2647192180156708,0,0
8559.29696578555,64194.0,0.23733092844486237,0,0
8559.29696578555,64270.61,0.21658900380134583,0,0
8559.29696578555,64106.56,0.26655611395835876,0,0
8559.29696578555,63988.0,0.18707987666130066,0,0
8559.29696578555,64333.84,0.19637137651443481,0,0
8559.29696578555,64368.26,0.198396235704422,0,0
8559.29696578555,64183.27,0.24274137616157532,0,0
8559.29696578555,64176.7,0.14282973110675812,0,0
8559.29696578555,64330.87,0.23095637559890747,0,0
8559.29696578555,64253.58,0.15276312828063965,0,0
8559.29696578555,64163.99,0.20110127329826355,0,0
8559.29696578555,64120.81,0.1777298003435135,0,1
8559.29696578555,64155.05,0.09521067142486572,0,0
8559.29696578555,64062.23,0.12875528633594513,0,1
8559.29696578555,64075.28,0.13023020327091217,0,1
8559.29696578555,64332.43,0.24259300529956818,0,1
8559.29696578555,64407.99,0.23917394876480103,0,1
8559.29696578555,64476.39,0.1754743456840515,0,1
8559.29696578555,64388.01,0.196439728140831,0,1
8559.29696578555,64661.99,0.20184265077114105,0,0
8559.29696578555,64770.0,0.20997731387615204,0,0
8559.29696578555,64799.1,0.2078118473291397,0,0
8559.29696578555,64840.28,0.18076105415821075,0,0
8559.29696578555,64822.89,0.20256264507770538,0,0
8559.29696578555,64733.13,0.19532324373722076,0,0
8559.29696578555,64636.0,0.1623435765504837,0,0
8559.29696578555,64665.23,0.17319941520690918,0,0
8559.29696578555,64644.99,0.1528879702091217,0,0
8559.29696578555,64580.07,0.14632299542427063,0,0
8559.29696578555,64579.36,0.1590312272310257,0,1
8559.29696578555,64531.03,0.1411438286304474,0,0
8559.29696578555,64734.65,0.1824048012495041,0,0
8559.29696578555,64908.09,0.20680385828018188,0,0
8559.29696578555,64860.0,0.15737560391426086,0,0
8559.29696578555,64809.7,0.19997349381446838,0,0
8559.29696578555,64941.99,0.17170655727386475,0,0
8559.29696578555,64683.62,0.1978125423192978,0,0
8559.29696578555,64615.95,0.13075482845306396,0,0
8559.29696578555,64622.09,0.1577242761850357,0,0
8559.29696578555,64424.0,0.18304847180843353,0,0
8559.29696578555,64434.01,0.2376798838376999,0,0
8559.29696578555,64778.0,0.22479407489299774,0,0
8559.29696578555,64631.87,0.22091953456401825,0,0
8559.29696578555,64757.99,0.15931390225887299,0,0
8559.29696578555,64621.69,0.1453614979982376,0,0
8559.29696578555,64418.47,0.17776255309581757,0,0
8559.29696578555,64446.0,0.13377977907657623,0,0
8559.29696578555,64439.7,0.14213335514068604,0,0
8559.29696578555,64440.74,0.14178793132305145,0,0
8559.29696578555,64351.49,0.15482831001281738,0,0
8559.29696578555,64323.61,0.17346446216106415,0,0
8559.29696578555,64317.99,0.1653040051460266,0,0
8559.29696578555,64422.55,0.1752501130104065,0,0
8559.29696578555,64399.87,0.223154217004776,0,0
8559.29696578555,64289.99,0.167158842086792,0,1
8559.29696578555,64255.13,0.15542061626911163,0,1
8559.29696578555,64336.43,0.15267834067344666,0,1
8559.29696578555,64304.12,0.14952071011066437,0,1
8559.29696578555,64319.84,0.14610245823860168,0,1
8559.29696578555,64600.0,0.20420600473880768,0,1
8559.29696578555,64839.32,0.21114958822727203,0,0
8559.29696578555,64893.98,0.1460115909576416,0,0
8559.29696578555,65029.98,0.1909416913986206,0,0
8559.29696578555,65292.32,0.27878448367118835,0,0
8559.29696578555,65009.24,0.27526694536209106,0,0
8559.29696578555,64957.98,0.27700331807136536,0,0
8559.29696578555,64912.72,0.24700011312961578,0,0
8559.29696578555,64814.0,0.2558722496032715,0,0
8559.29696578555,64764.33,0.2541148364543915,0,0
8559.29696578555,64735.51,0.16896101832389832,0,0
8559.29696578555,64960.47,0.2291492521762848,0,0
8559.29696578555,64972.0,0.12861089408397675,0,0
8559.29696578555,64928.01,0.17028222978115082,0,0
8559.29696578555,64888.0,0.1344040036201477,0,0
8559.29696578555,64923.19,0.1111152321100235,0,0
8559.29696578555,64929.01,0.15351958572864532,0,0
8559.29696578555,64911.79,0.12731312215328217,0,0
8559.29696578555,64923.97,0.1331901103258133,0,0
8559.29696578555,65033.0,0.12084201723337173,0,0
8559.29696578555,65013.58,0.10015165060758591,0,0
8559.29696578555,64995.39,0.09636428952217102,0,0
8559.29696578555,65006.61,0.09092601388692856,0,0
8559.29696578555,64960.0,0.09088550508022308,0,0
8559.29696578555,64993.87,0.11150247603654861,0,0
8559.29696578555,64994.31,0.11281537264585495,0,0
8559.29696578555,65005.87,0.09036087989807129,0,0
8559.29696578555,64967.35,0.1575135886669159,0,0
8559.29696578555,65008.34,0.13939179480075836,0,0
8559.29696578555,65015.27,0.1632087081670761,0,0
8559.29696578555,65129.02,0.1555362492799759,0,0
8559.29696578555,65080.82,0.145528182387352,0,0
8559.29696578555,65086.45,0.12981165945529938,0,0
8559.29696578555,65119.75,0.13929660618305206,0,0
8559.29696578555,65044.07,0.13410323858261108,0,0
8559.29696578555,65075.41,0.14373615384101868,0,0
8559.29696578555,65082.41,0.15115395188331604,0,0
8559.29696578555,65012.96,0.13705295324325562,0,0
8559.29696578555,64950.61,0.1411249041557312,0,0
8559.29696578555,64962.6,0.1529044359922409,0,0
8559.29696578555,64973.65,0.15021853148937225,0,0
8559.29696578555,64861.46,0.15993483364582062,0,0
8559.29696578555,64820.01,0.1543908417224884,0,0
8559.29696578555,64788.8,0.16203466057777405,0,0
8559.29696578555,64785.0,0.14964810013771057,0,0
8559.29696578555,64801.58,0.15688323974609375,0,0
8559.29696578555,64849.99,0.16729673743247986,0,0
8559.29696578555,64826.14,0.16088001430034637,0,1
8559.29696578555,64824.16,0.13221411406993866,0,1
8559.29696578555,64877.85,0.1186344102025032,0,1
8559.29696578555,64959.86,0.13664114475250244,0,0
8559.29696578555,64950.0,0.11959820985794067,0,0
8559.29696578555,64960.11,0.11979566514492035,0,0
8559.29696578555,65219.78,0.1688663363456726,0,0
8559.29696578555,65260.01,0.14618177711963654,0,0
8559.29696578555,65228.68,0.12100356817245483,0,0
8559.29696578555,65232.14,0.11373347043991089,0,0
8559.29696578555,65198.68,0.13138970732688904,0,0
8559.29696578555,65199.68,0.13736900687217712,0,0
8559.29696578555,65180.66,0.14215907454490662,0,0
8559.29696578555,65137.96,0.1481066793203354,0,0
8559.29696578555,65192.99,0.15108776092529297,0,0
8559.29696578555,65077.13,0.20442062616348267,0,0
8559.29696578555,64901.59,0.19293047487735748,0,0
8559.29696578555,64968.01,0.2255191057920456,0,1
8559.29696578555,65189.99,0.20306435227394104,0,0
8559.29696578555,65099.99,0.15935976803302765,0,0
8559.29696578555,64982.01,0.13472183048725128,0,0
8559.29696578555,65006.73,0.1572384089231491,0,0
8559.29696578555,65134.0,0.12941871583461761,0,0
8559.29696578555,65299.4,0.13892000913619995,0,0
8559.29696578555,65202.73,0.16659137606620789,0,0
8559.29696578555,65245.58,0.13727489113807678,0,0
8559.29696578555,64967.24,0.1591310203075409,0,0
8559.29696578555,65013.06,0.14434000849723816,0,0
8559.29696578555,65125.98,0.13951632380485535,0,0
8559.29696578555,64870.75,0.18484298884868622,0,0
8559.29696578555,64561.98,0.21377724409103394,0,0
8559.29696578555,64625.77,0.24006597697734833,0,0
8559.29696578555,64299.99,0.285444438457489,0,0
8559.29696578555,63904.65,0.3090944290161133,0,0
8559.29696578555,63953.04,0.24459397792816162,0,0
8559.29696578555,63889.39,0.24312105774879456,0,0
8559.29696578555,64045.7,0.21007344126701355,0,0
8559.29696578555,64158.5,0.1944275051355362,0,0
8559.29696578555,63987.0,0.20540952682495117,0,0
8559.29696578555,64016.0,0.16776560246944427,0,0
8559.29696578555,63970.01,0.17374897003173828,0,0
8559.29696578555,64040.0,0.20510178804397583,0,0
8559.29696578555,64060.8,0.1706663817167282,0,0
8559.29696578555,64044.59,0.1614334136247635,0,0
8559.29696578555,64155.01,0.1915857493877411,0,0
8559.29696578555,64023.51,0.1661023199558258,0,0
8559.29696578555,64000.0,0.13826274871826172,0,1
8559.29696578555,63969.28,0.19276167452335358,0,1
8559.29696578555,64065.99,0.19049139320850372,0,0
8559.29696578555,64136.41,0.1490880250930786,0,0
8559.29696578555,64300.0,0.16456833481788635,0,0
8559.29696578555,64233.23,0.12459573149681091,0,0
8559.29696578555,64389.57,0.14245052635669708,0,0
8559.29696578555,64330.01,0.1547258198261261,0,0
8559.29696578555,64200.28,0.21315798163414001,0,0
8559.29696578555,63770.03,0.28146466612815857,0,0
8559.29696578555,63609.87,0.2865540087223053,0,0
8559.29696578555,63512.59,0.2597388029098511,0,0
8559.29696578555,63607.88,0.18778327107429504,0,0
8559.29696578555,63373.07,0.268142431974411,0,1
8559.29696578555,63536.0,0.2040666937828064,0,0
8559.29696578555,63740.0,0.20282374322414398,0,0
8559.29696578555,63672.73,0.2089439034461975,0,0
8559.29696578555,63668.49,0.15823782980442047,0,0
8559.29696578555,63600.0,0.16353482007980347,0,0
8559.29696578555,63742.07,0.16558653116226196,0,0
8559.29696578555,63813.8,0.19479584693908691,0,0
8559.29696578555,63749.76,0.2006528675556183,0,0
8559.29696578555,63835.59,0.16827388107776642,0,0
8559.29696578555,63769.58,0.2145480215549469,0,1
8559.29696578555,63849.94,0.17918799817562103,0,1
8559.29696578555,63711.97,0.23659846186637878,0,1
8559.29696578555,63837.99,0.19505611062049866,0,0
8559.29696578555,63794.94,0.15690822899341583,0,0
8559.29696578555,64108.81,0.2409786880016327,0,0
8559.29696578555,64143.36,0.23280125856399536,0,0
8559.29696578555,64240.04,0.16203010082244873,0,0
8559.29696578555,64119.71,0.2702007591724396,0,0
8559.29696578555,63840.0,0.26634305715560913,0,0
8559.29696578555,63363.39,0.33479225635528564,0,0
8559.29696578555,63441.47,0.23129308223724365,0,0
8559.29696578555,63492.12,0.20241576433181763,0,0
8559.29696578555,63471.0,0.160719633102417,0,0
8559.29696578555,63386.59,0.18129825592041016,0,0
8559.29696578555,63421.11,0.191228449344635,0,0
8559.29696578555,63599.99,0.1736391931772232,0,0
8559.29696578555,63469.83,0.19811920821666718,0,0
8559.29696578555,63432.28,0.15736395120620728,0,0
8559.29696578555,63479.99,0.15891402959823608,0,1
8559.29696578555,63556.92,0.20067209005355835,0,1
8559.29696578555,63456.11,0.21208547055721283,0,1
8559.29696578555,63550.01,0.1711062341928482,0,0
8559.29696578555,63646.99,0.20022261142730713,0,0
8559.29696578555,63693.74,0.17452611029148102,0,0
8559.29696578555,63878.0,0.24658793210983276,0,0
8559.29696578555,63942.35,0.23514756560325623,0,0
8559.29696578555,63865.84,0.18642976880073547,0,0
8559.29696578555,63766.8,0.2307293862104416,0,0
8559.29696578555,63782.64,0.21465672552585602,0,0
8559.29696578555,63651.19,0.2239711433649063,0,0
8559.29696578555,63484.3,0.2112509161233902,0,0
8559.29696578555,63697.76,0.25679951906204224,0,0
8559.29696578555,63724.0,0.2630016505718231,0,0
8559.29696578555,63859.45,0.2594085931777954,0,0
8559.29696578555,63420.01,0.2564559876918793,0,0
8559.29696578555,63160.13,0.277957022190094,0,1
8559.29696578555,63144.38,0.26262006163597107,0,1
8559.29696578555,63310.0,0.21397842466831207,0,0
8559.29696578555,63407.99,0.24634288251399994,0,0
8559.29696578555,63415.55,0.16430597007274628,0,0
8559.29696578555,63474.0,0.16697651147842407,0,0
8559.29696578555,63530.01,0.21489635109901428,0,0
8559.29696578555,63490.86,0.1630600094795227,0,0
8559.29696578555,63541.45,0.170028418302536,0,0
8559.29696578555,63575.86,0.15525715053081512,0,0
8559.29696578555,63465.39,0.21345125138759613,0,0
8559.29696578555,63310.0,0.214725524187088,0,0
8559.29696578555,63372.56,0.2063869684934616,0,0
8559.29696578555,63379.83,0.163813516497612,0,0
8559.29696578555,62974.14,0.3011029064655304,0,0
8559.29696578555,62920.78,0.22469113767147064,0,0
8559.29696578555,62940.01,0.2556394934654236,0,0
8559.29696578555,62792.75,0.22030499577522278,0,0
8559.29696578555,62814.14,0.21526937186717987,0,1
8559.29696578555,62868.83,0.18529796600341797,0,0
8559.29696578555,62741.69,0.248982772231102,0,0
8559.29696578555,62668.0,0.25573280453681946,0,0
8559.29696578555,62620.01,0.24086712300777435,0,0
8559.29696578555,62990.95,0.2795593738555908,0,0
8559.29696578555,63133.48,0.3010658025741577,0,0
8559.29696578555,63013.69,0.29457995295524597,0,0
8559.29696578555,62930.01,0.26246196031570435,0,0
8559.29696578555,62968.05,0.24679850041866302,0,0
8559.29696578555,62907.59,0.210768923163414,0,0
8559.29696578555,62928.49,0.17722105979919434,0,0
8559.29696578555,62886.88,0.23079368472099304,0,0
8559.29696578555,63043.56,0.230413019657135,0,0
8559.29696578555,63019.88,0.132414773106575,0,0
8559.29696578555,63045.13,0.11690153181552887,0,0
8559.29696578555,63134.41,0.12027400732040405,0,0
8559.29696578555,63051.25,0.1530919075012207,0,0
8559.29696578555,63122.0,0.10619053244590759,0,0
8559.29696578555,63089.0,0.13201336562633514,0,0
8559.29696578555,63114.68,0.12703248858451843,0,0
8559.29696578555,63075.43,0.11683886498212814,0,0
8559.29696578555,62935.72,0.14140774309635162,0,0
8559.29696578555,63030.38,0.1120968833565712,0,0
8559.29696578555,63046.1,0.08736658096313477,0,0
8559.29696578555,63022.01,0.09841848909854889,0,0
8559.29696578555,63050.13,0.1389995962381363,0,0
8559.29696578555,63060.35,0.1296098381280899,0,0
8559.29696578555,63040.0,0.14502385258674622,0,0
8559.29696578555,63100.55,0.12641705572605133,0,0
8559.29696578555,63096.63,0.1481837034225464,0,0
8559.29696578555,63070.5,0.13650643825531006,0,0
8559.29696578555,63057.58,0.15689899027347565,0,0
8559.29696578555,63126.08,0.13901233673095703,0,0
8559.29696578555,63103.29,0.12309931963682175,0,0
8559.29696578555,63159.04,0.14804162085056305,0,0
8559.29696578555,63135.52,0.12120253592729568,0,0
8559.29696578555,63086.01,0.1461862176656723,0,0
8559.29696578555,63085.82,0.16474568843841553,0,0
8559.29696578555,63084.78,0.15860527753829956,0,0
8559.29696578555,63121.91,0.16518205404281616,0,0
8559.29696578555,63130.0,0.16661521792411804,0,0
8559.29696578555,63090.01,0.16942405700683594,0,0
8559.29696578555,63069.43,0.25401103496551514,0,0
8559.29696578555,63069.31,0.2566070258617401,0,0
8559.29696578555,63061.02,0.24857279658317566,0,0
8559.29696578555,63072.42,0.1773773580789566,0,0
8559.29696578555,62992.69,0.2103426456451416,0,0
8559.29696578555,63008.57,0.1925167590379715,0,0
8559.29696578555,63013.66,0.17420805990695953,0,0
8559.29696578555,63021.98,0.20062868297100067,0,0
8559.29696578555,63060.01,0.1925167590379715,0,0
8559.29696578555,63102.85,0.16820961236953735,0,0
8559.29696578555,63146.39,0.1935390681028366,0,0
8559.29696578555,63260.01,0.23919878900051117,0,0
8559.29696578555,63159.3,0.19938595592975616,0,0
8559.29696578555,63140.06,0.2060088962316513,0,0
8559.29696578555,63108.81,0.20916907489299774,0,0
8559.29696578555,63067.79,0.19849102199077606,0,1
8559.29696578555,62929.61,0.24380537867546082,0,1
8559.29696578555,62913.7,0.2638031840324402,0,1
8559.29696578555,62900.0,0.1992000788450241,0,1
8559.29696578555,62917.54,0.20504067838191986,0,1
8559.29696578555,63116.12,0.22842645645141602,0,1
8559.29696578555,63403.34,0.23974443972110748,0,0
8559.29696578555,63429.21,0.17915332317352295,0,0
8559.29696578555,63532.44,0.21682102978229523,0,0
8559.29696578555,63520.18,0.20809267461299896,0,0
8559.29696578555,63667.99,0.22635813057422638,0,0
8559.29696578555,63514.45,0.23068684339523315,0,0
8559.29696578555,63380.84,0.23199564218521118,0,1
8559.29696578555,63323.96,0.19242697954177856,0,1
8559.29696578555,63692.21,0.2318154126405716,0,1
8559.29696578555,63631.1,0.24222974479198456,0,1
8559.29696578555,63554.69,0.21836546063423157,0,1
8559.29696578555,63672.36,0.2335805892944336,0,1
8559.29696578555,63902.63,0.22720247507095337,0,1
8559.29696578555,64200.0,0.28058746457099915,0,0
8559.29696578555,64115.76,0.2869667708873749,0,0
8559.29696578555,64325.99,0.2718627452850342,0,0
8559.29696578555,64428.87,0.2618831694126129,0,0
8559.29696578555,64309.96,0.2346353977918625,0,0
8559.29696578555,64392.73,0.19317500293254852,0,0
8559.29696578555,64382.02,0.1713496297597885,0,0
8559.29696578555,64291.25,0.20429834723472595,0,0
8559.29696578555,64532.1,0.2192544788122177,0,0
8559.29696578555,64383.71,0.1590646505355835,0,0
8559.29696578555,64200.06,0.16298328340053558,0,0
8559.29696578555,64103.22,0.1733677089214325,0,0
8559.29696578555,64185.01,0.19288049638271332,0,0
8559.29696578555,64210.32,0.18850496411323547,0,0
8559.29696578555,64242.76,0.16055448353290558,0,0
8559.29696578555,64318.03,0.2271845042705536,0,0
8559.29696578555,64198.97,0.18063464760780334,0,0
8559.29696578555,64296.02,0.19301709532737732,0,1
8559.29696578555,64171.95,0.16176347434520721,0,1
8559.29696578555,64202.8,0.13964952528476715,0,1
8559.29696578555,64351.19,0.16810494661331177,0,0
8559.29696578555,64230.02,0.14945152401924133,0,1
8559.29696578555,64219.99,0.20917290449142456,0,1
8559.29696578555,64714.16,0.21508170664310455,0,0
8559.29696578555,64855.06,0.21834620833396912,0,0
8559.29696578555,64840.0,0.20192882418632507,0,0
8559.29696578555,64670.02,0.18871593475341797,0,0
8559.29696578555,64772.0,0.15903319418430328,0,0
8559.29696578555,64643.26,0.17412002384662628,0,0
8559.29696578555,64582.39,0.15284812450408936,0,0
8559.29696578555,64604.58,0.14500297605991364,0,0
8559.29696578555,64634.0,0.1309528797864914,0,0
8559.29696578555,64725.42,0.16133829951286316,0,0
8559.29696578555,64488.0,0.20209455490112305,0,0
8559.29696578555,64400.48,0.17903144657611847,0,0
8559.29696578555,64351.9,0.17715978622436523,0,0
8559.29696578555,64330.71,0.1841428130865097,0,0
8559.29696578555,64316.22,0.18895119428634644,0,0
8559.29696578555,64236.01,0.23170804977416992,0,0
8559.29696578555,64339.8,0.24833008646965027,0,1
8559.29696578555,64296.0,0.24305683374404907,0,1
8559.29696578555,64413.95,0.27319249510765076,0,1
8559.29696578555,64427.06,0.239870086312294,0,1
8559.29696578555,64456.71,0.234482541680336,0,1
8559.29696578555,64515.63,0.23120863735675812,0,1
8559.29696578555,64882.15,0.2622700035572052,0,1
8559.29696578555,65012.12,0.2929767370223999,0,1
8559.29696578555,65923.21,0.34101468324661255,0,1
8559.29696578555,68554.0,0.4088079631328583,0,1
8559.29696578555,68465.27,0.41191565990448,0,1
8559.29696578555,68197.29,0.3957860469818115,0,1
8559.29696578555,68395.99,0.3835204541683197,0,1
8559.29696578555,68429.44,0.37797218561172485,0,1
8559.29696578555,69048.06,0.40824735164642334,0,0
8559.29696578555,69709.46,0.41406869888305664,0,0
8559.29696578555,69258.9,0.4202679991722107,0,0
8560.115645453528,69334.79,0.3685256540775299,1,0
8570.635724250178,69420.0,0.30246296525001526,1,1
8607.91095239575,69721.92,0.3297012448310852,1,0
8555.977245720356,69301.27,0.31029337644577026,1,1
8542.936101215133,69195.64,0.34874439239501953,1,1
8579.52612296097,69492.01,0.31626754999160767,1,1
8570.946596838008,69406.54,0.3574923574924469,0,1
8570.946596838008,69851.99,0.34925761818885803,0,1
8570.946596838008,69816.45,0.35172176361083984,0,1
8570.946596838008,71592.1,0.35990333557128906,0,0
8570.946596838008,71789.97,0.3489615023136139,0,1
8570.946596838008,71995.99,0.3389551043510437,0,1
8570.946596838008,71927.07,0.34067291021347046,0,1
8570.946596838008,71952.04,0.3237457573413849,0,1
8570.946596838008,71691.99,0.340685099363327,0,1
8570.946596838008,71826.85,0.33402305841445923,0,1
8570.946596838008,72470.83,0.33288848400115967,0,0
8570.946596838008,72837.15,0.3349665701389313,0,0
8570.946596838008,72737.5,0.343005895614624,0,0
8570.946596838008,72431.36,0.3718777894973755,0,1
8570.946596838008,72690.76,0.3428173363208771,0,1
8570.946596838008,72671.75,0.3222547471523285,0,1
8570.946596838008,72741.81,0.3148523271083832,0,1
8570.946596838008,72676.22,0.3082007169723511,0,1
8570.946596838008,73025.15,0.31421327590942383,0,1
8570.946596838008,73708.02,0.3110147714614868,0,1
8570.946596838008,75129.23,0.352757066488266,0,1
8570.946596838008,74439.74,0.32881712913513184,0,1
8570.946596838008,74510.77,0.33719393610954285,0,1
8570.946596838008,75026.0,0.3399085998535156,0,1
8570.946596838008,75472.73,0.3492377996444702,0,1
8570.946596838008,75646.21,0.33370116353034973,0,1
8570.946596838008,76308.65,0.3972654640674591,0,1
8570.946596838008,79258.03,0.3801700174808502,0,0
8570.946596838008,77910.71,0.41463083028793335,0,0
8570.946596838008,77810.02,0.3623345196247101,0,0
8570.946596838008,76722.32,0.3946784436702728,0,1
8570.946596838008,77223.66,0.35970380902290344,0,0
8570.946596838008,77266.87,0.3809124231338501,0,0
8570.946596838008,77384.68,0.35760945081710815,0,0
8570.946596838008,77221.98,0.35910919308662415,0,1
8570.946596838008,77486.01,0.3065129220485687,0,1
8570.946596838008,77392.68,0.31465721130371094,0,1
8570.946596838008,77146.0,0.3182223439216614,0,1
8570.946596838008,77028.94,0.30486875772476196,0,1
8570.946596838008,77520.19,0.31255409121513367,0,1
8570.946596838008,78505.15,0.32362234592437744,0,0
8570.946596838008,78460.14,0.3282313346862793,0,0
8570.946596838008,78338.03,0.29226887226104736,0,0
8570.946596838008,77953.3,0.2903898358345032,0,0
8570.946596838008,77830.01,0.2717565596103668,0,0
8570.946596838008,78470.0,0.2696497142314911,0,0
8570.946596838008,78410.98,0.305827260017395,0,0
8570.946596838008,78470.0,0.3114835023880005,0,0
8570.946596838008,77380.75,0.40885910391807556,0,0
8570.946596838008,77486.09,0.3473268151283264,0,0
8570.946596838008,77289.18,0.3085654675960541,0,0
8570.946596838008,77210.55,0.3129895329475403,0,0
8570.946596838008,77061.99,0.3433701694011688,0,0
8570.946596838008,76976.0,0.34608420729637146,0,0
8570.946596838008,77130.02,0.2870540916919708,0,0
8570.946596838008,77300.27,0.28386446833610535,0,0
8570.946596838008,77288.62,0.23487138748168945,0,0
8570.946596838008,77003.62,0.2933756411075592,0,0
8570.946596838008,76978.83,0.23153027892112732,0,0
8570.946596838008,77288.01,0.30476394295692444,0,0
8570.946596838008,77278.01,0.24389640986919403,0,0
8570.946596838008,77257.86,0.22778907418251038,0,0
8570.946596838008,77418.25,0.21895501017570496,0,0
8570.946596838008,77311.69,0.256428062915802,0,0
8570.946596838008,76856.01,0.3241701126098633,0,0
8570.946596838008,76997.76,0.2823842763900757,0,0
8570.946596838008,77074.93,0.22435720264911652,0,0
8570.946596838008,77302.65,0.20205557346343994,0,0
8570.946596838008,77190.29,0.1805262565612793,0,0
8570.946596838008,77079.46,0.17675180733203888,0,0
8570.946596838008,76927.87,0.20928512513637543,0,0
8570.946596838008,76602.0,0.25779759883880615,0,0
8570.946596838008,76053.37,0.2990529537200928,0,1
8570.946596838008,76096.95,0.275126576423645,0,1
8570.946596838008,76007.13,0.27646374702453613,0,1
8570.946596838008,76486.49,0.26558271050453186,0,1
8570.946596838008,76549.98,0.18260164558887482,0,1
8570.946596838008,76790.35,0.22470517456531525,0,1
8570.946596838008,77311.02,0.2465970367193222,0,0
8570.946596838008,77206.0,0.2546273171901703,0,0
8570.946596838008,77487.62,0.24600663781166077,0,0
8570.946596838008,77186.0,0.260497123003006,0,0
8570.946596838008,77156.13,0.24021399021148682,0,1
8570.946596838008,77429.88,0.2513408362865448,0,0
8570.946596838008,77176.41,0.2317962497472763,0,1
8570.946596838008,77341.98,0.2568349838256836,0,0
8570.946596838008,77346.01,0.2615644335746765,0,0
8570.946596838008,77401.6,0.2284115105867386,0,0
8570.946596838008,77833.23,0.2520199418067932,0,0
8570.946596838008,77598.88,0.23368090391159058,0,0
8570.946596838008,77734.0,0.24212579429149628,0,0
8570.946596838008,77679.5,0.2620856761932373,0,0
8570.946596838008,76922.1,0.32024991512298584,0,1
8570.946596838008,77478.69,0.2609664797782898,0,0
8570.946596838008,76933.02,0.311868280172348,0,1
8570.946596838008,76897.44,0.2783718705177307,0,1
8570.946596838008,77149.4,0.2629872262477875,0,1
8570.946596838008,77464.33,0.27769336104393005,0,1
8570.946596838008,77307.15,0.29037225246429443,0,1
8570.946596838008,77041.47,0.2786811590194702,0,1
8570.946596838008,77554.08,0.26044604182243347,0,1
8570.946596838008,77617.22,0.28192800283432007,0,1
8570.946596838008,78443.65,0.29226842522621155,0,0
8570.946596838008,79159.99,0.3111392855644226,0,0
8570.946596838008,78597.99,0.33345741033554077,0,0
8570.946596838008,79510.92,0.32424023747444153,0,0
8570.946596838008,79100.01,0.34762823581695557,0,0
8570.946596838008,79047.6,0.3220718502998352,0,0
8570.946596838008,78761.14,0.343678742647171,0,0
8570.946596838008,78928.35,0.293626070022583,0,1
8570.946596838008,78758.0,0.3229001462459564,0,1
8570.946596838008,78932.33,0.2712187170982361,0,1
8570.946596838008,78984.23,0.244458869099617,0,1
8570.946596838008,78740.0,0.26150816679000854,0,1
8570.946596838008,78992.75,0.2619020938873291,0,1
8570.946596838008,79739.99,0.28803086280822754,0,1
8570.946596838008,79828.0,0.2657482326030731,0,0
8570.946596838008,80649.63,0.31035545468330383,0,0
8570.946596838008,80488.01,0.3822186589241028,0,0
8570.946596838008,80363.73,0.3615684509277344,0,0
8570.946596838008,80731.9,0.36686059832572937,0,0
8570.946596838008,80574.09,0.3533315360546112,0,0
8570.946596838008,79705.79,0.3941134810447693,0,0
8570.946596838008,79930.77,0.35984089970588684,0,0
8570.946596838008,79187.2,0.4273587465286255,0,0
8575.622371054418,79309.63,0.3638725280761719,1,0
8554.900646956237,79117.99,0.35677585005760193,1,0
8539.980010824385,78980.0,0.3828045725822449,1,0
8504.080305033123,78647.99,0.4110287129878998,1,0
8567.65979663055,79235.99,0.3869294822216034,1,0
8596.42411015903,79502.01,0.3545950949192047,1,0
8587.827686048871,79156.02,0.3676827847957611,0,0
8587.827686048871,79240.01,0.3447215259075165,0,0
8587.827686048871,79128.0,0.32504338026046753,0,0
8587.827686048871,78925.95,0.35618484020233154,0,0
8587.827686048871,78206.13,0.44805750250816345,0,1
8619.1640418913,78570.0,0.3870398700237274,1,1
8654.214431391421,78889.51,0.34246623516082764,1,0
8615.778686127867,78539.14,0.36474916338920593,1,1
8625.94243244938,78631.79,0.28746357560157776,1,0
8646.054912218253,78815.13,0.2859360873699188,1,0
8678.182881837049,79108.0,0.3130577504634857,1,0
8669.504698955212,79088.62,0.24080312252044678,0,0
8669.504698955212,78826.0,0.29490217566490173,0,0
8669.504698955212,79085.98,0.30806228518486023,0,0
8669.504698955212,78947.92,0.29841849207878113,0,0
8669.504698955212,78925.56,0.24562688171863556,0,0
8669.504698955212,78707.59,0.34269317984580994,0,0
8669.504698955212,78444.49,0.33494457602500916,0,0
8669.504698955212,78727.45,0.29934221506118774,0,0
8669.504698955212,78487.26,0.3134899437427521,0,0
8669.504698955212,78319.59,0.32437387108802795,0,0
8669.504698955212,78448.66,0.3104626536369324,0,0
8669.504698955212,77790.48,0.3800840377807617,0,1
8669.504698955212,78011.65,0.33574801683425903,0,1
8669.504698955212,77991.3,0.29800277948379517,0,1
8669.504698955212,78442.83,0.3190765380859375,0,1
8669.504698955212,78472.41,0.2857130467891693,0,0
8669.504698955212,78475.49,0.23479144275188446,0,1
8669.504698955212,78452.04,0.23071102797985077,0,0
8669.504698955212,78724.01,0.26757800579071045,0,0
8669.504698955212,78700.0,0.2796362340450287,0,0
8669.504698955212,79023.75,0.27314114570617676,0,0
8669.504698955212,78690.01,0.22473594546318054,0,0
8669.504698955212,78898.67,0.25100961327552795,0,0
8669.504698955212,78717.76,0.19801606237888336,0,1
8669.504698955212,78830.68,0.26586011052131653,0,1
8669.504698955212,78783.99,0.1975211352109909,0,1
8669.504698955212,78912.55,0.24727772176265717,0,1
8669.504698955212,78817.49,0.2588275969028473,0,1
8669.504698955212,79082.17,0.2394489049911499,0,1
8669.504698955212,79755.99,0.30700770020484924,0,1
8669.504698955212,79986.0,0.31233298778533936,0,0
8669.504698955212,79626.0,0.30995872616767883,0,1
8669.504698955212,79477.67,0.2898770570755005,0,1
8669.504698955212,79282.31,0.2678069472312927,0,1
8669.504698955212,79533.15,0.3094596862792969,0,0
8669.504698955212,80204.05,0.30940937995910645,0,0
8669.504698955212,80302.32,0.30381056666374207,0,0
8669.504698955212,80374.0,0.2859777808189392,0,0
8669.504698955212,80442.46,0.3000063896179199,0,0
8669.504698955212,80150.69,0.2843906283378601,0,1
8669.504698955212,79910.19,0.26682204008102417,0,1
8669.504698955212,80096.0,0.22049099206924438,0,0
8669.504698955212,80184.0,0.21324224770069122,0,0
8669.504698955212,80303.21,0.23648309707641602,0,0
8669.504698955212,80249.58,0.22703894972801208,0,0
8669.504698955212,80576.0,0.23769283294677734,0,0
8669.504698955212,80500.38,0.27137136459350586,0,0
8669.504698955212,79926.11,0.3001441955566406,0,0
8669.504698955212,79810.49,0.22859863936901093,0,0
8669.504698955212,79643.81,0.252523809671402,0,0
8669.504698955212,79686.0,0.24699249863624573,0,0
8669.504698955212,79904.21,0.23154105246067047,0,0
8669.504698955212,79660.0,0.2656837999820709,0,0
8669.504698955212,79516.78,0.26443570852279663,0,0
8669.504698955212,79285.19,0.23400987684726715,0,0
8669.504698955212,79565.89,0.2684724032878876,0,0
8669.504698955212,79604.13,0.24678194522857666,0,0
8669.504698955212,79421.05,0.2592548429965973,0,0
8669.504698955212,79330.75,0.2769760191440582,0,0
8669.504698955212,79542.44,0.31382596492767334,0,0
8669.504698955212,78331.13,0.3567957580089569,0,0
8669.504698955212,77788.46,0.36041492223739624,0,0
8669.504698955212,77904.0,0.34734612703323364,0,0
8669.504698955212,77554.0,0.3587743639945984,0,0
8669.504698955212,77580.03,0.3128112852573395,0,0
8669.504698955212,77407.34,0.3029811978340149,0,0
8669.504698955212,77364.0,0.23524244129657745,0,0
8669.504698955212,77758.69,0.27409425377845764,0,0
8669.504698955212,77845.87,0.2373284101486206,0,0
8669.504698955212,77733.63,0.21156097948551178,0,0
8669.504698955212,77794.11,0.2093932181596756,0,0
8669.504698955212,77671.18,0.20679782330989838,0,0
8669.504698955212,77507.17,0.22482959926128387,0,0
8669.504698955212,77648.91,0.16711507737636566,0,0
8669.504698955212,77632.53,0.1678590029478073,0,0
8669.504698955212,77466.82,0.1884187012910843,0,0
8669.504698955212,77626.01,0.21929167211055756,0,0
8669.504698955212,77633.99,0.1687919944524765,0,0
8669.504698955212,77650.03,0.19390752911567688,0,0
8669.504698955212,77635.17,0.1874004602432251,0,1
8669.504698955212,77584.67,0.1412782073020935,0,1
8669.504698955212,77583.74,0.1380508542060852,0,1
8669.504698955212,77704.32,0.1422894150018692,0,1
8669.504698955212,78014.37,0.22093500196933746,0,0
8669.504698955212,77865.36,0.1694905161857605,0,0
8669.504698955212,78027.17,0.16961398720741272,0,0
8669.504698955212,78100.0,0.17965617775917053,0,0
8669.504698955212,78158.01,0.19892846047878265,0,0
8669.504698955212,78182.0,0.2031390219926834,0,0
8669.504698955212,78129.92,0.21187426149845123,0,0
8669.504698955212,78161.63,0.18315833806991577,0,0
8669.504698955212,78228.34,0.19675657153129578,0,0
8669.504698955212,78230.0,0.1714930236339569,0,0
8669.504698955212,78179.86,0.1884327381849289,0,0
8669.504698955212,78081.5,0.16969159245491028,0,0
8669.504698955212,78106.01,0.16282430291175842,0,0
8669.504698955212,78144.68,0.17809969186782837,0,0
8669.504698955212,78109.75,0.17691542208194733,0,0
8669.504698955212,78127.71,0.16511861979961395,0,0
8669.504698955212,78280.34,0.18273930251598358,0,1
8669.504698955212,78118.0,0.19430816173553467,0,1
8669.504698955212,78074.01,0.1626838892698288,0,1
8669.504698955212,78000.01,0.17390011250972748,0,1
8669.504698955212,78145.29,0.15650418400764465,0,1
8669.504698955212,78166.0,0.16867822408676147,0,1
8669.504698955212,78785.06,0.21753524243831635,0,0
8669.504698955212,78860.0,0.2292689085006714,0,0
8669.504698955212,78783.71,0.21357588469982147,0,0
8669.504698955212,78823.63,0.20574191212654114,0,0
8669.504698955212,79337.93,0.28641727566719055,0,0
8669.504698955212,79021.02,0.3152758777141571,0,0
8669.504698955212,79036.69,0.2709754407405853,0,0
8669.504698955212,78856.39,0.2675859332084656,0,0
8669.504698955212,78597.33,0.2741355895996094,0,0
8669.504698955212,78653.0,0.2743321359157562,0,0
8669.504698955212,78422.01,0.2838984727859497,0,0
8669.504698955212,77682.0,0.32474011182785034,0,0
8669.504698955212,77937.04,0.28174349665641785,0,0
8669.504698955212,77640.94,0.28650781512260437,0,1
8669.504698955212,77473.99,0.30797794461250305,0,1
8669.504698955212,77756.71,0.2638753056526184,0,1
8669.504698955212,77622.28,0.25554388761520386,0,1
8669.504698955212,78016.0,0.27139851450920105,0,0
8669.504698955212,78093.87,0.2591010332107544,0,0
8669.504698955212,78196.01,0.24627478420734406,0,0
8669.504698955212,78480.8,0.2686081826686859,0,0
8669.504698955212,78511.03,0.25886470079421997,0,0
8669.504698955212,78710.01,0.26269248127937317,0,0
8669.504698955212,78315.43,0.26074013113975525,0,1
8669.504698955212,77930.39,0.3376365303993225,0,1
8669.504698955212,77867.39,0.3405872583389282,0,1
8669.504698955212,78600.14,0.3060275614261627,0,0
8669.504698955212,78580.42,0.32635003328323364,0,0
8669.504698955212,78639.57,0.2964904010295868,0,0
8669.504698955212,78897.36,0.28357580304145813,0,0
8669.504698955212,79016.0,0.27601295709609985,0,0
8669.504698955212,78898.06,0.27953070402145386,0,0
8669.504698955212,78864.72,0.2733241617679596,0,0
8669.504698955212,78964.32,0.2719559073448181,0,0
8669.504698955212,78593.15,0.298753559589386,0,0
8669.504698955212,78581.29,0.2543722093105316,0,1
8669.504698955212,78652.0,0.2647337317466736,0,0
8669.504698955212,78410.62,0.26848554611206055,0,0
8669.504698955212,78449.99,0.22952896356582642,0,0
8669.504698955212,78679.01,0.27528268098831177,0,0
8669.504698955212,78727.11,0.22383488714694977,0,0
8669.504698955212,79179.99,0.2761829197406769,0,0
8669.504698955212,78745.39,0.2721618115901947,0,0
8669.504698955212,78632.37,0.26980721950531006,0,0
8669.504698955212,77883.28,0.3442530333995819,0,0
8669.504698955212,77915.0,0.24739916622638702,0,0
8669.504698955212,78029.67,0.30441534519195557,0,0
8669.504698955212,78098.97,0.2752015292644501,0,0
8669.504698955212,78004.0,0.28711050748825073,0,0
8669.504698955212,78071.99,0.2983309030532837,0,0
8669.504698955212,78167.99,0.279882550239563,0,0
8669.504698955212,77919.06,0.31988245248794556,0,0
8669.504698955212,77596.01,0.37144792079925537,0,0
8669.504698955212,77265.79,0.349450945854187,0,0
8669.504698955212,77153.9,0.34721460938453674,0,0
8669.504698955212,77312.0,0.2847282886505127,0,0
8669.504698955212,77448.45,0.21730925142765045,0,0
8669.504698955212,77211.32,0.3218197524547577,0,0
8669.504698955212,77274.02,0.25003698468208313,0,0
8669.504698955212,77439.0,0.2837153375148773,0,0
8669.504698955212,77213.25,0.352323979139328,0,1
8669.504698955212,77020.68,0.4318256974220276,0,1
8695.537530896674,77329.2,0.35262367129325867,1,0
8721.884168951758,77563.5,0.3863949179649353,1,0
8721.69525579797,77561.82,0.2816031277179718,1,0
8731.73126709296,77651.07,0.31546372175216675,1,0
8727.286185563647,77611.54,0.27471375465393066,1,0
8711.803178334438,77473.85,0.28425028920173645,1,0
8703.091375156104,76854.11,0.4124711751937866,0,0
8703.091375156104,76752.26,0.425371378660202,0,1
8686.311143880639,76680.88,0.41663891077041626,1,1
8703.062799468798,76828.76,0.40687912702560425,1,1
8678.72147033177,76613.88,0.4127528965473175,1,1
8738.999337329145,77146.0,0.41465482115745544,1,0
8729.984617612443,77066.42,0.4192207157611847,1,0
8755.19592723985,77288.98,0.42493829131126404,1,0
8746.44073131261,77171.5,0.3698942959308624,0,0
8746.44073131261,77381.66,0.35203391313552856,0,0
8746.44073131261,77377.76,0.33901330828666687,0,0
8746.44073131261,77341.47,0.3629671037197113,0,0
8746.44073131261,77406.01,0.3294227123260498,0,1
8746.44073131261,77284.0,0.2858886122703552,0,1
8746.44073131261,77034.03,0.29472172260284424,0,1
8746.44073131261,77340.01,0.2945635914802551,0,1
8746.44073131261,77068.01,0.2703193426132202,0,1
8746.44073131261,77356.7,0.2915518283843994,0,0
8746.44073131261,77816.01,0.2834694981575012,0,0
8746.44073131261,77708.0,0.23474560678005219,0,0
8746.44073131261,77776.0,0.23280146718025208,0,0
8746.44073131261,77809.91,0.27747270464897156,0,0
8746.44073131261,77835.19,0.22316032648086548,0,1
8746.44073131261,77663.15,0.29230833053588867,0,1
8746.44073131261,77843.34,0.27178677916526794,0,1
8746.44073131261,77615.24,0.2611709237098694,0,1
8746.44073131261,77735.88,0.2753235995769501,0,1
8746.44073131261,77948.39,0.2787439823150635,0,1
8746.44073131261,78652.38,0.30229029059410095,0,1
8746.44073131261,78840.52,0.32548823952674866,0,1
8746.44073131261,80549.97,0.38090088963508606,0,1
8746.44073131261,81348.0,0.3944442570209503,0,0
8746.44073131261,80969.37,0.40301713347435,0,0
8746.44073131261,81042.0,0.3547223210334778,0,0
8746.44073131261,81254.32,0.3429834246635437,0,0
8746.44073131261,81755.41,0.37415751814842224,0,0
8746.44073131261,81473.0,0.3473009169101715,0,0
8746.44073131261,81590.0,0.3761582672595978,0,0
8746.44073131261,81140.0,0.35120654106140137,0,0
8746.44073131261,81270.37,0.34882035851478577,0,0
8746.44073131261,80972.12,0.29543831944465637,0,0
8746.44073131261,80968.01,0.2875586748123169,0,0
8746.44073131261,80831.99,0.276960164308548,0,0
8746.44073131261,80850.0,0.23169317841529846,0,0
8746.44073131261,81070.54,0.27931275963783264,0,0
8746.44073131261,80996.15,0.24246914684772491,0,0
8746.44073131261,80797.39,0.28918391466140747,0,0
8746.44073131261,80656.87,0.2731592059135437,0,0
8746.44073131261,81147.16,0.2907920479774475,0,0
8746.44073131261,81056.63,0.2877894341945648,0,0
8746.44073131261,81179.63,0.25569766759872437,0,0
8746.44073131261,81224.86,0.2489621937274933,0,0
8746.44073131261,79453.96,0.37420323491096497,0,0
8746.44073131261,79378.67,0.3449137806892395,0,1
8746.44073131261,78915.71,0.37987905740737915,0,1
8746.44073131261,79429.33,0.3560665249824524,0,0
8746.44073131261,79745.73,0.3381074368953705,0,0
8746.44073131261,79472.22,0.325549840927124,0,0
8746.44073131261,79618.15,0.2121410369873047,0,0
8746.44073131261,79793.34,0.23438036441802979,0,0
8746.44073131261,79697.04,0.2313755303621292,0,0
8746.44073131261,79624.0,0.25268471240997314,0,0
8746.44073131261,79636.09,0.19369320571422577,0,0
8746.44073131261,79660.77,0.18653105199337006,0,0
8746.44073131261,79573.36,0.24005064368247986,0,0
8746.44073131261,79533.34,0.22308722138404846,0,0
8746.44073131261,79569.09,0.20502564311027527,0,0
8746.44073131261,79582.0,0.19386625289916992,0,0
8746.44073131261,79500.01,0.18596303462982178,0,0
8746.44073131261,79577.53,0.19001400470733643,0,0
8746.44073131261,79644.01,0.15554074943065643,0,0
8746.44073131261,79709.96,0.15748511254787445,0,0
8746.44073131261,79650.0,0.18856090307235718,0,0
8746.44073131261,79631.28,0.20052213966846466,0,0
8746.44073131261,79618.01,0.1958138346672058,0,1
8746.44073131261,79609.28,0.18314498662948608,0,1
8746.44073131261,79704.14,0.20900017023086548,0,0
8746.44073131261,79613.67,0.22382867336273193,0,0
8746.44073131261,79719.76,0.17288042604923248,0,0
8746.44073131261,79806.01,0.1651468425989151,0,0
8746.44073131261,80042.0,0.22501981258392334,0,0
8746.44073131261,80058.6,0.23741336166858673,0,0
8746.44073131261,79999.98,0.196196049451828,0,0
8746.44073131261,79754.0,0.20431819558143616,0,0
8746.44073131261,79737.83,0.1993076652288437,0,0
8746.44073131261,79906.02,0.1950976848602295,0,0
8746.44073131261,79783.99,0.20029668509960175,0,0
8746.44073131261,79831.75,0.19619522988796234,0,0
8746.44073131261,79868.0,0.16531868278980255,0,0
8746.44073131261,79951.39,0.17353709042072296,0,0
8746.44073131261,79907.28,0.17742323875427246,0,0
8746.44073131261,80028.01,0.19222131371498108,0,0
8746.44073131261,79866.01,0.17534971237182617,0,0
8746.44073131261,79989.13,0.21169456839561462,0,0
8746.44073131261,79784.65,0.21539047360420227,0,0
8746.44073131261,79805.0,0.22342205047607422,0,0
8746.44073131261,79837.17,0.20932318270206451,0,0
8746.44073131261,79885.77,0.2275080531835556,0,0
8746.44073131261,80003.93,0.19963832199573517,0,0
8746.44073131261,79919.17,0.2063676416873932,0,0
8746.44073131261,79922.04,0.21512046456336975,0,0
8746.44073131261,79829.98,0.22911250591278076,0,0
8746.44073131261,79543.06,0.2683229446411133,0,0
8746.44073131261,79716.5,0.2315073311328888,0,0
8746.44073131261,79682.0,0.22337935864925385,0,0
8746.44073131261,79745.34,0.2327548861503601,0,1
8746.44073131261,79955.34,0.24237941205501556,0,0
8746.44073131261,79829.99,0.22419214248657227,0,0
8746.44073131261,79912.0,0.23469702899456024,0,0
8746.44073131261,79944.38,0.19801367819309235,0,0
8746.44073131261,80055.17,0.22916863858699799,0,0
8746.44073131261,80341.83,0.23573772609233856,0,0
8746.44073131261,80160.01,0.20826192200183868,0,0
8746.44073131261,79926.14,0.18343093991279602,0,0
8746.44073131261,79874.24,0.2024436593055725,0,0
8746.44073131261,79596.39,0.23133839666843414,0,0
8746.44073131261,79724.0,0.208967387676239,0,0
8746.44073131261,79759.47,0.19622568786144257,0,0
8746.44073131261,79659.27,0.1922949254512787,0,0
8746.44073131261,79397.83,0.2647666931152344,0,0
8746.44073131261,79437.38,0.20566880702972412,0,0
8746.44073131261,79313.85,0.24557361006736755,0,0
8746.44073131261,79360.0,0.2376878261566162,0,0
8746.44073131261,79420.16,0.24661873281002045,0,0
8746.44073131261,79606.84,0.23190975189208984,0,0
8746.44073131261,79352.01,0.2926402986049652,0,0
8746.44073131261,79191.95,0.3028760254383087,0,0
8746.44073131261,78821.99,0.3455233871936798,0,0
8746.44073131261,79028.87,0.262602299451828,0,0
8746.44073131261,79185.73,0.23512127995491028,0,0
8746.44073131261,79196.16,0.2197827845811844,0,0
8746.44073131261,79365.82,0.24350200593471527,0,0
8746.44073131261,79238.0,0.23308458924293518,0,0
8746.44073131261,79164.0,0.1994500458240509,0,0
8746.44073131261,78952.19,0.3234170377254486,0,0
8746.44073131261,79112.01,0.24757157266139984,0,0
8746.44073131261,79313.08,0.2548168897628784,0,0
8746.44073131261,79441.99,0.2371729463338852,0,0
8746.44073131261,78930.01,0.3100791871547699,0,0
8746.44073131261,78906.28,0.23990152776241302,0,0
8746.44073131261,78678.71,0.24676474928855896,0,0
8746.44073131261,78578.0,0.2864951491355896,0,0
8746.44073131261,78323.59,0.29306596517562866,0,0
8746.44073131261,78482.0,0.27555927634239197,0,0
8746.44073131261,78418.0,0.2782929241657257,0,0
8746.44073131261,78761.99,0.29183629155158997,0,0
8746.44073131261,78568.0,0.2533471882343292,0,0
8746.44073131261,78430.01,0.28160330653190613,0,0
8746.44073131261,78449.99,0.2515489161014557,0,0
8746.44073131261,77961.66,0.3458857238292694,0,1
8746.44073131261,78567.52,0.3089224100112915,0,0
8746.44073131261,78904.0,0.27275311946868896,0,0
8746.44073131261,78735.89,0.2603358328342438,0,0
8746.44073131261,78504.38,0.24540232121944427,0,0
8746.44073131261,78436.0,0.3027289807796478,0,0
8746.44073131261,78446.0,0.24696876108646393,0,1
8746.44073131261,78487.99,0.21830761432647705,0,0
8746.44073131261,78492.18,0.19462522864341736,0,0
8746.44073131261,78562.44,0.1701163798570633,0,1
8746.44073131261,78455.8,0.17168597877025604,0,1
8746.44073131261,78774.65,0.19050884246826172,0,0
8746.44073131261,78891.5,0.2206599861383438,0,0
8746.44073131261,78726.01,0.1810494065284729,0,1
8746.44073131261,78638.01,0.1672362983226776,0,0
8746.44073131261,79171.5,0.2884017527103424,0,0
8746.44073131261,78923.43,0.28959202766418457,0,1
8746.44073131261,79159.03,0.24483193457126617,0,1
8746.44073131261,79277.43,0.23624871671199799,0,0
8746.44073131261,79698.02,0.279388964176178,0,0
8746.44073131261,78952.01,0.2908512055873871,0,0
8746.44073131261,78920.01,0.2570734918117523,0,0
8746.44073131261,79324.75,0.2780146896839142,0,0
8746.44073131261,79606.14,0.27327796816825867,0,0
8746.44073131261,79140.69,0.30493688583374023,0,0
8746.44073131261,78958.01,0.302630752325058,0,0
8746.44073131261,78596.7,0.3472377359867096,0,0
8746.44073131261,78804.9,0.27193304896354675,0,0
8746.44073131261,78776.01,0.23692189157009125,0,0
8746.44073131261,78414.42,0.24572882056236267,0,0
8746.44073131261,78234.94,0.2720319628715515,0,0
8746.44073131261,78324.07,0.26865914463996887,0,0
8746.44073131261,78145.02,0.251427561044693,0,0
8746.44073131261,77924.06,0.28585726022720337,0,1
8746.44073131261,78306.43,0.2272890955209732,0,0
8746.44073131261,78180.7,0.262454092502594,0,0
8746.44073131261,78094.0,0.29456382989883423,0,0
8746.44073131261,78357.86,0.2357243150472641,0,0
8746.44073131261,78328.08,0.20655949413776398,0,0
8746.44073131261,78400.0,0.16067944467067719,0,0
8746.44073131261,78536.71,0.23477843403816223,0,0
8746.44073131261,78416.01,0.28759849071502686,0,0
8746.44073131261,78112.0,0.29077592492103577,0,0
8746.44073131261,78110.0,0.19390004873275757,0,0
8746.44073131261,77992.01,0.26911935210227966,0,0
8746.44073131261,77863.21,0.26162242889404297,0,0
8746.44073131261,77840.8,0.2726329267024994,0,0
8746.44073131261,76896.01,0.31942218542099,0,0
8746.44073131261,77174.44,0.2822420001029968,0,0
8746.44073131261,77412.01,0.2859659790992737,0,0
8746.44073131261,77250.0,0.271136611700058,0,0
8746.44073131261,77200.01,0.3086715340614319,0,0
8746.44073131261,77328.72,0.2635056674480438,0,0
8746.44073131261,77252.0,0.27209845185279846,0,0
8746.44073131261,77160.83,0.25005754828453064,0,0
8746.44073131261,77268.08,0.2216828316450119,0,0
8746.44073131261,77144.0,0.22913075983524323,0,0
8746.44073131261,76836.45,0.25276124477386475,0,0
8746.44073131261,76568.72,0.2959901988506317,0,1
8746.44073131261,76908.59,0.26664358377456665,0,1
8746.44073131261,76971.43,0.25744760036468506,0,0
8746.44073131261,76838.68,0.20075766742229462,0,1
8746.44073131261,76891.8,0.2492915838956833,0,0
8746.44073131261,77114.01,0.22793048620224,0,0
8746.44073131261,77252.86,0.18915413320064545,0,0
8746.44073131261,77298.01,0.20642121136188507,0,1
8746.44073131261,77230.7,0.20280708372592926,0,1
8746.44073131261,77364.93,0.23493574559688568,0,1
8746.44073131261,77042.0,0.2843913733959198,0,1
8746.44073131261,76993.25,0.21107928454875946,0,1
8746.44073131261,77036.12,0.2552146911621094,0,1
8746.44073131261,78032.99,0.34012535214424133,0,0
8746.44073131261,79242.56,0.3968160152435303,0,0
8746.44073131261,78798.51,0.353233277797699,0,0
8746.44073131261,77732.25,0.3920307457447052,0,0
8746.44073131261,77916.0,0.33659297227859497,0,0
8746.44073131261,77534.0,0.3356688916683197,0,0
8746.44073131261,77054.0,0.38234981894493103,0,0
8746.44073131261,77286.01,0.29250308871269226,0,0
8746.44073131261,77339.33,0.27097755670547485,0,0
8746.44073131261,77108.01,0.2757946848869324,0,0
8746.44073131261,77150.0,0.2651922404766083,0,0
8746.44073131261,77225.7,0.20612341165542603,0,0
8746.44073131261,77287.43,0.15711189806461334,0,0
8746.44073131261,77272.37,0.15696588158607483,0,0
8746.44073131261,77288.0,0.1563715785741806,0,0
8746.44073131261,77268.09,0.15223179757595062,0,0
8746.44073131261,77222.75,0.1412237584590912,0,0
8746.44073131261,77218.0,0.14787021279335022,0,0
8746.44073131261,77289.73,0.1407984346151352,0,0
8746.44073131261,77269.55,0.15254758298397064,0,0
8746.44073131261,77360.01,0.1773022562265396,0,0
8746.44073131261,77349.44,0.18150964379310608,0,0
8746.44073131261,77332.94,0.15931688249111176,0,0
8746.44073131261,77356.04,0.15019682049751282,0,0
8746.44073131261,77340.0,0.13530632853507996,0,0
8746.44073131261,77366.52,0.1804855912923813,0,0
8746.44073131261,77461.24,0.1711948961019516,0,0
8746.44073131261,77380.37,0.177317276597023,0,0
8746.44073131261,77358.01,0.16150900721549988,0,0
8746.44073131261,77210.58,0.19424597918987274,0,0
8746.44073131261,77131.0,0.1516985148191452,0,0
8746.44073131261,77114.99,0.15096129477024078,0,0
8746.44073131261,77170.0,0.1508697122335434,0,0
8746.44073131261,77264.01,0.14392167329788208,0,0
8746.44073131261,77232.17,0.12386617809534073,0,0
8746.44073131261,77278.73,0.11370363086462021,0,0
8746.44073131261,77276.02,0.15655578672885895,0,0
8746.44073131261,77319.97,0.1751011461019516,0,0
8746.44073131261,77289.96,0.17761088907718658,0,0
8746.44073131261,77192.01,0.17492708563804626,0,0
8746.44073131261,77210.01,0.15858452022075653,0,0
8746.44073131261,77322.01,0.1568203717470169,0,0
8746.44073131261,77122.35,0.21374645829200745,0,0
8746.44073131261,77127.99,0.20637790858745575,0,0
8746.44073131261,76813.71,0.260619580745697,0,1
8746.44073131261,76808.01,0.2233474850654602,0,0
8746.44073131261,76677.29,0.282403826713562,0,1
8746.44073131261,76792.32,0.2777135968208313,0,1
8746.44073131261,76763.33,0.26496976613998413,0,1
8746.44073131261,76853.02,0.26980820298194885,0,1
8746.44073131261,77216.01,0.3131044805049896,0,0
8746.44073131261,77134.83,0.3043270707130432,0,0
8746.44073131261,77276.14,0.35178589820861816,0,0
8746.44073131261,77328.94,0.34336981177330017,0,0
8746.44073131261,77338.87,0.32518941164016724,0,0
8746.44073131261,77284.0,0.33717870712280273,0,0
8746.44073131261,77348.01,0.2700464725494385,0,0
8746.44073131261,77316.0,0.3090040385723114,0,0
8746.44073131261,76714.0,0.352652370929718,0,1
8746.44073131261,76842.01,0.3530918061733246,0,1
8746.44073131261,76808.0,0.3338686227798462,0,1
8746.44073131261,77118.97,0.29788994789123535,0,1
8746.44073131261,77600.0,0.30972713232040405,0,0
8746.44073131261,77596.33,0.2971234619617462,0,1
8746.44073131261,77681.78,0.2475791722536087,0,0
8746.44073131261,77611.79,0.24620500206947327,0,0
8746.44073131261,77593.15,0.2780768871307373,0,0
8746.44073131261,77892.24,0.28530579805374146,0,0
8746.44073131261,77728.8,0.3014904260635376,0,1
8746.44073131261,78141.57,0.31234902143478394,0,1
8746.44073131261,77906.6,0.28979599475860596,0,1
8746.44073131261,77776.0,0.2590138912200928,0,1
8746.44073131261,77698.01,0.30043891072273254,0,1
8746.44073131261,78168.01,0.33230671286582947,0,1
8746.44073131261,78521.06,0.3306151330471039,0,1
8746.44073131261,78578.02,0.29727745056152344,0,0
8746.44073131261,78769.42,0.31420332193374634,0,0
8746.44073131261,78937.98,0.30576780438423157,0,0
8746.44073131261,79226.01,0.32570651173591614,0,0
8746.44073131261,78982.0,0.2816857695579529,0,0
8746.44073131261,79100.0,0.320015013217926,0,0
8746.44073131261,78757.83,0.2888531982898712,0,0
8746.44073131261,78557.98,0.29502078890800476,0,0
8746.44073131261,78189.21,0.2667841911315918,0,0
8746.44073131261,77952.93,0.2117428034543991,0,0
8746.44073131261,77917.86,0.21909445524215698,0,0
8746.44073131261,77913.72,0.1764625757932663,0,0
8746.44073131261,77676.99,0.21296833455562592,0,0
8746.44073131261,77567.12,0.23843346536159515,0,0
8746.44073131261,77630.0,0.24621552228927612,0,0
8746.44073131261,77286.7,0.2675047516822815,0,0
8746.44073131261,76930.01,0.2621895670890808,0,0
8746.44073131261,77000.01,0.2520076036453247,0,0
8746.44073131261,76984.05,0.2081214040517807,0,0
8746.44073131261,77053.8,0.25589773058891296,0,0
8746.44073131261,76940.01,0.24939469993114471,0,0
8746.44073131261,76957.65,0.24415865540504456,0,0
8746.44073131261,76618.77,0.3036791980266571,0,0
8746.44073131261,75942.01,0.3332217335700989,0,0
8746.44073131261,76512.0,0.3244746923446655,0,0
8746.44073131261,76388.0,0.2891694903373718,0,0
8746.44073131261,76962.0,0.3414742648601532,0,0
8746.44073131261,76000.0,0.36465001106262207,0,0
8746.44073131261,76186.48,0.36519110202789307,0,0
8746.44073131261,75935.24,0.3649497628211975,0,0
8746.44073131261,75453.85,0.3689180016517639,0,0
8746.44073131261,75668.0,0.36781081557273865,0,0
8746.44073131261,75644.48,0.3084017038345337,0,0
8746.44073131261,75772.1,0.2864476442337036,0,0
8746.44073131261,75489.14,0.36909225583076477,0,0
8746.44073131261,75886.35,0.3529650866985321,0,0
8746.44073131261,75824.01,0.27007099986076355,0,0
8746.44073131261,75864.02,0.23471103608608246,0,0
8746.44073131261,75962.01,0.2705700099468231,0,0
8746.44073131261,76030.01,0.24592822790145874,0,0
8746.44073131261,75766.63,0.33894193172454834,0,0
8746.44073131261,75736.01,0.36110401153564453,0,0
8746.44073131261,75993.0,0.30155491828918457,0,0
8746.44073131261,75990.2,0.22024495899677277,0,0
8746.44073131261,76250.0,0.3660130500793457,0,0
8746.44073131261,75967.99,0.394095242023468,0,0
8746.44073131261,75646.01,0.30465731024742126,0,1
8746.44073131261,75697.82,0.2925531268119812,0,1
8746.44073131261,75788.41,0.26590853929519653,0,0
8746.44073131261,75768.0,0.21928487718105316,0,0
8746.44073131261,75768.01,0.2877656817436218,0,1
8746.44073131261,75632.0,0.29191333055496216,0,1
8746.44073131261,76080.0,0.32201993465423584,0,0
8746.44073131261,76178.34,0.257160484790802,0,0
8746.44073131261,75976.0,0.21814893186092377,0,1
8746.44073131261,75675.88,0.266890287399292,0,1
8746.44073131261,76206.01,0.3259892463684082,0,0
8746.44073131261,76342.77,0.2549594044685364,0,0
8746.44073131261,76374.21,0.26152634620666504,0,0
8746.44073131261,76370.01,0.24873754382133484,0,0
8746.44073131261,76441.99,0.2000609040260315,0,0
8746.44073131261,76539.81,0.262380987405777,0,0
8746.44073131261,76333.88,0.25396469235420227,0,0
8746.44073131261,76477.45,0.2368670254945755,0,0
8746.44073131261,76462.76,0.2424401342868805,0,0
8746.44073131261,76574.63,0.20310252904891968,0,0
8746.44073131261,76468.05,0.23029273748397827,0,0
8746.44073131261,76402.01,0.22779959440231323,0,0
8746.44073131261,76482.0,0.2351485937833786,0,0
8746.44073131261,76736.59,0.2611565589904785,0,0
8746.44073131261,76694.07,0.2933192849159241,0,0
8746.44073131261,76502.46,0.29402798414230347,0,0
8746.44073131261,76780.01,0.2812730371952057,0,0
8746.44073131261,76753.46,0.241033136844635,0,0
8746.44073131261,76667.86,0.2536093592643738,0,0
8746.44073131261,76575.96,0.18179874122142792,0,0
8746.44073131261,76594.01,0.13781334459781647,0,0
8746.44073131261,76556.01,0.15620200335979462,0,1
8746.44073131261,76415.85,0.15498489141464233,0,1
8746.44073131261,76420.0,0.15775898098945618,0,1
8746.44073131261,76417.01,0.12568193674087524,0,1
8746.44073131261,76590.0,0.15757215023040771,0,1
8746.44073131261,76744.01,0.14515657722949982,0,1
8746.44073131261,76988.3,0.166227325797081,0,1
8746.44073131261,77383.47,0.2662504017353058,0,1
8746.44073131261,77575.97,0.2820591330528259,0,1
8746.44073131261,77493.8,0.2651558816432953,0,1
8746.44073131261,77604.0,0.29942160844802856,0,1
8746.44073131261,77798.01,0.29413971304893494,0,1
8746.44073131261,78272.15,0.32660046219825745,0,1
8746.44073131261,78212.01,0.33994126319885254,0,1
8746.44073131261,78285.34,0.3121154010295868,0,1
8746.44073131261,78062.0,0.32314980030059814,0,1
8746.44073131261,78043.11,0.3102937340736389,0,1
8746.44073131261,80073.09,0.4015050530433655,0,1
8746.44073131261,80937.83,0.3975015878677368,0,0
8746.44073131261,80725.6,0.4227983355522156,0,1
8750.815167987794,80846.74,0.4042796492576599,1,0
8769.460513747408,81019.0,0.360538512468338,1,0
8760.739652793894,80938.43,0.3724864423274994,1,1
8789.56709350072,81204.76,0.35780802369117737,1,0
8779.311395656048,81110.01,0.39087778329849243,1,0
8793.186624222893,81238.2,0.34417179226875305,1,0
8784.39343759867,81139.02,0.36802780628204346,0,0
8784.39343759867,80883.87,0.30890950560569763,0,0
8784.39343759867,81668.98,0.30504849553108215,0,0
8784.39343759867,81280.99,0.3089624047279358,0,0
8784.39343759867,81304.72,0.21530981361865997,0,0
8784.39343759867,81136.01,0.23564909398555756,0,0
8784.39343759867,81024.0,0.2190341353416443,0,0
8784.39343759867,81040.01,0.2011479139328003,0,0
8784.39343759867,81052.01,0.17708024382591248,0,0
8784.39343759867,81100.16,0.1910771280527115,0,0
8784.39343759867,81312.01,0.20136581361293793,0,0
8784.39343759867,81325.77,0.18726122379302979,0,0
8784.39343759867,81216.7,0.17900387942790985,0,1
8784.39343759867,81302.63,0.12695330381393433,0,0
8784.39343759867,81330.0,0.14703817665576935,0,0
8784.39343759867,81364.01,0.16511423885822296,0,0
8784.39343759867,81586.01,0.18030665814876556,0,0
8784.39343759867,81636.01,0.22092820703983307,0,0
8784.39343759867,81839.49,0.26860883831977844,0,0
8784.39343759867,81464.01,0.2477567046880722,0,0
8784.39343759867,81428.07,0.20811113715171814,0,0
8784.39343759867,81354.01,0.16298873722553253,0,0
8784.39343759867,81155.33,0.20832529664039612,0,0
8784.39343759867,81100.41,0.23129558563232422,0,0
8784.39343759867,81261.35,0.1869892030954361,0,0
8784.39343759867,81249.99,0.16898612678050995,0,0
8784.39343759867,81293.37,0.15325281023979187,0,0
8784.39343759867,81097.99,0.17369166016578674,0,0
8784.39343759867,80331.52,0.2808884084224701,0,0
8784.39343759867,80486.38,0.24173898994922638,0,0
8784.39343759867,80432.4,0.22460399568080902,0,0
8784.39343759867,80494.31,0.21402183175086975,0,0
8784.39343759867,80309.44,0.26560255885124207,0,0
8784.39343759867,80311.61,0.19029511511325836,0,0
8784.39343759867,80264.85,0.2322605401277542,0,1
8784.39343759867,80470.01,0.2383057177066803,0,1
8784.39343759867,80319.58,0.24390366673469543,0,1
8784.39343759867,80493.2,0.27080467343330383,0,1
8784.39343759867,80493.76,0.2690427899360657,0,1
8784.39343759867,80564.57,0.2693060338497162,0,1
8784.39343759867,80682.01,0.2707661986351013,0,1
8784.39343759867,80912.0,0.2549305856227875,0,0
8784.39343759867,81334.01,0.28660091757774353,0,0
8784.39343759867,81147.94,0.27668172121047974,0,0
8784.39343759867,81036.0,0.27681267261505127,0,1
8784.39343759867,81177.32,0.25489673018455505,0,0
8784.39343759867,81091.85,0.2268368899822235,0,0
8784.39343759867,80932.01,0.3018609583377838,0,1
8784.39343759867,81222.85,0.2911742627620697,0,0
8784.39343759867,81178.0,0.27797678112983704,0,0
8784.39343759867,81607.72,0.27533158659935,0,0
8784.39343759867,80996.97,0.2749706506729126,0,1
8784.39343759867,81310.61,0.2501838207244873,0,1
8784.39343759867,81425.23,0.2505638301372528,0,1
8784.39343759867,81400.01,0.23906458914279938,0,1
8784.39343759867,81550.0,0.2416507452726364,0,1
8784.39343759867,81639.9,0.23996911942958832,0,1
8784.39343759867,81720.01,0.2514498829841614,0,1
8784.39343759867,83760.0,0.36187097430229187,0,1
8784.39343759867,84653.71,0.38922661542892456,0,1
8784.39343759867,84441.77,0.3893360495567322,0,1
8784.39343759867,84887.19,0.36657559871673584,0,1
8784.39343759867,85323.0,0.39021700620651245,0,1
8784.39343759867,85466.34,0.3918890357017517,0,1
8784.39343759867,85844.14,0.3883970081806183,0,1
8784.39343759867,85927.71,0.3908478915691376,0,1
8784.39343759867,85961.91,0.38963019847869873,0,1
8784.39343759867,85897.21,0.34310975670814514,0,1
8784.39343759867,86051.75,0.3981564939022064,0,0
8784.39343759867,86490.11,0.38038861751556396,0,0
8784.39343759867,87001.68,0.37908676266670227,0,0
8784.39343759867,86588.29,0.3560717701911926,0,0
8784.39343759867,86453.74,0.34455233812332153,0,0
8784.39343759867,86620.0,0.3418092727661133,0,0
8784.39343759867,85890.71,0.3009498417377472,0,0
8784.39343759867,85616.23,0.276432603597641,0,0
8784.39343759867,85714.9,0.2619200050830841,0,1
8784.39343759867,85692.83,0.26219645142555237,0,1
8784.39343759867,85452.0,0.2238101363182068,0,1
8784.39343759867,85397.37,0.2582758963108063,0,1
8784.39343759867,85384.01,0.22338925302028656,0,1
8784.39343759867,85344.0,0.2533927261829376,0,1
8784.39343759867,86223.77,0.25966382026672363,0,0
8784.39343759867,86253.99,0.26819857954978943,0,0
8784.39343759867,85904.0,0.2713180482387543,0,1
8784.39343759867,85986.62,0.24704419076442719,0,1
8784.39343759867,86024.01,0.2606072425842285,0,1
8784.39343759867,86346.01,0.26981353759765625,0,0
8784.39343759867,86258.01,0.29225361347198486,0,0
8784.39343759867,86413.12,0.2703329026699066,0,0
8784.39343759867,86421.13,0.2732123136520386,0,0
8784.39343759867,86570.24,0.2684206962585449,0,0
8784.39343759867,86461.44,0.2724161744117737,0,0
8784.39343759867,86192.44,0.27682873606681824,0,0
8784.39343759867,86264.01,0.22279703617095947,0,0
8784.39343759867,86184.01,0.18201127648353577,0,1
8784.39343759867,86124.01,0.24751079082489014,0,1
8784.39343759867,86208.56,0.2617779076099396,0,0
8784.39343759867,86457.3,0.29826170206069946,0,0
8784.39343759867,86370.0,0.3114258944988251,0,0
8784.39343759867,86552.26,0.24761570990085602,0,0
8784.39343759867,86704.27,0.26434677839279175,0,0
8784.39343759867,87166.95,0.3402687609195709,0,0
8784.39343759867,86496.01,0.34287041425704956,0,0
8784.39343759867,86469.66,0.25714731216430664,0,0
8784.39343759867,86124.77,0.34772440791130066,0,0
8784.39343759867,85899.99,0.3692111670970917,0,0
8784.39343759867,85854.33,0.28496941924095154,0,0
8784.39343759867,85923.07,0.27312329411506653,0,0
8784.39343759867,85649.95,0.31828030943870544,0,0
8784.39343759867,85510.91,0.322395920753479,0,0
8784.39343759867,85792.01,0.343546599149704,0,0
8784.39343759867,84533.99,0.44636106491088867,0,0
8719.768166019896,83996.01,0.41840484738349915,1,1
8724.12721909029,84038.0,0.41300877928733826,1,1
8754.083121781221,84326.56,0.3817974030971527,1,0
8754.440234011805,84330.0,0.30282530188560486,1,0
8773.956832659904,84518.0,0.3059317469596863,1,0
8744.355965965653,84232.86,0.2939273715019226,1,0
8735.611609999687,84419.48,0.26425355672836304,0,0
8735.611609999687,84563.01,0.28462499380111694,0,0
8735.611609999687,84397.6,0.26305481791496277,0,0
8735.611609999687,84318.0,0.23300834000110626,0,0
8735.611609999687,84104.35,0.3098652958869934,0,0
8735.611609999687,84365.54,0.3284710645675659,0,0
8735.611609999687,83934.01,0.3453937768936157,0,0
8735.611609999687,84046.0,0.2428700178861618,0,0
8735.611609999687,83978.02,0.285274863243103,0,0
8735.611609999687,84113.99,0.23722968995571136,0,0
8735.611609999687,84524.02,0.33650386333465576,0,0
8735.611609999687,83660.0,0.3855900168418884,0,0
8735.611609999687,83263.95,0.3696623146533966,0,1
8735.611609999687,83512.2,0.3141462504863739,0,1
8735.611609999687,83494.58,0.25970086455345154,0,1
8735.611609999687,83604.26,0.2935432493686676,0,1
8735.611609999687,84258.43,0.34660619497299194,0,0
8735.611609999687,83673.77,0.36469128727912903,0,1
8735.611609999687,84418.0,0.31861448287963867,0,0
8735.611609999687,84500.33,0.3303554654121399,0,0
8735.611609999687,84110.0,0.32558953762054443,0,0
8735.611609999687,84476.01,0.3152271807193756,0,0
8735.611609999687,84412.65,0.3034331202507019,0,0
8735.611609999687,84371.63,0.2594544291496277,0,0
8735.611609999687,84350.0,0.22723177075386047,0,0
8735.611609999687,84277.32,0.28074032068252563,0,0
8735.611609999687,84410.24,0.2034553736448288,0,0
8735.611609999687,84590.01,0.2514267861843109,0,0
8735.611609999687,84610.73,0.29438239336013794,0,0
8735.611609999687,84226.16,0.31740450859069824,0,0
8735.611609999687,84231.19,0.2693450450897217,0,0
8735.611609999687,84208.01,0.20957092940807343,0,1
8735.611609999687,84194.01,0.19246043264865875,0,0
8735.611609999687,84036.0,0.25602883100509644,0,1
8735.611609999687,84043.96,0.27857208251953125,0,0
8735.611609999687,84417.06,0.24509207904338837,0,0
8735.611609999687,84570.01,0.23648342490196228,0,0
8735.611609999687,84713.66,0.22747504711151123,0,0
8735.611609999687,84582.64,0.2494623363018036,0,0
8735.611609999687,84471.8,0.27453890442848206,0,0
8735.611609999687,83923.71,0.2790599465370178,0,0
8735.611609999687,84016.01,0.29284903407096863,0,0
8735.611609999687,83796.01,0.31390511989593506,0,0
8735.611609999687,83742.22,0.28566163778305054,0,0
8735.611609999687,83785.11,0.24910429120063782,0,0
8735.611609999687,83968.0,0.24023133516311646,0,0
8735.611609999687,84020.01,0.19563041627407074,0,0
8735.611609999687,83886.0,0.2524200677871704,0,0
8735.611609999687,83792.0,0.2371503710746765,0,0
8735.611609999687,84083.05,0.2260187417268753,0,0
8735.611609999687,84099.99,0.18725696206092834,0,0
8735.611609999687,83910.01,0.22167328000068665,0,0
8735.611609999687,84076.66,0.16738028824329376,0,0
8735.611609999687,84010.0,0.16830068826675415,0,0
8735.611609999687,83939.0,0.1589747816324234,0,0
8735.611609999687,83976.0,0.1857273429632187,0,0
8735.611609999687,83919.69,0.1575181782245636,0,0
8735.611609999687,83891.22,0.14825746417045593,0,0
8735.611609999687,84116.8,0.15558002889156342,0,0
8735.611609999687,84220.01,0.1684691309928894,0,0
8735.611609999687,84021.95,0.17328882217407227,0,0
8735.611609999687,84179.92,0.15016847848892212,0,0
8735.611609999687,84176.0,0.1448899358510971,0,0
8735.611609999687,84051.9,0.1408257633447647,0,0
8735.611609999687,83939.1,0.18352749943733215,0,0
8735.611609999687,84020.0,0.14872552454471588,0,0
8735.611609999687,84155.99,0.17572179436683655,0,0
8735.611609999687,84120.0,0.12657925486564636,0,0
8735.611609999687,84132.4,0.15758131444454193,0,0
8735.611609999687,83998.68,0.15839903056621552,0,0
8735.611609999687,84016.63,0.14904189109802246,0,1
8735.611609999687,84030.34,0.17604950070381165,0,0
8735.611609999687,84158.75,0.1794634759426117,0,0
8735.611609999687,84276.01,0.17377455532550812,0,0
8735.611609999687,84433.1,0.18142548203468323,0,0
8735.611609999687,84306.01,0.13580572605133057,0,0
8735.611609999687,84495.01,0.14257411658763885,0,0
8735.611609999687,84450.0,0.12993314862251282,0,0
8735.611609999687,84402.15,0.15417909622192383,0,1
8735.611609999687,84329.6,0.1581619679927826,0,1
8735.611609999687,84478.06,0.17238327860832214,0,0
8735.611609999687,84511.69,0.1660483181476593,0,0
8735.611609999687,84791.0,0.1912565976381302,0,0
8735.611609999687,84800.0,0.19475139677524567,0,0
8735.611609999687,84944.01,0.23717401921749115,0,0
8735.611609999687,84883.0,0.24522623419761658,0,0
8735.611609999687,84898.0,0.1914970576763153,0,0
8735.611609999687,84802.01,0.2198464274406433,0,0
8735.611609999687,85030.41,0.2456216961145401,0,0
8735.611609999687,84538.02,0.3033870756626129,0,0
8735.611609999687,84463.37,0.24978138506412506,0,0
8735.611609999687,84426.0,0.21732744574546814,0,0
8735.611609999687,84574.0,0.20102174580097198,0,0
8735.611609999687,84818.87,0.20823386311531067,0,0
8735.611609999687,84736.01,0.18676140904426575,0,0
8735.611609999687,84552.0,0.19787493348121643,0,0
8735.611609999687,84688.07,0.19247977435588837,0,0
8735.611609999687,84195.27,0.2603303790092468,0,0
8735.611609999687,84472.0,0.23215235769748688,0,0
8735.611609999687,84140.0,0.2876811623573303,0,0
